image_id,file_name,category_id,category,score,bbox,edge_len,size_band,fp_type,best_iou,confused_with,error_kind
85,85.jpg,1,swimmer,0.27342,"[836.45, 310.63, 9.16, 9.13]",9.144987698187462,<16,background,0.0,,FP
379,379.jpg,2,boat,0.78036,"[68.04, 204.79, 37.32, 21.16]",28.101444802714326,16-32,class_confusion,0.7115039825439453,swimmer,FP
379,379.jpg,1,swimmer,0.27128,"[67.06, 221.17, 15.89, 9.92]",12.555030864159594,<16,localization,0.1471790373325348,swimmer,FP
382,382.jpg,1,swimmer,0.72499,"[1125.98, 0.0, 50.48, 20.58]",32.23163663235238,32-64,background,0.0,,FP
479,479.jpg,1,swimmer,0.21864,"[58.2, 13.61, 21.06, 27.29]",23.973472839786897,16-32,duplicate,0.6075507402420044,swimmer,FP
501,501.jpg,5,buoy,0.34804,"[281.84, 909.97, 46.56, 23.57]",33.12731803210154,32-64,class_confusion,0.5938417911529541,boat,FP
501,501.jpg,1,swimmer,0.23156,"[281.44, 910.51, 50.91, 23.49]",34.58143866295906,32-64,class_confusion,0.6471186280250549,boat,FP
526,526.jpg,4,life_saving_appliances,0.39285,"[184.4, 559.09, 12.35, 15.09]",13.651428496681218,<16,class_confusion,0.7765093445777893,swimmer,FP
537,537.jpg,1,swimmer,0.64167,"[737.89, 889.46, 29.2, 33.93]",31.476276781093407,16-32,localization,0.20994067192077637,swimmer,FP
550,550.jpg,3,jetski,0.27412,"[479.45, 508.19, 31.95, 124.14]",62.978353424013875,32-64,localization,0.41953739523887634,jetski,FP
595,595.jpg,1,swimmer,0.2975,"[333.5, 125.31, 27.25, 22.27]",24.634477871471113,16-32,duplicate,0.535545825958252,swimmer,FP
595,595.jpg,1,swimmer,0.15061,"[323.9, 194.29, 18.01, 20.91]",19.40590374087226,16-32,background,0.0,,FP
595,595.jpg,1,swimmer,0.13016,"[674.7, 578.23, 17.44, 21.15]",19.2056241762667,16-32,background,0.0,,FP
595,595.jpg,1,swimmer,0.10676,"[379.58, 147.58, 22.46, 23.22]",22.83683866037504,16-32,localization,0.3667161166667938,swimmer,FP
595,595.jpg,1,swimmer,0.10441,"[430.33, 23.79, 11.33, 15.27]",13.153292363511122,<16,background,0.0,,FP
595,595.jpg,1,swimmer,0.10392,"[308.36, 216.89, 23.09, 23.06]",23.0749951245932,16-32,localization,0.27044519782066345,swimmer,FP
619,619.jpg,1,swimmer,0.6567,"[966.1, 695.52, 27.16, 25.41]",26.27043204821725,16-32,background,0.0,,FP
622,622.jpg,1,swimmer,0.16583,"[435.48, 719.31, 31.78, 25.32]",28.366698785724083,16-32,duplicate,0.563281238079071,swimmer,FP
652,652.jpg,1,swimmer,0.27511,"[1226.73, 772.11, 4.27, 24.71]",10.271888823385892,<16,background,0.0,,FP
655,655.jpg,1,swimmer,0.57663,"[73.73, 291.16, 19.64, 15.12]",17.232434534911196,16-32,class_confusion,0.518593966960907,life_saving_appliances,FP
780,780.jpg,3,jetski,0.38497,"[1206.36, 203.69, 23.44, 75.16]",41.973210503844,32-64,class_confusion,0.745702862739563,boat,FP
780,780.jpg,2,boat,0.17836,"[1204.94, 160.9, 24.74, 119.54]",54.38216251676647,32-64,localization,0.44201719760894775,boat,FP
780,780.jpg,3,jetski,0.13636,"[1204.21, 141.03, 25.43, 141.94]",60.07939913148267,32-64,background,0.3617000877857208,,FP
830,830.jpg,1,swimmer,0.53484,"[684.18, 706.21, 11.88, 15.6]",13.613522688856106,<16,localization,0.49552857875823975,swimmer,FP
884,884.jpg,2,boat,0.203,"[694.09, 970.51, 190.67, 109.6]",144.559441061454,>64,localization,0.29429522156715393,boat,FP
887,887.jpg,1,swimmer,0.29303,"[5009.03, 3394.72, 27.72, 29.02]",28.362552776504444,16-32,class_confusion,0.6799457669258118,boat,FP
887,887.jpg,1,swimmer,0.1622,"[5139.57, 3383.61, 27.55, 43.07]",34.446748758046816,32-64,localization,0.46520310640335083,swimmer,FP
984,984.jpg,1,swimmer,0.21688,"[114.08, 2354.92, 20.51, 23.57]",21.98683014897782,16-32,localization,0.29421931505203247,swimmer,FP
984,984.jpg,1,swimmer,0.12521,"[122.88, 2309.87, 30.68, 23.37]",26.776698825658105,16-32,localization,0.4687771201133728,swimmer,FP
1018,1018.jpg,1,swimmer,0.29048,"[152.43, 3343.41, 24.11, 34.06]",28.656353571241404,16-32,background,0.0,,FP
1036,1036.jpg,1,swimmer,0.67047,"[987.34, 1320.48, 33.59, 29.27]",31.35569007373303,16-32,background,0.0,,FP
1036,1036.jpg,1,swimmer,0.46144,"[991.23, 1389.04, 26.72, 25.75]",26.23051657897724,16-32,background,0.0,,FP
1036,1036.jpg,1,swimmer,0.41115,"[865.85, 1094.45, 21.24, 22.49]",21.85606551966753,16-32,background,0.0,,FP
1036,1036.jpg,1,swimmer,0.22744,"[844.65, 431.03, 46.08, 37.92]",41.8013588295883,32-64,localization,0.4564029276371002,swimmer,FP
1036,1036.jpg,1,swimmer,0.16189,"[838.68, 912.07, 30.91, 24.15]",27.32172212727448,16-32,localization,0.4333443343639374,swimmer,FP
1037,1037.jpg,1,swimmer,0.61323,"[852.23, 798.31, 24.5, 24.74]",24.619707553096564,16-32,background,0.0,,FP
1037,1037.jpg,1,swimmer,0.43103,"[698.9, 567.03, 30.52, 22.73]",26.33855728774832,16-32,background,0.0,,FP
1037,1037.jpg,1,swimmer,0.31411,"[849.36, 873.45, 22.09, 22.04]",22.064985837294344,16-32,background,0.0,,FP
1037,1037.jpg,1,swimmer,0.142,"[664.8, 375.58, 33.53, 30.92]",32.19856518542402,32-64,duplicate,0.5063913464546204,swimmer,FP
1073,1073.jpg,1,swimmer,0.69798,"[4046.6, 280.71, 35.49, 31.51]",33.440841795624706,32-64,localization,0.4113423526287079,swimmer,FP
1073,1073.jpg,1,swimmer,0.63795,"[4112.92, 558.05, 31.93, 42.96]",37.03664131640449,32-64,localization,0.4549057185649872,swimmer,FP
1073,1073.jpg,1,swimmer,0.23295,"[4022.05, 186.7, 24.81, 35.2]",29.551852733796572,16-32,localization,0.20486891269683838,swimmer,FP
1096,1096.jpg,1,swimmer,0.25514,"[2369.93, 3388.98, 29.29, 25.71]",27.441681799773132,16-32,duplicate,0.5577349066734314,swimmer,FP
1096,1096.jpg,1,swimmer,0.24757,"[2438.67, 3261.07, 40.1, 39.23]",39.66261463897709,32-64,duplicate,0.7353515625,swimmer,FP
1123,1123.jpg,1,swimmer,0.75746,"[3034.72, 1659.35, 21.44, 23.1]",22.254527629226374,16-32,background,0.0,,FP
1123,1123.jpg,1,swimmer,0.69586,"[3185.42, 750.84, 40.24, 27.21]",33.0897325465166,32-64,localization,0.4931820333003998,swimmer,FP
1123,1123.jpg,1,swimmer,0.62474,"[3418.39, 1012.15, 40.85, 29.91]",34.9545919730155,32-64,localization,0.3142843544483185,swimmer,FP
1123,1123.jpg,1,swimmer,0.16064,"[3556.77, 1165.13, 62.96, 28.86]",42.62658325505341,32-64,localization,0.4970327317714691,swimmer,FP
1123,1123.jpg,1,swimmer,0.14473,"[3692.63, 922.21, 27.12, 41.64]",33.60471395503911,32-64,localization,0.3597383499145508,swimmer,FP
1129,1129.jpg,1,swimmer,0.68105,"[451.53, 2431.83, 39.2, 30.13]",34.367077268804806,32-64,localization,0.26187485456466675,swimmer,FP
1129,1129.jpg,1,swimmer,0.62053,"[269.31, 1989.38, 25.25, 21.56]",23.332166637498542,16-32,background,0.0,,FP
1129,1129.jpg,1,swimmer,0.44323,"[367.2, 2616.23, 24.98, 18.5]",21.49720912118594,16-32,background,0.0,,FP
1129,1129.jpg,1,swimmer,0.43644,"[155.29, 2653.05, 17.47, 17.38]",17.42494189373382,16-32,duplicate,0.7349013090133667,swimmer,FP
1129,1129.jpg,1,swimmer,0.41093,"[562.4, 2904.59, 30.96, 24.53]",27.558098628170995,16-32,background,0.0,,FP
1129,1129.jpg,1,swimmer,0.39783,"[215.56, 2409.4, 24.44, 18.21]",21.096265072282346,16-32,background,0.0,,FP
1129,1129.jpg,1,swimmer,0.35831,"[568.49, 2867.82, 26.72, 25.99]",26.35247236977965,16-32,background,0.0,,FP
1129,1129.jpg,1,swimmer,0.34733,"[218.09, 2480.76, 25.56, 24.83]",25.19235598351214,16-32,background,0.0,,FP
1129,1129.jpg,1,swimmer,0.22658,"[438.3, 2771.69, 22.23, 18.09]",20.053446087892226,16-32,background,0.0,,FP
1129,1129.jpg,1,swimmer,0.19883,"[561.35, 2867.12, 32.17, 32.51]",32.339553181823646,32-64,background,0.0,,FP
1129,1129.jpg,1,swimmer,0.1531,"[220.1, 2487.49, 25.91, 27.39]",26.63972409767038,16-32,background,0.0,,FP
1129,1129.jpg,1,swimmer,0.13177,"[358.04, 2616.79, 30.38, 19.24]",24.17666643687669,16-32,background,0.0,,FP
1129,1129.jpg,1,swimmer,0.11265,"[1232.72, 3407.1, 19.76, 28.48]",23.72266426858501,16-32,background,0.0,,FP
1144,1144.jpg,1,swimmer,0.55473,"[1683.03, 1891.49, 28.5, 45.02]",35.819966499146815,32-64,background,0.0,,FP
1144,1144.jpg,1,swimmer,0.42476,"[1823.93, 1410.74, 41.58, 40.86]",41.218427917619564,32-64,localization,0.16009804606437683,swimmer,FP
1144,1144.jpg,1,swimmer,0.25104,"[1694.87, 1440.61, 27.71, 26.86]",27.281689830360584,16-32,localization,0.4933842718601227,swimmer,FP
1144,1144.jpg,1,swimmer,0.2326,"[1966.58, 1694.92, 36.78, 26.38]",31.1489389867456,16-32,localization,0.479731947183609,swimmer,FP
1144,1144.jpg,1,swimmer,0.21661,"[1807.81, 1112.22, 36.39, 22.95]",28.89897056990093,16-32,background,0.0,,FP
1144,1144.jpg,1,swimmer,0.16564,"[1742.19, 1781.12, 33.73, 63.1]",46.1341847223943,32-64,background,0.0,,FP
1144,1144.jpg,1,swimmer,0.15207,"[1721.91, 1743.57, 31.36, 40.06]",35.44406297252052,32-64,localization,0.4441679120063782,swimmer,FP
1144,1144.jpg,1,swimmer,0.11823,"[1728.66, 1742.75, 29.93, 47.5]",37.70510575505657,32-64,localization,0.3924947679042816,swimmer,FP
1157,1157.jpg,1,swimmer,0.78797,"[1136.32, 3083.18, 33.17, 43.53]",37.99855391985332,32-64,localization,0.39579784870147705,swimmer,FP
1157,1157.jpg,1,swimmer,0.73303,"[1458.7, 2795.85, 46.95, 28.6]",36.64382621943293,32-64,background,0.0,,FP
1157,1157.jpg,1,swimmer,0.72022,"[1196.69, 2728.27, 31.72, 27.4]",29.480976917327553,16-32,localization,0.370486319065094,swimmer,FP
1157,1157.jpg,1,swimmer,0.62563,"[1447.69, 2937.94, 24.95, 29.2]",26.991480137258126,16-32,background,0.0,,FP
1157,1157.jpg,1,swimmer,0.50459,"[1030.49, 2620.5, 23.5, 32.28]",27.542331056030825,16-32,localization,0.484476238489151,swimmer,FP
1157,1157.jpg,1,swimmer,0.48297,"[1572.04, 2657.16, 34.83, 29.2]",31.89100186573009,16-32,background,0.0,,FP
1157,1157.jpg,1,swimmer,0.19505,"[1040.04, 2428.98, 29.54, 19.98]",24.29422153517169,16-32,duplicate,0.671562135219574,swimmer,FP
1157,1157.jpg,1,swimmer,0.1349,"[1234.08, 2578.46, 32.7, 19.01]",24.93244873653609,16-32,background,0.0,,FP
1350,1350.jpg,1,swimmer,0.45383,"[3846.93, 1261.62, 50.03, 52.7]",51.347648436905075,32-64,background,0.0,,FP
1479,1479.jpg,1,swimmer,0.34389,"[257.84, 1576.93, 62.75, 61.37]",62.056164077390406,32-64,background,0.0,,FP
1479,1479.jpg,1,swimmer,0.18029,"[288.74, 1580.9, 36.26, 52.78]",43.74703189931861,32-64,background,0.0,,FP
1506,1506.jpg,1,swimmer,0.49266,"[3668.1, 2107.07, 44.08, 37.11]",40.44513320536848,32-64,background,0.0,,FP
1716,1716.jpg,1,swimmer,0.73593,"[3526.05, 4128.02, 33.29, 22.48]",27.356154700542252,16-32,localization,0.4889720380306244,swimmer,FP
1716,1716.jpg,1,swimmer,0.22387,"[3456.08, 4106.6, 26.87, 23.55]",25.15528771451442,16-32,background,0.0,,FP
1716,1716.jpg,1,swimmer,0.13133,"[3457.05, 4113.0, 29.89, 19.94]",24.413246404360073,16-32,background,0.0,,FP
1724,1724.jpg,1,swimmer,0.60139,"[2685.21, 1140.21, 26.05, 25.21]",25.62655848919242,16-32,background,0.0,,FP
1724,1724.jpg,1,swimmer,0.59857,"[2564.24, 1226.1, 18.94, 20.33]",19.622696043102742,16-32,background,0.0,,FP
1724,1724.jpg,1,swimmer,0.54779,"[2649.86, 1101.33, 16.56, 15.09]",15.807922064585211,<16,background,0.0,,FP
1724,1724.jpg,1,swimmer,0.49587,"[2590.98, 1035.33, 27.67, 17.44]",21.967357601677996,16-32,background,0.0,,FP
1724,1724.jpg,1,swimmer,0.46279,"[2821.6, 761.06, 21.84, 19.19]",20.472166470601003,16-32,background,0.0,,FP
1724,1724.jpg,1,swimmer,0.21425,"[2724.83, 727.36, 28.75, 21.34]",24.769436812329825,16-32,localization,0.4889776110649109,swimmer,FP
1724,1724.jpg,1,swimmer,0.19767,"[2687.74, 1140.06, 31.75, 24.97]",28.156659958169755,16-32,background,0.0,,FP
1724,1724.jpg,1,swimmer,0.1567,"[2582.9, 1034.5, 32.89, 17.29]",23.84676288304138,16-32,background,0.0,,FP
1724,1724.jpg,1,swimmer,0.15166,"[2649.32, 1300.22, 21.95, 29.75]",25.554109258590877,16-32,localization,0.3185237646102905,swimmer,FP
1724,1724.jpg,1,swimmer,0.14384,"[2589.78, 1033.48, 32.53, 23.69]",27.760326006731262,16-32,background,0.0,,FP
1724,1724.jpg,1,swimmer,0.13697,"[2753.26, 1166.52, 34.53, 33.6]",34.06182614012349,32-64,localization,0.3931495249271393,swimmer,FP
1765,1765.jpg,1,swimmer,0.23052,"[2048.62, 289.74, 22.97, 29.3]",25.94264828424423,16-32,duplicate,0.6533427238464355,swimmer,FP
1765,1765.jpg,1,swimmer,0.1328,"[1628.27, 489.87, 30.1, 23.55]",26.624330977510027,16-32,duplicate,0.561048686504364,swimmer,FP
1786,1786.jpg,1,swimmer,0.71914,"[1762.2, 3596.35, 29.9, 40.08]",34.61779889016631,32-64,localization,0.21470916271209717,swimmer,FP
1786,1786.jpg,1,swimmer,0.2916,"[1490.42, 3844.97, 23.94, 25.61]",24.76092486156363,16-32,duplicate,0.6375669836997986,swimmer,FP
1786,1786.jpg,1,swimmer,0.26593,"[1521.55, 3870.01, 26.06, 23.96]",24.987949095514022,16-32,localization,0.43561989068984985,swimmer,FP
1786,1786.jpg,1,swimmer,0.24415,"[1491.0, 3836.24, 22.84, 28.8]",25.64745601419369,16-32,duplicate,0.7724546790122986,swimmer,FP
1786,1786.jpg,1,swimmer,0.1656,"[1524.99, 3875.38, 24.1, 29.25]",26.55042372543233,16-32,localization,0.38585665822029114,swimmer,FP
1821,1821.jpg,1,swimmer,0.60968,"[1916.73, 5089.1, 21.69, 24.83]",23.206953699268674,16-32,background,0.0,,FP
1821,1821.jpg,1,swimmer,0.52297,"[2002.72, 5029.38, 20.89, 20.72]",20.804826363130264,16-32,background,0.0,,FP
1824,1824.jpg,1,swimmer,0.60424,"[4685.9, 629.41, 18.75, 25.19]",21.73275178158532,16-32,localization,0.39723512530326843,swimmer,FP
1824,1824.jpg,1,swimmer,0.59045,"[4743.37, 627.5, 19.68, 19.57]",19.624922929784972,16-32,localization,0.46291208267211914,swimmer,FP
1824,1824.jpg,1,swimmer,0.49738,"[4813.41, 702.9, 18.72, 18.58]",18.649868632245106,16-32,background,0.0,,FP
1824,1824.jpg,1,swimmer,0.47862,"[4654.49, 652.23, 44.64, 26.55]",34.42661760905361,32-64,localization,0.39345118403434753,swimmer,FP
1824,1824.jpg,1,swimmer,0.10438,"[4897.47, 798.63, 29.98, 21.13]",25.16897693590266,16-32,duplicate,0.5686259269714355,swimmer,FP
1835,1835.jpg,1,swimmer,0.52619,"[3573.36, 196.05, 24.21, 25.4]",24.797862811137577,16-32,duplicate,0.7155240178108215,swimmer,FP
1835,1835.jpg,1,swimmer,0.22295,"[2404.03, 2018.48, 23.85, 19.24]",21.421344495619316,16-32,background,0.0,,FP
1835,1835.jpg,1,swimmer,0.1349,"[3384.04, 241.28, 26.18, 24.8]",25.480659332128752,16-32,background,0.0,,FP
1835,1835.jpg,1,swimmer,0.12469,"[2409.25, 2018.41, 28.9, 19.33]",23.635502956357836,16-32,background,0.0,,FP
1835,1835.jpg,1,swimmer,0.11104,"[3573.78, 198.47, 23.8, 31.72]",27.476098704146484,16-32,duplicate,0.5828308463096619,swimmer,FP
1845,1845.jpg,2,boat,0.80612,"[310.89, 0.0, 46.94, 24.38]",33.828940273085706,32-64,background,0.0,,FP
1845,1845.jpg,1,swimmer,0.45682,"[761.8, 3730.98, 20.83, 17.59]",19.141569946062415,16-32,background,0.0,,FP
1845,1845.jpg,1,swimmer,0.32956,"[766.92, 253.72, 20.05, 22.2]",21.097630198673972,16-32,background,0.0,,FP
1845,1845.jpg,1,swimmer,0.19263,"[689.54, 306.63, 27.58, 32.37]",29.879166655045783,16-32,duplicate,0.718273937702179,swimmer,FP
1869,1869.jpg,1,swimmer,0.53389,"[1175.36, 1541.58, 24.49, 18.63]",21.359978932573878,16-32,background,0.0,,FP
1869,1869.jpg,1,swimmer,0.41285,"[653.84, 1832.83, 53.34, 24.88]",36.42937276429557,32-64,background,0.0,,FP
1871,1871.jpg,1,swimmer,0.49728,"[2294.02, 906.22, 30.57, 20.88]",25.264631404396148,16-32,localization,0.45405569672584534,swimmer,FP
1871,1871.jpg,1,swimmer,0.42314,"[1798.29, 1081.63, 50.4, 23.56]",34.45901913868124,32-64,background,0.0,,FP
1871,1871.jpg,1,swimmer,0.2168,"[2283.18, 843.97, 28.4, 31.19]",29.762325177982984,16-32,duplicate,0.7260993719100952,swimmer,FP
1871,1871.jpg,1,swimmer,0.13858,"[2243.71, 1053.88, 25.16, 28.79]",26.913870030153596,16-32,duplicate,0.6615789532661438,swimmer,FP
1871,1871.jpg,1,swimmer,0.13302,"[2292.04, 758.21, 18.33, 19.49]",18.901103142409436,16-32,localization,0.4951995015144348,swimmer,FP
1900,1900.jpg,1,swimmer,0.46893,"[3223.31, 5267.38, 26.29, 31.35]",28.708735604341758,16-32,background,0.0,,FP
1908,1908.jpg,1,swimmer,0.56039,"[1090.19, 1774.87, 25.72, 35.25]",30.11029724197355,16-32,localization,0.4009503126144409,swimmer,FP
1908,1908.jpg,1,swimmer,0.20888,"[980.34, 1656.9, 29.28, 31.33]",30.287660853885697,16-32,duplicate,0.5816506147384644,swimmer,FP
1910,1910.jpg,1,swimmer,0.3981,"[1740.57, 1906.63, 37.39, 28.56]",32.678102760105276,32-64,duplicate,0.7320752739906311,swimmer,FP
1910,1910.jpg,1,swimmer,0.28317,"[1858.14, 1798.73, 24.99, 24.49]",24.73873683113186,16-32,background,0.0,,FP
1910,1910.jpg,1,swimmer,0.10483,"[1859.34, 1798.72, 33.29, 26.21]",29.5386340239355,16-32,background,0.0,,FP
1911,1911.jpg,1,swimmer,0.40932,"[1952.82, 1438.18, 29.04, 23.25]",25.984225984238975,16-32,background,0.0,,FP
1915,1915.jpg,1,swimmer,0.34187,"[3375.76, 2519.41, 32.43, 22.02]",26.72281048093557,16-32,duplicate,0.5805749297142029,swimmer,FP
1915,1915.jpg,1,swimmer,0.21478,"[3379.66, 2518.34, 27.86, 30.65]",29.221721372978696,16-32,duplicate,0.5867719650268555,swimmer,FP
1931,1931.jpg,1,swimmer,0.30056,"[2576.44, 775.7, 34.09, 27.82]",30.795840628240693,16-32,duplicate,0.7727636694908142,swimmer,FP
1931,1931.jpg,1,swimmer,0.21628,"[2574.27, 781.79, 22.06, 28.1]",24.897509915652208,16-32,localization,0.32945337891578674,swimmer,FP
1944,1944.jpg,1,swimmer,0.62654,"[2580.12, 1708.2, 21.89, 24.32]",23.07303187706375,16-32,localization,0.4847399592399597,swimmer,FP
1944,1944.jpg,1,swimmer,0.32949,"[2629.66, 1721.84, 24.04, 28.3]",26.083174653404445,16-32,background,0.0,,FP
1944,1944.jpg,1,swimmer,0.19875,"[2583.68, 1708.46, 20.44, 30.68]",25.04194880595358,16-32,localization,0.3469493091106415,swimmer,FP
1944,1944.jpg,1,swimmer,0.15363,"[2630.93, 1724.75, 21.65, 31.54]",26.131226530723733,16-32,background,0.0,,FP
1944,1944.jpg,1,swimmer,0.14507,"[2508.6, 1755.96, 19.46, 15.09]",17.136259801952118,16-32,background,0.0,,FP
1959,1959.jpg,1,swimmer,0.54032,"[2149.04, 3176.81, 28.84, 23.18]",25.85558353624996,16-32,background,0.0,,FP
1959,1959.jpg,1,swimmer,0.46863,"[2413.23, 3185.55, 25.07, 18.28]",21.407465987360577,16-32,background,0.0,,FP
1959,1959.jpg,1,swimmer,0.4237,"[2339.51, 3134.02, 26.17, 20.91]",23.392620631301657,16-32,background,0.0,,FP
1959,1959.jpg,1,swimmer,0.18148,"[2335.71, 3128.67, 29.92, 28.11]",29.00088274518553,16-32,background,0.0,,FP
1959,1959.jpg,1,swimmer,0.15285,"[2806.67, 3213.62, 34.67, 29.96]",32.22907383093719,32-64,duplicate,0.7169402241706848,swimmer,FP
1959,1959.jpg,1,swimmer,0.15148,"[2339.22, 3134.01, 30.76, 28.83]",29.77936869713661,16-32,background,0.0,,FP
1975,1975.jpg,1,swimmer,0.66487,"[2777.74, 332.2, 31.21, 29.58]",30.38407148490801,16-32,background,0.0,,FP
1990,1990.jpg,1,swimmer,0.30819,"[4089.63, 2376.6, 20.16, 20.65]",20.40352910650508,16-32,background,0.0,,FP
1990,1990.jpg,1,swimmer,0.13013,"[4118.57, 2450.36, 28.29, 24.74]",26.45552116288772,16-32,background,0.0,,FP
2005,2005.jpg,1,swimmer,0.52039,"[1614.61, 2326.14, 22.66, 16.77]",19.493799014045464,16-32,background,0.0,,FP
2005,2005.jpg,1,swimmer,0.4908,"[1510.69, 2387.09, 19.17, 23.72]",21.32398649408689,16-32,localization,0.4492100179195404,swimmer,FP
2005,2005.jpg,1,swimmer,0.10729,"[1510.19, 2369.88, 18.57, 32.66]",24.627143561525767,16-32,localization,0.37145930528640747,swimmer,FP
2018,2018.jpg,1,swimmer,0.23113,"[3528.48, 2548.73, 26.54, 23.78]",25.122125706237522,16-32,duplicate,0.5573655962944031,swimmer,FP
2018,2018.jpg,1,swimmer,0.12175,"[3287.81, 2233.31, 16.29, 16.72]",16.50359960735839,16-32,background,0.0,,FP
2018,2018.jpg,1,swimmer,0.10096,"[3529.61, 2540.44, 18.45, 31.55]",24.126696831518398,16-32,duplicate,0.695084810256958,swimmer,FP
2019,2019.jpg,1,swimmer,0.11283,"[3604.48, 2054.25, 15.81, 19.39]",17.508737818586468,16-32,background,0.0,,FP
2035,2035.jpg,1,swimmer,0.24258,"[4552.32, 1880.18, 23.72, 20.96]",22.29733616376629,16-32,localization,0.47574135661125183,swimmer,FP
2035,2035.jpg,1,swimmer,0.15695,"[4611.64, 1917.43, 17.85, 17.84]",17.844999299523664,16-32,background,0.0,,FP
2035,2035.jpg,1,swimmer,0.11893,"[4603.45, 1917.08, 26.85, 14.84]",19.96131258209239,16-32,background,0.0,,FP
2049,2049.jpg,1,swimmer,0.10385,"[1984.57, 2120.63, 27.95, 17.57]",22.160358751608694,16-32,localization,0.36758166551589966,swimmer,FP
2060,2060.jpg,1,swimmer,0.45197,"[2821.78, 1097.02, 25.59, 24.09]",24.828674954576208,16-32,localization,0.43787384033203125,swimmer,FP
2060,2060.jpg,1,swimmer,0.28623,"[2813.24, 1098.62, 27.94, 22.28]",24.95001402805217,16-32,localization,0.46425461769104004,swimmer,FP
2094,2094.jpg,1,swimmer,0.23694,"[2206.81, 2855.56, 26.76, 16.82]",21.215635743479382,16-32,background,0.0,,FP
2094,2094.jpg,1,swimmer,0.22665,"[2198.69, 2855.13, 30.08, 19.49]",24.212790008588435,16-32,background,0.0,,FP
2094,2094.jpg,1,swimmer,0.1418,"[2126.04, 2924.07, 27.67, 30.76]",29.174118667065166,16-32,duplicate,0.5490445494651794,swimmer,FP
2094,2094.jpg,1,swimmer,0.11048,"[2201.84, 2849.52, 28.07, 25.14]",26.56463438483579,16-32,background,0.0,,FP
2185,2185.jpg,1,swimmer,0.74139,"[1168.22, 2904.12, 29.97, 36.81]",33.214389953753475,32-64,localization,0.3063826262950897,swimmer,FP
2185,2185.jpg,1,swimmer,0.30239,"[979.39, 2881.29, 13.39, 18.11]",15.572183533467618,<16,background,0.0,,FP
2198,2198.jpg,1,swimmer,0.4659,"[3375.22, 2434.77, 18.04, 16.29]",17.142683570549856,16-32,background,0.0,,FP
2211,2211.jpg,1,swimmer,0.7053,"[2061.42, 2442.42, 14.67, 15.96]",15.301411699578573,<16,background,0.0,,FP
2228,2228.jpg,1,swimmer,0.25355,"[4192.3, 1030.92, 23.01, 22.14]",22.57080858099683,16-32,duplicate,0.6426041722297668,swimmer,FP
2228,2228.jpg,1,swimmer,0.1515,"[4163.26, 980.37, 14.65, 27.07]",19.91420347390274,16-32,background,0.0,,FP
2231,2231.jpg,1,swimmer,0.61242,"[3849.05, 288.45, 36.97, 24.11]",29.8554299918792,16-32,background,0.24256213009357452,,FP
2234,2234.jpg,1,swimmer,0.62993,"[1165.71, 3150.27, 23.32, 25.97]",24.609355944437066,16-32,localization,0.346751868724823,swimmer,FP
2241,2241.jpg,1,swimmer,0.22669,"[971.09, 576.52, 30.34, 28.84]",29.58049357262316,16-32,localization,0.411425918340683,swimmer,FP
2241,2241.jpg,1,swimmer,0.1576,"[971.06, 568.83, 32.72, 32.62]",32.669961738575694,32-64,localization,0.30322521924972534,swimmer,FP
2360,2360.jpg,1,swimmer,0.27702,"[2626.4, 332.47, 16.56, 26.21]",20.833569065333,16-32,localization,0.35480797290802,swimmer,FP
2360,2360.jpg,1,swimmer,0.20742,"[2627.08, 342.3, 15.96, 24.29]",19.68929658469291,16-32,localization,0.39724665880203247,swimmer,FP
2364,2364.jpg,1,swimmer,0.616,"[969.7, 3344.61, 20.64, 22.77]",21.67885605838094,16-32,localization,0.3978953957557678,swimmer,FP
2364,2364.jpg,1,swimmer,0.56569,"[970.16, 3344.57, 22.18, 17.4]",19.645152073730557,16-32,localization,0.48454129695892334,swimmer,FP
2378,2378.jpg,1,swimmer,0.63264,"[4415.86, 1570.57, 23.78, 23.83]",23.80498687250216,16-32,class_confusion,0.8045650124549866,boat,FP
2378,2378.jpg,1,swimmer,0.14994,"[4625.83, 1376.62, 33.56, 18.13]",24.666633333310813,16-32,localization,0.1816689372062683,swimmer,FP
2382,2382.jpg,1,swimmer,0.11715,"[4202.12, 434.77, 20.61, 30.77]",25.18272622255184,16-32,localization,0.4917573630809784,swimmer,FP
2453,2453.jpg,1,swimmer,0.10925,"[4215.26, 2264.68, 30.19, 23.76]",26.782725776141607,16-32,duplicate,0.5634915828704834,swimmer,FP
2459,2459.jpg,1,swimmer,0.11486,"[3495.24, 1351.89, 31.38, 21.75]",26.124988038274772,16-32,duplicate,0.5257108211517334,swimmer,FP
2486,2486.jpg,1,swimmer,0.53906,"[1855.78, 3162.76, 16.64, 24.83]",20.326613097119747,16-32,background,0.0,,FP
2486,2486.jpg,1,swimmer,0.29394,"[2404.04, 2780.65, 29.1, 22.08]",25.348136026145987,16-32,duplicate,0.6847949624061584,swimmer,FP
2486,2486.jpg,1,swimmer,0.13384,"[1856.37, 3168.03, 15.55, 28.86]",21.184263027067995,16-32,background,0.0,,FP
2488,2488.jpg,1,swimmer,0.47231,"[2400.82, 2637.77, 14.45, 17.7]",15.992654563892762,<16,background,0.0,,FP
2488,2488.jpg,1,swimmer,0.15301,"[2973.26, 2277.53, 28.46, 32.76]",30.534400272479562,16-32,duplicate,0.7392768263816833,swimmer,FP
2497,2497.jpg,2,boat,0.72363,"[1721.14, 5200.19, 213.77, 134.71]",169.6966608392752,>64,background,0.0,,FP
2497,2497.jpg,2,boat,0.13446,"[1769.86, 5221.43, 164.8, 111.42]",135.50651644847196,>64,background,0.0,,FP
2551,2551.jpg,1,swimmer,0.3803,"[2612.44, 5435.5, 58.11, 20.5]",34.514562144115345,32-64,background,0.0,,FP
2551,2551.jpg,1,swimmer,0.2202,"[2595.86, 5434.86, 80.29, 21.14]",41.198672308704325,32-64,background,0.0,,FP
2583,2583.jpg,1,swimmer,0.17737,"[5400.55, 3069.76, 51.84, 62.73]",57.02563634015845,32-64,localization,0.4158272445201874,swimmer,FP
2655,2655.jpg,1,swimmer,0.36461,"[853.94, 0.0, 46.1, 26.03]",34.6407707766441,32-64,background,0.0,,FP
2655,2655.jpg,4,life_saving_appliances,0.348,"[1205.45, 726.51, 34.18, 44.35]",38.93434216729493,32-64,class_confusion,0.6102519631385803,swimmer,FP
2655,2655.jpg,1,swimmer,0.10977,"[1207.26, 728.34, 37.6, 43.41]",40.40069306336217,32-64,localization,0.4971274733543396,swimmer,FP
2655,2655.jpg,1,swimmer,0.10578,"[1005.27, 25.42, 34.95, 34.34]",34.64365742816425,32-64,duplicate,0.5977327227592468,swimmer,FP
2718,2718.jpg,1,swimmer,0.51036,"[2982.71, 2351.7, 33.85, 47.05]",39.90792527806977,32-64,localization,0.49247121810913086,swimmer,FP
2718,2718.jpg,1,swimmer,0.26001,"[2713.52, 2850.72, 31.54, 25.6]",28.41520719614763,16-32,localization,0.4471008777618408,swimmer,FP
2718,2718.jpg,4,life_saving_appliances,0.22664,"[2612.81, 2382.43, 30.05, 30.28]",30.16478078819735,16-32,class_confusion,0.6863240599632263,swimmer,FP
2718,2718.jpg,1,swimmer,0.11366,"[2607.97, 2378.41, 34.12, 33.01]",33.5604112012949,32-64,duplicate,0.6899524331092834,swimmer,FP
2749,2749.jpg,1,swimmer,0.55959,"[1920.12, 941.5, 20.62, 23.19]",21.867276922378792,16-32,localization,0.328193336725235,swimmer,FP
2749,2749.jpg,4,life_saving_appliances,0.33838,"[2230.73, 1568.78, 25.29, 25.58]",25.434586688208636,16-32,class_confusion,0.7512289881706238,swimmer,FP
2749,2749.jpg,1,swimmer,0.17783,"[1900.22, 977.7, 27.86, 37.97]",32.52451690648149,32-64,class_confusion,0.5120652914047241,life_saving_appliances,FP
2749,2749.jpg,1,swimmer,0.14631,"[2201.11, 975.62, 32.44, 25.27]",28.631430282121777,16-32,duplicate,0.5771414637565613,swimmer,FP
2749,2749.jpg,1,swimmer,0.10488,"[1919.77, 948.43, 24.25, 18.12]",20.96210867255487,16-32,localization,0.3015853464603424,swimmer,FP
2749,2749.jpg,1,swimmer,0.10015,"[2062.92, 877.9, 33.18, 45.57]",38.88460620862708,32-64,duplicate,0.5758576393127441,swimmer,FP
2754,2754.jpg,1,swimmer,0.31198,"[4074.89, 2431.53, 29.67, 22.53]",25.85469203065471,16-32,duplicate,0.6206339001655579,swimmer,FP
2754,2754.jpg,1,swimmer,0.13446,"[3722.59, 2686.24, 24.86, 33.27]",28.75921069848754,16-32,duplicate,0.725798487663269,swimmer,FP
2754,2754.jpg,1,swimmer,0.10161,"[4143.05, 3036.93, 34.07, 25.29]",29.35353982060767,16-32,localization,0.43323448300361633,swimmer,FP
2759,2759.jpg,1,swimmer,0.13117,"[664.48, 1687.24, 24.86, 28.76]",26.73899025767428,16-32,background,0.0,,FP
2781,2781.jpg,1,swimmer,0.32417,"[2588.56, 109.74, 32.08, 30.89]",31.47937737630781,16-32,localization,0.4955712556838989,swimmer,FP
2781,2781.jpg,1,swimmer,0.19567,"[1691.03, 129.2, 40.05, 44.14]",42.045297002161846,32-64,localization,0.46063703298568726,swimmer,FP
2781,2781.jpg,1,swimmer,0.13439,"[2580.1, 225.0, 33.66, 38.29]",35.90043732324162,32-64,localization,0.38163718581199646,swimmer,FP
2781,2781.jpg,1,swimmer,0.12838,"[1694.62, 140.06, 50.93, 51.84]",51.382985510770006,32-64,duplicate,0.7933341860771179,swimmer,FP
2781,2781.jpg,1,swimmer,0.10272,"[2651.09, 131.43, 34.38, 33.44]",33.90674269227288,32-64,duplicate,0.6025549173355103,swimmer,FP
2782,2782.jpg,1,swimmer,0.55974,"[3372.47, 336.87, 29.89, 27.23]",28.52901505485249,16-32,localization,0.48069867491722107,swimmer,FP
2782,2782.jpg,1,swimmer,0.55771,"[2898.03, 432.74, 32.1, 34.11]",33.089741612771775,32-64,localization,0.40915822982788086,swimmer,FP
2782,2782.jpg,1,swimmer,0.55069,"[2489.98, 301.98, 35.11, 37.13]",36.10587625304225,32-64,localization,0.4929114878177643,swimmer,FP
2782,2782.jpg,1,swimmer,0.53711,"[3417.45, 236.26, 33.93, 36.31]",35.099833332937635,32-64,localization,0.4545460343360901,swimmer,FP
2782,2782.jpg,1,swimmer,0.47014,"[3129.91, 346.83, 28.72, 32.59]",30.59386866677701,16-32,localization,0.45213761925697327,swimmer,FP
2782,2782.jpg,1,swimmer,0.40425,"[3393.32, 395.1, 30.88, 35.13]",32.93652076343219,32-64,localization,0.44685134291648865,swimmer,FP
2782,2782.jpg,1,swimmer,0.13009,"[2889.4, 432.08, 36.84, 36.25]",36.54380932524687,32-64,localization,0.33546745777130127,swimmer,FP
2885,2885.jpg,1,swimmer,0.62721,"[4881.78, 15.48, 25.58, 30.36]",27.867701735162875,16-32,background,0.0,,FP
2885,2885.jpg,1,swimmer,0.50722,"[4449.95, 172.48, 30.08, 35.31]",32.59025621255531,32-64,localization,0.3947735130786896,swimmer,FP
2885,2885.jpg,4,life_saving_appliances,0.48034,"[4835.0, 119.62, 24.91, 27.01]",25.938756716542912,16-32,class_confusion,0.6242391467094421,swimmer,FP
2885,2885.jpg,4,life_saving_appliances,0.43591,"[3983.48, 102.76, 24.31, 28.1]",26.13639225294876,16-32,background,0.0,,FP
2885,2885.jpg,1,swimmer,0.4119,"[4927.41, 147.13, 28.67, 40.99]",34.28094660303301,32-64,localization,0.31839224696159363,swimmer,FP
2885,2885.jpg,1,swimmer,0.36436,"[4931.53, 147.24, 30.08, 38.83]",34.176108614059615,32-64,localization,0.3390392065048218,swimmer,FP
2885,2885.jpg,1,swimmer,0.32591,"[4649.77, 321.45, 34.87, 34.1]",34.48285081022159,32-64,background,0.287620484828949,,FP
2885,2885.jpg,1,swimmer,0.30546,"[4933.7, 144.66, 20.93, 40.52]",29.121874939639447,16-32,localization,0.3966902792453766,swimmer,FP
2890,2890.jpg,1,swimmer,0.56158,"[319.69, 2882.05, 39.29, 63.24]",49.84676117863627,32-64,localization,0.36963289976119995,swimmer,FP
2894,2894.jpg,1,swimmer,0.30885,"[590.74, 716.97, 31.03, 60.3]",43.25631745768472,32-64,localization,0.42226898670196533,swimmer,FP
2898,2898.jpg,5,buoy,0.1114,"[1613.76, 5431.6, 98.81, 24.4]",49.10156820306251,32-64,localization,0.3741242289543152,buoy,FP
2911,2911.jpg,5,buoy,0.42489,"[1207.75, 5436.75, 82.11, 19.25]",39.75698051914909,32-64,background,0.0,,FP
2911,2911.jpg,5,buoy,0.23251,"[1203.86, 5434.47, 106.32, 21.53]",47.84422222170614,32-64,background,0.0,,FP
2911,2911.jpg,1,swimmer,0.14962,"[3260.97, 4273.85, 78.81, 97.24]",87.54132966776321,>64,duplicate,0.8123922348022461,swimmer,FP
2931,2931.jpg,1,swimmer,0.68081,"[2188.87, 2509.54, 35.26, 60.32]",46.118143934898335,32-64,localization,0.33351290225982666,swimmer,FP
2931,2931.jpg,3,jetski,0.56784,"[2407.71, 2916.44, 212.6, 107.06]",150.86734570476145,>64,class_confusion,0.8561956882476807,boat,FP
2931,2931.jpg,4,life_saving_appliances,0.51649,"[2048.65, 2499.21, 42.59, 40.61]",41.58821828354757,32-64,class_confusion,0.6068746447563171,swimmer,FP
2931,2931.jpg,3,jetski,0.38594,"[2410.3, 2943.57, 156.34, 80.58]",112.24026550218063,>64,class_confusion,0.5411937236785889,boat,FP
2931,2931.jpg,1,swimmer,0.3545,"[2584.18, 2910.87, 119.64, 70.32]",91.72286955825139,>64,localization,0.3958120048046112,swimmer,FP
2931,2931.jpg,3,jetski,0.27045,"[2407.91, 2961.06, 129.24, 63.26]",90.41970139300395,>64,background,0.3512210249900818,,FP
2931,2931.jpg,1,swimmer,0.1914,"[2583.75, 2888.57, 130.19, 86.82]",106.3160185484765,>64,localization,0.3008718490600586,swimmer,FP
2931,2931.jpg,4,life_saving_appliances,0.16999,"[2028.51, 2585.93, 39.95, 40.98]",40.461722652403225,32-64,class_confusion,0.8148293495178223,swimmer,FP
2931,2931.jpg,1,swimmer,0.11743,"[2043.29, 2587.12, 49.11, 57.86]",53.3057651666309,32-64,localization,0.31992363929748535,swimmer,FP
2931,2931.jpg,3,jetski,0.1132,"[2559.61, 2903.83, 146.61, 89.38]",114.47271203216948,>64,background,0.2541208863258362,,FP
2931,2931.jpg,1,swimmer,0.10701,"[2585.42, 2935.93, 88.12, 47.66]",64.80585775992785,>64,localization,0.40011799335479736,swimmer,FP
2963,2963.jpg,1,swimmer,0.49104,"[198.69, 1564.55, 43.06, 45.42]",44.224260310377154,32-64,localization,0.20988304913043976,swimmer,FP
2963,2963.jpg,4,life_saving_appliances,0.42133,"[112.3, 1416.27, 38.01, 39.54]",38.767452843848275,32-64,class_confusion,0.8419660925865173,swimmer,FP
2963,2963.jpg,1,swimmer,0.18101,"[0.0, 1909.51, 26.18, 46.52]",34.898332338379724,32-64,background,0.0,,FP
3001,3001.jpg,1,swimmer,0.4645,"[4809.36, 2063.79, 62.98, 48.45]",55.239306657488015,32-64,localization,0.4352155327796936,swimmer,FP
3001,3001.jpg,1,swimmer,0.46352,"[4817.8, 2062.02, 55.01, 41.94]",48.03248275906628,32-64,localization,0.2783118188381195,swimmer,FP
3001,3001.jpg,4,life_saving_appliances,0.41131,"[4105.75, 2811.13, 31.34, 60.94]",43.70194046035027,32-64,class_confusion,0.5237659215927124,swimmer,FP
3001,3001.jpg,4,life_saving_appliances,0.32853,"[4092.22, 2548.93, 32.7, 32.5]",32.59984662540608,32-64,class_confusion,0.654155433177948,swimmer,FP
3001,3001.jpg,1,swimmer,0.13584,"[5433.03, 982.86, 22.78, 45.04]",32.031409584968316,32-64,background,0.0,,FP
3004,3004.jpg,1,swimmer,0.50559,"[3484.75, 5389.41, 49.58, 53.66]",51.57967429133301,32-64,localization,0.3605848252773285,swimmer,FP
3004,3004.jpg,4,life_saving_appliances,0.36948,"[2900.92, 4421.83, 34.64, 33.54]",34.085562926259556,32-64,class_confusion,0.8056557774543762,swimmer,FP
3004,3004.jpg,4,life_saving_appliances,0.25836,"[2568.75, 4411.6, 37.29, 38.79]",38.03260574822609,32-64,background,0.2935991585254669,,FP
3004,3004.jpg,1,swimmer,0.23616,"[2568.32, 4413.59, 42.01, 40.26]",41.12569269933334,32-64,localization,0.3387924134731293,swimmer,FP
3010,3010.jpg,3,jetski,0.87162,"[4775.94, 1503.03, 178.4, 72.48]",113.71205740817462,>64,class_confusion,0.9155800938606262,boat,FP
3011,3011.jpg,1,swimmer,0.69352,"[3699.68, 3276.36, 56.73, 46.45]",51.3333079004266,32-64,localization,0.46711114048957825,swimmer,FP
3012,3012.jpg,1,swimmer,0.70001,"[3701.5, 2835.62, 61.6, 52.03]",56.61314335028572,32-64,localization,0.4380589723587036,swimmer,FP
3012,3012.jpg,1,swimmer,0.19137,"[3156.7, 3151.41, 36.95, 72.41]",51.725714108168674,32-64,duplicate,0.5804693698883057,swimmer,FP
3012,3012.jpg,1,swimmer,0.18035,"[3461.8, 3021.96, 33.74, 40.69]",37.05240343081674,32-64,duplicate,0.7525036931037903,swimmer,FP
3012,3012.jpg,1,swimmer,0.10399,"[3076.23, 3142.95, 58.12, 64.72]",61.331284023734575,32-64,localization,0.4347876310348511,swimmer,FP
3012,3012.jpg,1,swimmer,0.10104,"[2372.6, 3361.59, 76.74, 50.29]",62.122899159649656,32-64,duplicate,0.8038501143455505,swimmer,FP
3016,3016.jpg,1,swimmer,0.5059,"[3651.57, 0.19, 35.35, 27.36]",31.099453371401886,16-32,localization,0.26614734530448914,swimmer,FP
3016,3016.jpg,1,swimmer,0.23459,"[3366.76, 187.49, 54.55, 52.57]",53.55084966646187,32-64,class_confusion,0.5851787328720093,life_saving_appliances,FP
3016,3016.jpg,1,swimmer,0.11133,"[3650.78, 0.0, 35.06, 23.51]",28.709939045563996,16-32,localization,0.22681954503059387,swimmer,FP
3016,3016.jpg,1,swimmer,0.10063,"[3623.08, 0.0, 52.8, 27.45]",38.070460990116736,32-64,localization,0.3988337814807892,swimmer,FP
3022,3022.jpg,4,life_saving_appliances,0.63896,"[2670.57, 2383.28, 33.82, 36.81]",35.28334167847485,32-64,class_confusion,0.817486047744751,swimmer,FP
3022,3022.jpg,4,life_saving_appliances,0.5718,"[3410.0, 1527.76, 34.41, 33.49]",33.946883509388606,32-64,background,0.4746609330177307,,FP
3022,3022.jpg,1,swimmer,0.38865,"[3172.56, 1486.26, 44.36, 47.03]",45.67549452386914,32-64,localization,0.39367446303367615,swimmer,FP
3022,3022.jpg,4,life_saving_appliances,0.34803,"[2677.25, 2384.63, 34.41, 37.37]",35.85947155215759,32-64,class_confusion,0.6341283917427063,swimmer,FP
3022,3022.jpg,4,life_saving_appliances,0.27173,"[3188.26, 1464.33, 38.52, 43.08]",40.736244304059255,32-64,localization,0.4944039285182953,life_saving_appliances,FP
3023,3023.jpg,1,swimmer,0.61135,"[3281.0, 715.62, 47.99, 71.83]",58.71219379311252,32-64,localization,0.47030186653137207,swimmer,FP
3023,3023.jpg,1,swimmer,0.44309,"[4854.82, 153.56, 39.39, 43.05]",41.1793576929024,32-64,background,0.0,,FP
3023,3023.jpg,4,life_saving_appliances,0.41035,"[3513.38, 784.03, 27.19, 31.73]",29.372413928718903,16-32,class_confusion,0.7883368730545044,swimmer,FP
3023,3023.jpg,1,swimmer,0.30328,"[3881.88, 519.44, 48.49, 58.74]",53.369491284815524,32-64,duplicate,0.7140476107597351,swimmer,FP
3023,3023.jpg,1,swimmer,0.28202,"[2169.49, 979.89, 30.14, 32.84]",31.461048933562278,16-32,duplicate,0.7437655329704285,swimmer,FP
3023,3023.jpg,1,swimmer,0.24197,"[3287.62, 710.04, 44.74, 71.15]",56.4203066280218,32-64,class_confusion,0.5995702743530273,life_saving_appliances,FP
3071,3071.jpg,1,swimmer,0.10408,"[50.64, 1949.47, 38.14, 30.79]",34.268507408406336,32-64,duplicate,0.778960645198822,swimmer,FP
3102,3102.jpg,4,life_saving_appliances,0.52221,"[3406.37, 2658.94, 25.58, 27.95]",26.73875464564496,16-32,localization,0.4493262469768524,life_saving_appliances,FP
3102,3102.jpg,1,swimmer,0.5167,"[2709.48, 1810.23, 38.8, 41.51]",40.13213176495861,32-64,localization,0.46814391016960144,swimmer,FP
3102,3102.jpg,4,life_saving_appliances,0.32524,"[3082.17, 2904.62, 28.49, 30.09]",29.279072731218793,16-32,localization,0.3267795443534851,life_saving_appliances,FP
3102,3102.jpg,4,life_saving_appliances,0.12243,"[3086.47, 2887.09, 33.76, 27.77]",30.618869998744238,16-32,localization,0.4125064015388489,life_saving_appliances,FP
3102,3102.jpg,1,swimmer,0.10869,"[3090.36, 2924.93, 30.93, 33.3]",32.09313010598997,32-64,localization,0.3905530571937561,swimmer,FP
3336,3336.jpg,2,boat,0.75107,"[1155.2, 0.82, 63.29, 85.23]",73.44526329178758,>64,class_confusion,0.9287557601928711,jetski,FP
3465,3465.jpg,1,swimmer,0.16513,"[1688.12, 1549.55, 145.87, 71.59]",102.19018201373359,>64,localization,0.1645900458097458,swimmer,FP
3467,3467.jpg,1,swimmer,0.30066,"[1858.8, 1452.78, 85.55, 67.68]",76.09220722255336,>64,localization,0.2702895402908325,swimmer,FP
3467,3467.jpg,1,swimmer,0.26944,"[180.26, 728.42, 25.93, 17.61]",21.368839463106085,16-32,localization,0.246451735496521,swimmer,FP
3467,3467.jpg,2,boat,0.23102,"[183.61, 669.43, 140.23, 36.39]",71.43507331836372,>64,duplicate,0.657599687576294,boat,FP
3468,3468.jpg,1,swimmer,0.19718,"[381.23, 737.34, 17.98, 18.72]",18.346269375543358,16-32,background,0.080895334482193,,FP
3468,3468.jpg,2,boat,0.14441,"[3595.34, 469.78, 31.0, 42.92]",36.476293671369625,32-64,background,0.0,,FP
3468,3468.jpg,1,swimmer,0.10731,"[1922.16, 1399.9, 78.07, 54.54]",65.25287579869564,>64,localization,0.12275667488574982,swimmer,FP
3469,3469.jpg,2,boat,0.45283,"[3785.91, 489.69, 35.0, 46.4]",40.29888335921977,32-64,background,0.0,,FP
3469,3469.jpg,1,swimmer,0.3977,"[572.5, 749.96, 20.21, 14.62]",17.18924663852375,16-32,localization,0.16024050116539001,swimmer,FP
3469,3469.jpg,1,swimmer,0.15933,"[2004.52, 1358.91, 94.36, 51.38]",69.62913757903368,>64,localization,0.2078641653060913,swimmer,FP
3470,3470.jpg,1,swimmer,0.43375,"[2099.27, 1319.58, 53.79, 56.13]",54.9475449861047,32-64,localization,0.22745606303215027,swimmer,FP
3470,3470.jpg,1,swimmer,0.32007,"[753.13, 755.98, 19.92, 14.66]",17.088803351902673,16-32,localization,0.3973515033721924,swimmer,FP
3471,3471.jpg,1,swimmer,0.39063,"[2157.1, 1323.88, 58.36, 45.01]",51.25215702777786,32-64,localization,0.13564462959766388,swimmer,FP
3471,3471.jpg,1,swimmer,0.24509,"[873.31, 771.05, 18.15, 12.9]",15.30147051756791,<16,localization,0.44847768545150757,swimmer,FP
3471,3471.jpg,2,boat,0.16292,"[821.42, 720.33, 125.15, 27.13]",58.269370169927186,32-64,duplicate,0.5454429984092712,boat,FP
3471,3471.jpg,1,swimmer,0.11404,"[2167.52, 1324.02, 57.56, 47.51]",52.294125865148565,32-64,localization,0.14189964532852173,swimmer,FP
3472,3472.jpg,1,swimmer,0.33789,"[933.03, 779.87, 15.94, 16.91]",16.417837860083768,16-32,localization,0.46255531907081604,swimmer,FP
3472,3472.jpg,1,swimmer,0.32501,"[2176.23, 1318.39, 61.43, 46.87]",53.65840195160493,32-64,localization,0.1183444932103157,swimmer,FP
3473,3473.jpg,1,swimmer,0.3499,"[2157.67, 1347.45, 48.19, 48.7]",48.44432887346051,32-64,localization,0.19480304419994354,swimmer,FP
3474,3474.jpg,1,swimmer,0.35314,"[2114.21, 1391.37, 65.16, 56.65]",60.7561848703488,32-64,localization,0.15913377702236176,swimmer,FP
3475,3475.jpg,1,swimmer,0.29115,"[2101.37, 1407.59, 110.0, 73.4]",89.85543945694107,>64,localization,0.3054485023021698,swimmer,FP
3476,3476.jpg,1,swimmer,0.27222,"[2081.51, 1431.69, 84.89, 92.1]",88.4215414930095,>64,duplicate,0.5107972025871277,swimmer,FP
3476,3476.jpg,1,swimmer,0.26167,"[1154.31, 764.86, 21.76, 16.8]",19.11983263525076,16-32,localization,0.4988141655921936,swimmer,FP
3476,3476.jpg,1,swimmer,0.14016,"[2082.69, 1432.0, 71.98, 73.03]",72.50309924410129,>64,localization,0.34239307045936584,swimmer,FP
3477,3477.jpg,1,swimmer,0.34465,"[1234.03, 755.98, 22.67, 19.47]",21.00916228696423,16-32,localization,0.4655241072177887,swimmer,FP
3477,3477.jpg,1,swimmer,0.25705,"[2076.02, 1465.99, 65.72, 50.35]",57.523925457152174,32-64,localization,0.13413643836975098,swimmer,FP
3477,3477.jpg,1,swimmer,0.13088,"[2058.36, 1466.97, 84.9, 54.57]",68.0660928803762,>64,localization,0.19056043028831482,swimmer,FP
3478,3478.jpg,1,swimmer,0.29694,"[1315.0, 739.2, 19.05, 16.93]",17.95874438818037,16-32,localization,0.40993937849998474,swimmer,FP
3479,3479.jpg,1,swimmer,0.30681,"[1392.76, 721.09, 21.36, 18.57]",19.91620445767717,16-32,localization,0.3656143844127655,swimmer,FP
3480,3480.jpg,1,swimmer,0.3642,"[1467.55, 706.5, 23.72, 18.06]",20.697420129088552,16-32,localization,0.40719103813171387,swimmer,FP
3481,3481.jpg,1,swimmer,0.34449,"[1542.3, 683.99, 23.97, 20.8]",22.328815463432,16-32,localization,0.477715402841568,swimmer,FP
3481,3481.jpg,2,boat,0.10834,"[1560.39, 622.42, 136.62, 28.42]",62.3116393621609,32-64,duplicate,0.6879405975341797,boat,FP
3482,3482.jpg,1,swimmer,0.18021,"[1850.5, 1492.35, 78.04, 68.62]",73.17858156591996,>64,localization,0.25172969698905945,swimmer,FP
3482,3482.jpg,1,swimmer,0.16852,"[1829.82, 1491.27, 104.43, 88.93]",96.36887412437692,>64,localization,0.42950937151908875,swimmer,FP
3482,3482.jpg,1,swimmer,0.16447,"[1613.3, 665.95, 21.57, 18.12]",19.76988619087121,16-32,localization,0.39191335439682007,swimmer,FP
3483,3483.jpg,1,swimmer,0.3903,"[1680.94, 647.27, 22.54, 17.8]",20.030277082456948,16-32,localization,0.35630306601524353,swimmer,FP
3485,3485.jpg,1,swimmer,0.56261,"[1817.67, 619.48, 22.8, 19.28]",20.96625860758185,16-32,localization,0.4450445771217346,swimmer,FP
3485,3485.jpg,1,swimmer,0.45334,"[1565.2, 1463.59, 139.24, 104.31]",120.51607527628835,>64,duplicate,0.6017528176307678,swimmer,FP
3485,3485.jpg,1,swimmer,0.16515,"[1811.4, 619.58, 27.0, 20.03]",23.255321971540194,16-32,localization,0.30648723244667053,swimmer,FP
3486,3486.jpg,2,boat,0.63226,"[261.13, 414.09, 67.9, 20.42]",37.23597722633314,32-64,localization,0.4974713623523712,boat,FP
3486,3486.jpg,1,swimmer,0.45935,"[1440.54, 1478.26, 153.99, 95.79]",121.45246848047182,>64,localization,0.38293635845184326,swimmer,FP
3486,3486.jpg,1,swimmer,0.37004,"[1494.04, 1478.49, 95.09, 84.74]",89.76595457076141,>64,localization,0.20918801426887512,swimmer,FP
3486,3486.jpg,1,swimmer,0.33848,"[1883.65, 606.51, 20.71, 17.41]",18.988446487272203,16-32,localization,0.37149468064308167,swimmer,FP
3487,3487.jpg,1,swimmer,0.50646,"[1945.41, 593.27, 23.49, 18.76]",20.99219855089028,16-32,localization,0.39079442620277405,swimmer,FP
3487,3487.jpg,1,swimmer,0.31836,"[1314.96, 1459.46, 262.82, 86.22]",150.53351919090977,>64,localization,0.41730254888534546,swimmer,FP
3487,3487.jpg,1,swimmer,0.16683,"[1945.59, 588.0, 23.89, 21.72]",22.779174699712016,16-32,localization,0.40277335047721863,swimmer,FP
3488,3488.jpg,2,boat,0.69944,"[496.42, 375.31, 64.69, 19.69]",35.689579711730985,32-64,localization,0.4501010477542877,boat,FP
3488,3488.jpg,1,swimmer,0.63681,"[2010.61, 576.22, 24.3, 18.62]",21.27124820032901,16-32,localization,0.4606720209121704,swimmer,FP
3489,3489.jpg,2,boat,0.72478,"[609.11, 352.76, 63.51, 19.53]",35.21860729784754,32-64,localization,0.46878013014793396,boat,FP
3489,3489.jpg,1,swimmer,0.55126,"[2073.35, 556.2, 19.97, 16.68]",18.251016410052344,16-32,localization,0.3663932979106903,swimmer,FP
3489,3489.jpg,1,swimmer,0.52176,"[1161.69, 1425.39, 102.66, 76.9]",88.85130274790573,>64,localization,0.15004882216453552,swimmer,FP
3489,3489.jpg,2,boat,0.13401,"[2184.58, 481.37, 148.76, 32.96]",70.02235071746735,>64,duplicate,0.6684318780899048,boat,FP
3490,3490.jpg,2,boat,0.55883,"[719.22, 334.03, 60.92, 20.35]",35.20968616730345,32-64,localization,0.49538013339042664,boat,FP
3491,3491.jpg,2,boat,0.52735,"[817.64, 311.36, 62.26, 20.08]",35.357895864997396,32-64,localization,0.43015897274017334,boat,FP
3491,3491.jpg,1,swimmer,0.35219,"[2194.52, 522.88, 22.34, 17.6]",19.828867844635003,16-32,localization,0.44185855984687805,swimmer,FP
3492,3492.jpg,1,swimmer,0.52508,"[784.44, 1359.18, 139.94, 78.53]",104.83075979883003,>64,localization,0.18273183703422546,swimmer,FP
3492,3492.jpg,1,swimmer,0.5011,"[735.21, 1358.48, 190.43, 104.97]",141.38400581395337,>64,localization,0.3310588598251343,swimmer,FP
3492,3492.jpg,1,swimmer,0.18314,"[2243.18, 518.06, 25.97, 22.07]",23.940716363551026,16-32,localization,0.38125360012054443,swimmer,FP
3492,3492.jpg,2,boat,0.12299,"[938.65, 299.13, 60.75, 20.97]",35.69212097928617,32-64,localization,0.4628538191318512,boat,FP
3493,3493.jpg,1,swimmer,0.59515,"[2300.71, 507.87, 23.85, 17.92]",20.67346124866371,16-32,localization,0.4922730028629303,swimmer,FP
3493,3493.jpg,1,swimmer,0.45813,"[676.44, 1299.43, 202.39, 83.05]",129.64755878920357,>64,localization,0.27657678723335266,swimmer,FP
3494,3494.jpg,1,swimmer,0.58894,"[2356.71, 484.57, 24.55, 17.8]",20.90430577656192,16-32,localization,0.46677178144454956,swimmer,FP
3494,3494.jpg,2,boat,0.56617,"[1139.78, 257.1, 56.55, 19.09]",32.856346418918825,32-64,localization,0.4684111475944519,boat,FP
3494,3494.jpg,1,swimmer,0.32098,"[580.41, 1254.74, 145.41, 99.41]",120.22981369028233,>64,localization,0.32215163111686707,swimmer,FP
3495,3495.jpg,1,swimmer,0.55493,"[2408.17, 471.55, 25.91, 21.18]",23.425921540037653,16-32,localization,0.41517287492752075,swimmer,FP
3495,3495.jpg,1,swimmer,0.50689,"[487.9, 1242.93, 128.99, 68.47]",93.97842997198879,>64,localization,0.2412571907043457,swimmer,FP
3496,3496.jpg,1,swimmer,0.26041,"[415.57, 1192.4, 186.94, 75.01]",118.41608590052283,>64,localization,0.22828444838523865,swimmer,FP
3497,3497.jpg,1,swimmer,0.63716,"[2510.17, 451.57, 27.92, 20.66]",24.017227150526768,16-32,localization,0.49693530797958374,swimmer,FP
3497,3497.jpg,2,boat,0.30666,"[1443.07, 208.35, 54.0, 19.91]",32.789327531988214,32-64,localization,0.47714248299598694,boat,FP
3497,3497.jpg,1,swimmer,0.2288,"[364.4, 1156.56, 107.06, 80.66]",92.92717363613293,>64,localization,0.23883700370788574,swimmer,FP
3497,3497.jpg,1,swimmer,0.14213,"[277.93, 1156.17, 198.23, 125.51]",157.73346918140106,>64,duplicate,0.6783522963523865,swimmer,FP
3498,3498.jpg,1,swimmer,0.58277,"[291.36, 1135.71, 157.33, 63.42]",99.88928170729831,>64,localization,0.19832004606723785,swimmer,FP
3498,3498.jpg,1,swimmer,0.26604,"[2552.43, 437.79, 29.16, 23.07]",25.93686951040931,16-32,localization,0.3662148714065552,swimmer,FP
3499,3499.jpg,2,boat,0.36613,"[1638.18, 183.46, 52.96, 20.66]",33.07799268395832,32-64,localization,0.4896293580532074,boat,FP
3499,3499.jpg,1,swimmer,0.1882,"[2602.73, 434.0, 28.85, 22.21]",25.313208014789435,16-32,localization,0.43603500723838806,swimmer,FP
3499,3499.jpg,1,swimmer,0.12886,"[275.9, 1098.33, 149.77, 63.66]",97.6440382204669,>64,localization,0.18844103813171387,swimmer,FP
3500,3500.jpg,1,swimmer,0.48997,"[2652.0, 426.7, 30.5, 21.31]",25.49421503008084,16-32,localization,0.46664944291114807,swimmer,FP
3500,3500.jpg,1,swimmer,0.32731,"[239.67, 1047.88, 75.51, 78.18]",76.83340289223172,>64,localization,0.18330474197864532,swimmer,FP
3500,3500.jpg,3,jetski,0.23651,"[242.07, 1047.67, 71.47, 77.07]",74.21720083646377,>64,background,0.1753077507019043,,FP
3501,3501.jpg,1,swimmer,0.22276,"[2699.18, 418.58, 26.83, 19.4]",22.814512924890593,16-32,localization,0.4445694386959076,swimmer,FP
3502,3502.jpg,1,swimmer,0.46391,"[247.0, 956.32, 138.33, 61.22]",92.0247933983011,>64,localization,0.21515676379203796,swimmer,FP
3503,3503.jpg,1,swimmer,0.3847,"[2786.51, 409.01, 33.68, 24.32]",28.619881201710115,16-32,localization,0.49469193816185,swimmer,FP
3503,3503.jpg,1,swimmer,0.25397,"[262.12, 909.32, 52.79, 68.4]",60.090232151323896,32-64,localization,0.15770606696605682,swimmer,FP
3504,3504.jpg,2,boat,0.68878,"[2127.77, 139.32, 48.57, 16.9]",28.650183245487277,16-32,localization,0.4443749487400055,boat,FP
3504,3504.jpg,1,swimmer,0.49377,"[255.62, 887.73, 116.79, 49.57]",76.08732023142883,>64,localization,0.3048594892024994,swimmer,FP
3504,3504.jpg,1,swimmer,0.21826,"[2841.57, 407.25, 27.15, 17.3]",21.672447946644144,16-32,duplicate,0.7789598107337952,swimmer,FP
3505,3505.jpg,1,swimmer,0.36788,"[285.08, 854.25, 124.59, 51.1]",79.79065734783741,>64,localization,0.22834466397762299,swimmer,FP
3505,3505.jpg,1,swimmer,0.28332,"[2888.24, 406.07, 31.92, 20.52]",25.59293652553376,16-32,duplicate,0.7993059754371643,swimmer,FP
3506,3506.jpg,2,boat,0.60268,"[2325.65, 140.14, 48.74, 17.45]",29.163556024600293,16-32,localization,0.4958953857421875,boat,FP
3506,3506.jpg,1,swimmer,0.3743,"[312.41, 822.39, 63.87, 43.73]",52.84917312503574,32-64,localization,0.16770726442337036,swimmer,FP
3506,3506.jpg,3,jetski,0.11712,"[316.55, 822.02, 61.07, 42.96]",51.2207692249931,32-64,background,0.15314769744873047,,FP
3507,3507.jpg,1,swimmer,0.40658,"[327.47, 783.78, 90.16, 48.39]",66.05181602348266,>64,localization,0.2588783800601959,swimmer,FP
3507,3507.jpg,2,boat,0.12562,"[64.18, 93.66, 51.86, 25.77]",36.55724551986925,32-64,duplicate,0.5253844857215881,boat,FP
3507,3507.jpg,1,swimmer,0.10182,"[316.31, 785.3, 79.68, 50.8]",63.62188302777591,32-64,localization,0.24805381894111633,swimmer,FP
3508,3508.jpg,2,boat,0.31058,"[204.52, 111.65, 42.72, 21.92]",30.601019590856772,16-32,localization,0.4266910254955292,boat,FP
3508,3508.jpg,2,boat,0.17606,"[203.52, 105.46, 43.98, 23.85]",32.38708075761074,32-64,localization,0.4766065180301666,boat,FP
3508,3508.jpg,1,swimmer,0.11634,"[3029.06, 422.6, 37.23, 21.98]",28.606212611948475,16-32,duplicate,0.594681978225708,swimmer,FP
3508,3508.jpg,3,jetski,0.10974,"[374.66, 767.0, 57.48, 44.31]",50.46720519307563,32-64,background,0.13822805881500244,,FP
3508,3508.jpg,1,swimmer,0.10832,"[374.85, 765.44, 53.02, 43.71]",48.140463230010575,32-64,localization,0.12048811465501785,swimmer,FP
3508,3508.jpg,2,boat,0.10652,"[2534.89, 143.77, 45.89, 20.98]",31.028570705077602,16-32,duplicate,0.7496935725212097,boat,FP
3509,3509.jpg,2,boat,0.63764,"[2634.59, 163.99, 48.08, 16.51]",28.174470713750775,16-32,localization,0.4978679418563843,boat,FP
3509,3509.jpg,2,boat,0.52961,"[3745.12, 358.72, 94.88, 60.22]",75.58884573797909,>64,background,0.0,,FP
3509,3509.jpg,3,jetski,0.34884,"[445.92, 753.57, 55.99, 37.41]",45.76664615197404,32-64,background,0.13348950445652008,,FP
3509,3509.jpg,2,boat,0.24754,"[332.15, 121.4, 37.94, 24.52]",30.50063605894146,16-32,localization,0.3853817880153656,boat,FP
3509,3509.jpg,1,swimmer,0.14403,"[3058.77, 439.77, 28.29, 22.62]",25.296636140008815,16-32,localization,0.48064374923706055,swimmer,FP
3509,3509.jpg,3,jetski,0.13299,"[447.06, 752.88, 73.53, 40.99]",54.899860655560865,32-64,background,0.1920841485261917,,FP
3510,3510.jpg,1,swimmer,0.36247,"[492.18, 729.67, 52.81, 43.53]",47.9460040045049,32-64,localization,0.1808377355337143,swimmer,FP
3510,3510.jpg,2,boat,0.19851,"[463.11, 148.52, 39.7, 17.94]",26.68741276332346,16-32,localization,0.35152971744537354,boat,FP
3510,3510.jpg,2,boat,0.15759,"[457.19, 146.53, 41.3, 19.65]",28.487628893960267,16-32,localization,0.3194493353366852,boat,FP
3511,3511.jpg,2,boat,0.28935,"[585.97, 165.48, 40.23, 18.24]",27.088654451633435,16-32,localization,0.3386336863040924,boat,FP
3511,3511.jpg,3,jetski,0.21087,"[543.44, 720.76, 100.51, 36.84]",60.85054149307137,32-64,background,0.49830731749534607,,FP
3512,3512.jpg,3,jetski,0.40637,"[626.49, 716.91, 75.95, 31.96]",49.26826564838669,32-64,background,0.21009153127670288,,FP
3512,3512.jpg,2,boat,0.2662,"[713.51, 182.63, 38.72, 19.84]",27.716507716521573,16-32,localization,0.4641382396221161,boat,FP
3512,3512.jpg,2,boat,0.11437,"[710.76, 185.22, 37.38, 19.06]",26.69199880113889,16-32,localization,0.3461214005947113,boat,FP
3513,3513.jpg,3,jetski,0.35256,"[697.77, 708.82, 43.76, 32.98]",37.98953540121279,32-64,background,0.18437574803829193,,FP
3514,3514.jpg,3,jetski,0.38436,"[757.46, 723.94, 74.14, 32.84]",49.343262964664184,32-64,background,0.3699582815170288,,FP
3514,3514.jpg,2,boat,0.15668,"[949.44, 227.14, 40.32, 18.11]",27.02212426882831,16-32,localization,0.4377956688404083,boat,FP
3515,3515.jpg,3,jetski,0.43618,"[860.78, 734.44, 40.8, 29.67]",34.79275786711942,32-64,background,0.14602871239185333,,FP
3515,3515.jpg,2,boat,0.4035,"[1067.4, 264.64, 36.3, 17.67]",25.32629068774186,16-32,localization,0.44269099831581116,boat,FP
3515,3515.jpg,3,jetski,0.22483,"[861.06, 734.19, 60.39, 31.0]",43.26765535593534,32-64,background,0.22283540666103363,,FP
3515,3515.jpg,1,swimmer,0.16004,"[3294.28, 581.95, 36.54, 24.58]",29.969204193638507,16-32,localization,0.45477768778800964,swimmer,FP
3516,3516.jpg,2,boat,0.61347,"[3370.81, 310.92, 50.29, 18.38]",30.40279921323035,16-32,localization,0.46429651975631714,boat,FP
3516,3516.jpg,3,jetski,0.47314,"[926.48, 727.75, 35.91, 29.97]",32.805833322749166,32-64,background,0.4404899477958679,,FP
3516,3516.jpg,1,swimmer,0.2809,"[3359.92, 588.79, 40.23, 24.73]",31.541843636667785,16-32,localization,0.42333468794822693,swimmer,FP
3516,3516.jpg,2,boat,0.24174,"[1140.78, 265.07, 35.63, 19.9]",26.62774868440815,16-32,localization,0.3284071683883667,boat,FP
3516,3516.jpg,2,boat,0.12942,"[1136.1, 263.41, 33.86, 21.26]",26.83027394567562,16-32,localization,0.45533421635627747,boat,FP
3516,3516.jpg,3,jetski,0.12905,"[917.44, 727.92, 44.7, 33.99]",38.97887889614067,32-64,class_confusion,0.6339961290359497,swimmer,FP
3517,3517.jpg,2,boat,0.25867,"[1177.48, 267.8, 33.01, 22.17]",27.05238806464228,16-32,localization,0.4315723478794098,boat,FP
3517,3517.jpg,3,jetski,0.25578,"[982.1, 739.88, 35.15, 28.92]",31.88319306468535,16-32,background,0.2372136414051056,,FP
3518,3518.jpg,2,boat,0.48665,"[1176.41, 267.1, 40.26, 20.4]",28.658401909387756,16-32,localization,0.31029996275901794,boat,FP
3518,3518.jpg,3,jetski,0.4812,"[1005.47, 750.98, 44.34, 28.94]",35.821775500385236,32-64,background,0.1393771469593048,,FP
3518,3518.jpg,3,jetski,0.10355,"[1008.2, 750.2, 66.24, 30.74]",45.1244678638984,32-64,background,0.18870480358600616,,FP
3519,3519.jpg,1,swimmer,0.23964,"[3365.86, 592.22, 33.63, 25.24]",29.13453620705159,16-32,localization,0.488807737827301,swimmer,FP
3519,3519.jpg,3,jetski,0.23049,"[892.79, 766.02, 43.07, 37.2]",40.02754051899767,32-64,background,0.18624193966388702,,FP
3520,3520.jpg,3,jetski,0.39654,"[704.05, 764.95, 93.89, 36.75]",58.74059499187934,32-64,background,0.3445468544960022,,FP
3520,3520.jpg,1,swimmer,0.28585,"[3217.48, 545.98, 41.39, 29.08]",34.69324429914274,32-64,localization,0.48156067728996277,swimmer,FP
3521,3521.jpg,1,swimmer,0.54221,"[3071.97, 501.16, 31.02, 24.91]",27.79762939532794,16-32,localization,0.4324648082256317,swimmer,FP
3521,3521.jpg,2,boat,0.46693,"[709.25, 173.8, 42.52, 18.2]",27.818411169583356,16-32,localization,0.16613426804542542,boat,FP
3521,3521.jpg,3,jetski,0.3737,"[517.87, 761.04, 75.68, 39.29]",54.529507608266556,32-64,background,0.37268754839897156,,FP
3521,3521.jpg,2,boat,0.13293,"[702.3, 173.39, 42.33, 18.84]",28.239992917846134,16-32,localization,0.23954196274280548,boat,FP
3521,3521.jpg,1,swimmer,0.12195,"[3076.43, 501.27, 33.58, 25.63]",29.336928946295654,16-32,localization,0.29268690943717957,swimmer,FP
3521,3521.jpg,3,jetski,0.10153,"[546.28, 760.95, 74.94, 40.84]",55.322234228201594,32-64,background,0.19951587915420532,,FP
3522,3522.jpg,1,swimmer,0.57876,"[2917.42, 448.94, 35.24, 27.07]",30.88602920415637,16-32,localization,0.3798256814479828,swimmer,FP
3522,3522.jpg,2,boat,0.52465,"[501.89, 119.78, 43.47, 19.06]",28.784339492161358,16-32,localization,0.19465264678001404,boat,FP
3522,3522.jpg,2,boat,0.40869,"[2852.34, 131.73, 50.11, 18.93]",30.799063297444615,16-32,localization,0.43949052691459656,boat,FP
3522,3522.jpg,1,swimmer,0.38511,"[313.91, 754.15, 46.94, 38.76]",42.65435968338993,32-64,localization,0.26030421257019043,swimmer,FP
3522,3522.jpg,2,boat,0.13651,"[2854.41, 134.97, 47.21, 21.09]",31.55406312980945,16-32,localization,0.2864890694618225,boat,FP
3523,3523.jpg,2,boat,0.60309,"[3772.59, 282.23, 67.41, 57.59]",62.30683670352717,32-64,background,0.0,,FP
3523,3523.jpg,3,jetski,0.41108,"[2768.77, 397.41, 41.85, 29.09]",34.89149609861979,32-64,background,0.3458906412124634,,FP
3523,3523.jpg,2,boat,0.39978,"[2693.2, 64.26, 47.38, 19.77]",30.605597527249817,16-32,localization,0.38572436571121216,boat,FP
3523,3523.jpg,2,boat,0.13416,"[291.29, 48.55, 40.51, 28.23]",33.81711548905376,32-64,localization,0.3668150007724762,boat,FP
3523,3523.jpg,2,boat,0.10611,"[290.27, 41.57, 37.88, 31.62]",34.60875033860657,32-64,localization,0.3077717423439026,boat,FP
4013,4013.jpg,5,buoy,0.42805,"[2099.97, 1182.79, 20.92, 24.87]",22.809655850099976,16-32,duplicate,0.6861684918403625,buoy,FP
4013,4013.jpg,5,buoy,0.22953,"[2912.98, 1118.92, 10.56, 21.08]",14.919946380600702,<16,duplicate,0.664705216884613,buoy,FP
4014,4014.jpg,5,buoy,0.39996,"[2911.85, 1116.0, 11.92, 20.34]",15.570895927980509,<16,duplicate,0.6790181994438171,buoy,FP
4014,4014.jpg,2,boat,0.11527,"[3825.29, 1013.28, 14.71, 23.45]",18.57281615695369,16-32,background,0.0,,FP
4015,4015.jpg,5,buoy,0.34673,"[2102.75, 1182.74, 21.26, 22.34]",21.793310900365736,16-32,duplicate,0.6225146055221558,buoy,FP
4015,4015.jpg,5,buoy,0.17102,"[2912.8, 1116.0, 10.22, 19.77]",14.214408183248434,<16,duplicate,0.6625161170959473,buoy,FP
4016,4016.jpg,5,buoy,0.44314,"[2912.46, 1116.0, 11.08, 19.52]",14.706515562838126,<16,duplicate,0.7073516845703125,buoy,FP
4016,4016.jpg,5,buoy,0.24334,"[2102.47, 1182.83, 21.53, 22.5]",22.00965697142961,16-32,duplicate,0.6289696097373962,buoy,FP
4017,4017.jpg,5,buoy,0.40251,"[2912.15, 1118.54, 11.83, 21.46]",15.93335495117083,<16,duplicate,0.6755433082580566,buoy,FP
4017,4017.jpg,5,buoy,0.12898,"[2101.23, 1183.39, 22.78, 24.3]",23.52772832213089,16-32,duplicate,0.6367429494857788,buoy,FP
4018,4018.jpg,5,buoy,0.42808,"[2911.42, 1116.0, 10.71, 19.78]",14.554854860148899,<16,duplicate,0.7427104115486145,buoy,FP
4018,4018.jpg,5,buoy,0.11861,"[2100.89, 1183.12, 23.13, 26.28]",24.654743965411605,16-32,duplicate,0.559342622756958,buoy,FP
4019,4019.jpg,5,buoy,0.21224,"[2911.34, 1116.0, 10.89, 19.8]",14.684073004449413,<16,duplicate,0.5486235618591309,buoy,FP
4020,4020.jpg,5,buoy,0.217,"[2101.87, 1182.05, 22.14, 25.6]",23.80722579386351,16-32,duplicate,0.5789655447006226,buoy,FP
4020,4020.jpg,5,buoy,0.1701,"[2911.88, 1115.99, 11.05, 20.29]",14.973459854021716,<16,duplicate,0.5250038504600525,buoy,FP
4021,4021.jpg,5,buoy,0.19185,"[2913.94, 1116.0, 10.93, 19.91]",14.751823616082183,<16,duplicate,0.576625406742096,buoy,FP
4021,4021.jpg,5,buoy,0.12545,"[2101.67, 1182.67, 22.34, 25.18]",23.71752938229444,16-32,duplicate,0.5387169122695923,buoy,FP
4022,4022.jpg,5,buoy,0.37316,"[2915.02, 1116.0, 10.36, 19.67]",14.275195270118024,<16,duplicate,0.6614437699317932,buoy,FP
4022,4022.jpg,5,buoy,0.10343,"[2102.07, 1184.09, 21.93, 22.29]",22.10926728772349,16-32,duplicate,0.6198825240135193,buoy,FP
4023,4023.jpg,5,buoy,0.47168,"[2914.62, 1116.0, 11.98, 20.16]",15.540810789659593,<16,duplicate,0.7029319405555725,buoy,FP
4023,4023.jpg,5,buoy,0.28273,"[2102.39, 1185.53, 21.62, 23.87]",22.71716091416355,16-32,duplicate,0.6341341733932495,buoy,FP
4024,4024.jpg,5,buoy,0.36456,"[2099.99, 1184.9, 20.5, 24.21]",22.27790385112567,16-32,duplicate,0.6850626468658447,buoy,FP
4024,4024.jpg,5,buoy,0.31721,"[2915.56, 1116.0, 10.67, 19.51]",14.428156500398796,<16,duplicate,0.6708685159683228,buoy,FP
4025,4025.jpg,5,buoy,0.21639,"[2099.98, 1185.05, 21.68, 23.85]",22.739129270928558,16-32,duplicate,0.6498178243637085,buoy,FP
4026,4026.jpg,5,buoy,0.38303,"[2915.86, 1119.9, 11.24, 20.1]",15.030768443429631,<16,duplicate,0.6345222592353821,buoy,FP
4027,4027.jpg,5,buoy,0.3976,"[2915.06, 1116.0, 11.61, 19.65]",15.104188160904245,<16,duplicate,0.687795877456665,buoy,FP
4028,4028.jpg,5,buoy,0.10408,"[2915.7, 1116.0, 12.34, 20.87]",16.04792198385822,16-32,duplicate,0.6234845519065857,buoy,FP
4029,4029.jpg,5,buoy,0.33301,"[2099.99, 1181.54, 21.24, 23.52]",22.350946288692118,16-32,duplicate,0.6805923581123352,buoy,FP
4030,4030.jpg,5,buoy,0.33785,"[2102.37, 1181.64, 21.63, 25.57]",23.5176338095481,16-32,duplicate,0.5280170440673828,buoy,FP
4030,4030.jpg,5,buoy,0.25065,"[2915.48, 1116.0, 11.49, 20.42]",15.317499795984984,<16,duplicate,0.502216100692749,buoy,FP
4032,4032.jpg,5,buoy,0.11201,"[2915.33, 1116.0, 11.75, 20.67]",15.584367167132582,<16,localization,0.4925386607646942,buoy,FP
4033,4033.jpg,5,buoy,0.14838,"[2101.41, 1187.63, 22.6, 24.66]",23.607541168025104,16-32,duplicate,0.5325263738632202,buoy,FP
4034,4034.jpg,5,buoy,0.20075,"[2102.23, 1188.57, 21.77, 26.14]",23.85514200335014,16-32,duplicate,0.5335156321525574,buoy,FP
4050,4050.jpg,5,buoy,0.22352,"[2920.93, 1122.72, 19.08, 17.67]",18.361470529344864,16-32,localization,0.4126034080982208,buoy,FP
4051,4051.jpg,5,buoy,0.10893,"[2920.6, 1125.09, 19.4, 15.36]",17.262213067854308,16-32,localization,0.45444849133491516,buoy,FP
4052,4052.jpg,5,buoy,0.25747,"[2922.23, 1123.04, 17.77, 17.06]",17.41138133520715,16-32,localization,0.40906137228012085,buoy,FP
4053,4053.jpg,5,buoy,0.19394,"[2922.81, 1122.54, 17.19, 17.47]",17.329434497409313,16-32,localization,0.40252599120140076,buoy,FP
4054,4054.jpg,5,buoy,0.43063,"[2922.41, 1121.92, 17.59, 18.11]",17.848106342130528,16-32,localization,0.4676174223423004,buoy,FP
4237,4237.jpg,1,swimmer,0.23932,"[227.99, 844.65, 21.51, 15.95]",18.522540322536756,16-32,localization,0.4154152274131775,swimmer,FP
4237,4237.jpg,1,swimmer,0.21614,"[403.57, 903.13, 16.77, 20.88]",18.712498496993927,16-32,duplicate,0.5846050381660461,swimmer,FP
4241,4241.jpg,1,swimmer,0.13283,"[421.75, 894.55, 22.26, 16.06]",18.907554045936244,16-32,duplicate,0.6657424569129944,swimmer,FP
4242,4242.jpg,1,swimmer,0.20414,"[248.87, 828.0, 16.22, 21.68]",18.752322522823672,16-32,duplicate,0.615603506565094,swimmer,FP
4243,4243.jpg,1,swimmer,0.11651,"[253.85, 832.54, 22.15, 19.47]",20.76681246604784,16-32,duplicate,0.5638770461082458,swimmer,FP
4436,4436.jpg,1,swimmer,0.61088,"[2956.24, 683.86, 12.23, 13.32]",12.763369461078842,<16,localization,0.443926066160202,swimmer,FP
4436,4436.jpg,1,swimmer,0.52213,"[2791.79, 707.98, 13.06, 12.56]",12.807560267279635,<16,localization,0.4825088679790497,swimmer,FP
4436,4436.jpg,1,swimmer,0.45289,"[2716.31, 669.07, 12.62, 14.94]",13.731088813346156,<16,duplicate,0.6309910416603088,swimmer,FP
4436,4436.jpg,1,swimmer,0.37787,"[2707.55, 700.56, 17.69, 8.65]",12.37006467242593,<16,background,0.0,,FP
4436,4436.jpg,1,swimmer,0.28652,"[2891.78, 684.0, 16.68, 17.28]",16.9773496164743,16-32,localization,0.4874933958053589,swimmer,FP
4436,4436.jpg,1,swimmer,0.19396,"[2962.7, 725.06, 24.57, 14.06]",18.58639825248561,16-32,localization,0.3692929446697235,swimmer,FP
4436,4436.jpg,1,swimmer,0.1437,"[2896.0, 684.0, 20.06, 17.01]",18.472157426786943,16-32,localization,0.49235013127326965,swimmer,FP
4437,4437.jpg,1,swimmer,0.55503,"[3011.37, 727.24, 20.5, 15.06]",17.570714271195694,16-32,localization,0.4593324661254883,swimmer,FP
4437,4437.jpg,1,swimmer,0.37696,"[2742.45, 701.71, 14.65, 10.92]",12.64824098442151,<16,background,0.0,,FP
4437,4437.jpg,1,swimmer,0.36046,"[2747.87, 670.09, 17.05, 13.96]",15.42783199286277,<16,localization,0.48778313398361206,swimmer,FP
4437,4437.jpg,1,swimmer,0.29668,"[2987.99, 683.96, 19.88, 15.99]",17.829223202372,16-32,localization,0.420727014541626,swimmer,FP
4437,4437.jpg,1,swimmer,0.22744,"[2819.96, 708.0, 17.27, 16.17]",16.710951498942244,16-32,localization,0.2641461491584778,swimmer,FP
4437,4437.jpg,1,swimmer,0.22538,"[3107.98, 772.42, 20.7, 12.24]",15.917537497992583,<16,localization,0.43038979172706604,swimmer,FP
4437,4437.jpg,1,swimmer,0.12681,"[3157.08, 795.38, 22.93, 12.15]",16.691300129109177,16-32,duplicate,0.6447682976722717,swimmer,FP
4437,4437.jpg,1,swimmer,0.11257,"[2932.85, 684.0, 12.11, 20.42]",15.725336244417797,<16,duplicate,0.5153878331184387,swimmer,FP
4438,4438.jpg,1,swimmer,0.50747,"[2813.7, 683.94, 17.19, 16.14]",16.65672837024126,16-32,localization,0.4671468138694763,swimmer,FP
4438,4438.jpg,1,swimmer,0.39955,"[2855.84, 712.98, 17.82, 11.43]",14.271741309314711,<16,localization,0.35049858689308167,swimmer,FP
4438,4438.jpg,1,swimmer,0.38441,"[2771.54, 704.52, 19.06, 12.26]",15.286451517602114,<16,background,0.0,,FP
4438,4438.jpg,1,swimmer,0.37653,"[2859.87, 708.0, 14.56, 16.7]",15.593331908222822,<16,localization,0.3381806015968323,swimmer,FP
4438,4438.jpg,1,swimmer,0.36835,"[3029.06, 684.0, 15.06, 17.63]",16.29441008444307,16-32,localization,0.48336711525917053,swimmer,FP
4438,4438.jpg,1,swimmer,0.34003,"[2963.95, 694.65, 18.27, 13.5]",15.704935529953632,<16,duplicate,0.5471519231796265,swimmer,FP
4438,4438.jpg,1,swimmer,0.21733,"[2789.27, 671.16, 18.84, 13.73]",16.083320552671953,16-32,duplicate,0.6353094577789307,swimmer,FP
4438,4438.jpg,1,swimmer,0.13229,"[2777.74, 704.02, 18.89, 11.61]",14.80921672472923,<16,background,0.0,,FP
4438,4438.jpg,1,swimmer,0.12822,"[3189.57, 796.77, 19.21, 19.26]",19.234983753567356,16-32,duplicate,0.5973221063613892,swimmer,FP
4438,4438.jpg,1,swimmer,0.10473,"[2861.3, 713.21, 12.98, 18.79]",15.617112409149138,<16,localization,0.33013978600502014,swimmer,FP
4439,4439.jpg,1,swimmer,0.44503,"[2898.51, 719.96, 17.51, 12.18]",14.603828265218679,<16,duplicate,0.7736607193946838,swimmer,FP
4439,4439.jpg,1,swimmer,0.38203,"[2811.27, 707.93, 11.43, 13.31]",12.3342328500803,<16,background,0.0,,FP
4439,4439.jpg,1,swimmer,0.35349,"[3226.11, 806.91, 18.67, 21.09]",19.84314239227245,16-32,duplicate,0.5529752373695374,swimmer,FP
4439,4439.jpg,1,swimmer,0.3445,"[3179.85, 780.0, 18.22, 17.63]",17.922572360015735,16-32,localization,0.42058706283569336,swimmer,FP
4439,4439.jpg,1,swimmer,0.23402,"[2891.98, 719.56, 18.68, 12.54]",15.30513639272777,<16,localization,0.4158296287059784,swimmer,FP
4439,4439.jpg,1,swimmer,0.20821,"[3183.25, 780.0, 20.8, 17.92]",19.306372005117897,16-32,localization,0.45072120428085327,swimmer,FP
4439,4439.jpg,1,swimmer,0.1724,"[3051.27, 782.87, 16.91, 21.13]",18.902600350216368,16-32,duplicate,0.6070476174354553,swimmer,FP
4439,4439.jpg,1,swimmer,0.12305,"[3092.55, 732.0, 15.7, 21.07]",18.18788058021055,16-32,duplicate,0.543878972530365,swimmer,FP
4439,4439.jpg,1,swimmer,0.10427,"[3228.24, 803.99, 23.79, 18.77]",21.13145286060568,16-32,duplicate,0.5837768316268921,swimmer,FP
4440,4440.jpg,1,swimmer,0.64152,"[3263.81, 812.87, 16.22, 15.16]",15.681045883486215,<16,localization,0.41900911927223206,swimmer,FP
4440,4440.jpg,1,swimmer,0.62856,"[3294.99, 727.41, 19.53, 15.01]",17.12148650088537,16-32,localization,0.4892413020133972,swimmer,FP
4440,4440.jpg,1,swimmer,0.41274,"[2848.34, 714.28, 13.73, 10.22]",11.84569964164211,<16,background,0.0,,FP
4440,4440.jpg,1,swimmer,0.37335,"[3083.5, 783.49, 21.2, 20.51]",20.852146172516633,16-32,duplicate,0.6475674510002136,swimmer,FP
4440,4440.jpg,1,swimmer,0.3018,"[2893.64, 696.5, 22.37, 12.2]",16.520108958478453,16-32,duplicate,0.6197080612182617,swimmer,FP
4440,4440.jpg,1,swimmer,0.2672,"[2825.12, 730.72, 18.94, 14.07]",16.324392791157656,16-32,duplicate,0.8000979423522949,swimmer,FP
4440,4440.jpg,1,swimmer,0.22382,"[2843.59, 707.98, 16.14, 17.61]",16.85898573461642,16-32,background,0.0,,FP
4440,4440.jpg,1,swimmer,0.19948,"[2936.1, 719.95, 16.17, 15.07]",15.610313898189236,<16,duplicate,0.6319714784622192,swimmer,FP
4440,4440.jpg,1,swimmer,0.14699,"[3155.86, 678.06, 12.15, 10.93]",11.523866538623224,<16,background,0.0,,FP
4441,4441.jpg,1,swimmer,0.6466,"[3146.35, 701.43, 13.5, 13.14]",13.318783728253868,<16,localization,0.4759178161621094,swimmer,FP
4441,4441.jpg,1,swimmer,0.51777,"[3087.98, 706.09, 15.32, 14.22]",14.759756095545752,<16,duplicate,0.8187851905822754,swimmer,FP
4441,4441.jpg,1,swimmer,0.41715,"[2881.18, 718.25, 13.99, 13.8]",13.89467523909789,<16,background,0.0,,FP
4441,4441.jpg,1,swimmer,0.31486,"[2862.04, 731.99, 12.34, 19.4]",15.472427088210821,<16,duplicate,0.6289659142494202,swimmer,FP
4441,4441.jpg,1,swimmer,0.14099,"[3054.92, 695.57, 10.73, 12.71]",11.678112004943266,<16,background,0.0,,FP
4442,4442.jpg,2,boat,0.55829,"[0.2, 484.58, 71.49, 30.34]",46.57259494595507,32-64,background,0.0,,FP
4442,4442.jpg,1,swimmer,0.55142,"[3011.73, 728.13, 15.08, 11.9]",13.395969543112585,<16,localization,0.29517415165901184,swimmer,FP
4442,4442.jpg,1,swimmer,0.41278,"[2921.48, 719.96, 18.7, 12.13]",15.060909667081866,<16,background,0.0,,FP
4442,4442.jpg,1,swimmer,0.24936,"[2896.28, 737.22, 19.73, 18.79]",19.25426446271059,16-32,duplicate,0.5126947164535522,swimmer,FP
4442,4442.jpg,1,swimmer,0.21895,"[2891.91, 732.0, 19.32, 20.23]",19.76976479374502,16-32,duplicate,0.5014793276786804,swimmer,FP
4442,4442.jpg,1,swimmer,0.20783,"[2970.46, 740.92, 17.57, 15.09]",16.282852944124993,16-32,background,0.0,,FP
4482,4482.jpg,1,swimmer,0.53972,"[0.0, 1340.21, 102.51, 288.32]",171.91766401391104,>64,background,0.0,,FP
4483,4483.jpg,1,swimmer,0.79787,"[3111.17, 1166.28, 177.99, 140.81]",158.31226073807423,>64,localization,0.4979301393032074,swimmer,FP
4484,4484.jpg,1,swimmer,0.6299,"[3162.01, 1162.77, 145.54, 144.91]",145.22465837453362,>64,duplicate,0.7305724024772644,swimmer,FP
4485,4485.jpg,1,swimmer,0.21836,"[3200.76, 1189.79, 141.97, 157.15]",149.36728390112742,>64,localization,0.4858577251434326,swimmer,FP
4485,4485.jpg,1,swimmer,0.11698,"[3373.95, 1617.93, 253.22, 200.71]",225.4413143148345,>64,duplicate,0.6423289775848389,swimmer,FP
4486,4486.jpg,1,swimmer,0.68595,"[3204.75, 1015.96, 224.0, 198.89]",211.07193086718092,>64,localization,0.4374774694442749,swimmer,FP
4486,4486.jpg,1,swimmer,0.43466,"[3498.75, 1401.68, 214.11, 260.65]",236.23668533908952,>64,duplicate,0.61001056432724,swimmer,FP
4488,4488.jpg,1,swimmer,0.40071,"[3537.67, 1340.53, 196.17, 232.2]",213.42603871130623,>64,duplicate,0.635455846786499,swimmer,FP
4885,4885.jpg,1,swimmer,0.63676,"[1898.08, 1578.96, 31.18, 28.67]",29.89867221132069,16-32,localization,0.4760264456272125,swimmer,FP
4889,4889.jpg,1,swimmer,0.62407,"[1910.98, 1293.82, 24.65, 23.51]",24.07325279225888,16-32,localization,0.374782532453537,swimmer,FP
4895,4895.jpg,1,swimmer,0.6809,"[1947.63, 1149.48, 26.3, 22.16]",24.1414166941379,16-32,localization,0.48042193055152893,swimmer,FP
4897,4897.jpg,5,buoy,0.88693,"[2065.2, 781.95, 78.11, 103.12]",89.74799830636893,>64,localization,0.37356269359588623,buoy,FP
4897,4897.jpg,1,swimmer,0.60948,"[2363.03, 1177.55, 31.95, 24.83]",28.16591024625336,16-32,localization,0.20019595324993134,swimmer,FP
4898,4898.jpg,1,swimmer,0.59248,"[2568.01, 1079.1, 66.76, 32.61]",46.65879981311135,32-64,localization,0.49050578474998474,swimmer,FP
4900,4900.jpg,1,swimmer,0.24863,"[2478.4, 1072.71, 76.67, 39.37]",54.94085820225236,32-64,duplicate,0.8635126948356628,swimmer,FP
4902,4902.jpg,1,swimmer,0.62911,"[2374.57, 1071.43, 58.59, 34.19]",44.75703408404091,32-64,localization,0.4384841322898865,swimmer,FP
4905,4905.jpg,1,swimmer,0.14814,"[1953.02, 1060.32, 73.74, 36.39]",51.80153086540976,32-64,duplicate,0.6266649961471558,swimmer,FP
4906,4906.jpg,1,swimmer,0.58522,"[1797.02, 1060.86, 81.04, 33.22]",51.88592101909727,32-64,localization,0.471370667219162,swimmer,FP
4907,4907.jpg,1,swimmer,0.63298,"[1577.88, 1185.87, 27.59, 25.43]",26.487991618844944,16-32,localization,0.4100314676761627,swimmer,FP
4907,4907.jpg,1,swimmer,0.54691,"[1630.78, 1064.01, 91.37, 32.21]",54.24967926172467,32-64,localization,0.3907540738582611,swimmer,FP
4908,4908.jpg,1,swimmer,0.66637,"[1443.45, 1202.94, 26.24, 23.48]",24.82166795362471,16-32,localization,0.46824532747268677,swimmer,FP
4908,4908.jpg,1,swimmer,0.1245,"[1507.5, 1066.36, 85.03, 38.64]",57.31979762699795,32-64,localization,0.4399271309375763,swimmer,FP
4909,4909.jpg,1,swimmer,0.69476,"[1483.18, 1203.02, 27.19, 23.59]",25.32611498039129,16-32,localization,0.40341588854789734,swimmer,FP
4909,4909.jpg,1,swimmer,0.59998,"[1572.98, 1072.42, 73.13, 33.37]",49.399879554509035,32-64,localization,0.4220329523086548,swimmer,FP
4909,4909.jpg,1,swimmer,0.50293,"[1559.06, 1066.42, 87.83, 37.4]",57.31354115739141,32-64,localization,0.3314141631126404,swimmer,FP
4910,4910.jpg,1,swimmer,0.5933,"[1730.41, 1067.65, 58.35, 34.97]",45.17188838204575,32-64,localization,0.4121779799461365,swimmer,FP
4910,4910.jpg,1,swimmer,0.17914,"[1711.91, 1063.53, 78.0, 38.8]",55.01272580049092,32-64,duplicate,0.6153231859207153,swimmer,FP
4911,4911.jpg,1,swimmer,0.62389,"[1787.24, 1069.78, 49.58, 33.21]",40.57772541678501,32-64,localization,0.48142218589782715,swimmer,FP
4911,4911.jpg,1,swimmer,0.12234,"[1754.83, 1060.24, 83.2, 41.85]",59.00779609509239,32-64,duplicate,0.7560065984725952,swimmer,FP
4913,4913.jpg,1,swimmer,0.25266,"[1967.47, 1069.03, 80.35, 40.73]",57.207128052367736,32-64,duplicate,0.6597626805305481,swimmer,FP
4913,4913.jpg,1,swimmer,0.12535,"[1964.11, 1062.15, 83.44, 40.34]",58.01697682575334,32-64,duplicate,0.5039007663726807,swimmer,FP
4914,4914.jpg,1,swimmer,0.74036,"[2142.95, 1091.42, 45.43, 27.5]",35.34579182873118,32-64,localization,0.3344906270503998,swimmer,FP
4914,4914.jpg,1,swimmer,0.11634,"[2099.25, 1072.95, 20.03, 19.63]",19.828991401480813,16-32,background,0.01334936823695898,,FP
4917,4917.jpg,1,swimmer,0.69087,"[2226.93, 1077.7, 83.28, 29.78]",49.800385540676295,32-64,localization,0.4913214445114136,swimmer,FP
4917,4917.jpg,1,swimmer,0.18349,"[2210.37, 1070.77, 99.9, 36.91]",60.72321631797841,32-64,localization,0.4312087595462799,swimmer,FP
4919,4919.jpg,1,swimmer,0.72061,"[2236.05, 1046.36, 83.16, 47.68]",62.96879227045728,32-64,localization,0.4943166971206665,swimmer,FP
4922,4922.jpg,1,swimmer,0.264,"[2257.98, 1069.76, 73.71, 47.13]",58.94024346743064,32-64,duplicate,0.824485182762146,swimmer,FP
4922,4922.jpg,1,swimmer,0.22765,"[2269.16, 1077.53, 61.66, 39.32]",49.238919565725645,32-64,duplicate,0.749866247177124,swimmer,FP
4923,4923.jpg,1,swimmer,0.13893,"[2263.46, 1080.43, 86.49, 51.34]",66.63630091774303,>64,duplicate,0.7458793520927429,swimmer,FP
5148,5148.jpg,1,swimmer,0.76838,"[2250.82, 1251.35, 46.76, 51.6]",49.1204234509435,32-64,localization,0.4534044861793518,swimmer,FP
5256,5256.jpg,1,swimmer,0.28559,"[2062.67, 551.98, 35.77, 45.64]",40.40473734600932,32-64,duplicate,0.5145347118377686,swimmer,FP
5258,5258.jpg,1,swimmer,0.68774,"[2092.81, 815.48, 29.34, 31.27]",30.289631889476638,16-32,localization,0.3958961069583893,swimmer,FP
5258,5258.jpg,1,swimmer,0.31805,"[2049.29, 800.5, 40.74, 39.44]",40.08473025978845,32-64,localization,0.4199877381324768,swimmer,FP
5543,5543.jpg,1,swimmer,0.61522,"[2125.0, 618.46, 71.12, 33.28]",48.65052517702147,32-64,background,0.04258466511964798,,FP
5543,5543.jpg,1,swimmer,0.5591,"[2065.27, 1007.29, 63.15, 57.91]",60.473270955026074,32-64,background,0.053407955914735794,,FP
5543,5543.jpg,1,swimmer,0.52324,"[1788.45, 668.43, 97.76, 28.32]",52.61713789251559,32-64,localization,0.19323819875717163,swimmer,FP
5543,5543.jpg,2,boat,0.47841,"[1367.51, 1083.78, 140.59, 212.18]",172.71475385733552,>64,localization,0.4415667951107025,boat,FP
5543,5543.jpg,1,swimmer,0.37793,"[1771.13, 667.31, 100.3, 25.94]",51.00766609050056,32-64,localization,0.26381435990333557,swimmer,FP
5543,5543.jpg,1,swimmer,0.36481,"[1464.89, 655.71, 63.46, 36.14]",47.889919607366224,32-64,background,0.05723093822598457,,FP
5543,5543.jpg,1,swimmer,0.34485,"[1636.86, 739.45, 59.15, 37.18]",46.895596808229236,32-64,localization,0.11363174766302109,swimmer,FP
5543,5543.jpg,1,swimmer,0.32802,"[1451.6, 655.88, 65.51, 37.22]",49.37896515724079,32-64,localization,0.15579068660736084,swimmer,FP
5543,5543.jpg,1,swimmer,0.21271,"[1432.75, 655.87, 71.36, 38.41]",52.35396451081809,32-64,localization,0.32167762517929077,swimmer,FP
5543,5543.jpg,1,swimmer,0.20534,"[1647.58, 738.66, 60.91, 38.68]",48.53863203676016,32-64,background,0.02497047558426857,,FP
5543,5543.jpg,1,swimmer,0.19891,"[2057.96, 1013.72, 65.39, 57.52]",61.328890418790394,32-64,localization,0.11510114371776581,swimmer,FP
5543,5543.jpg,1,swimmer,0.18496,"[3228.33, 536.23, 43.74, 39.41]",41.51859101655546,32-64,background,0.0,,FP
5543,5543.jpg,1,swimmer,0.17019,"[2041.81, 1013.12, 64.2, 56.88]",60.42926443371622,32-64,localization,0.2879045009613037,swimmer,FP
5543,5543.jpg,1,swimmer,0.16961,"[3216.49, 536.61, 47.06, 39.51]",43.12007189233339,32-64,background,0.0,,FP
5543,5543.jpg,2,boat,0.1575,"[1404.32, 1087.87, 124.97, 208.0]",161.22580438627062,>64,localization,0.23497195541858673,boat,FP
5543,5543.jpg,1,swimmer,0.14167,"[1613.18, 738.76, 55.57, 36.91]",45.28894677512384,32-64,localization,0.37719669938087463,swimmer,FP
5543,5543.jpg,1,swimmer,0.11227,"[1750.39, 665.69, 71.75, 24.09]",41.57472188722373,32-64,localization,0.3822164535522461,swimmer,FP
5543,5543.jpg,1,swimmer,0.10957,"[2084.88, 620.69, 77.09, 32.06]",49.714237397349265,32-64,localization,0.4072749614715576,swimmer,FP
5544,5544.jpg,1,swimmer,0.48575,"[1717.17, 722.81, 47.14, 39.35]",43.06923495953927,32-64,localization,0.4776422083377838,swimmer,FP
5544,5544.jpg,1,swimmer,0.46712,"[3204.07, 467.05, 34.76, 37.1]",35.9109454066584,32-64,localization,0.39411646127700806,swimmer,FP
5544,5544.jpg,1,swimmer,0.3788,"[2160.59, 960.71, 54.7, 58.74]",56.684018911859106,32-64,localization,0.4317627549171448,swimmer,FP
5544,5544.jpg,1,swimmer,0.23234,"[1708.48, 721.99, 47.38, 39.28]",43.14031061547888,32-64,localization,0.31657445430755615,swimmer,FP
5544,5544.jpg,1,swimmer,0.17315,"[3199.22, 465.89, 36.33, 34.25]",35.274672216761985,32-64,localization,0.291077196598053,swimmer,FP
5544,5544.jpg,1,swimmer,0.16568,"[2182.28, 957.87, 59.1, 60.53]",59.810726462734095,32-64,duplicate,0.699469268321991,swimmer,FP
5544,5544.jpg,1,swimmer,0.14867,"[1528.41, 649.54, 77.76, 35.62]",52.62899581029454,32-64,duplicate,0.6228966116905212,swimmer,FP
5545,5545.jpg,1,swimmer,0.37767,"[3334.46, 439.52, 52.06, 49.49]",50.75873717893305,32-64,duplicate,0.7045325636863708,swimmer,FP
5545,5545.jpg,1,swimmer,0.14465,"[1683.65, 626.01, 75.05, 39.7]",54.58465901698022,32-64,localization,0.48923662304878235,swimmer,FP
5545,5545.jpg,1,swimmer,0.11836,"[1911.01, 693.16, 51.45, 42.55]",46.788860853839985,32-64,duplicate,0.8157587647438049,swimmer,FP
5545,5545.jpg,1,swimmer,0.10073,"[3313.18, 437.46, 59.81, 40.12]",48.9854794811687,32-64,localization,0.45932134985923767,swimmer,FP
5546,5546.jpg,1,swimmer,0.52909,"[2015.65, 673.95, 39.1, 35.07]",37.03021739066624,32-64,localization,0.34662678837776184,swimmer,FP
5546,5546.jpg,1,swimmer,0.43275,"[3426.73, 417.02, 37.36, 27.97]",32.325828682340074,32-64,localization,0.43722912669181824,swimmer,FP
5546,5546.jpg,1,swimmer,0.16457,"[1826.88, 607.96, 50.21, 39.92]",44.770338394968604,32-64,duplicate,0.73988276720047,swimmer,FP
5546,5546.jpg,1,swimmer,0.15302,"[2132.61, 600.97, 114.51, 33.69]",62.11152791551662,32-64,duplicate,0.5463417172431946,swimmer,FP
5546,5546.jpg,1,swimmer,0.12415,"[3432.61, 418.16, 41.84, 35.6]",38.59409281224266,32-64,localization,0.4935186207294464,swimmer,FP
5546,5546.jpg,1,swimmer,0.10331,"[3415.65, 416.55, 37.83, 29.09]",33.173403503409176,32-64,localization,0.3633941411972046,swimmer,FP
5547,5547.jpg,1,swimmer,0.49765,"[3471.7, 407.37, 32.8, 27.37]",29.962242906698425,16-32,localization,0.3166542649269104,swimmer,FP
5547,5547.jpg,1,swimmer,0.16038,"[2564.27, 883.15, 45.91, 59.79]",52.39235535839174,32-64,duplicate,0.6818758249282837,swimmer,FP
5547,5547.jpg,1,swimmer,0.10078,"[2083.34, 666.35, 40.15, 35.78]",37.90207118351186,32-64,localization,0.35836270451545715,swimmer,FP
5548,5548.jpg,1,swimmer,0.44003,"[1932.54, 606.62, 53.1, 31.72]",41.04061403049423,32-64,localization,0.4273790121078491,swimmer,FP
5548,5548.jpg,1,swimmer,0.23187,"[3474.99, 402.55, 54.21, 47.85]",50.93082072772831,32-64,duplicate,0.6224032044410706,swimmer,FP
5548,5548.jpg,1,swimmer,0.13766,"[2582.14, 884.36, 52.53, 52.15]",52.33965513833655,32-64,duplicate,0.7071488499641418,swimmer,FP
5548,5548.jpg,1,swimmer,0.12363,"[1945.43, 606.25, 54.37, 32.22]",41.85452663691228,32-64,localization,0.2784251868724823,swimmer,FP
5548,5548.jpg,1,swimmer,0.10816,"[3461.57, 400.85, 52.38, 41.49]",46.61808876391223,32-64,duplicate,0.636329710483551,swimmer,FP
5548,5548.jpg,1,swimmer,0.10313,"[2289.6, 594.08, 56.59, 33.06]",43.25350159235666,32-64,localization,0.3756716549396515,swimmer,FP
5549,5549.jpg,1,swimmer,0.46949,"[3476.59, 394.66, 42.97, 39.07]",40.97362444304873,32-64,localization,0.4584507644176483,swimmer,FP
5549,5549.jpg,1,swimmer,0.45056,"[1934.29, 606.28, 42.52, 35.35]",38.769601493954,32-64,localization,0.43163996934890747,swimmer,FP
5549,5549.jpg,1,swimmer,0.21051,"[2114.73, 671.68, 37.94, 31.62]",34.63614874664907,32-64,duplicate,0.7123035788536072,swimmer,FP
5549,5549.jpg,1,swimmer,0.13865,"[1939.79, 606.06, 46.56, 36.41]",41.1734088945766,32-64,localization,0.32632365822792053,swimmer,FP
5549,5549.jpg,1,swimmer,0.10308,"[2550.72, 886.47, 71.41, 58.64]",64.710759538117,>64,duplicate,0.515649139881134,swimmer,FP
5550,5550.jpg,1,swimmer,0.50275,"[3471.15, 391.28, 33.76, 27.91]",30.695954130797105,16-32,localization,0.4855256676673889,swimmer,FP
5550,5550.jpg,1,swimmer,0.30536,"[2557.1, 889.85, 70.81, 45.55]",56.79256553458384,32-64,duplicate,0.8124751448631287,swimmer,FP
5550,5550.jpg,1,swimmer,0.20502,"[1928.18, 605.65, 61.0, 32.98]",44.85287058817975,32-64,duplicate,0.5307164192199707,swimmer,FP
5550,5550.jpg,1,swimmer,0.14392,"[1899.26, 606.76, 59.05, 34.74]",45.29235034749246,32-64,duplicate,0.5704588890075684,swimmer,FP
5550,5550.jpg,1,swimmer,0.13786,"[2232.42, 595.36, 81.3, 33.74]",52.374249397962735,32-64,duplicate,0.547155499458313,swimmer,FP
5550,5550.jpg,1,swimmer,0.11706,"[2541.33, 533.04, 80.11, 39.7]",56.39474266276955,32-64,duplicate,0.5379452705383301,swimmer,FP
5551,5551.jpg,1,swimmer,0.38118,"[1928.74, 606.45, 55.12, 31.01]",41.34333319895724,32-64,localization,0.4141883850097656,swimmer,FP
5551,5551.jpg,1,swimmer,0.19196,"[2555.02, 891.41, 69.44, 43.42]",54.90978783422861,32-64,duplicate,0.8504805564880371,swimmer,FP
5551,5551.jpg,1,swimmer,0.17713,"[2116.19, 672.62, 36.87, 36.93]",36.899987804876034,32-64,duplicate,0.6873958110809326,swimmer,FP
5552,5552.jpg,1,swimmer,0.51572,"[1934.13, 606.93, 52.14, 36.24]",43.468995847615346,32-64,localization,0.43901970982551575,swimmer,FP
5552,5552.jpg,1,swimmer,0.34365,"[3456.71, 378.5, 39.42, 30.61]",34.73681332534693,32-64,localization,0.3300440013408661,swimmer,FP
5552,5552.jpg,1,swimmer,0.15329,"[2280.46, 588.81, 66.15, 34.3]",47.63344413329777,32-64,localization,0.47941315174102783,swimmer,FP
5552,5552.jpg,1,swimmer,0.12141,"[2554.67, 893.06, 66.91, 44.82]",54.76226985799621,32-64,duplicate,0.7586776614189148,swimmer,FP
5552,5552.jpg,1,swimmer,0.12055,"[2592.25, 529.0, 64.39, 30.18]",44.08276533975608,32-64,localization,0.36071836948394775,swimmer,FP
5552,5552.jpg,1,swimmer,0.11022,"[1944.35, 606.76, 54.45, 36.99]",44.87878674830682,32-64,localization,0.3105921447277069,swimmer,FP
5553,5553.jpg,1,swimmer,0.51818,"[3451.04, 374.94, 33.24, 25.64]",29.193725353233013,16-32,localization,0.34592556953430176,swimmer,FP
5553,5553.jpg,1,swimmer,0.15988,"[2256.1, 584.37, 80.88, 39.84]",56.76494693030198,32-64,duplicate,0.7297372817993164,swimmer,FP
5553,5553.jpg,1,swimmer,0.13762,"[1939.81, 604.61, 47.48, 36.49]",41.62385373797097,32-64,localization,0.40190941095352173,swimmer,FP
5553,5553.jpg,1,swimmer,0.11578,"[2545.96, 893.67, 76.45, 35.25]",51.91206507161895,32-64,duplicate,0.8066518902778625,swimmer,FP
5553,5553.jpg,1,swimmer,0.10216,"[1898.02, 606.18, 58.99, 38.54]",47.68096685261321,32-64,duplicate,0.6023557782173157,swimmer,FP
5554,5554.jpg,1,swimmer,0.32932,"[3446.07, 363.66, 36.36, 28.52]",32.20228563316586,32-64,localization,0.35261017084121704,swimmer,FP
5554,5554.jpg,1,swimmer,0.22581,"[1929.89, 602.92, 60.41, 33.27]",44.83124691551642,32-64,duplicate,0.5423950552940369,swimmer,FP
5554,5554.jpg,1,swimmer,0.2098,"[3438.34, 363.1, 38.69, 30.26]",34.21636158331274,32-64,localization,0.3653298020362854,swimmer,FP
5554,5554.jpg,1,swimmer,0.14885,"[1900.29, 604.42, 59.39, 36.68]",46.67360281786698,32-64,duplicate,0.5051564574241638,swimmer,FP
5554,5554.jpg,1,swimmer,0.13035,"[2565.38, 522.95, 86.53, 36.71]",56.360591728618324,32-64,duplicate,0.5728297829627991,swimmer,FP
5555,5555.jpg,1,swimmer,0.30034,"[3434.4, 361.56, 49.57, 39.69]",44.35575836348647,32-64,localization,0.4754888415336609,swimmer,FP
5555,5555.jpg,1,swimmer,0.16078,"[1916.42, 602.82, 65.27, 41.44]",52.007584062326906,32-64,duplicate,0.7614838480949402,swimmer,FP
5555,5555.jpg,1,swimmer,0.13431,"[2284.96, 581.8, 62.48, 40.04]",50.016989113700156,32-64,duplicate,0.5151941776275635,swimmer,FP
5555,5555.jpg,1,swimmer,0.12326,"[1941.62, 602.4, 58.72, 36.04]",46.00292164634764,32-64,localization,0.4182250201702118,swimmer,FP
5555,5555.jpg,1,swimmer,0.10994,"[3443.57, 362.35, 55.07, 44.37]",49.43132508844973,32-64,localization,0.3720034062862396,swimmer,FP
5555,5555.jpg,1,swimmer,0.10839,"[3407.49, 360.44, 60.88, 39.01]",48.73324122198318,32-64,localization,0.4564403295516968,swimmer,FP
5556,5556.jpg,1,swimmer,0.4093,"[1939.74, 600.34, 45.03, 35.64]",40.06081876347512,32-64,localization,0.4792611598968506,swimmer,FP
5556,5556.jpg,1,swimmer,0.27993,"[3434.44, 353.92, 34.21, 27.61]",30.73333857555993,16-32,localization,0.4155472218990326,swimmer,FP
5556,5556.jpg,1,swimmer,0.25502,"[3441.74, 353.7, 34.77, 27.7]",31.034319712215378,16-32,localization,0.37607261538505554,swimmer,FP
5556,5556.jpg,1,swimmer,0.10289,"[2590.05, 524.91, 85.44, 41.09]",59.25141010980245,32-64,duplicate,0.8161113858222961,swimmer,FP
5557,5557.jpg,1,swimmer,0.23214,"[3408.12, 346.32, 44.72, 37.74]",41.08202526653232,32-64,localization,0.3863977789878845,swimmer,FP
5557,5557.jpg,1,swimmer,0.19691,"[1919.83, 598.99, 56.92, 34.74]",44.46797499324654,32-64,duplicate,0.6627951264381409,swimmer,FP
5557,5557.jpg,1,swimmer,0.19018,"[2607.68, 520.65, 70.77, 34.06]",49.096091494130164,32-64,duplicate,0.7771080136299133,swimmer,FP
5557,5557.jpg,1,swimmer,0.16431,"[1948.08, 598.16, 52.31, 32.69]",41.352314324593735,32-64,localization,0.3846011757850647,swimmer,FP
5557,5557.jpg,1,swimmer,0.12964,"[3414.42, 345.05, 48.96, 46.62]",47.775675819395794,32-64,duplicate,0.6350146532058716,swimmer,FP
5557,5557.jpg,1,swimmer,0.12174,"[3432.27, 346.44, 46.76, 40.73]",43.640976157735054,32-64,duplicate,0.610660195350647,swimmer,FP
5557,5557.jpg,1,swimmer,0.11361,"[2588.96, 522.02, 71.52, 33.54]",48.97734986705589,32-64,duplicate,0.5937634706497192,swimmer,FP
5558,5558.jpg,1,swimmer,0.379,"[1943.72, 597.77, 56.96, 33.8]",43.87764806823629,32-64,localization,0.3603532612323761,swimmer,FP
5558,5558.jpg,1,swimmer,0.37417,"[1936.19, 598.43, 55.26, 34.72]",43.802136934172516,32-64,localization,0.47568756341934204,swimmer,FP
5558,5558.jpg,1,swimmer,0.23796,"[2128.27, 672.28, 52.29, 31.8]",40.777714501918815,32-64,duplicate,0.6949475407600403,swimmer,FP
5558,5558.jpg,1,swimmer,0.19606,"[3403.48, 339.99, 48.65, 41.29]",44.81917558367177,32-64,duplicate,0.5609704852104187,swimmer,FP
5558,5558.jpg,1,swimmer,0.19161,"[2618.01, 516.42, 58.12, 34.57]",44.82419435974282,32-64,duplicate,0.7384040951728821,swimmer,FP
5558,5558.jpg,1,swimmer,0.14798,"[3426.05, 340.25, 58.98, 47.54]",52.951951805386734,32-64,localization,0.35497531294822693,swimmer,FP
5558,5558.jpg,1,swimmer,0.13497,"[1954.13, 596.06, 57.53, 35.18]",44.98783613378176,32-64,localization,0.2516691982746124,swimmer,FP
5558,5558.jpg,1,swimmer,0.12206,"[3407.08, 339.76, 62.45, 50.26]",56.02443217025943,32-64,duplicate,0.6714930534362793,swimmer,FP
5558,5558.jpg,1,swimmer,0.10359,"[3433.14, 341.34, 72.41, 48.1]",59.016277415641866,32-64,localization,0.2409083992242813,swimmer,FP
5559,5559.jpg,1,swimmer,0.35227,"[1946.07, 600.15, 49.14, 34.97]",41.453899695927284,32-64,localization,0.4804157316684723,swimmer,FP
5559,5559.jpg,1,swimmer,0.34939,"[3403.21, 337.9, 40.98, 35.6]",38.195392392276844,32-64,localization,0.49992164969444275,swimmer,FP
5559,5559.jpg,1,swimmer,0.22647,"[2614.58, 515.23, 77.34, 40.77]",56.152932247568344,32-64,duplicate,0.8589298129081726,swimmer,FP
5559,5559.jpg,1,swimmer,0.17811,"[1915.28, 600.92, 61.78, 36.84]",47.70718184927716,32-64,duplicate,0.7502149939537048,swimmer,FP
5559,5559.jpg,1,swimmer,0.14918,"[3392.45, 337.76, 38.69, 35.66]",37.1441166269976,32-64,localization,0.277902752161026,swimmer,FP
5559,5559.jpg,1,swimmer,0.14661,"[2134.64, 668.26, 45.75, 31.96]",38.23833155356023,32-64,localization,0.49977463483810425,swimmer,FP
5559,5559.jpg,1,swimmer,0.12453,"[2590.89, 517.21, 72.58, 41.35]",54.783053949191256,32-64,localization,0.4651244878768921,swimmer,FP
5559,5559.jpg,1,swimmer,0.12404,"[1899.37, 602.68, 59.38, 37.25]",47.03089410164345,32-64,localization,0.43444520235061646,swimmer,FP
5560,5560.jpg,1,swimmer,0.29568,"[2117.73, 668.85, 40.01, 34.07]",36.92073536645769,32-64,duplicate,0.6489050388336182,swimmer,FP
5560,5560.jpg,1,swimmer,0.19151,"[1948.77, 599.19, 51.63, 32.31]",40.843179357146035,32-64,localization,0.43517863750457764,swimmer,FP
5560,5560.jpg,1,swimmer,0.18165,"[1920.24, 600.06, 56.34, 34.33]",43.97899726005585,32-64,duplicate,0.6817667484283447,swimmer,FP
5560,5560.jpg,1,swimmer,0.1559,"[3395.06, 335.02, 60.75, 38.82]",48.56248552123336,32-64,duplicate,0.6852304935455322,swimmer,FP
5560,5560.jpg,1,swimmer,0.12798,"[2615.78, 512.79, 60.2, 36.63]",46.958769149116335,32-64,duplicate,0.6475077867507935,swimmer,FP
5560,5560.jpg,1,swimmer,0.11739,"[2139.11, 668.07, 39.52, 33.7]",36.49416391698816,32-64,localization,0.35944870114326477,swimmer,FP
5561,5561.jpg,1,swimmer,0.37413,"[1939.59, 598.6, 58.77, 35.97]",45.97778702808564,32-64,localization,0.44485580921173096,swimmer,FP
5561,5561.jpg,1,swimmer,0.20024,"[2616.53, 511.04, 66.87, 37.07]",49.788260664538186,32-64,duplicate,0.7315168380737305,swimmer,FP
5561,5561.jpg,1,swimmer,0.13872,"[3362.53, 330.16, 72.9, 45.54]",57.618278349843116,32-64,duplicate,0.6479825973510742,swimmer,FP
5561,5561.jpg,1,swimmer,0.11795,"[2257.62, 574.91, 83.0, 35.88]",54.5714210919965,32-64,duplicate,0.7363983392715454,swimmer,FP
5561,5561.jpg,1,swimmer,0.10119,"[2604.78, 510.83, 68.19, 38.9]",51.5033105732049,32-64,duplicate,0.556655764579773,swimmer,FP
5562,5562.jpg,1,swimmer,0.41848,"[1942.66, 599.27, 56.91, 36.72]",45.71362160231892,32-64,localization,0.4285131096839905,swimmer,FP
5562,5562.jpg,1,swimmer,0.32602,"[3373.68, 330.81, 41.03, 31.88]",36.16678586769911,32-64,localization,0.4685996472835541,swimmer,FP
5562,5562.jpg,1,swimmer,0.19811,"[3366.31, 330.91, 37.61, 31.43]",34.38142376342201,32-64,localization,0.3555265963077545,swimmer,FP
5562,5562.jpg,1,swimmer,0.18507,"[2613.37, 511.09, 76.69, 45.5]",59.07110122555699,32-64,duplicate,0.7277039289474487,swimmer,FP
5562,5562.jpg,1,swimmer,0.12325,"[2093.74, 670.6, 57.01, 35.18]",44.784057431188614,32-64,duplicate,0.6433635950088501,swimmer,FP
5562,5562.jpg,1,swimmer,0.10839,"[2257.82, 573.97, 68.63, 38.89]",51.66256575122842,32-64,localization,0.49983128905296326,swimmer,FP
5562,5562.jpg,1,swimmer,0.1042,"[1953.49, 597.73, 57.18, 38.06]",46.650517682015064,32-64,localization,0.2954544126987457,swimmer,FP
5563,5563.jpg,1,swimmer,0.23475,"[3352.13, 331.82, 47.33, 26.37]",35.32834697519826,32-64,localization,0.4032898545265198,swimmer,FP
5563,5563.jpg,1,swimmer,0.2086,"[1920.86, 603.45, 57.91, 39.05]",47.55402716910525,32-64,duplicate,0.908374547958374,swimmer,FP
5563,5563.jpg,1,swimmer,0.14199,"[2618.84, 514.11, 63.41, 35.22]",47.25780570445479,32-64,duplicate,0.7907098531723022,swimmer,FP
5563,5563.jpg,1,swimmer,0.1129,"[2504.53, 887.27, 41.73, 56.48]",48.548021586878285,32-64,duplicate,0.5563490390777588,swimmer,FP
5563,5563.jpg,1,swimmer,0.10936,"[2525.07, 886.44, 49.51, 56.4]",52.84282354303184,32-64,duplicate,0.5233296155929565,swimmer,FP
5563,5563.jpg,1,swimmer,0.10929,"[2260.63, 571.47, 75.27, 42.66]",56.6658468568149,32-64,duplicate,0.5268216133117676,swimmer,FP
5563,5563.jpg,1,swimmer,0.10196,"[2116.61, 668.42, 62.82, 32.35]",45.080228482118414,32-64,localization,0.4804902970790863,swimmer,FP
5564,5564.jpg,1,swimmer,0.43498,"[2302.04, 571.76, 58.7, 38.82]",47.736086978301856,32-64,localization,0.4956763684749603,swimmer,FP
5564,5564.jpg,1,swimmer,0.38779,"[2639.36, 513.19, 48.8, 28.7]",37.42405643433111,32-64,localization,0.4710613191127777,swimmer,FP
5564,5564.jpg,1,swimmer,0.22176,"[3335.12, 330.01, 69.54, 33.23]",48.07092884478102,32-64,duplicate,0.6585548520088196,swimmer,FP
5564,5564.jpg,1,swimmer,0.1635,"[2091.48, 671.31, 66.85, 32.7]",46.75462543962897,32-64,duplicate,0.7160527110099792,swimmer,FP
5564,5564.jpg,1,swimmer,0.14433,"[1925.33, 603.6, 53.73, 33.25]",42.26727457501843,32-64,duplicate,0.6661003232002258,swimmer,FP
5564,5564.jpg,1,swimmer,0.14158,"[1948.69, 603.5, 49.51, 31.83]",39.69764854497052,32-64,localization,0.44933250546455383,swimmer,FP
5564,5564.jpg,1,swimmer,0.10462,"[3316.13, 330.22, 56.02, 32.73]",42.819792152694994,32-64,localization,0.35803380608558655,swimmer,FP
5565,5565.jpg,1,swimmer,0.3241,"[1946.63, 604.26, 56.47, 33.59]",43.55258086497286,32-64,localization,0.47205862402915955,swimmer,FP
5565,5565.jpg,1,swimmer,0.25087,"[3334.59, 331.72, 42.53, 32.07]",36.931519058928515,32-64,localization,0.4986758828163147,swimmer,FP
5565,5565.jpg,1,swimmer,0.17231,"[2614.47, 508.71, 74.65, 41.98]",55.980416218531275,32-64,duplicate,0.7820447087287903,swimmer,FP
5565,5565.jpg,1,swimmer,0.1448,"[3343.37, 330.95, 62.14, 34.5]",46.30151185436605,32-64,duplicate,0.6017491817474365,swimmer,FP
5565,5565.jpg,1,swimmer,0.14298,"[2282.0, 574.01, 56.16, 43.22]",49.26697879919165,32-64,duplicate,0.591956377029419,swimmer,FP
5565,5565.jpg,1,swimmer,0.1374,"[1955.64, 602.89, 56.26, 34.53]",44.07559188485164,32-64,localization,0.3529488444328308,swimmer,FP
5565,5565.jpg,1,swimmer,0.126,"[1919.31, 604.74, 63.82, 36.57]",48.31042744584237,32-64,localization,0.48738163709640503,swimmer,FP
5565,5565.jpg,1,swimmer,0.1096,"[2316.35, 571.12, 57.36, 39.31]",47.484961830036255,32-64,localization,0.2885814607143402,swimmer,FP
5566,5566.jpg,1,swimmer,0.2806,"[2287.24, 571.63, 69.62, 39.18]",52.22749850414052,32-64,duplicate,0.8031842708587646,swimmer,FP
5566,5566.jpg,1,swimmer,0.2471,"[2277.03, 572.95, 66.5, 40.14]",51.66536557501553,32-64,duplicate,0.7085814476013184,swimmer,FP
5566,5566.jpg,1,swimmer,0.12704,"[3318.47, 338.58, 43.91, 27.59]",34.80627673279634,32-64,localization,0.4397435188293457,swimmer,FP
5566,5566.jpg,1,swimmer,0.11157,"[1954.92, 602.43, 54.92, 39.04]",46.3041769174229,32-64,localization,0.39862343668937683,swimmer,FP
5566,5566.jpg,1,swimmer,0.10666,"[1923.42, 605.39, 60.02, 38.38]",47.9954956219852,32-64,duplicate,0.6358215808868408,swimmer,FP
5567,5567.jpg,1,swimmer,0.43873,"[2646.66, 511.77, 48.57, 28.54]",37.23154307841672,32-64,localization,0.3740859627723694,swimmer,FP
5567,5567.jpg,1,swimmer,0.36371,"[3307.16, 344.61, 47.51, 25.02]",34.47753181421199,32-64,localization,0.47755369544029236,swimmer,FP
5567,5567.jpg,1,swimmer,0.25505,"[2282.88, 572.55, 60.28, 41.02]",49.72610581978042,32-64,duplicate,0.6708140969276428,swimmer,FP
5567,5567.jpg,1,swimmer,0.19193,"[2307.62, 569.95, 65.88, 40.34]",51.55190782114664,32-64,localization,0.4242820143699646,swimmer,FP
5567,5567.jpg,1,swimmer,0.12964,"[1923.11, 607.26, 58.93, 38.09]",47.377670900963466,32-64,duplicate,0.7308863401412964,swimmer,FP
5567,5567.jpg,1,swimmer,0.10391,"[3295.12, 344.35, 44.99, 25.33]",33.75791314640169,32-64,localization,0.2924328148365021,swimmer,FP
5568,5568.jpg,1,swimmer,0.37047,"[2644.82, 511.97, 58.85, 33.82]",44.6128568912595,32-64,localization,0.48457080125808716,swimmer,FP
5568,5568.jpg,1,swimmer,0.35516,"[2275.99, 573.19, 76.88, 41.52]",56.498297319476805,32-64,duplicate,0.6575262546539307,swimmer,FP
5568,5568.jpg,1,swimmer,0.17415,"[1931.36, 607.06, 58.13, 32.84]",43.69198095760823,32-64,duplicate,0.740588903427124,swimmer,FP
5568,5568.jpg,1,swimmer,0.13048,"[1920.63, 607.53, 59.99, 33.34]",44.722104154433524,32-64,duplicate,0.5792744159698486,swimmer,FP
5568,5568.jpg,1,swimmer,0.12102,"[2313.45, 571.09, 69.45, 40.3]",52.90401686072618,32-64,localization,0.31559452414512634,swimmer,FP
5569,5569.jpg,1,swimmer,0.41386,"[2301.85, 575.99, 67.61, 38.17]",50.80033169183052,32-64,localization,0.48676273226737976,swimmer,FP
5569,5569.jpg,1,swimmer,0.26907,"[1946.69, 607.57, 60.23, 37.81]",47.72102576433159,32-64,localization,0.4614795744419098,swimmer,FP
5569,5569.jpg,1,swimmer,0.1435,"[2478.89, 904.49, 46.56, 59.59]",52.67362148172461,32-64,duplicate,0.608989953994751,swimmer,FP
5569,5569.jpg,1,swimmer,0.14071,"[2085.95, 675.55, 83.19, 33.01]",52.40326230302842,32-64,duplicate,0.564655065536499,swimmer,FP
5569,5569.jpg,1,swimmer,0.13615,"[3314.44, 348.75, 43.96, 24.32]",32.69720477349708,32-64,duplicate,0.5100340843200684,swimmer,FP
5569,5569.jpg,1,swimmer,0.11116,"[1915.47, 608.02, 73.24, 46.43]",58.31409092149169,32-64,duplicate,0.6808431148529053,swimmer,FP
5570,5570.jpg,1,swimmer,0.46722,"[2646.67, 515.27, 57.73, 29.77]",41.45626731870586,32-64,localization,0.46113133430480957,swimmer,FP
5570,5570.jpg,1,swimmer,0.25943,"[3294.06, 355.88, 36.95, 24.28]",29.952395563627295,16-32,duplicate,0.697289764881134,swimmer,FP
5570,5570.jpg,1,swimmer,0.2082,"[1936.13, 609.9, 55.6, 41.02]",47.75680056285179,32-64,duplicate,0.6854986548423767,swimmer,FP
5570,5570.jpg,1,swimmer,0.17673,"[2272.78, 572.33, 75.36, 41.37]",55.83585944534211,32-64,duplicate,0.6148428916931152,swimmer,FP
5570,5570.jpg,1,swimmer,0.16227,"[1919.46, 610.51, 64.17, 41.2]",51.41793461429582,32-64,duplicate,0.8003499507904053,swimmer,FP
5570,5570.jpg,1,swimmer,0.15119,"[3309.41, 354.56, 48.05, 25.52]",35.01765269117848,32-64,localization,0.29395240545272827,swimmer,FP
5571,5571.jpg,1,swimmer,0.5447,"[2299.53, 572.88, 80.52, 36.18]",53.9741938337202,32-64,localization,0.4813994765281677,swimmer,FP
5571,5571.jpg,1,swimmer,0.32557,"[1951.75, 610.67, 53.6, 35.74]",43.7682990302342,32-64,localization,0.4755266308784485,swimmer,FP
5571,5571.jpg,1,swimmer,0.20708,"[3296.9, 356.62, 53.04, 34.0]",42.465986389109105,32-64,duplicate,0.5631792545318604,swimmer,FP
5571,5571.jpg,1,swimmer,0.13069,"[3306.67, 355.76, 53.75, 34.23]",42.8936184064716,32-64,localization,0.38409432768821716,swimmer,FP
5571,5571.jpg,1,swimmer,0.12393,"[1916.73, 610.85, 65.39, 37.97]",49.82828815040709,32-64,duplicate,0.5974330902099609,swimmer,FP
5571,5571.jpg,1,swimmer,0.11791,"[3265.16, 355.59, 59.05, 33.4]",44.41024656540425,32-64,localization,0.4724382162094116,swimmer,FP
5572,5572.jpg,1,swimmer,0.57305,"[2309.65, 574.43, 75.87, 35.77]",52.09481644079381,32-64,localization,0.4879074990749359,swimmer,FP
5572,5572.jpg,1,swimmer,0.20173,"[2282.04, 575.77, 68.75, 36.14]",49.84601287966772,32-64,localization,0.48684588074684143,swimmer,FP
5572,5572.jpg,1,swimmer,0.1949,"[1917.94, 614.05, 85.47, 40.09]",58.536247744453185,32-64,duplicate,0.7002059817314148,swimmer,FP
5572,5572.jpg,1,swimmer,0.11675,"[2663.06, 516.34, 56.1, 27.27]",39.113258621597865,32-64,localization,0.3521798253059387,swimmer,FP
5572,5572.jpg,1,swimmer,0.11466,"[2085.13, 677.32, 81.87, 35.71]",54.07011836495275,32-64,localization,0.4662543833255768,swimmer,FP
5573,5573.jpg,1,swimmer,0.28743,"[1918.4, 613.75, 80.04, 38.11]",55.229741987447305,32-64,duplicate,0.7086800336837769,swimmer,FP
5573,5573.jpg,1,swimmer,0.26932,"[2281.55, 577.55, 81.26, 37.88]",55.48088679896889,32-64,duplicate,0.6826410293579102,swimmer,FP
5573,5573.jpg,1,swimmer,0.17124,"[3300.64, 362.84, 45.37, 29.55]",36.615345143805484,32-64,duplicate,0.5721755027770996,swimmer,FP
5573,5573.jpg,1,swimmer,0.13085,"[2610.35, 519.37, 77.91, 33.42]",51.02697521899569,32-64,localization,0.4327370524406433,swimmer,FP
5573,5573.jpg,1,swimmer,0.11642,"[3269.32, 362.68, 45.52, 29.87]",36.873871508156014,32-64,localization,0.4058852791786194,swimmer,FP
5573,5573.jpg,1,swimmer,0.10489,"[2086.6, 679.12, 80.97, 34.95]",53.19681851389235,32-64,localization,0.40300503373146057,swimmer,FP
5574,5574.jpg,1,swimmer,0.23846,"[1944.08, 614.71, 58.16, 43.02]",50.02042782703882,32-64,duplicate,0.7787565588951111,swimmer,FP
5574,5574.jpg,1,swimmer,0.20932,"[3287.26, 365.98, 50.36, 34.73]",41.82108080860656,32-64,duplicate,0.5118216276168823,swimmer,FP
5574,5574.jpg,1,swimmer,0.20421,"[2642.54, 520.92, 64.45, 30.76]",44.5250715889374,32-64,duplicate,0.8540773391723633,swimmer,FP
5574,5574.jpg,1,swimmer,0.17274,"[3267.41, 365.53, 54.51, 32.29]",41.95387824742785,32-64,duplicate,0.5915959477424622,swimmer,FP
5574,5574.jpg,1,swimmer,0.16701,"[3299.14, 365.65, 48.04, 34.46]",40.68732480761054,32-64,localization,0.32190847396850586,swimmer,FP
5574,5574.jpg,1,swimmer,0.15929,"[2281.84, 577.03, 68.81, 41.86]",53.669233271959456,32-64,localization,0.4496387839317322,swimmer,FP
5574,5574.jpg,1,swimmer,0.13213,"[2449.92, 932.06, 72.06, 37.11]",51.71215137663487,32-64,duplicate,0.5689864158630371,swimmer,FP
5575,5575.jpg,1,swimmer,0.26649,"[2282.36, 579.42, 83.03, 39.88]",57.54334366371145,32-64,duplicate,0.6051326394081116,swimmer,FP
5575,5575.jpg,1,swimmer,0.20886,"[2640.78, 524.71, 61.85, 28.31]",41.84463525949295,32-64,duplicate,0.5460200905799866,swimmer,FP
5575,5575.jpg,1,swimmer,0.19275,"[1941.57, 621.05, 52.51, 36.23]",43.616938223584654,32-64,duplicate,0.5637837052345276,swimmer,FP
5575,5575.jpg,1,swimmer,0.17919,"[3291.22, 376.53, 42.44, 24.16]",32.02109304817685,32-64,duplicate,0.5078781843185425,swimmer,FP
5575,5575.jpg,1,swimmer,0.16347,"[1967.65, 620.05, 51.29, 34.19]",41.87606834458077,32-64,duplicate,0.5372328758239746,swimmer,FP
5575,5575.jpg,1,swimmer,0.14215,"[3270.46, 376.25, 37.44, 24.44]",30.249522310277893,16-32,localization,0.4232974052429199,swimmer,FP
5575,5575.jpg,1,swimmer,0.11922,"[3299.96, 375.47, 44.47, 25.64]",33.76700756655822,32-64,localization,0.2905235290527344,swimmer,FP
5575,5575.jpg,1,swimmer,0.1079,"[2674.48, 522.35, 56.43, 30.47]",41.46591491815899,32-64,localization,0.40570202469825745,swimmer,FP
5576,5576.jpg,1,swimmer,0.48258,"[2664.81, 527.84, 66.7, 26.08]",41.70774508409679,32-64,localization,0.4984637498855591,swimmer,FP
5576,5576.jpg,1,swimmer,0.24219,"[1971.34, 623.92, 61.77, 36.46]",47.456656013672095,32-64,localization,0.4056106507778168,swimmer,FP
5576,5576.jpg,1,swimmer,0.19853,"[3290.29, 383.65, 48.21, 26.27]",35.58759193876428,32-64,duplicate,0.5483205318450928,swimmer,FP
5576,5576.jpg,1,swimmer,0.1762,"[3266.64, 383.12, 46.01, 26.75]",35.0822961050157,32-64,duplicate,0.6090914011001587,swimmer,FP
5576,5576.jpg,1,swimmer,0.15318,"[2650.4, 526.49, 73.89, 28.66]",46.01833764924587,32-64,duplicate,0.5675533413887024,swimmer,FP
5576,5576.jpg,1,swimmer,0.14323,"[2281.22, 584.32, 70.18, 38.46]",51.953082680433894,32-64,localization,0.41286855936050415,swimmer,FP
5576,5576.jpg,1,swimmer,0.1397,"[3298.44, 381.42, 48.69, 27.68]",36.711567659254214,32-64,localization,0.3409871459007263,swimmer,FP
5576,5576.jpg,1,swimmer,0.11273,"[2484.47, 937.68, 77.97, 34.42]",51.8047044195795,32-64,localization,0.3511568009853363,swimmer,FP
5576,5576.jpg,1,swimmer,0.10082,"[3303.23, 381.89, 52.68, 30.39]",40.011813255587406,32-64,localization,0.24514462053775787,swimmer,FP
5577,5577.jpg,2,boat,0.7516,"[1462.39, 1017.99, 230.04, 177.04]",201.807536033717,>64,localization,0.4976552128791809,boat,FP
5577,5577.jpg,1,swimmer,0.54723,"[2085.81, 910.13, 88.17, 32.93]",53.883560572775814,32-64,localization,0.16240297257900238,swimmer,FP
5577,5577.jpg,1,swimmer,0.3348,"[1882.76, 577.81, 77.85, 37.42]",53.9735768686864,32-64,localization,0.38578352332115173,swimmer,FP
5577,5577.jpg,1,swimmer,0.30207,"[1741.9, 683.39, 77.02, 37.26]",53.570189471384175,32-64,localization,0.13156667351722717,swimmer,FP
5577,5577.jpg,1,swimmer,0.29841,"[1529.4, 642.32, 67.17, 38.68]",50.97190991124425,32-64,localization,0.33135274052619934,swimmer,FP
5577,5577.jpg,1,swimmer,0.26778,"[1714.28, 685.75, 80.56, 37.1]",54.66969910288514,32-64,localization,0.35674741864204407,swimmer,FP
5577,5577.jpg,1,swimmer,0.26145,"[2208.76, 495.64, 73.25, 31.4]",47.95883651632929,32-64,localization,0.4044117033481598,swimmer,FP
5577,5577.jpg,1,swimmer,0.25755,"[1919.96, 574.99, 79.88, 34.94]",52.82998391065437,32-64,background,0.0448753759264946,,FP
5577,5577.jpg,1,swimmer,0.23245,"[1727.71, 683.81, 80.76, 38.28]",55.60119423177888,32-64,localization,0.22994457185268402,swimmer,FP
5577,5577.jpg,1,swimmer,0.23085,"[1755.47, 682.81, 73.63, 35.86]",51.38454826112613,32-64,background,0.05179829150438309,,FP
5577,5577.jpg,1,swimmer,0.22804,"[2059.71, 911.27, 95.58, 33.38]",56.484160611626336,32-64,localization,0.3633590638637543,swimmer,FP
5577,5577.jpg,2,boat,0.22636,"[2234.73, 690.13, 229.83, 81.14]",136.55916739640733,>64,localization,0.4456263780593872,boat,FP
5577,5577.jpg,1,swimmer,0.21559,"[1555.12, 640.02, 69.7, 38.39]",51.72797115681225,32-64,background,0.07295895367860794,,FP
5577,5577.jpg,1,swimmer,0.20972,"[1571.58, 638.82, 67.91, 38.56]",51.1723519099914,32-64,background,0.0,,FP
5577,5577.jpg,1,swimmer,0.20004,"[2267.95, 493.44, 52.71, 27.56]",38.11413910873496,32-64,background,0.0,,FP
5577,5577.jpg,1,swimmer,0.18866,"[2782.9, 318.2, 55.45, 32.38]",42.37299847780424,32-64,background,0.039039671421051025,,FP
5577,5577.jpg,1,swimmer,0.12465,"[1591.36, 637.34, 62.26, 40.57]",50.2582152488526,32-64,background,0.0,,FP
5577,5577.jpg,2,boat,0.12013,"[2156.96, 660.78, 255.92, 109.95]",167.74505655905332,>64,duplicate,0.8460528254508972,boat,FP
5577,5577.jpg,1,swimmer,0.11029,"[2819.98, 318.27, 51.81, 33.26]",41.51145143210485,32-64,background,0.0,,FP
5577,5577.jpg,1,swimmer,0.1097,"[2792.58, 320.8, 52.06, 31.25]",40.334538549486346,32-64,background,0.0,,FP
5577,5577.jpg,1,swimmer,0.10283,"[1777.34, 682.46, 68.96, 34.8]",48.987835224675926,32-64,background,0.0,,FP
5577,5577.jpg,1,swimmer,0.101,"[2803.31, 319.65, 56.89, 31.8]",42.533539706918354,32-64,background,0.0,,FP
6039,6039.jpg,1,swimmer,0.45574,"[598.18, 670.5, 25.54, 16.33]",20.42224767257512,16-32,background,0.0,,FP
6040,6040.jpg,1,swimmer,0.45818,"[590.97, 670.53, 23.54, 15.57]",19.14465460644302,16-32,background,0.0,,FP
6041,6041.jpg,1,swimmer,0.18772,"[584.7, 671.65, 27.99, 15.33]",20.71440802919552,16-32,background,0.0,,FP
6042,6042.jpg,1,swimmer,0.37152,"[583.04, 672.94, 29.91, 15.57]",21.580053290017613,16-32,background,0.0,,FP
6042,6042.jpg,1,swimmer,0.17048,"[2125.61, 1504.42, 35.21, 37.45]",36.31273192697019,32-64,duplicate,0.6617188453674316,swimmer,FP
6042,6042.jpg,3,jetski,0.13799,"[583.48, 671.48, 29.75, 16.98]",22.47565349439255,16-32,background,0.0,,FP
6043,6043.jpg,1,swimmer,0.34319,"[579.51, 673.99, 29.81, 15.77]",21.681874918927097,16-32,background,0.0,,FP
6043,6043.jpg,3,jetski,0.10544,"[580.37, 671.54, 29.85, 18.24]",23.33375237718957,16-32,background,0.0,,FP
6044,6044.jpg,3,jetski,0.1661,"[581.9, 671.13, 32.46, 18.17]",24.285761260458774,16-32,background,0.0,,FP
6044,6044.jpg,1,swimmer,0.15885,"[2123.0, 1511.59, 35.07, 35.31]",35.189795395824625,32-64,localization,0.2501320540904999,swimmer,FP
6044,6044.jpg,1,swimmer,0.10836,"[580.61, 674.3, 29.88, 14.48]",20.800538454568912,16-32,background,0.0,,FP
6045,6045.jpg,1,swimmer,0.65559,"[2115.86, 1532.8, 56.33, 29.05]",40.452274348916404,32-64,localization,0.40117236971855164,swimmer,FP
6045,6045.jpg,1,swimmer,0.64858,"[2115.18, 1516.02, 51.8, 44.92]",48.23749578906434,32-64,localization,0.24765127897262573,swimmer,FP
6045,6045.jpg,3,jetski,0.3942,"[581.51, 670.86, 33.78, 14.83]",22.38207765154969,16-32,background,0.0,,FP
6045,6045.jpg,1,swimmer,0.25848,"[581.38, 671.23, 33.67, 14.91]",22.40579612511013,16-32,background,0.0,,FP
6045,6045.jpg,1,swimmer,0.23742,"[2114.58, 1510.65, 49.21, 41.68]",45.28877123526316,32-64,localization,0.35947585105895996,swimmer,FP
6045,6045.jpg,5,buoy,0.1546,"[1955.98, 35.95, 21.51, 22.04]",21.773387425938115,16-32,duplicate,0.6767927408218384,buoy,FP
6046,6046.jpg,1,swimmer,0.5523,"[583.6, 669.89, 22.23, 14.76]",18.11393938380053,16-32,background,0.0,,FP
6046,6046.jpg,1,swimmer,0.13385,"[2116.75, 1515.8, 31.84, 44.98]",37.843932142418815,32-64,localization,0.3262297809123993,swimmer,FP
6046,6046.jpg,5,buoy,0.12901,"[1955.98, 35.97, 21.65, 22.11]",21.87879110005852,16-32,duplicate,0.6541014313697815,buoy,FP
6047,6047.jpg,1,swimmer,0.58386,"[581.02, 670.97, 24.45, 14.25]",18.665810992292833,16-32,background,0.0,,FP
6047,6047.jpg,5,buoy,0.12795,"[1955.99, 38.84, 22.01, 21.2]",21.60120367016616,16-32,duplicate,0.564401388168335,buoy,FP
6047,6047.jpg,1,swimmer,0.10807,"[2117.14, 1522.5, 37.91, 42.12]",39.959594592538096,32-64,localization,0.23243513703346252,swimmer,FP
6048,6048.jpg,1,swimmer,0.62088,"[2121.78, 1530.12, 49.55, 33.47]",40.72393031130468,32-64,localization,0.4844696521759033,swimmer,FP
6048,6048.jpg,1,swimmer,0.50735,"[580.31, 669.22, 22.12, 15.03]",18.233584398027723,16-32,background,0.0,,FP
6048,6048.jpg,1,swimmer,0.43896,"[2117.26, 1515.0, 48.03, 46.72]",47.370471815256394,32-64,localization,0.41386640071868896,swimmer,FP
6049,6049.jpg,1,swimmer,0.56631,"[2120.5, 1507.32, 49.18, 48.38]",48.77835995602968,32-64,localization,0.4652637243270874,swimmer,FP
6049,6049.jpg,1,swimmer,0.56275,"[586.94, 670.14, 22.28, 14.78]",18.14658094518083,16-32,background,0.0,,FP
6049,6049.jpg,1,swimmer,0.49039,"[2123.3, 1514.87, 52.44, 48.58]",50.47311363488486,32-64,localization,0.282633900642395,swimmer,FP
6049,6049.jpg,1,swimmer,0.16875,"[630.42, 664.3, 37.15, 17.28]",25.33677169648888,16-32,background,0.0,,FP
6049,6049.jpg,5,buoy,0.11254,"[1970.9, 38.21, 21.15, 18.15]",19.592664443612563,16-32,duplicate,0.616476833820343,buoy,FP
6050,6050.jpg,1,swimmer,0.58805,"[587.09, 670.53, 20.26, 14.43]",17.09829816092818,16-32,background,0.0,,FP
6050,6050.jpg,5,buoy,0.13067,"[2102.2, 187.83, 21.8, 25.54]",23.596016612979405,16-32,duplicate,0.627979040145874,buoy,FP
6051,6051.jpg,1,swimmer,0.57281,"[592.24, 670.32, 20.04, 14.69]",17.157727122203568,16-32,background,0.0,,FP
6051,6051.jpg,5,buoy,0.32547,"[2099.98, 188.21, 20.97, 25.0]",22.89650628371062,16-32,duplicate,0.6375360488891602,buoy,FP
6051,6051.jpg,1,swimmer,0.23923,"[633.28, 664.57, 37.97, 17.39]",25.696270157359415,16-32,background,0.0,,FP
6051,6051.jpg,1,swimmer,0.22299,"[637.41, 662.57, 29.8, 21.47]",25.29438672907489,16-32,background,0.0,,FP
6052,6052.jpg,1,swimmer,0.63241,"[592.39, 671.85, 21.42, 14.74]",17.768815379760127,16-32,background,0.0,,FP
6052,6052.jpg,1,swimmer,0.5322,"[2139.47, 1520.83, 51.17, 37.36]",43.72311974230567,32-64,localization,0.42042118310928345,swimmer,FP
6052,6052.jpg,1,swimmer,0.33053,"[2130.58, 1513.18, 55.33, 42.73]",48.62356321784737,32-64,localization,0.3245975971221924,swimmer,FP
6052,6052.jpg,1,swimmer,0.21704,"[1922.4, 1529.12, 45.05, 56.37]",50.39313941401151,32-64,duplicate,0.5096816420555115,swimmer,FP
6052,6052.jpg,1,swimmer,0.19601,"[635.85, 664.27, 35.31, 19.79]",26.43453990520735,16-32,background,0.0,,FP
6052,6052.jpg,1,swimmer,0.10591,"[1923.02, 1532.78, 69.6, 54.52]",61.600259739712136,32-64,localization,0.30918100476264954,swimmer,FP
6053,6053.jpg,1,swimmer,0.65416,"[593.46, 671.64, 20.27, 16.7]",18.398614078239696,16-32,background,0.0,,FP
6053,6053.jpg,1,swimmer,0.40771,"[637.2, 666.21, 30.08, 17.83]",23.158721899103153,16-32,background,0.0,,FP
6053,6053.jpg,1,swimmer,0.31562,"[2140.49, 1523.77, 49.29, 36.71]",42.5374646635175,32-64,localization,0.30288174748420715,swimmer,FP
6053,6053.jpg,1,swimmer,0.21551,"[2131.93, 1510.84, 48.43, 46.52]",47.46539370952273,32-64,localization,0.39025092124938965,swimmer,FP
6053,6053.jpg,1,swimmer,0.11263,"[632.86, 666.41, 27.56, 17.84]",22.17364201027878,16-32,background,0.0,,FP
6054,6054.jpg,1,swimmer,0.66304,"[594.73, 669.89, 20.92, 16.8]",18.74715978488475,16-32,background,0.0,,FP
6054,6054.jpg,1,swimmer,0.21839,"[2137.49, 1531.79, 47.64, 30.85]",38.33658826760671,32-64,duplicate,0.5928133726119995,swimmer,FP
6054,6054.jpg,1,swimmer,0.21159,"[637.05, 663.25, 29.94, 20.78]",24.942999017760478,16-32,background,0.0,,FP
6054,6054.jpg,1,swimmer,0.15414,"[633.16, 665.03, 35.91, 15.81]",23.82723441778336,16-32,background,0.0,,FP
6055,6055.jpg,1,swimmer,0.66918,"[570.44, 671.71, 22.15, 16.68]",19.221394330276876,16-32,background,0.0,,FP
6055,6055.jpg,1,swimmer,0.5724,"[2111.39, 1511.97, 52.21, 45.89]",48.94810415123348,32-64,localization,0.3052755892276764,swimmer,FP
6055,6055.jpg,1,swimmer,0.24378,"[614.4, 664.78, 23.98, 19.25]",21.485227483087073,16-32,background,0.0,,FP
6055,6055.jpg,5,buoy,0.21571,"[1959.27, 35.94, 20.74, 19.96]",20.346262556056825,16-32,localization,0.4741113483905792,buoy,FP
6056,6056.jpg,1,swimmer,0.59723,"[556.46, 672.7, 21.22, 15.66]",18.229240247470546,16-32,background,0.0,,FP
6056,6056.jpg,1,swimmer,0.45172,"[2101.65, 1511.4, 53.44, 47.64]",50.45672997727855,32-64,localization,0.3768395483493805,swimmer,FP
6057,6057.jpg,1,swimmer,0.3135,"[565.91, 672.73, 23.18, 17.19]",19.961568074677903,16-32,background,0.0,,FP
6057,6057.jpg,1,swimmer,0.12738,"[2120.87, 1517.3, 53.31, 39.5]",45.88839722631419,32-64,localization,0.4309597313404083,swimmer,FP
6058,6058.jpg,1,swimmer,0.52047,"[2111.7, 1517.7, 57.47, 50.99]",54.13312571799268,32-64,localization,0.23923294246196747,swimmer,FP
6058,6058.jpg,1,swimmer,0.3244,"[539.19, 676.27, 20.46, 14.72]",17.354284773507665,16-32,background,0.0,,FP
6058,6058.jpg,1,swimmer,0.20187,"[576.96, 668.15, 22.64, 16.87]",19.543203422161884,16-32,background,0.0,,FP
6058,6058.jpg,3,jetski,0.14345,"[539.71, 671.69, 20.95, 19.2]",20.05592181875468,16-32,background,0.0,,FP
6059,6059.jpg,1,swimmer,0.35052,"[2144.32, 1519.12, 67.47, 36.06]",49.325127470691854,32-64,localization,0.4340377151966095,swimmer,FP
6059,6059.jpg,1,swimmer,0.24086,"[2157.18, 1523.16, 58.41, 49.34]",53.683790849752775,32-64,localization,0.25786474347114563,swimmer,FP
6063,6063.jpg,3,jetski,0.14194,"[572.48, 677.31, 25.02, 19.84]",22.27996409332834,16-32,background,0.017427008599042892,,FP
6066,6066.jpg,3,jetski,0.10305,"[556.09, 671.15, 72.85, 26.88]",44.251644037255836,32-64,localization,0.23780472576618195,jetski,FP
6071,6071.jpg,5,buoy,0.23155,"[2075.99, 179.64, 19.51, 23.53]",21.42592588431128,16-32,duplicate,0.6837989091873169,buoy,FP
6071,6071.jpg,5,buoy,0.20978,"[1931.99, 28.81, 21.66, 19.59]",20.599014539535624,16-32,duplicate,0.7021598219871521,buoy,FP
6072,6072.jpg,5,buoy,0.85717,"[1140.68, 1333.74, 59.84, 83.62]",70.73769009516779,>64,localization,0.15854904055595398,buoy,FP
6072,6072.jpg,2,boat,0.78888,"[67.43, 558.4, 119.77, 118.64]",119.20366101760466,>64,localization,0.2556891441345215,boat,FP
6072,6072.jpg,1,swimmer,0.7296,"[1670.57, 1507.17, 29.33, 48.0]",37.52119401085205,32-64,background,0.0,,FP
6072,6072.jpg,1,swimmer,0.71571,"[1633.78, 1561.36, 37.95, 38.96]",38.45168396832576,32-64,background,0.0,,FP
6072,6072.jpg,5,buoy,0.71082,"[1497.58, 22.19, 16.78, 20.91]",18.731518891963887,16-32,background,0.0,,FP
6072,6072.jpg,3,jetski,0.70708,"[34.88, 714.52, 105.35, 33.91]",59.769712229523066,32-64,localization,0.2382892221212387,jetski,FP
6072,6072.jpg,1,swimmer,0.70479,"[1869.1, 1534.93, 72.42, 39.12]",53.22659485633098,32-64,localization,0.2481127381324768,swimmer,FP
6072,6072.jpg,1,swimmer,0.6912,"[1823.86, 1469.25, 35.5, 42.43]",38.81062998715687,32-64,background,0.0,,FP
6072,6072.jpg,5,buoy,0.61179,"[1651.59, 171.4, 16.26, 25.28]",20.274437106859466,16-32,background,0.0,,FP
6074,6074.jpg,1,swimmer,0.74976,"[1653.64, 1451.91, 50.53, 49.2]",49.86056558042638,32-64,localization,0.4947555959224701,swimmer,FP
6077,6077.jpg,5,buoy,0.56076,"[1379.95, 181.63, 19.31, 26.54]",22.638184556187362,16-32,localization,0.4605123996734619,buoy,FP
6077,6077.jpg,1,swimmer,0.10926,"[0.0, 698.9, 13.3, 32.99]",20.946765860151302,16-32,background,0.0,,FP
6078,6078.jpg,1,swimmer,0.71033,"[1992.42, 1437.15, 42.39, 46.13]",44.22047828777975,32-64,localization,0.47367164492607117,swimmer,FP
6078,6078.jpg,5,buoy,0.37545,"[1431.74, 187.8, 20.33, 27.17]",23.502470082950854,16-32,duplicate,0.738640546798706,buoy,FP
6078,6078.jpg,3,jetski,0.24201,"[0.0, 783.05, 27.84, 29.12]",28.47280808069341,16-32,background,0.0,,FP
6079,6079.jpg,5,buoy,0.74707,"[1098.66, 49.21, 18.85, 22.03]",20.378064186767105,16-32,localization,0.44316229224205017,buoy,FP
6079,6079.jpg,1,swimmer,0.71313,"[1908.68, 1443.67, 44.97, 43.1]",44.02507240198476,32-64,localization,0.47672924399375916,swimmer,FP
6079,6079.jpg,5,buoy,0.64582,"[1325.32, 197.21, 17.51, 27.39]",21.899746573876147,16-32,localization,0.3436046242713928,buoy,FP
6079,6079.jpg,1,swimmer,0.26386,"[1763.77, 1565.23, 42.56, 36.96]",39.661285909561734,32-64,duplicate,0.6159300208091736,swimmer,FP
6080,6080.jpg,1,swimmer,0.7386,"[1901.63, 1443.99, 49.06, 46.64]",47.83469870292903,32-64,localization,0.4908444881439209,swimmer,FP
6080,6080.jpg,1,swimmer,0.10309,"[1770.44, 1567.05, 38.95, 35.69]",37.28438681271291,32-64,duplicate,0.5216580033302307,swimmer,FP
6081,6081.jpg,1,swimmer,0.10706,"[1650.02, 1575.9, 43.35, 32.19]",37.355541757549176,32-64,localization,0.2497447282075882,swimmer,FP
6082,6082.jpg,1,swimmer,0.72439,"[1818.59, 1435.96, 38.88, 57.17]",47.14625753970298,32-64,localization,0.4615863263607025,swimmer,FP
6082,6082.jpg,1,swimmer,0.22406,"[1700.5, 1562.76, 41.45, 39.0]",40.206342783197776,32-64,duplicate,0.5681888461112976,swimmer,FP
6083,6083.jpg,1,swimmer,0.11508,"[1854.45, 1437.01, 46.21, 57.07]",51.35372138414119,32-64,localization,0.43985968828201294,swimmer,FP
6086,6086.jpg,5,buoy,0.14952,"[1115.98, 218.37, 22.48, 27.41]",24.822908773953145,16-32,duplicate,0.6896162629127502,buoy,FP
6090,6090.jpg,2,boat,0.87721,"[2117.96, 122.19, 249.07, 109.7]",165.29663940927534,>64,localization,0.14665381610393524,boat,FP
6090,6090.jpg,5,buoy,0.83002,"[1161.07, 557.06, 65.91, 85.32]",74.98960727994246,>64,localization,0.13300035893917084,buoy,FP
6090,6090.jpg,1,swimmer,0.73815,"[1713.79, 722.13, 46.65, 33.9]",39.76726040350278,32-64,background,0.0,,FP
6090,6090.jpg,1,swimmer,0.72511,"[1718.83, 688.57, 60.18, 26.41]",39.86670039017526,32-64,background,0.05024629831314087,,FP
6090,6090.jpg,1,swimmer,0.68411,"[2042.3, 575.26, 51.5, 41.08]",45.99586937976061,32-64,background,0.0,,FP
6090,6090.jpg,1,swimmer,0.57613,"[1821.3, 518.59, 28.66, 34.69]",31.531181392393147,16-32,background,0.0,,FP
6641,6641.jpg,1,swimmer,0.79263,"[1548.04, 1316.48, 63.02, 26.88]",41.15795913307656,32-64,localization,0.48497575521469116,swimmer,FP
6641,6641.jpg,1,swimmer,0.73197,"[1602.32, 1404.59, 30.23, 32.62]",31.40227061853967,16-32,localization,0.4247507154941559,swimmer,FP
6641,6641.jpg,1,swimmer,0.68267,"[1817.63, 1104.81, 27.27, 22.08]",24.53816619065084,16-32,localization,0.3350954055786133,swimmer,FP
6641,6641.jpg,1,swimmer,0.5194,"[1511.31, 1091.27, 23.61, 26.28]",24.909251293445173,16-32,localization,0.17252320051193237,swimmer,FP
6641,6641.jpg,5,buoy,0.47582,"[0.0, 1612.1, 33.84, 116.1]",62.680331843410016,32-64,background,0.0,,FP
6641,6641.jpg,5,buoy,0.11251,"[0.06, 1623.68, 33.55, 136.26]",67.61303868337822,>64,background,0.0,,FP
6642,6642.jpg,1,swimmer,0.72405,"[1960.47, 952.25, 33.44, 26.32]",29.667167036978775,16-32,localization,0.4766519367694855,swimmer,FP
6642,6642.jpg,1,swimmer,0.67852,"[1614.7, 1323.41, 28.1, 29.79]",28.932663202684957,16-32,localization,0.38406798243522644,swimmer,FP
6642,6642.jpg,1,swimmer,0.67011,"[1508.57, 1032.7, 23.81, 26.64]",25.18528141593816,16-32,localization,0.25861576199531555,swimmer,FP
6642,6642.jpg,1,swimmer,0.61647,"[1813.66, 1052.33, 25.2, 23.73]",24.453956735056188,16-32,localization,0.27092501521110535,swimmer,FP
6647,6647.jpg,1,swimmer,0.68998,"[1967.75, 917.44, 60.78, 29.17]",42.10644368739778,32-64,localization,0.45402684807777405,swimmer,FP
6652,6652.jpg,1,swimmer,0.36453,"[1827.84, 1194.7, 38.2, 26.31]",31.70239738568678,16-32,duplicate,0.6972646117210388,swimmer,FP
6663,6663.jpg,1,swimmer,0.12298,"[1833.05, 920.59, 31.0, 22.14]",26.198091533544957,16-32,duplicate,0.6634090542793274,swimmer,FP
6664,6664.jpg,1,swimmer,0.61124,"[2183.9, 1050.41, 29.31, 24.49]",26.791825245772262,16-32,localization,0.4818788170814514,swimmer,FP
6666,6666.jpg,5,buoy,0.6669,"[5.63, 135.22, 20.77, 30.4]",25.127833173594574,16-32,localization,0.4238578975200653,buoy,FP
6667,6667.jpg,5,buoy,0.66587,"[163.83, 118.32, 20.89, 29.3]",24.74018997501838,16-32,localization,0.44303807616233826,buoy,FP
6668,6668.jpg,5,buoy,0.66926,"[315.24, 99.49, 19.39, 32.36]",25.04915966654371,16-32,localization,0.36314722895622253,buoy,FP
6668,6668.jpg,2,boat,0.23088,"[1272.12, 0.0, 93.41, 174.92]",127.8251821825418,>64,duplicate,0.5975884795188904,boat,FP
6669,6669.jpg,5,buoy,0.62495,"[446.23, 85.25, 19.6, 28.9]",23.8,16-32,localization,0.38412463665008545,buoy,FP
6670,6670.jpg,5,buoy,0.66509,"[587.08, 72.47, 18.23, 27.1]",22.226853128592,16-32,localization,0.43123576045036316,buoy,FP
6671,6671.jpg,5,buoy,0.67759,"[741.47, 59.55, 17.74, 26.9]",21.845045204805597,16-32,localization,0.34392571449279785,buoy,FP
6672,6672.jpg,5,buoy,0.61925,"[886.79, 45.11, 18.17, 27.7]",22.434549248870592,16-32,localization,0.37320587038993835,buoy,FP
6672,6672.jpg,1,swimmer,0.24291,"[2392.39, 952.18, 51.7, 30.43]",39.66397609922636,32-64,duplicate,0.7338739037513733,swimmer,FP
6672,6672.jpg,1,swimmer,0.11102,"[2121.14, 1048.2, 37.19, 30.38]",33.612976660807654,32-64,duplicate,0.7078532576560974,swimmer,FP
6673,6673.jpg,2,boat,0.58231,"[1733.69, 0.0, 94.76, 142.04]",116.01599200110302,>64,duplicate,0.6139442920684814,boat,FP
6673,6673.jpg,5,buoy,0.54871,"[1018.57, 34.97, 17.52, 27.5]",21.949943052317927,16-32,localization,0.36155518889427185,buoy,FP
6674,6674.jpg,5,buoy,0.6098,"[1152.0, 25.53, 16.03, 26.77]",20.715286626064337,16-32,localization,0.3992409408092499,buoy,FP
6675,6675.jpg,1,swimmer,0.13088,"[2113.38, 1014.68, 39.74, 28.11]",33.42291728739429,32-64,localization,0.4728839695453644,swimmer,FP
6676,6676.jpg,1,swimmer,0.55938,"[2102.0, 1006.27, 36.32, 23.97]",29.505768927448745,16-32,localization,0.35142356157302856,swimmer,FP
6676,6676.jpg,1,swimmer,0.53622,"[2084.22, 801.26, 25.61, 21.96]",23.71488140387803,16-32,localization,0.48824742436408997,swimmer,FP
6676,6676.jpg,1,swimmer,0.50863,"[2194.15, 988.26, 20.74, 22.0]",21.3607115986336,16-32,localization,0.3250657021999359,swimmer,FP
6676,6676.jpg,1,swimmer,0.48634,"[1847.86, 995.13, 37.24, 19.47]",26.926990177143825,16-32,localization,0.49168917536735535,swimmer,FP
6676,6676.jpg,1,swimmer,0.21589,"[2196.6, 988.07, 23.62, 22.24]",22.919616052630552,16-32,localization,0.2366887629032135,swimmer,FP
6677,6677.jpg,1,swimmer,0.51368,"[2046.96, 978.89, 21.3, 21.05]",21.174631047553106,16-32,localization,0.40078648924827576,swimmer,FP
6677,6677.jpg,1,swimmer,0.50401,"[2239.68, 904.58, 38.0, 27.68]",32.432082880999175,32-64,localization,0.4830182194709778,swimmer,FP
6677,6677.jpg,1,swimmer,0.45612,"[1958.84, 992.43, 31.18, 26.0]",28.472442817573626,16-32,localization,0.3586716651916504,swimmer,FP
6678,6678.jpg,1,swimmer,0.61399,"[1397.65, 1000.05, 18.18, 20.68]",19.38974986945422,16-32,localization,0.41224098205566406,swimmer,FP
6678,6678.jpg,1,swimmer,0.52801,"[1920.47, 967.97, 20.39, 21.16]",20.77143230497117,16-32,localization,0.4811360538005829,swimmer,FP
6678,6678.jpg,1,swimmer,0.46158,"[1829.4, 978.68, 32.14, 26.0]",28.90743848908097,16-32,localization,0.42173612117767334,swimmer,FP
6679,6679.jpg,1,swimmer,0.53593,"[1830.68, 955.92, 20.26, 22.14]",21.179150124591875,16-32,localization,0.4686477780342102,swimmer,FP
6680,6680.jpg,1,swimmer,0.12296,"[1472.16, 953.09, 29.99, 19.78]",24.355742649321943,16-32,localization,0.38529354333877563,swimmer,FP
6681,6681.jpg,1,swimmer,0.11778,"[1691.25, 753.4, 26.56, 21.1]",23.673107104898587,16-32,duplicate,0.6527601480484009,swimmer,FP
6683,6683.jpg,1,swimmer,0.10043,"[1689.8, 742.16, 27.03, 25.95]",26.484495464327804,16-32,duplicate,0.5331976413726807,swimmer,FP
6684,6684.jpg,1,swimmer,0.45373,"[1452.03, 951.02, 36.49, 22.46]",28.62805267565365,16-32,localization,0.4685409963130951,swimmer,FP
6684,6684.jpg,1,swimmer,0.14131,"[1690.71, 743.2, 26.65, 19.13]",22.579072168714106,16-32,duplicate,0.5579450726509094,swimmer,FP
6684,6684.jpg,1,swimmer,0.11026,"[1689.52, 957.78, 28.0, 25.15]",26.53676694701146,16-32,duplicate,0.5706344246864319,swimmer,FP
6684,6684.jpg,1,swimmer,0.10717,"[1750.87, 948.11, 29.36, 23.01]",25.9917987065151,16-32,localization,0.47811222076416016,swimmer,FP
6685,6685.jpg,1,swimmer,0.43334,"[1459.32, 950.13, 28.66, 22.39]",25.331746880150213,16-32,localization,0.49088558554649353,swimmer,FP
6685,6685.jpg,1,swimmer,0.15336,"[1765.43, 947.79, 22.8, 19.8]",21.247117451550928,16-32,localization,0.4973318874835968,swimmer,FP
6685,6685.jpg,1,swimmer,0.12322,"[1447.29, 949.89, 37.19, 22.93]",29.202169439957707,16-32,localization,0.3693859577178955,swimmer,FP
6686,6686.jpg,1,swimmer,0.32755,"[1456.2, 947.37, 33.81, 23.6]",28.24740696063977,16-32,localization,0.32083576917648315,swimmer,FP
6686,6686.jpg,1,swimmer,0.11979,"[1445.94, 947.15, 40.17, 24.28]",31.2302353497376,16-32,localization,0.2624759078025818,swimmer,FP
6687,6687.jpg,1,swimmer,0.10754,"[1813.33, 992.77, 41.86, 25.38]",32.594582371921874,32-64,background,0.0,,FP
6688,6688.jpg,1,swimmer,0.4292,"[1919.89, 845.49, 53.92, 30.86]",40.79180309817157,32-64,localization,0.39664149284362793,swimmer,FP
6689,6689.jpg,1,swimmer,0.46326,"[1660.83, 732.57, 25.81, 24.98]",25.39160885016938,16-32,localization,0.48857375979423523,swimmer,FP
6689,6689.jpg,1,swimmer,0.44832,"[1467.88, 945.17, 25.03, 21.69]",23.300229612602536,16-32,localization,0.46969911456108093,swimmer,FP
6689,6689.jpg,1,swimmer,0.15803,"[1852.45, 995.46, 31.36, 23.29]",27.025439866910585,16-32,background,0.0,,FP
6689,6689.jpg,1,swimmer,0.13822,"[1470.73, 944.51, 32.23, 23.04]",27.250306420295534,16-32,localization,0.2980373203754425,swimmer,FP
6689,6689.jpg,1,swimmer,0.12732,"[1920.67, 840.54, 42.23, 30.63]",35.96532913793505,32-64,localization,0.3549542725086212,swimmer,FP
6689,6689.jpg,1,swimmer,0.11705,"[1739.1, 939.13, 25.17, 21.16]",23.078067510084114,16-32,duplicate,0.8814656138420105,swimmer,FP
6689,6689.jpg,1,swimmer,0.10652,"[1684.34, 942.82, 33.65, 26.52]",29.873031315887577,16-32,localization,0.4484996795654297,swimmer,FP
6689,6689.jpg,1,swimmer,0.10296,"[1859.09, 998.88, 29.99, 24.9]",27.32674514097864,16-32,background,0.0,,FP
6690,6690.jpg,1,swimmer,0.45998,"[1465.91, 947.03, 25.89, 22.0]",23.865875219652015,16-32,localization,0.4424313008785248,swimmer,FP
6690,6690.jpg,1,swimmer,0.12215,"[1252.74, 971.87, 22.18, 24.72]",23.415584553882056,16-32,duplicate,0.7353003025054932,swimmer,FP
6691,6691.jpg,1,swimmer,0.42554,"[1671.68, 947.59, 37.08, 25.36]",30.665107206726017,16-32,localization,0.4466427266597748,swimmer,FP
6691,6691.jpg,1,swimmer,0.12914,"[1468.93, 946.88, 34.24, 22.58]",27.805380774231452,16-32,localization,0.37533095479011536,swimmer,FP
6691,6691.jpg,1,swimmer,0.10613,"[1270.02, 940.05, 27.46, 24.99]",26.195904260017443,16-32,localization,0.4929663836956024,swimmer,FP
6692,6692.jpg,1,swimmer,0.52742,"[1665.78, 949.95, 43.35, 25.63]",33.33257415802146,32-64,localization,0.3420155942440033,swimmer,FP
6692,6692.jpg,1,swimmer,0.17328,"[1267.74, 940.71, 31.97, 24.35]",27.901066287867923,16-32,duplicate,0.7113466262817383,swimmer,FP
6692,6692.jpg,1,swimmer,0.12939,"[1902.01, 836.2, 35.32, 28.89]",31.943619081124794,16-32,localization,0.46680769324302673,swimmer,FP
6692,6692.jpg,1,swimmer,0.12787,"[1670.16, 948.82, 49.17, 27.8]",36.97196234986723,32-64,localization,0.23884332180023193,swimmer,FP
6693,6693.jpg,1,swimmer,0.49404,"[1665.07, 949.89, 33.3, 24.13]",28.346587096156743,16-32,localization,0.4492681920528412,swimmer,FP
6693,6693.jpg,1,swimmer,0.1116,"[1257.14, 967.82, 27.41, 22.62]",24.90008433720657,16-32,duplicate,0.5058241486549377,swimmer,FP
6694,6694.jpg,1,swimmer,0.47127,"[1659.03, 949.58, 35.01, 25.56]",29.914137126114802,16-32,localization,0.46934953331947327,swimmer,FP
6694,6694.jpg,1,swimmer,0.14955,"[1264.38, 935.96, 31.25, 25.11]",28.01227409547465,16-32,duplicate,0.7729515433311462,swimmer,FP
6695,6695.jpg,1,swimmer,0.48165,"[1654.85, 949.25, 45.08, 24.35]",33.13152577229126,32-64,localization,0.3763495981693268,swimmer,FP
6695,6695.jpg,1,swimmer,0.1117,"[1658.64, 948.23, 52.08, 25.9]",36.72699279821314,32-64,localization,0.3113712668418884,swimmer,FP
6695,6695.jpg,1,swimmer,0.11007,"[1730.29, 946.37, 21.87, 22.84]",22.349738253500867,16-32,duplicate,0.6021885871887207,swimmer,FP
6696,6696.jpg,1,swimmer,0.63928,"[1653.45, 949.19, 46.25, 25.3]",34.207089908380105,32-64,localization,0.34098920226097107,swimmer,FP
6697,6697.jpg,1,swimmer,0.13683,"[1728.13, 946.03, 24.41, 20.81]",22.538236399505617,16-32,duplicate,0.5692548751831055,swimmer,FP
6697,6697.jpg,1,swimmer,0.12863,"[1619.77, 725.15, 25.75, 19.69]",22.517049096184873,16-32,duplicate,0.6209133267402649,swimmer,FP
6697,6697.jpg,1,swimmer,0.11731,"[1255.8, 951.73, 26.49, 20.51]",23.309008987942835,16-32,duplicate,0.7569912075996399,swimmer,FP
6697,6697.jpg,1,swimmer,0.10131,"[1879.17, 838.45, 32.08, 26.98]",29.419694084065522,16-32,duplicate,0.5353627800941467,swimmer,FP
6698,6698.jpg,1,swimmer,0.11984,"[1728.04, 950.48, 24.1, 20.13]",22.025734948010246,16-32,localization,0.4673588275909424,swimmer,FP
6699,6699.jpg,1,swimmer,0.12995,"[1726.85, 957.44, 25.46, 20.43]",22.806749001118067,16-32,localization,0.47962290048599243,swimmer,FP
6700,6700.jpg,1,swimmer,0.48531,"[1616.01, 722.68, 26.82, 21.43]",23.973998414949477,16-32,localization,0.46976733207702637,swimmer,FP
6700,6700.jpg,1,swimmer,0.42255,"[1452.6, 968.4, 33.15, 23.88]",28.135777934864358,16-32,localization,0.44873788952827454,swimmer,FP
6700,6700.jpg,1,swimmer,0.12847,"[1652.7, 965.88, 37.34, 41.79]",39.5023872696322,32-64,localization,0.3796843886375427,swimmer,FP
6700,6700.jpg,1,swimmer,0.10444,"[1256.67, 952.14, 27.74, 20.41]",23.794398500487464,16-32,duplicate,0.5305047631263733,swimmer,FP
7175,7175.jpg,5,buoy,0.33123,"[2771.97, 1013.0, 20.58, 18.67]",19.601749921881975,16-32,duplicate,0.5710108280181885,buoy,FP
7176,7176.jpg,5,buoy,0.20585,"[2775.69, 1015.37, 20.32, 17.1]",18.64060084868511,16-32,localization,0.4586390256881714,buoy,FP
7177,7177.jpg,5,buoy,0.14363,"[3138.08, 947.95, 18.09, 18.45]",18.269113278974434,16-32,background,0.0,,FP
7178,7178.jpg,5,buoy,0.14236,"[3131.53, 947.99, 17.27, 19.74]",18.463742849162518,16-32,background,0.0,,FP
7182,7182.jpg,3,jetski,0.27117,"[1281.35, 1176.04, 13.48, 12.46]",12.959969135765718,<16,background,0.0,,FP
7183,7183.jpg,5,buoy,0.24045,"[1278.5, 1176.83, 13.79, 13.73]",13.759967296472764,<16,background,0.0,,FP
7185,7185.jpg,2,boat,0.22908,"[1523.98, 829.33, 22.23, 39.2]",29.519756096553373,16-32,duplicate,0.6306784152984619,boat,FP
7186,7186.jpg,2,boat,0.19797,"[1571.99, 825.57, 19.69, 34.79]",26.172793125686834,16-32,duplicate,0.6015689373016357,boat,FP
7187,7187.jpg,2,boat,0.31877,"[1571.96, 828.53, 18.92, 33.78]",25.28077530456691,16-32,duplicate,0.6211215257644653,boat,FP
7188,7188.jpg,2,boat,0.18897,"[1525.62, 833.92, 22.49, 39.67]",29.869353859767372,16-32,duplicate,0.7243934869766235,boat,FP
7188,7188.jpg,2,boat,0.16871,"[1575.39, 830.36, 20.62, 32.58]",25.919097206500073,16-32,duplicate,0.5805301666259766,boat,FP
7189,7189.jpg,5,buoy,0.13989,"[3121.01, 947.96, 16.47, 18.37]",17.39407657796182,16-32,background,0.0,,FP
7189,7189.jpg,2,boat,0.10753,"[1574.68, 829.18, 21.32, 34.04]",26.93942835325204,16-32,duplicate,0.593275249004364,boat,FP
7190,7190.jpg,5,buoy,0.35739,"[3120.67, 947.95, 12.95, 18.1]",15.309964075725325,<16,background,0.0,,FP
7192,7192.jpg,5,buoy,0.1876,"[1276.43, 1187.99, 12.73, 17.66]",14.993725354294043,<16,background,0.0,,FP
7193,7193.jpg,5,buoy,0.13816,"[3117.74, 958.7, 14.58, 14.29]",14.434271716993551,<16,background,0.0,,FP
7195,7195.jpg,1,swimmer,0.34351,"[3815.67, 1595.09, 23.75, 16.97]",20.07579388218558,16-32,background,0.0,,FP
7196,7196.jpg,5,buoy,0.63271,"[3118.92, 961.76, 15.68, 16.72]",16.191652170177075,16-32,background,0.0,,FP
7198,7198.jpg,5,buoy,0.123,"[3114.66, 966.62, 17.35, 15.81]",16.562110372775567,16-32,background,0.0,,FP
7199,7199.jpg,5,buoy,0.1394,"[2751.12, 1031.73, 14.33, 24.29]",18.656786968821827,16-32,duplicate,0.7369567155838013,buoy,FP
7201,7201.jpg,2,boat,0.73116,"[1518.86, 849.58, 17.53, 46.03]",28.406089135958158,16-32,background,0.028032053261995316,,FP
7203,7203.jpg,2,boat,0.80969,"[1739.73, 910.18, 28.0, 47.71]",36.549692201166344,32-64,localization,0.2409083992242813,boat,FP
7203,7203.jpg,2,boat,0.65277,"[1408.91, 853.74, 18.46, 41.59]",27.708327268169764,16-32,background,0.07490907609462738,,FP
7203,7203.jpg,2,boat,0.6496,"[1458.6, 848.72, 17.61, 32.3]",23.849591191464896,16-32,localization,0.22724241018295288,boat,FP
7203,7203.jpg,5,buoy,0.62064,"[2614.73, 1023.51, 13.4, 20.5]",16.574076143182157,16-32,localization,0.11600802838802338,buoy,FP
7203,7203.jpg,5,buoy,0.25963,"[2961.2, 969.18, 13.38, 15.16]",14.242218928242888,<16,background,0.0,,FP
7203,7203.jpg,2,boat,0.13984,"[1451.97, 848.12, 22.38, 34.87]",27.935472074049507,16-32,localization,0.4400888681411743,boat,FP
7203,7203.jpg,2,boat,0.11321,"[1627.87, 1123.85, 16.5, 17.54]",17.012054549642144,16-32,background,0.03232373669743538,,FP
7204,7204.jpg,2,boat,0.8754,"[297.61, 1272.32, 71.82, 26.91]",43.9622133200775,32-64,background,0.0,,FP
7204,7204.jpg,2,boat,0.8128,"[434.65, 1072.33, 103.1, 29.62]",55.26139701455257,32-64,background,0.02636922523379326,,FP
7204,7204.jpg,2,boat,0.81045,"[758.28, 914.96, 32.75, 56.69]",43.088252459342094,32-64,background,0.0,,FP
7204,7204.jpg,2,boat,0.74996,"[433.59, 858.04, 17.43, 36.15]",25.10168321049407,16-32,background,0.0,,FP
7204,7204.jpg,3,jetski,0.71088,"[673.93, 1163.33, 16.31, 12.65]",14.363895711122384,<16,background,0.0,,FP
7204,7204.jpg,5,buoy,0.68867,"[1667.96, 1015.57, 15.34, 17.33]",16.304668043232283,16-32,background,0.0,,FP
7204,7204.jpg,5,buoy,0.48137,"[635.44, 1150.21, 17.41, 20.05]",18.68342848622811,16-32,background,0.0,,FP
7204,7204.jpg,2,boat,0.15945,"[634.13, 1151.0, 18.03, 19.5]",18.750599990400307,16-32,background,0.0,,FP
7204,7204.jpg,2,boat,0.13842,"[381.0, 880.99, 16.09, 31.32]",22.448581246929617,16-32,background,0.0,,FP
7205,7205.jpg,2,boat,0.85105,"[110.4, 1081.59, 109.97, 32.8]",60.05843820813192,32-64,background,0.05561688914895058,,FP
7205,7205.jpg,2,boat,0.83232,"[0.07, 1284.94, 66.68, 30.53]",45.11917995708699,32-64,background,0.0,,FP
7205,7205.jpg,2,boat,0.79723,"[443.04, 921.93, 32.47, 53.59]",41.714113918432936,32-64,background,0.0,,FP
7205,7205.jpg,5,buoy,0.74373,"[1399.34, 1016.45, 13.31, 17.82]",15.400785694243005,<16,background,0.0,,FP
7205,7205.jpg,2,boat,0.67374,"[24.74, 880.52, 24.69, 39.39]",31.185559158046214,16-32,background,0.0,,FP
7205,7205.jpg,3,jetski,0.16933,"[375.76, 1172.39, 20.41, 15.73]",17.917848643182584,16-32,background,0.0,,FP
7205,7205.jpg,5,buoy,0.16354,"[333.8, 1161.42, 15.79, 18.54]",17.109839274522713,16-32,background,0.0,,FP
7209,7209.jpg,5,buoy,0.30887,"[2201.44, 988.43, 18.56, 16.67]",17.58963331056108,16-32,duplicate,0.5035573840141296,buoy,FP
7210,7210.jpg,5,buoy,0.36186,"[2523.94, 923.99, 13.67, 19.42]",16.29329309869555,16-32,background,0.0,,FP
7211,7211.jpg,5,buoy,0.39182,"[2225.14, 971.96, 18.86, 18.13]",18.491398000151314,16-32,localization,0.460165411233902,buoy,FP
7212,7212.jpg,5,buoy,0.25038,"[2546.93, 910.68, 14.71, 15.44]",15.07058061257097,<16,background,0.0,,FP
7214,7214.jpg,5,buoy,0.33301,"[2279.41, 950.47, 13.21, 21.53]",16.864498213703246,16-32,duplicate,0.7540297508239746,buoy,FP
7214,7214.jpg,5,buoy,0.13638,"[2579.01, 897.77, 11.91, 14.68]",13.222662364289576,<16,background,0.0,,FP
7216,7216.jpg,2,boat,0.19894,"[1482.48, 1039.0, 17.54, 19.38]",18.43706050323641,16-32,class_confusion,0.7157663702964783,buoy,FP
7217,7217.jpg,5,buoy,0.13966,"[2627.94, 883.97, 14.14, 16.05]",15.064760203866507,<16,background,0.0,,FP
7219,7219.jpg,5,buoy,0.10636,"[2670.82, 875.97, 13.51, 18.73]",15.907303354120081,<16,background,0.0,,FP
7220,7220.jpg,5,buoy,0.1862,"[1619.99, 1025.4, 18.2, 18.61]",18.403858291130152,16-32,duplicate,0.5764643549919128,buoy,FP
7220,7220.jpg,5,buoy,0.16885,"[1619.98, 1019.98, 18.28, 21.06]",19.620825670699997,16-32,duplicate,0.5346553921699524,buoy,FP
7220,7220.jpg,5,buoy,0.12897,"[2420.99, 924.97, 15.04, 23.03]",18.61105048082993,16-32,duplicate,0.5817189812660217,buoy,FP
7749,7749.jpg,1,swimmer,0.114,"[3701.97, 1950.48, 32.08, 29.27]",30.642806659965075,16-32,duplicate,0.8146551251411438,swimmer,FP
7750,7750.jpg,1,swimmer,0.12996,"[3105.58, 1345.53, 26.13, 27.32]",26.718375699132608,16-32,duplicate,0.5000899434089661,swimmer,FP
7751,7751.jpg,1,swimmer,0.59452,"[3333.16, 1825.85, 30.15, 32.29]",31.201658609759832,16-32,localization,0.3842577040195465,swimmer,FP
7751,7751.jpg,1,swimmer,0.57784,"[3062.91, 1348.24, 26.19, 26.38]",26.284828323578605,16-32,localization,0.48335781693458557,swimmer,FP
7752,7752.jpg,1,swimmer,0.54563,"[3245.53, 1840.38, 31.43, 28.6]",29.981627707647895,16-32,localization,0.42796826362609863,swimmer,FP
7752,7752.jpg,1,swimmer,0.50983,"[2743.49, 1506.5, 28.03, 30.35]",29.166941903463243,16-32,localization,0.2610543370246887,swimmer,FP
7752,7752.jpg,1,swimmer,0.44396,"[2990.17, 1356.56, 25.38, 25.01]",25.194320788622186,16-32,localization,0.43525874614715576,swimmer,FP
7752,7752.jpg,1,swimmer,0.36047,"[3559.4, 1984.17, 28.48, 24.92]",26.640600593830463,16-32,localization,0.48618343472480774,swimmer,FP
7752,7752.jpg,1,swimmer,0.1196,"[2889.45, 1341.2, 33.45, 31.86]",32.64532125741758,32-64,localization,0.47479769587516785,swimmer,FP
7752,7752.jpg,1,swimmer,0.10296,"[2976.2, 1325.58, 26.09, 23.11]",24.554834554523065,16-32,localization,0.45374590158462524,swimmer,FP
7753,7753.jpg,1,swimmer,0.56132,"[2886.21, 1370.51, 27.25, 28.55]",27.892427287706607,16-32,localization,0.46440762281417847,swimmer,FP
7753,7753.jpg,1,swimmer,0.5404,"[2645.64, 1514.27, 31.24, 25.44]",28.191232679682525,16-32,localization,0.3570839464664459,swimmer,FP
7753,7753.jpg,1,swimmer,0.52518,"[3135.62, 1854.38, 31.32, 25.78]",28.415305734762033,16-32,localization,0.4192824363708496,swimmer,FP
7753,7753.jpg,1,swimmer,0.15666,"[3439.72, 1994.4, 38.0, 32.47]",35.12634339068045,32-64,duplicate,0.7207551002502441,swimmer,FP
7753,7753.jpg,1,swimmer,0.11344,"[2794.1, 1356.23, 32.88, 26.31]",29.412119950795795,16-32,duplicate,0.6514233946800232,swimmer,FP
7754,7754.jpg,1,swimmer,0.62347,"[2683.41, 1367.75, 28.71, 26.9]",27.79026808075086,16-32,localization,0.4291508197784424,swimmer,FP
7754,7754.jpg,1,swimmer,0.57272,"[2767.46, 1380.09, 26.37, 26.24]",26.304919691951163,16-32,localization,0.44881224632263184,swimmer,FP
7754,7754.jpg,1,swimmer,0.51092,"[3002.12, 1870.01, 31.95, 28.73]",30.297252350667048,16-32,localization,0.3809710144996643,swimmer,FP
7754,7754.jpg,1,swimmer,0.42248,"[3304.57, 2008.96, 38.29, 32.63]",35.34689095238788,32-64,localization,0.4508066177368164,swimmer,FP
7754,7754.jpg,1,swimmer,0.10559,"[2528.01, 1519.69, 32.23, 30.28]",31.23978873167999,16-32,duplicate,0.5767001509666443,swimmer,FP
7755,7755.jpg,1,swimmer,0.49834,"[2844.12, 1889.56, 34.49, 28.12]",31.142556092909267,16-32,localization,0.4962563216686249,swimmer,FP
7755,7755.jpg,1,swimmer,0.43507,"[2630.32, 1385.9, 23.0, 27.45]",25.12667904837406,16-32,localization,0.3760437071323395,swimmer,FP
7755,7755.jpg,1,swimmer,0.37139,"[3130.8, 2020.22, 40.3, 34.96]",37.535156853275566,32-64,localization,0.43732523918151855,swimmer,FP
7755,7755.jpg,1,swimmer,0.1141,"[2530.11, 1789.84, 42.11, 46.02]",44.0216106020668,32-64,duplicate,0.5425946712493896,swimmer,FP
7756,7756.jpg,1,swimmer,0.50092,"[2532.74, 1380.58, 30.99, 29.52]",30.24607081919898,16-32,localization,0.4419603645801544,swimmer,FP
7756,7756.jpg,1,swimmer,0.36158,"[3020.39, 2019.51, 36.1, 34.53]",35.30627422994389,32-64,localization,0.41384202241897583,swimmer,FP
7756,7756.jpg,1,swimmer,0.10901,"[3024.32, 2018.29, 40.64, 37.58]",39.08006141243895,32-64,localization,0.27963152527809143,swimmer,FP
7756,7756.jpg,1,swimmer,0.10099,"[2264.12, 1504.53, 38.5, 59.83]",47.99432258090534,32-64,duplicate,0.5489072799682617,swimmer,FP
7757,7757.jpg,1,swimmer,0.53813,"[2486.66, 1370.93, 27.63, 28.34]",27.98274825673847,16-32,localization,0.4999704957008362,swimmer,FP
7757,7757.jpg,1,swimmer,0.12961,"[2957.8, 2006.17, 43.85, 36.84]",40.192461979829005,32-64,localization,0.4832039475440979,swimmer,FP
7758,7758.jpg,1,swimmer,0.55318,"[2492.28, 1367.21, 30.54, 32.6]",31.55319318230724,16-32,localization,0.39705222845077515,swimmer,FP
7759,7759.jpg,1,swimmer,0.45514,"[2493.65, 1368.67, 33.64, 33.55]",33.59496986157303,32-64,localization,0.27733114361763,swimmer,FP
7759,7759.jpg,1,swimmer,0.33156,"[2984.4, 2008.97, 38.72, 40.35]",39.52659863939724,32-64,localization,0.4731922149658203,swimmer,FP
7759,7759.jpg,1,swimmer,0.15828,"[2694.44, 1879.06, 41.8, 33.84]",37.60999867056631,32-64,localization,0.42342427372932434,swimmer,FP
7759,7759.jpg,1,swimmer,0.13231,"[2408.48, 1351.01, 34.07, 31.94]",32.987812901130624,32-64,duplicate,0.5013888478279114,swimmer,FP
7760,7760.jpg,1,swimmer,0.49106,"[2510.42, 1370.51, 30.16, 33.52]",31.795647500876598,16-32,localization,0.3628680109977722,swimmer,FP
7760,7760.jpg,1,swimmer,0.38652,"[2409.99, 1356.35, 38.56, 27.81]",32.74681053171438,32-64,localization,0.46626409888267517,swimmer,FP
7760,7760.jpg,1,swimmer,0.22384,"[2716.04, 1892.68, 39.25, 36.19]",37.68895726867486,32-64,localization,0.4595447778701782,swimmer,FP
7760,7760.jpg,1,swimmer,0.13579,"[2094.34, 1680.13, 54.14, 47.24]",50.57245890798667,32-64,localization,0.4600852131843567,swimmer,FP
7760,7760.jpg,1,swimmer,0.12122,"[2694.99, 1879.01, 59.38, 45.59]",52.03012781072136,32-64,localization,0.22356027364730835,swimmer,FP
7760,7760.jpg,1,swimmer,0.10551,"[2989.98, 2023.19, 49.81, 46.59]",48.17310349147126,32-64,localization,0.4156224727630615,swimmer,FP
7760,7760.jpg,1,swimmer,0.10268,"[2100.83, 1673.12, 48.97, 45.8]",47.358483928436726,32-64,localization,0.34951186180114746,swimmer,FP
7761,7761.jpg,1,swimmer,0.52267,"[2515.33, 1374.49, 32.2, 30.58]",31.379547479210085,16-32,localization,0.38536545634269714,swimmer,FP
7761,7761.jpg,1,swimmer,0.43874,"[2421.94, 1359.29, 31.37, 26.85]",29.02213810180084,16-32,localization,0.4962693452835083,swimmer,FP
7761,7761.jpg,1,swimmer,0.28307,"[2109.52, 1685.02, 44.67, 39.97]",42.254702696859674,32-64,duplicate,0.5279404520988464,swimmer,FP
7761,7761.jpg,1,swimmer,0.15534,"[2234.01, 1512.91, 50.06, 50.94]",50.4980831319368,32-64,duplicate,0.5538545250892639,swimmer,FP
7762,7762.jpg,1,swimmer,0.57231,"[2522.54, 1376.03, 24.81, 25.51]",25.15756546250054,16-32,localization,0.4966413676738739,swimmer,FP
7762,7762.jpg,1,swimmer,0.24137,"[2735.11, 1915.82, 42.8, 32.48]",37.28463490501147,32-64,localization,0.41516536474227905,swimmer,FP
7763,7763.jpg,1,swimmer,0.52557,"[2523.82, 1368.97, 25.55, 29.8]",27.59329628732312,16-32,localization,0.37431544065475464,swimmer,FP
7763,7763.jpg,1,swimmer,0.10567,"[2528.11, 1368.38, 28.7, 32.21]",30.404391130229858,16-32,localization,0.30829909443855286,swimmer,FP
7764,7764.jpg,1,swimmer,0.53082,"[2522.77, 1360.68, 27.6, 30.47]",28.999517237361037,16-32,localization,0.485831618309021,swimmer,FP
7764,7764.jpg,1,swimmer,0.12216,"[2730.47, 1899.84, 47.31, 43.0]",45.103547532317236,32-64,localization,0.13919763267040253,swimmer,FP
7764,7764.jpg,1,swimmer,0.10781,"[2697.4, 668.47, 17.62, 15.65]",16.60581223547948,16-32,background,0.0,,FP
7764,7764.jpg,1,swimmer,0.10068,"[2139.24, 1711.73, 49.84, 38.03]",43.536366407866424,32-64,duplicate,0.62440025806427,swimmer,FP
7765,7765.jpg,1,swimmer,0.54048,"[2537.13, 1358.26, 26.98, 33.94]",30.26055518327448,16-32,localization,0.49033960700035095,swimmer,FP
7765,7765.jpg,1,swimmer,0.50032,"[2421.96, 1792.02, 42.35, 60.46]",50.601195638047926,32-64,localization,0.33899882435798645,swimmer,FP
7765,7765.jpg,1,swimmer,0.20337,"[2769.93, 1912.43, 33.14, 35.64]",34.36727513202058,32-64,duplicate,0.649458110332489,swimmer,FP
7765,7765.jpg,1,swimmer,0.19564,"[2751.89, 1896.26, 50.35, 50.31]",50.32999602622675,32-64,localization,0.30764541029930115,swimmer,FP
7765,7765.jpg,1,swimmer,0.16821,"[2529.45, 1357.87, 32.26, 35.0]",33.60208326874987,32-64,localization,0.4099758267402649,swimmer,FP
7765,7765.jpg,1,swimmer,0.13129,"[3021.23, 2042.56, 45.18, 37.31]",41.056860571651114,32-64,localization,0.43158015608787537,swimmer,FP
7765,7765.jpg,1,swimmer,0.12057,"[2740.86, 1894.01, 55.26, 52.67]",53.94945968218774,32-64,localization,0.21831059455871582,swimmer,FP
7766,7766.jpg,1,swimmer,0.55791,"[2404.69, 1797.56, 51.31, 51.7]",51.50463085975862,32-64,localization,0.45575740933418274,swimmer,FP
7766,7766.jpg,1,swimmer,0.21957,"[2740.38, 1909.75, 56.59, 45.45]",50.71504214727619,32-64,localization,0.3596397638320923,swimmer,FP
7766,7766.jpg,1,swimmer,0.19778,"[2763.58, 1919.52, 36.8, 34.75]",35.7603131977336,32-64,duplicate,0.6603090763092041,swimmer,FP
7767,7767.jpg,1,swimmer,0.38523,"[2974.38, 2051.57, 34.66, 36.73]",35.679991591927255,32-64,localization,0.45166701078414917,swimmer,FP
7767,7767.jpg,1,swimmer,0.13515,"[2710.34, 1920.23, 49.09, 46.11]",47.57667390644285,32-64,localization,0.37437328696250916,swimmer,FP
7767,7767.jpg,1,swimmer,0.11584,"[2980.48, 2051.3, 36.28, 38.95]",37.59130218547902,32-64,localization,0.3112896680831909,swimmer,FP
7768,7768.jpg,1,swimmer,0.40049,"[2926.36, 2053.14, 51.75, 49.51]",50.61761057181581,32-64,localization,0.43010881543159485,swimmer,FP
7768,7768.jpg,1,swimmer,0.36033,"[2458.61, 1378.61, 25.91, 28.61]",27.226551379122547,16-32,localization,0.43566277623176575,swimmer,FP
7768,7768.jpg,1,swimmer,0.24829,"[2062.8, 1700.44, 59.49, 63.55]",61.48649851796734,32-64,localization,0.3904152810573578,swimmer,FP
7768,7768.jpg,1,swimmer,0.16014,"[2357.49, 1355.35, 32.24, 27.1]",29.558484399576376,16-32,duplicate,0.7691391110420227,swimmer,FP
7768,7768.jpg,1,swimmer,0.12002,"[2417.54, 1353.49, 26.75, 30.19]",28.417996058835676,16-32,localization,0.42881420254707336,swimmer,FP
7769,7769.jpg,1,swimmer,0.53771,"[2111.43, 1569.89, 40.63, 32.76]",36.483404446405494,32-64,localization,0.3931078314781189,swimmer,FP
7769,7769.jpg,1,swimmer,0.10475,"[1983.44, 1722.38, 54.16, 48.84]",51.431258977396226,32-64,duplicate,0.5010502934455872,swimmer,FP
7770,7770.jpg,1,swimmer,0.49198,"[2809.33, 2070.55, 40.82, 46.02]",43.342085782758545,32-64,localization,0.3449493944644928,swimmer,FP
7770,7770.jpg,1,swimmer,0.48166,"[2352.53, 1369.99, 24.51, 32.26]",28.11925674693412,16-32,localization,0.42125165462493896,swimmer,FP
7771,7771.jpg,1,swimmer,0.54854,"[2348.99, 1365.29, 28.44, 32.27]",30.294534160471922,16-32,localization,0.45526620745658875,swimmer,FP
7771,7771.jpg,1,swimmer,0.51624,"[2805.04, 2063.58, 49.58, 43.89]",46.64832472876169,32-64,localization,0.2895132601261139,swimmer,FP
7771,7771.jpg,1,swimmer,0.42343,"[2067.5, 1569.96, 45.99, 42.94]",44.438841119003094,32-64,localization,0.39461401104927063,swimmer,FP
7771,7771.jpg,1,swimmer,0.20335,"[1936.72, 1720.01, 51.08, 53.59]",52.3199503057868,32-64,localization,0.414700984954834,swimmer,FP
7772,7772.jpg,1,swimmer,0.54964,"[2349.86, 1366.48, 24.97, 30.67]",27.673631854167606,16-32,localization,0.4671829342842102,swimmer,FP
7772,7772.jpg,1,swimmer,0.45462,"[2814.49, 2055.01, 44.6, 43.8]",44.19819000818925,32-64,localization,0.4458693861961365,swimmer,FP
7772,7772.jpg,1,swimmer,0.41493,"[2070.81, 1578.23, 39.87, 39.55]",39.709677661748906,32-64,localization,0.39117565751075745,swimmer,FP
7772,7772.jpg,1,swimmer,0.10404,"[2065.9, 1582.59, 45.16, 40.54]",42.787689818451284,32-64,localization,0.26760926842689514,swimmer,FP
7773,7773.jpg,1,swimmer,0.46457,"[2254.57, 1350.43, 33.09, 23.94]",28.145596458416016,16-32,localization,0.35861536860466003,swimmer,FP
7773,7773.jpg,1,swimmer,0.4094,"[2082.24, 1587.86, 39.32, 35.34]",37.27692047366574,32-64,localization,0.34306055307388306,swimmer,FP
7773,7773.jpg,1,swimmer,0.3993,"[2350.69, 1380.17, 24.85, 29.8]",27.21268086756614,16-32,background,0.08056183904409409,,FP
7773,7773.jpg,1,swimmer,0.39575,"[1956.97, 1731.49, 40.75, 37.42]",39.04951984339884,32-64,localization,0.4683520793914795,swimmer,FP
7773,7773.jpg,1,swimmer,0.3763,"[2214.63, 1432.59, 31.33, 30.01]",30.662897775650624,16-32,localization,0.3747992515563965,swimmer,FP
7773,7773.jpg,1,swimmer,0.18642,"[2320.01, 1357.24, 27.19, 24.48]",25.799441854427783,16-32,localization,0.23915056884288788,swimmer,FP
7773,7773.jpg,1,swimmer,0.10264,"[1954.27, 1733.01, 47.26, 46.62]",46.93890923317243,32-64,localization,0.36229395866394043,swimmer,FP
7774,7774.jpg,1,swimmer,0.49439,"[2146.13, 1584.74, 40.38, 33.2]",36.6144233875122,32-64,localization,0.4848517179489136,swimmer,FP
7774,7774.jpg,1,swimmer,0.4806,"[2850.01, 2104.26, 65.72, 52.15]",58.5431294004685,32-64,localization,0.27310144901275635,swimmer,FP
7774,7774.jpg,1,swimmer,0.33576,"[2384.12, 1363.05, 28.38, 28.77]",28.57433463792289,16-32,localization,0.388064444065094,swimmer,FP
7774,7774.jpg,4,life_saving_appliances,0.24405,"[2639.32, 1999.61, 39.84, 29.94]",34.53707573029309,32-64,class_confusion,0.8064992427825928,swimmer,FP
7774,7774.jpg,1,swimmer,0.12983,"[2283.18, 1445.29, 36.13, 28.74]",32.223845208168434,32-64,duplicate,0.5027574300765991,swimmer,FP
7774,7774.jpg,1,swimmer,0.10479,"[2139.02, 1585.34, 49.3, 37.76]",43.14589204084208,32-64,localization,0.34279218316078186,swimmer,FP
7775,7775.jpg,1,swimmer,0.49728,"[2181.11, 1571.15, 48.52, 34.95]",41.17977658997193,32-64,localization,0.4033556580543518,swimmer,FP
7775,7775.jpg,4,life_saving_appliances,0.3297,"[2676.88, 2010.67, 35.97, 32.89]",34.395541862282094,32-64,class_confusion,0.7517735362052917,swimmer,FP
7775,7775.jpg,1,swimmer,0.21173,"[2052.02, 1705.71, 48.06, 49.01]",48.5326755907811,32-64,localization,0.4158930480480194,swimmer,FP
7775,7775.jpg,1,swimmer,0.15035,"[2425.42, 1378.56, 28.21, 30.9]",29.52437975639793,16-32,localization,0.44905614852905273,swimmer,FP
7776,7776.jpg,1,swimmer,0.25835,"[2458.4, 1218.55, 28.3, 30.9]",29.571438923393632,16-32,duplicate,0.8156564235687256,swimmer,FP
7777,7777.jpg,1,swimmer,0.64589,"[2889.69, 1743.06, 42.19, 34.4]",38.09640402977688,32-64,localization,0.4705422520637512,swimmer,FP
7777,7777.jpg,1,swimmer,0.53456,"[2334.18, 1075.67, 25.79, 30.98]",28.266131677327195,16-32,localization,0.3508341610431671,swimmer,FP
7777,7777.jpg,1,swimmer,0.4319,"[2373.73, 1006.9, 34.1, 24.92]",29.150849044238832,16-32,localization,0.42145591974258423,swimmer,FP
7777,7777.jpg,1,swimmer,0.26511,"[2458.38, 1033.64, 30.87, 35.13]",32.93118734573657,32-64,localization,0.41763636469841003,swimmer,FP
7777,7777.jpg,1,swimmer,0.25119,"[2463.55, 1038.28, 24.91, 28.85]",26.80771344221659,16-32,localization,0.4112192392349243,swimmer,FP
7777,7777.jpg,1,swimmer,0.16455,"[2448.31, 1035.36, 37.46, 36.39]",36.92112403489363,32-64,localization,0.2511979341506958,swimmer,FP
7777,7777.jpg,1,swimmer,0.1432,"[2377.79, 1006.18, 42.28, 31.81]",36.673243652559556,32-64,localization,0.27328428626060486,swimmer,FP
7777,7777.jpg,1,swimmer,0.10769,"[2433.4, 1015.83, 37.92, 39.22]",38.56452255636001,32-64,localization,0.35898885130882263,swimmer,FP
7777,7777.jpg,1,swimmer,0.10169,"[2439.89, 1022.22, 37.16, 37.51]",37.33458985980695,32-64,localization,0.2145148068666458,swimmer,FP
7778,7778.jpg,1,swimmer,0.24289,"[2444.51, 1000.4, 27.4, 25.11]",26.23002096834846,16-32,localization,0.40115034580230713,swimmer,FP
7778,7778.jpg,1,swimmer,0.10717,"[2462.53, 1021.7, 34.78, 40.26]",37.41981827855395,32-64,localization,0.39430272579193115,swimmer,FP
7779,7779.jpg,1,swimmer,0.61151,"[2158.42, 1348.44, 50.53, 56.26]",53.318081360829176,32-64,localization,0.4062870442867279,swimmer,FP
7779,7779.jpg,1,swimmer,0.53982,"[2969.06, 1755.75, 51.17, 34.94]",42.28332768361544,32-64,localization,0.4698302745819092,swimmer,FP
7779,7779.jpg,1,swimmer,0.53526,"[2360.45, 1461.4, 47.77, 54.76]",51.14572513905732,32-64,localization,0.40368741750717163,swimmer,FP
7779,7779.jpg,4,life_saving_appliances,0.19614,"[2421.38, 1064.5, 26.67, 31.58]",29.021347315381483,16-32,class_confusion,0.7123872637748718,swimmer,FP
7779,7779.jpg,1,swimmer,0.17177,"[2537.12, 1024.91, 45.83, 34.44]",39.72889628469434,32-64,duplicate,0.5676687359809875,swimmer,FP
7780,7780.jpg,1,swimmer,0.48589,"[2305.97, 1472.49, 48.23, 55.7]",51.83059907043329,32-64,localization,0.4801945686340332,swimmer,FP
7780,7780.jpg,1,swimmer,0.14209,"[2358.36, 1066.21, 52.9, 36.28]",43.80881189897759,32-64,localization,0.36577513813972473,swimmer,FP
7780,7780.jpg,1,swimmer,0.12581,"[2402.25, 983.48, 58.1, 34.37]",44.686653488485796,32-64,localization,0.48174744844436646,swimmer,FP
7781,7781.jpg,1,swimmer,0.50133,"[2298.14, 1496.42, 48.04, 41.93]",44.88114526167976,32-64,localization,0.4170147180557251,swimmer,FP
7781,7781.jpg,1,swimmer,0.10845,"[2715.63, 1689.83, 37.28, 35.23]",36.240507722712714,32-64,duplicate,0.639573872089386,swimmer,FP
7781,7781.jpg,1,swimmer,0.10478,"[2908.83, 1772.54, 48.63, 41.86]",45.11819810231787,32-64,duplicate,0.5158053040504456,swimmer,FP
7782,7782.jpg,1,swimmer,0.57472,"[2212.28, 1503.85, 43.35, 38.83]",41.02780154968092,32-64,localization,0.4015967547893524,swimmer,FP
7782,7782.jpg,4,life_saving_appliances,0.41236,"[2312.43, 1085.26, 26.0, 29.22]",27.563018702602225,16-32,background,0.46458640694618225,,FP
7782,7782.jpg,1,swimmer,0.13337,"[2314.19, 1086.01, 26.56, 28.29]",27.411355311257413,16-32,localization,0.4026266932487488,swimmer,FP
7782,7782.jpg,1,swimmer,0.11371,"[2412.32, 1030.26, 32.37, 30.4]",31.369539365441756,16-32,localization,0.4642006456851959,swimmer,FP
7783,7783.jpg,1,swimmer,0.58076,"[2214.56, 1086.08, 28.5, 33.36]",30.834396378071034,16-32,localization,0.33192914724349976,swimmer,FP
7783,7783.jpg,1,swimmer,0.52125,"[2099.02, 1502.79, 44.4, 41.5]",42.925516886812204,32-64,localization,0.3104308843612671,swimmer,FP
7783,7783.jpg,1,swimmer,0.1955,"[2312.59, 1035.53, 31.41, 29.73]",30.558457094558946,16-32,duplicate,0.7251702547073364,swimmer,FP
7783,7783.jpg,1,swimmer,0.18256,"[2316.08, 1037.15, 31.56, 33.5]",32.515534748793534,32-64,duplicate,0.5221425294876099,swimmer,FP
7784,7784.jpg,1,swimmer,0.55488,"[2099.22, 1089.74, 27.59, 32.48]",29.935316935018406,16-32,localization,0.4748663008213043,swimmer,FP
7784,7784.jpg,1,swimmer,0.11838,"[2563.02, 1828.09, 52.24, 47.83]",49.98639014771921,32-64,duplicate,0.5170814394950867,swimmer,FP
7784,7784.jpg,1,swimmer,0.10145,"[2194.08, 1036.16, 47.71, 36.5]",41.730264796667655,32-64,localization,0.4129158556461334,swimmer,FP
7785,7785.jpg,1,swimmer,0.14264,"[2226.66, 1039.1, 36.97, 27.8]",32.05878974633946,32-64,localization,0.3751536011695862,swimmer,FP
7786,7786.jpg,4,life_saving_appliances,0.28592,"[2190.39, 1044.06, 27.19, 29.15]",28.152948335831542,16-32,class_confusion,0.6195818185806274,swimmer,FP
7786,7786.jpg,4,life_saving_appliances,0.14836,"[2332.7, 1761.32, 39.13, 28.39]",33.3301770172317,32-64,class_confusion,0.6967180371284485,swimmer,FP
7787,7787.jpg,1,swimmer,0.55826,"[2503.43, 1841.7, 54.18, 49.71]",51.89689586092795,32-64,localization,0.3553277850151062,swimmer,FP
7787,7787.jpg,4,life_saving_appliances,0.36298,"[2174.7, 1039.45, 35.96, 34.17]",35.05357613710761,32-64,class_confusion,0.7258760333061218,swimmer,FP
7788,7788.jpg,1,swimmer,0.11952,"[2170.63, 1040.51, 34.43, 29.38]",31.80492729122329,16-32,duplicate,0.5166360139846802,swimmer,FP
7789,7789.jpg,1,swimmer,0.60832,"[2510.91, 1841.59, 50.86, 52.91]",51.87487445767941,32-64,localization,0.31215131282806396,swimmer,FP
7789,7789.jpg,4,life_saving_appliances,0.24225,"[2178.67, 1029.41, 35.01, 31.63]",33.27711375705531,32-64,class_confusion,0.5780296325683594,swimmer,FP
7789,7789.jpg,4,life_saving_appliances,0.24098,"[2087.21, 1060.13, 28.52, 30.24]",29.36741050892979,16-32,class_confusion,0.6831579208374023,swimmer,FP
7789,7789.jpg,4,life_saving_appliances,0.15834,"[2179.17, 1032.17, 31.66, 35.18]",33.37362431621714,32-64,background,0.4862416684627533,,FP
7790,7790.jpg,1,swimmer,0.63214,"[1961.14, 1504.56, 40.48, 44.6]",42.49009296294843,32-64,localization,0.4708077311515808,swimmer,FP
7790,7790.jpg,1,swimmer,0.60383,"[2530.81, 1848.47, 47.34, 43.24]",45.24358076014762,32-64,localization,0.39668160676956177,swimmer,FP
7790,7790.jpg,4,life_saving_appliances,0.22378,"[2189.27, 1024.5, 30.86, 30.14]",30.497875335832823,16-32,class_confusion,0.7427253723144531,swimmer,FP
7791,7791.jpg,1,swimmer,0.11469,"[2196.53, 1018.57, 38.65, 32.93]",35.675544845173704,32-64,duplicate,0.5225704908370972,swimmer,FP
7792,7792.jpg,1,swimmer,0.23748,"[2208.04, 1033.65, 28.92, 36.6]",32.53416665599413,32-64,duplicate,0.7636829018592834,swimmer,FP
7792,7792.jpg,1,swimmer,0.10591,"[2546.95, 1865.08, 48.75, 48.37]",48.55962829347028,32-64,duplicate,0.6844139099121094,swimmer,FP
7795,7795.jpg,1,swimmer,0.22601,"[2231.23, 1031.39, 30.89, 40.07]",35.18184617100132,32-64,duplicate,0.6299713253974915,swimmer,FP
7796,7796.jpg,1,swimmer,0.16859,"[2266.37, 1048.08, 43.03, 32.95]",37.65419631329289,32-64,localization,0.49810323119163513,swimmer,FP
7797,7797.jpg,1,swimmer,0.60102,"[2140.78, 1050.43, 43.62, 37.66]",40.53059585054234,32-64,localization,0.46020981669425964,swimmer,FP
7797,7797.jpg,1,swimmer,0.5888,"[2027.73, 1219.47, 55.11, 64.04]",59.40744397800667,32-64,localization,0.44797128438949585,swimmer,FP
7797,7797.jpg,1,swimmer,0.42201,"[2247.18, 1027.23, 36.85, 41.45]",39.08238094077688,32-64,localization,0.4478967487812042,swimmer,FP
7797,7797.jpg,1,swimmer,0.16376,"[2250.37, 1039.4, 46.06, 42.28]",44.12954565820954,32-64,localization,0.4565753936767578,swimmer,FP
7798,7798.jpg,1,swimmer,0.55762,"[2026.55, 1494.31, 47.95, 42.02]",44.88718079808533,32-64,localization,0.4938116669654846,swimmer,FP
7798,7798.jpg,1,swimmer,0.53322,"[2253.42, 1043.88, 65.98, 39.58]",51.10272399784575,32-64,localization,0.3605845868587494,swimmer,FP
7799,7799.jpg,1,swimmer,0.14956,"[2256.73, 1045.06, 32.26, 41.98]",36.80047282304943,32-64,duplicate,0.5685700178146362,swimmer,FP
7800,7800.jpg,1,swimmer,0.17617,"[2257.49, 1047.95, 49.68, 38.26]",43.597669662494575,32-64,localization,0.3898206353187561,swimmer,FP
7800,7800.jpg,1,swimmer,0.10492,"[2225.46, 987.24, 47.01, 28.12]",36.35823428055878,32-64,localization,0.4210462272167206,swimmer,FP
7801,7801.jpg,1,swimmer,0.3233,"[2258.06, 1052.92, 40.45, 27.89]",33.58795170890896,32-64,localization,0.4549713432788849,swimmer,FP
7801,7801.jpg,1,swimmer,0.18801,"[2264.17, 1051.84, 49.78, 29.32]",38.20405214110147,32-64,localization,0.4496605396270752,swimmer,FP
7802,7802.jpg,1,swimmer,0.43346,"[2259.08, 1045.37, 48.75, 31.43]",39.14348604812811,32-64,localization,0.4084493815898895,swimmer,FP
7802,7802.jpg,1,swimmer,0.1425,"[2275.18, 1044.23, 47.55, 36.27]",41.52876713797317,32-64,localization,0.3467392921447754,swimmer,FP
7803,7803.jpg,1,swimmer,0.16637,"[2463.62, 1773.44, 50.39, 34.86]",41.91175730030894,32-64,localization,0.4372093677520752,swimmer,FP
7804,7804.jpg,1,swimmer,0.47704,"[2272.05, 1049.58, 34.57, 31.94]",33.228990354809156,32-64,localization,0.4374343156814575,swimmer,FP
7804,7804.jpg,1,swimmer,0.32827,"[2289.4, 1045.46, 42.04, 34.07]",37.845776514691835,32-64,localization,0.4016653895378113,swimmer,FP
7805,7805.jpg,1,swimmer,0.32956,"[2287.1, 1049.23, 38.97, 33.29]",36.01820789545199,32-64,localization,0.3730792701244354,swimmer,FP
7806,7806.jpg,1,swimmer,0.10383,"[2254.55, 1048.33, 38.23, 33.83]",35.96277102782821,32-64,localization,0.2706412374973297,swimmer,FP
8115,8115.jpg,2,boat,0.31466,"[2067.28, 237.95, 181.61, 79.41]",120.09017486872105,>64,class_confusion,0.8561947345733643,swimmer,FP
8115,8115.jpg,1,swimmer,0.13104,"[2069.08, 203.6, 186.13, 79.19]",121.40689725052691,>64,localization,0.4521154463291168,swimmer,FP
8115,8115.jpg,3,jetski,0.10234,"[1943.82, 554.75, 136.42, 56.25]",87.59922944866581,>64,localization,0.2528856694698334,jetski,FP
8116,8116.jpg,3,jetski,0.7826,"[1940.08, 401.65, 136.0, 53.47]",85.27555335499149,>64,background,0.0,,FP
8116,8116.jpg,2,boat,0.78212,"[2080.5, 39.63, 187.58, 86.57]",127.43155260766464,>64,background,0.28597167134284973,,FP
8116,8116.jpg,1,swimmer,0.57755,"[3127.35, 1230.5, 94.23, 60.3]",75.37949986567966,>64,background,0.0,,FP
8116,8116.jpg,1,swimmer,0.5218,"[2450.38, 669.83, 28.12, 24.02]",25.98927471092643,16-32,background,0.0,,FP
8116,8116.jpg,1,swimmer,0.50658,"[1986.75, 608.28, 46.76, 26.22]",35.01495680420012,32-64,background,0.0,,FP
8116,8116.jpg,1,swimmer,0.50185,"[2205.41, 572.24, 29.41, 21.41]",25.09318831874499,16-32,background,0.0,,FP
8116,8116.jpg,1,swimmer,0.48204,"[2379.83, 557.16, 18.06, 22.59]",20.198400926806062,16-32,background,0.0,,FP
8116,8116.jpg,5,buoy,0.4732,"[2475.43, 200.44, 49.77, 67.75]",58.06821419675312,32-64,background,0.0,,FP
8116,8116.jpg,1,swimmer,0.45003,"[2984.56, 1050.18, 40.68, 56.25]",47.83565615730592,32-64,background,0.0,,FP
8116,8116.jpg,1,swimmer,0.44142,"[2288.73, 566.22, 25.32, 23.8]",24.548238225990882,16-32,background,0.0,,FP
8116,8116.jpg,1,swimmer,0.40729,"[2674.21, 1086.86, 30.08, 29.1]",29.585942607934598,16-32,background,0.0,,FP
8116,8116.jpg,1,swimmer,0.38747,"[2556.45, 1048.41, 45.94, 30.86]",37.65246871056399,32-64,background,0.0,,FP
8117,8117.jpg,1,swimmer,0.662,"[2469.1, 84.12, 31.65, 30.61]",31.12565661957993,16-32,localization,0.3669426739215851,swimmer,FP
8618,8618.jpg,1,swimmer,0.61869,"[2041.43, 1044.95, 28.19, 30.21]",29.18252730659221,16-32,localization,0.3154152035713196,swimmer,FP
8619,8619.jpg,4,life_saving_appliances,0.43964,"[2259.34, 1418.07, 25.6, 24.96]",25.27797460240832,16-32,duplicate,0.6754897236824036,life_saving_appliances,FP
8620,8620.jpg,1,swimmer,0.55461,"[2013.28, 1066.32, 37.87, 29.07]",33.17952531306016,32-64,localization,0.36237090826034546,swimmer,FP
8620,8620.jpg,1,swimmer,0.1335,"[3826.73, 2108.57, 13.27, 29.15]",19.667752794867035,16-32,background,0.0,,FP
8621,8621.jpg,1,swimmer,0.60206,"[2005.8, 1094.02, 35.74, 25.8]",30.36596779290922,16-32,localization,0.47045621275901794,swimmer,FP
8621,8621.jpg,4,life_saving_appliances,0.25357,"[2249.71, 1449.43, 28.25, 21.31]",24.535841130884425,16-32,duplicate,0.6546948552131653,life_saving_appliances,FP
8621,8621.jpg,4,life_saving_appliances,0.1374,"[2243.34, 1450.62, 29.89, 20.84]",24.958116916145737,16-32,duplicate,0.633454442024231,life_saving_appliances,FP
8622,8622.jpg,1,swimmer,0.6225,"[1992.83, 1118.87, 38.4, 29.85]",33.85616635119812,32-64,localization,0.3871123194694519,swimmer,FP
8622,8622.jpg,4,life_saving_appliances,0.39099,"[2212.79, 1067.99, 12.72, 20.68]",16.218803901644534,16-32,localization,0.4879172444343567,life_saving_appliances,FP
8623,8623.jpg,1,swimmer,0.64179,"[1984.71, 1168.55, 32.07, 31.76]",31.91462360736846,16-32,localization,0.4050605893135071,swimmer,FP
8623,8623.jpg,4,life_saving_appliances,0.41779,"[2212.27, 1116.0, 13.81, 20.26]",16.726942338634398,16-32,duplicate,0.5361713767051697,life_saving_appliances,FP
8623,8623.jpg,1,swimmer,0.37623,"[2262.46, 1497.1, 31.2, 29.39]",30.28147948829449,16-32,duplicate,0.5909912586212158,swimmer,FP
8624,8624.jpg,4,life_saving_appliances,0.19408,"[2210.17, 1167.5, 14.9, 20.51]",17.481390104908705,16-32,duplicate,0.7069435715675354,life_saving_appliances,FP
8625,8625.jpg,4,life_saving_appliances,0.15192,"[2248.07, 1570.63, 27.55, 25.42]",26.463578745135738,16-32,duplicate,0.6329178214073181,life_saving_appliances,FP
8626,8626.jpg,1,swimmer,0.69273,"[2107.76, 950.91, 30.72, 26.72]",28.65027748556722,16-32,localization,0.41532135009765625,swimmer,FP
8626,8626.jpg,1,swimmer,0.66565,"[2376.44, 1084.04, 34.39, 34.58]",34.484869145757244,32-64,localization,0.40358006954193115,swimmer,FP
8626,8626.jpg,4,life_saving_appliances,0.20362,"[2261.99, 1199.79, 18.09, 16.49]",17.27148227570523,16-32,duplicate,0.7601774334907532,life_saving_appliances,FP
8626,8626.jpg,4,life_saving_appliances,0.19483,"[2292.72, 1586.43, 27.04, 23.66]",25.293603934591843,16-32,duplicate,0.7335787415504456,life_saving_appliances,FP
8627,8627.jpg,4,life_saving_appliances,0.19553,"[2315.96, 1228.25, 19.46, 15.79]",17.529215612799106,16-32,duplicate,0.5745295882225037,life_saving_appliances,FP
8628,8628.jpg,1,swimmer,0.64148,"[2235.26, 985.15, 33.67, 28.37]",30.906599618851637,16-32,localization,0.417214572429657,swimmer,FP
8629,8629.jpg,1,swimmer,0.66128,"[2510.13, 1195.29, 37.13, 33.72]",35.38394551205391,32-64,localization,0.3993534743785858,swimmer,FP
8630,8630.jpg,1,swimmer,0.13421,"[2000.24, 1723.47, 45.44, 43.4]",44.40828751483218,32-64,duplicate,0.6246753334999084,swimmer,FP
8631,8631.jpg,4,life_saving_appliances,0.22721,"[2262.99, 1667.01, 31.0, 24.81]",27.73283252752953,16-32,duplicate,0.5698937773704529,life_saving_appliances,FP
8632,8632.jpg,5,buoy,0.1275,"[622.26, 1077.86, 16.8, 24.49]",20.283786628733797,16-32,background,0.0,,FP
8633,8633.jpg,1,swimmer,0.11047,"[2235.97, 1665.09, 46.92, 29.51]",37.21033727339756,32-64,duplicate,0.5416691303253174,swimmer,FP
8635,8635.jpg,1,swimmer,0.64802,"[2159.5, 1638.18, 61.62, 36.25]",47.26229998635276,32-64,localization,0.3290467858314514,swimmer,FP
8636,8636.jpg,1,swimmer,0.75262,"[2143.36, 1616.99, 62.68, 48.31]",55.02790928247229,32-64,localization,0.2427287995815277,swimmer,FP
8636,8636.jpg,1,swimmer,0.62107,"[2106.78, 1134.39, 45.75, 36.62]",40.93122280118198,32-64,localization,0.41392412781715393,swimmer,FP
8636,8636.jpg,1,swimmer,0.53097,"[1741.66, 1338.47, 29.68, 30.41]",30.042782827161666,16-32,localization,0.2578149139881134,swimmer,FP
8636,8636.jpg,1,swimmer,0.38887,"[1923.24, 1242.61, 30.33, 40.69]",35.1301537144374,32-64,duplicate,0.6221253871917725,swimmer,FP
8636,8636.jpg,1,swimmer,0.22853,"[1921.35, 1255.14, 30.05, 30.83]",30.43750154004103,16-32,localization,0.40853720903396606,swimmer,FP
8636,8636.jpg,1,swimmer,0.12982,"[1930.59, 1234.77, 25.99, 35.58]",30.40927818939476,16-32,localization,0.4717969596385956,swimmer,FP
8637,8637.jpg,1,swimmer,0.67801,"[2137.1, 1605.39, 56.92, 45.99]",51.16395997183955,32-64,localization,0.2504029870033264,swimmer,FP
8637,8637.jpg,1,swimmer,0.56713,"[1772.47, 1284.87, 30.41, 31.44]",30.920711505397154,16-32,localization,0.28911152482032776,swimmer,FP
8637,8637.jpg,1,swimmer,0.14285,"[2352.79, 1261.61, 40.15, 33.59]",36.72381379976758,32-64,duplicate,0.6169183850288391,swimmer,FP
8637,8637.jpg,1,swimmer,0.10748,"[1833.59, 1468.56, 34.75, 34.77]",34.75999856156499,32-64,localization,0.41335299611091614,swimmer,FP
8638,8638.jpg,1,swimmer,0.74806,"[2136.55, 1586.46, 55.37, 49.05]",52.11428307095858,32-64,localization,0.25812795758247375,swimmer,FP
8638,8638.jpg,4,life_saving_appliances,0.30228,"[2002.51, 1188.92, 26.23, 24.01]",25.095463733511682,16-32,background,0.2727500796318054,,FP
8638,8638.jpg,1,swimmer,0.12731,"[2003.39, 1186.18, 28.52, 27.16]",27.83169416330957,16-32,localization,0.3462327718734741,swimmer,FP
8638,8638.jpg,2,boat,0.12252,"[0.12, 219.13, 15.58, 76.2]",34.45571070229143,32-64,background,0.0,,FP
8638,8638.jpg,2,boat,0.11406,"[0.0, 243.06, 15.9, 51.31]",28.562720458667798,16-32,background,0.0,,FP
8638,8638.jpg,1,swimmer,0.10787,"[2001.45, 1176.52, 32.67, 35.26]",33.94030347536686,32-64,duplicate,0.5003337860107422,swimmer,FP
8639,8639.jpg,1,swimmer,0.66741,"[2143.85, 1567.5, 56.53, 48.61]",52.420638111339315,32-64,localization,0.2940431833267212,swimmer,FP
8639,8639.jpg,1,swimmer,0.55339,"[1882.72, 1373.76, 32.69, 35.01]",33.83011823804345,32-64,localization,0.49680280685424805,swimmer,FP
8639,8639.jpg,1,swimmer,0.52867,"[1866.64, 1182.46, 24.13, 27.93]",25.96056432360437,16-32,localization,0.35267025232315063,swimmer,FP
8640,8640.jpg,1,swimmer,0.56177,"[2156.81, 1556.95, 62.65, 48.94]",55.3722945163012,32-64,localization,0.34716957807540894,swimmer,FP
8640,8640.jpg,1,swimmer,0.55142,"[1931.93, 1140.98, 22.93, 27.73]",25.216044495519117,16-32,localization,0.4224919080734253,swimmer,FP
8640,8640.jpg,1,swimmer,0.52862,"[2645.14, 1536.93, 37.81, 25.82]",31.245066810618283,16-32,localization,0.46131768822669983,swimmer,FP
8640,8640.jpg,4,life_saving_appliances,0.28286,"[2130.41, 1139.49, 26.75, 24.87]",25.79287692367798,16-32,background,0.33701738715171814,,FP
8640,8640.jpg,1,swimmer,0.16903,"[2144.7, 1123.12, 27.55, 24.96]",26.22304330164598,16-32,localization,0.3441038727760315,swimmer,FP
8640,8640.jpg,1,swimmer,0.14793,"[2155.67, 1546.26, 53.51, 51.23]",52.35759066267278,32-64,localization,0.22215598821640015,swimmer,FP
8640,8640.jpg,4,life_saving_appliances,0.1065,"[2483.23, 1440.15, 24.8, 20.72]",22.668392091191645,16-32,duplicate,0.8062751889228821,life_saving_appliances,FP
8641,8641.jpg,1,swimmer,0.69772,"[2177.32, 1535.62, 58.6, 57.35]",57.971630993098685,32-64,localization,0.3047695755958557,swimmer,FP
8642,8642.jpg,1,swimmer,0.74366,"[2415.29, 1219.56, 43.47, 37.09]",40.15348428218901,32-64,localization,0.4091731011867523,swimmer,FP
8642,8642.jpg,1,swimmer,0.62618,"[2201.05, 1531.78, 43.62, 53.72]",48.40729697060144,32-64,localization,0.29926976561546326,swimmer,FP
8642,8642.jpg,1,swimmer,0.10024,"[2197.7, 1521.54, 40.91, 52.24]",46.229194239138536,32-64,localization,0.2676476240158081,swimmer,FP
8643,8643.jpg,1,swimmer,0.6731,"[2231.15, 1520.68, 42.47, 66.75]",53.24352073257365,32-64,localization,0.3216804265975952,swimmer,FP
8643,8643.jpg,3,jetski,0.63762,"[0.0, 426.0, 17.43, 111.08]",44.00141361365564,32-64,localization,0.36365100741386414,jetski,FP
8643,8643.jpg,4,life_saving_appliances,0.49674,"[2363.05, 1136.19, 21.05, 20.8]",20.924626639440906,16-32,background,0.19117048382759094,,FP
8643,8643.jpg,4,life_saving_appliances,0.39064,"[2365.25, 1138.94, 24.89, 21.49]",23.127604718171746,16-32,background,0.2696121037006378,,FP
8643,8643.jpg,1,swimmer,0.38246,"[2385.35, 1129.0, 27.2, 19.12]",22.804911751638066,16-32,localization,0.27256953716278076,swimmer,FP
8643,8643.jpg,4,life_saving_appliances,0.13514,"[2363.72, 1141.0, 25.35, 23.54]",24.428241852413368,16-32,background,0.2768409848213196,,FP
8643,8643.jpg,1,swimmer,0.12417,"[2377.16, 1131.2, 30.45, 23.46]",26.727457791567083,16-32,localization,0.3743993043899536,swimmer,FP
8644,8644.jpg,3,jetski,0.85298,"[214.3, 182.17, 43.14, 93.41]",63.479976370505995,32-64,localization,0.35733041167259216,jetski,FP
8644,8644.jpg,1,swimmer,0.6691,"[2263.28, 1524.66, 42.29, 66.62]",53.07880744704048,32-64,localization,0.39058947563171387,swimmer,FP
8644,8644.jpg,1,swimmer,0.63576,"[2170.77, 1231.84, 27.82, 35.04]",31.221992249054193,16-32,localization,0.493706613779068,swimmer,FP
8645,8645.jpg,2,boat,0.88253,"[469.6, 0.0, 41.25, 56.93]",48.45990610803946,32-64,background,0.25751712918281555,,FP
8645,8645.jpg,1,swimmer,0.62837,"[2297.99, 1530.25, 32.88, 66.01]",46.58764643121608,32-64,localization,0.30992740392684937,swimmer,FP
8645,8645.jpg,4,life_saving_appliances,0.26919,"[2531.2, 1178.52, 38.25, 26.99]",32.13047618694749,32-64,background,0.37860915064811707,,FP
8646,8646.jpg,1,swimmer,0.65185,"[2465.72, 1085.8, 22.01, 25.85]",23.85285098263937,16-32,localization,0.4767102003097534,swimmer,FP
8646,8646.jpg,1,swimmer,0.63701,"[2335.21, 1541.22, 30.53, 67.44]",45.375579335144586,32-64,localization,0.457694411277771,swimmer,FP
8646,8646.jpg,4,life_saving_appliances,0.43209,"[2617.86, 1216.71, 30.91, 26.0]",28.348897685800765,16-32,background,0.3036711513996124,,FP
8647,8647.jpg,1,swimmer,0.6616,"[2900.01, 1322.63, 31.81, 33.01]",32.40444568265286,32-64,localization,0.42278432846069336,swimmer,FP
8647,8647.jpg,1,swimmer,0.63626,"[2563.95, 1117.95, 20.18, 22.73]",21.417081967438982,16-32,localization,0.3193492591381073,swimmer,FP
8647,8647.jpg,1,swimmer,0.60036,"[2721.43, 1269.6, 31.56, 19.34]",24.7056754613186,16-32,localization,0.2534761130809784,swimmer,FP
8647,8647.jpg,4,life_saving_appliances,0.52814,"[2699.55, 1266.0, 23.35, 19.95]",21.583153152401064,16-32,background,0.16028861701488495,,FP
8647,8647.jpg,4,life_saving_appliances,0.18054,"[2699.54, 1259.49, 22.48, 22.72]",22.59968141368369,16-32,background,0.15167343616485596,,FP
8647,8647.jpg,4,life_saving_appliances,0.12107,"[2705.15, 1268.31, 34.42, 19.48]",25.894045647600144,16-32,background,0.27844637632369995,,FP
8648,8648.jpg,1,swimmer,0.71294,"[2658.13, 1159.59, 24.28, 26.4]",25.317819811350265,16-32,localization,0.42722728848457336,swimmer,FP
8648,8648.jpg,1,swimmer,0.70452,"[2394.5, 1578.2, 35.17, 71.74]",50.230427033820845,32-64,localization,0.448015958070755,swimmer,FP
8648,8648.jpg,4,life_saving_appliances,0.1465,"[2670.47, 1786.71, 20.78, 25.34]",22.947008519630614,16-32,duplicate,0.7613264322280884,life_saving_appliances,FP
8649,8649.jpg,1,swimmer,0.73058,"[2419.15, 1598.61, 38.22, 61.49]",48.47832299079662,32-64,localization,0.37189146876335144,swimmer,FP
8649,8649.jpg,1,swimmer,0.70397,"[3034.83, 1487.24, 38.04, 33.7]",35.80430141756714,32-64,localization,0.37182146310806274,swimmer,FP
8649,8649.jpg,4,life_saving_appliances,0.31161,"[2676.22, 1835.77, 23.97, 22.49]",23.218210525361336,16-32,duplicate,0.565708339214325,life_saving_appliances,FP
8650,8650.jpg,1,swimmer,0.69034,"[2430.64, 1612.35, 43.04, 62.86]",52.0143672459831,32-64,localization,0.29135313630104065,swimmer,FP
8650,8650.jpg,4,life_saving_appliances,0.1041,"[2663.94, 1871.74, 21.45, 21.2]",21.324633642808497,16-32,duplicate,0.6758063435554504,life_saving_appliances,FP
8651,8651.jpg,1,swimmer,0.76992,"[2412.55, 1609.82, 43.64, 66.14]",53.72475779377697,32-64,localization,0.3341410756111145,swimmer,FP
8651,8651.jpg,1,swimmer,0.54201,"[2907.96, 2097.88, 45.48, 33.94]",39.28856322137525,32-64,localization,0.4958750307559967,swimmer,FP
8652,8652.jpg,1,swimmer,0.73514,"[2359.88, 1590.07, 45.14, 60.41]",52.219798927226826,32-64,localization,0.3056574761867523,swimmer,FP
8652,8652.jpg,1,swimmer,0.57922,"[3032.26, 1573.55, 41.87, 37.1]",39.412903978265796,32-64,localization,0.4759136140346527,swimmer,FP
8653,8653.jpg,1,swimmer,0.7559,"[2725.81, 1243.99, 25.42, 31.84]",28.44947802684612,16-32,background,0.0,,FP
8653,8653.jpg,1,swimmer,0.72591,"[2312.63, 1567.36, 46.47, 52.0]",49.15729854253588,32-64,localization,0.30517831444740295,swimmer,FP
8653,8653.jpg,1,swimmer,0.69249,"[2795.77, 2059.21, 49.44, 32.4]",40.02319327589941,32-64,localization,0.4931289553642273,swimmer,FP
8654,8654.jpg,1,swimmer,0.7926,"[2273.44, 1544.15, 46.23, 59.76]",52.5614383364839,32-64,localization,0.33872413635253906,swimmer,FP
8654,8654.jpg,1,swimmer,0.76059,"[2680.35, 1222.92, 39.46, 29.41]",34.06638519127029,32-64,background,0.0,,FP
8655,8655.jpg,1,swimmer,0.76525,"[2259.08, 1530.29, 44.65, 63.14]",53.09614863622408,32-64,localization,0.38163840770721436,swimmer,FP
8655,8655.jpg,1,swimmer,0.70581,"[2735.5, 2022.18, 34.23, 42.27]",38.03816635959205,32-64,localization,0.4444853663444519,swimmer,FP
8655,8655.jpg,1,swimmer,0.20351,"[2461.33, 1773.16, 19.76, 14.43]",16.8859941963747,16-32,background,0.0,,FP
8655,8655.jpg,1,swimmer,0.18238,"[2455.94, 1776.06, 22.61, 13.06]",17.183905260446476,16-32,background,0.0009355003712698817,,FP
8656,8656.jpg,1,swimmer,0.76624,"[2596.32, 1764.98, 38.21, 49.4]",43.44621962840956,32-64,localization,0.4609090983867645,swimmer,FP
8656,8656.jpg,1,swimmer,0.74737,"[2254.93, 1522.88, 46.21, 56.6]",51.14182241570983,32-64,localization,0.3812897205352783,swimmer,FP
8657,8657.jpg,1,swimmer,0.75292,"[2252.56, 1516.35, 46.84, 53.43]",50.02660492178137,32-64,localization,0.35238468647003174,swimmer,FP
8658,8658.jpg,1,swimmer,0.77766,"[2249.63, 1516.45, 46.0, 60.59]",52.79337079596264,32-64,localization,0.3841830790042877,swimmer,FP
8659,8659.jpg,1,swimmer,0.79325,"[2247.72, 1520.28, 45.39, 65.18]",54.39228070232026,32-64,localization,0.4006385803222656,swimmer,FP
8660,8660.jpg,1,swimmer,0.8226,"[2245.33, 1510.11, 47.76, 61.54]",54.21393178879392,32-64,localization,0.31759974360466003,swimmer,FP
8661,8661.jpg,1,swimmer,0.65562,"[2225.97, 1482.68, 48.17, 52.21]",50.1493339935836,32-64,localization,0.3435448408126831,swimmer,FP
8662,8662.jpg,1,swimmer,0.70288,"[2200.88, 1426.92, 47.31, 55.71]",51.33848556395095,32-64,localization,0.27545490860939026,swimmer,FP
8662,8662.jpg,4,life_saving_appliances,0.42548,"[2411.06, 1643.11, 21.59, 20.14]",20.852400341447506,16-32,localization,0.4117963910102844,life_saving_appliances,FP
8662,8662.jpg,4,life_saving_appliances,0.21187,"[2409.27, 1616.92, 14.9, 20.39]",17.430174984778553,16-32,background,0.006485669873654842,,FP
8663,8663.jpg,1,swimmer,0.70348,"[2183.96, 1386.15, 46.31, 50.99]",48.59369197745732,32-64,localization,0.26256197690963745,swimmer,FP
8664,8664.jpg,1,swimmer,0.68165,"[2179.32, 1386.1, 49.15, 52.74]",50.91336759633957,32-64,localization,0.25924214720726013,swimmer,FP
8665,8665.jpg,1,swimmer,0.64953,"[2182.01, 1391.66, 36.0, 52.69]",43.55272666550282,32-64,localization,0.45891064405441284,swimmer,FP
8665,8665.jpg,4,life_saving_appliances,0.25993,"[2187.81, 1385.42, 35.98, 44.68]",40.09471785659552,32-64,localization,0.3110252618789673,life_saving_appliances,FP
8666,8666.jpg,1,swimmer,0.64784,"[2177.75, 1396.64, 36.67, 58.21]",46.2013062585897,32-64,localization,0.44844910502433777,swimmer,FP
8666,8666.jpg,1,swimmer,0.63625,"[2648.62, 1805.84, 36.5, 29.42]",32.769345431363135,32-64,localization,0.49714457988739014,swimmer,FP
8666,8666.jpg,4,life_saving_appliances,0.14123,"[2184.44, 1391.62, 36.76, 38.79]",37.76136120427864,32-64,localization,0.33311817049980164,life_saving_appliances,FP
8667,8667.jpg,1,swimmer,0.71374,"[2176.12, 1395.65, 39.37, 58.99]",48.19166214190998,32-64,localization,0.3579351305961609,swimmer,FP
8668,8668.jpg,1,swimmer,0.69912,"[2175.2, 1394.49, 37.69, 64.7]",49.3816058872127,32-64,localization,0.3735045790672302,swimmer,FP
8669,8669.jpg,1,swimmer,0.69931,"[2172.49, 1394.46, 37.2, 70.61]",51.251263399061685,32-64,localization,0.48523491621017456,swimmer,FP
8670,8670.jpg,1,swimmer,0.706,"[2166.28, 1382.68, 36.47, 69.88]",50.48290403691134,32-64,localization,0.47274109721183777,swimmer,FP
8671,8671.jpg,1,swimmer,0.72003,"[2140.66, 1359.44, 33.42, 62.14]",45.57103027143451,32-64,localization,0.3230576515197754,swimmer,FP
8672,8672.jpg,1,swimmer,0.62789,"[2082.66, 1331.46, 33.17, 66.59]",46.99776909599008,32-64,localization,0.38112953305244446,swimmer,FP
8672,8672.jpg,1,swimmer,0.49983,"[2400.67, 1536.18, 30.87, 35.02]",32.87958941349481,32-64,localization,0.41946810483932495,swimmer,FP
8672,8672.jpg,1,swimmer,0.20401,"[2400.35, 1535.5, 43.84, 37.11]",40.33487820732821,32-64,localization,0.3164595067501068,swimmer,FP
8672,8672.jpg,4,life_saving_appliances,0.18166,"[2086.48, 1328.55, 33.1, 54.69]",42.54690353010428,32-64,localization,0.35267481207847595,life_saving_appliances,FP
8673,8673.jpg,1,swimmer,0.63399,"[2031.63, 1297.25, 38.33, 74.1]",53.29402405523531,32-64,localization,0.3872894048690796,swimmer,FP
8674,8674.jpg,1,swimmer,0.6166,"[2025.38, 1286.06, 34.72, 58.38]",45.021701433864095,32-64,localization,0.42186272144317627,swimmer,FP
8674,8674.jpg,1,swimmer,0.11089,"[2490.28, 1676.52, 40.16, 44.72]",42.37871163685843,32-64,duplicate,0.6479291319847107,swimmer,FP
8674,8674.jpg,1,swimmer,0.10332,"[2330.68, 1481.21, 49.12, 35.76]",41.91099139843867,32-64,duplicate,0.5738582611083984,swimmer,FP
8675,8675.jpg,1,swimmer,0.64491,"[2044.64, 1280.58, 34.05, 67.83]",48.05841757694483,32-64,localization,0.43254026770591736,swimmer,FP
8676,8676.jpg,1,swimmer,0.64564,"[2528.84, 1432.85, 26.47, 27.74]",27.097560775833678,16-32,localization,0.4872678816318512,swimmer,FP
8676,8676.jpg,1,swimmer,0.61983,"[2079.04, 1281.86, 32.39, 63.41]",45.319420781823766,32-64,localization,0.4681468605995178,swimmer,FP
8677,8677.jpg,1,swimmer,0.62649,"[2110.07, 1288.85, 32.0, 60.01]",43.82145593199751,32-64,localization,0.4548555612564087,swimmer,FP
9217,9217.jpg,4,life_saving_appliances,0.40208,"[1957.23, 737.42, 36.45, 30.24]",33.2001204817091,32-64,class_confusion,0.7785555124282837,swimmer,FP
9217,9217.jpg,1,swimmer,0.30753,"[1948.98, 706.05, 55.46, 33.64]",43.19345320763322,32-64,duplicate,0.568337619304657,swimmer,FP
9217,9217.jpg,1,swimmer,0.25531,"[1949.62, 703.01, 74.08, 41.57]",55.49329328846865,32-64,duplicate,0.6972993016242981,swimmer,FP
9218,9218.jpg,1,swimmer,0.24067,"[1943.98, 744.58, 55.88, 40.04]",47.30153485881827,32-64,localization,0.4923287034034729,swimmer,FP
9218,9218.jpg,1,swimmer,0.18396,"[1957.85, 769.49, 38.42, 31.25]",34.6500360750173,32-64,duplicate,0.7522029876708984,swimmer,FP
9219,9219.jpg,1,swimmer,0.17147,"[1925.26, 782.2, 54.9, 34.46]",43.495448037697,32-64,duplicate,0.53883957862854,swimmer,FP
9219,9219.jpg,1,swimmer,0.14646,"[1939.17, 796.14, 56.03, 40.43]",47.59509323449215,32-64,localization,0.46484053134918213,swimmer,FP
9219,9219.jpg,1,swimmer,0.1397,"[1933.33, 774.24, 65.91, 46.67]",55.46187609520615,32-64,duplicate,0.5767413377761841,swimmer,FP
9220,9220.jpg,1,swimmer,0.32246,"[1935.83, 819.27, 52.9, 42.41]",47.3654832129896,32-64,localization,0.4264579117298126,swimmer,FP
9221,9221.jpg,1,swimmer,0.31656,"[1924.44, 848.95, 38.53, 29.65]",33.79962277896012,32-64,duplicate,0.9103690981864929,swimmer,FP
9221,9221.jpg,4,life_saving_appliances,0.20357,"[1953.26, 859.96, 36.32, 31.07]",33.59259442198533,32-64,class_confusion,0.6568629741668701,swimmer,FP
9221,9221.jpg,1,swimmer,0.12197,"[1931.76, 854.13, 55.65, 35.21]",44.265522701081935,32-64,localization,0.3481639623641968,swimmer,FP
9222,9222.jpg,1,swimmer,0.31481,"[1928.14, 884.28, 36.03, 35.92]",35.97495795688996,32-64,duplicate,0.66574627161026,swimmer,FP
9222,9222.jpg,1,swimmer,0.23736,"[2343.92, 1339.79, 49.28, 31.04]",39.11075555393938,32-64,class_confusion,0.6917299628257751,life_saving_appliances,FP
9222,9222.jpg,4,life_saving_appliances,0.11789,"[1957.37, 894.6, 33.84, 31.99]",32.901999939213425,32-64,class_confusion,0.6841651201248169,swimmer,FP
9222,9222.jpg,1,swimmer,0.10968,"[2348.41, 1292.82, 38.06, 24.22]",30.361376780376744,16-32,background,0.47614291310310364,,FP
9223,9223.jpg,4,life_saving_appliances,0.24988,"[2345.08, 1322.16, 37.51, 33.8]",35.606712850247774,32-64,localization,0.36094528436660767,life_saving_appliances,FP
9223,9223.jpg,1,swimmer,0.1708,"[1931.19, 924.19, 59.53, 35.86]",46.20330940527962,32-64,localization,0.31189921498298645,swimmer,FP
9223,9223.jpg,1,swimmer,0.13431,"[2354.64, 1298.33, 44.86, 43.57]",44.210295181100065,32-64,localization,0.49607980251312256,swimmer,FP
9224,9224.jpg,1,swimmer,0.2163,"[1918.49, 1124.57, 59.24, 32.64]",43.97264604273889,32-64,localization,0.4263018071651459,swimmer,FP
9224,9224.jpg,1,swimmer,0.12028,"[2335.5, 1572.0, 50.26, 43.38]",46.69345564423349,32-64,class_confusion,0.5317407846450806,life_saving_appliances,FP
9225,9225.jpg,1,swimmer,0.21239,"[2336.56, 1584.85, 47.62, 33.79]",40.11333693424171,32-64,class_confusion,0.8113031387329102,life_saving_appliances,FP
9225,9225.jpg,1,swimmer,0.18023,"[2341.49, 1531.41, 33.55, 26.54]",29.839855897775376,16-32,class_confusion,0.6908392310142517,life_saving_appliances,FP
9225,9225.jpg,1,swimmer,0.14295,"[2359.17, 1506.57, 43.92, 39.81]",41.81453335863023,32-64,duplicate,0.5070765614509583,swimmer,FP
9225,9225.jpg,1,swimmer,0.14099,"[1914.0, 1129.21, 47.44, 29.97]",37.70645568069213,32-64,duplicate,0.5275089144706726,swimmer,FP
9226,9226.jpg,1,swimmer,0.55189,"[2401.25, 1256.23, 71.88, 51.86]",61.05486712785476,32-64,localization,0.2989916503429413,swimmer,FP
9226,9226.jpg,1,swimmer,0.51402,"[1843.18, 1060.52, 52.53, 27.62]",38.09040036544641,32-64,localization,0.21038170158863068,swimmer,FP
9226,9226.jpg,1,swimmer,0.48025,"[2362.64, 1420.49, 37.88, 28.79]",33.02370663629387,32-64,localization,0.21344348788261414,swimmer,FP
9226,9226.jpg,1,swimmer,0.46519,"[1907.98, 1049.56, 36.09, 28.36]",31.992380342825385,16-32,localization,0.226190447807312,swimmer,FP
9226,9226.jpg,4,life_saving_appliances,0.40293,"[2329.76, 1498.53, 43.91, 30.44]",36.55981947439019,32-64,localization,0.2442382276058197,life_saving_appliances,FP
9226,9226.jpg,4,life_saving_appliances,0.39869,"[2336.28, 1442.11, 36.04, 26.63]",30.979754679467685,16-32,localization,0.18832923471927643,life_saving_appliances,FP
9226,9226.jpg,1,swimmer,0.36381,"[1955.0, 1044.73, 31.1, 31.01]",31.054967396537386,16-32,localization,0.3618208169937134,swimmer,FP
9226,9226.jpg,2,boat,0.24823,"[1830.21, 2140.59, 29.15, 19.41]",23.7865823522422,16-32,background,0.0,,FP
9226,9226.jpg,1,swimmer,0.1764,"[2352.08, 1417.95, 46.95, 31.42]",38.40792886891976,32-64,localization,0.2137979418039322,swimmer,FP
9227,9227.jpg,1,swimmer,0.25365,"[1900.04, 992.93, 33.64, 24.38]",28.63814239785814,16-32,duplicate,0.6582571864128113,swimmer,FP
9227,9227.jpg,1,swimmer,0.12777,"[1917.27, 986.57, 70.5, 32.47]",47.8449056849316,32-64,localization,0.3774351477622986,swimmer,FP
9227,9227.jpg,1,swimmer,0.11165,"[1944.69, 984.97, 52.89, 32.38]",41.38330822928491,32-64,duplicate,0.504502534866333,swimmer,FP
9228,9228.jpg,1,swimmer,0.15579,"[1935.92, 982.63, 42.23, 30.76]",36.041570443031475,32-64,duplicate,0.5886646509170532,swimmer,FP
9229,9229.jpg,1,swimmer,0.13907,"[2306.6, 1425.38, 44.14, 30.47]",36.673502696088356,32-64,class_confusion,0.8218222856521606,life_saving_appliances,FP
9229,9229.jpg,1,swimmer,0.12626,"[1887.54, 974.75, 64.45, 32.42]",45.71070990479146,32-64,localization,0.2777628004550934,swimmer,FP
9231,9231.jpg,1,swimmer,0.11734,"[1875.26, 967.63, 37.47, 30.43]",33.7670268161116,32-64,duplicate,0.5108015537261963,swimmer,FP
9233,9233.jpg,1,swimmer,0.28233,"[2309.68, 1427.42, 45.02, 32.99]",38.538419791164245,32-64,class_confusion,0.7655490040779114,life_saving_appliances,FP
9233,9233.jpg,1,swimmer,0.10494,"[2313.84, 1366.61, 31.99, 30.79]",31.384265165843853,16-32,class_confusion,0.6907119154930115,life_saving_appliances,FP
9234,9234.jpg,4,life_saving_appliances,0.12656,"[2357.16, 1243.5, 59.73, 42.6]",50.44301735622087,32-64,localization,0.3979164958000183,life_saving_appliances,FP
9235,9235.jpg,1,swimmer,0.12588,"[2321.16, 1380.44, 51.07, 37.52]",43.77380952121942,32-64,localization,0.4620211720466614,swimmer,FP
9236,9236.jpg,1,swimmer,0.14517,"[2304.28, 1372.3, 31.08, 28.21]",29.610248225909892,16-32,class_confusion,0.69577956199646,life_saving_appliances,FP
9236,9236.jpg,1,swimmer,0.11448,"[2341.33, 1376.07, 40.06, 36.21]",38.086383393543684,32-64,duplicate,0.5254533290863037,swimmer,FP
9237,9237.jpg,2,boat,0.81351,"[1761.55, 2088.67, 173.1, 69.42]",109.62026272546514,>64,background,0.0,,FP
9237,9237.jpg,1,swimmer,0.22568,"[2311.64, 1436.91, 42.81, 34.49]",38.42547202052305,32-64,class_confusion,0.8164697289466858,life_saving_appliances,FP
9237,9237.jpg,1,swimmer,0.21116,"[2303.39, 1370.27, 29.01, 27.27]",28.126547957401385,16-32,class_confusion,0.7768171429634094,life_saving_appliances,FP
9238,9238.jpg,2,boat,0.83155,"[1761.73, 2098.42, 165.96, 59.98]",99.77114212035463,>64,background,0.0,,FP
9238,9238.jpg,1,swimmer,0.26473,"[2310.08, 1432.67, 44.94, 34.34]",39.28408838193907,32-64,class_confusion,0.8359039425849915,life_saving_appliances,FP
9238,9238.jpg,1,swimmer,0.17363,"[1810.29, 949.05, 51.93, 27.57]",37.83794524019506,32-64,localization,0.48578083515167236,swimmer,FP
9238,9238.jpg,1,swimmer,0.10528,"[2300.4, 1369.57, 30.98, 28.85]",29.89603652660332,16-32,class_confusion,0.6414756774902344,life_saving_appliances,FP
9239,9239.jpg,2,boat,0.63625,"[1756.63, 2108.1, 163.16, 51.75]",91.88868265461204,>64,background,0.0,,FP
9239,9239.jpg,1,swimmer,0.32778,"[1813.96, 944.48, 85.03, 33.5]",53.371387465569974,32-64,localization,0.35390225052833557,swimmer,FP
9239,9239.jpg,1,swimmer,0.28694,"[1808.86, 946.02, 72.02, 31.26]",47.44834243680173,32-64,localization,0.45722925662994385,swimmer,FP
9240,9240.jpg,3,jetski,0.77556,"[1531.63, 1077.59, 55.77, 113.98]",79.72869370559134,>64,localization,0.46086418628692627,jetski,FP
9240,9240.jpg,1,swimmer,0.61599,"[2120.71, 1382.28, 48.41, 40.15]",44.08697653502676,32-64,localization,0.376827210187912,swimmer,FP
9240,9240.jpg,1,swimmer,0.60919,"[1599.28, 961.69, 34.85, 27.35]",30.873086985269225,16-32,localization,0.1883373111486435,swimmer,FP
9240,9240.jpg,1,swimmer,0.59629,"[2127.35, 1237.78, 65.93, 53.71]",59.50714494915716,32-64,localization,0.49705079197883606,swimmer,FP
9240,9240.jpg,1,swimmer,0.51684,"[1713.03, 910.18, 25.36, 35.35]",29.94120906042373,16-32,background,0.08930101245641708,,FP
9240,9240.jpg,1,swimmer,0.44779,"[1655.24, 954.26, 38.37, 28.91]",33.30580580019045,32-64,localization,0.1699550747871399,swimmer,FP
9240,9240.jpg,1,swimmer,0.37377,"[2107.8, 1419.8, 47.4, 35.02]",40.74245942502735,32-64,background,0.3712918162345886,,FP
9240,9240.jpg,1,swimmer,0.3332,"[2090.71, 1352.87, 29.82, 26.81]",28.27497480104978,16-32,background,0.2342311441898346,,FP
9240,9240.jpg,4,life_saving_appliances,0.28149,"[2108.28, 1422.91, 45.17, 34.63]",39.5504374185672,32-64,localization,0.38068440556526184,life_saving_appliances,FP
9240,9240.jpg,1,swimmer,0.14586,"[2109.49, 1412.22, 49.9, 39.82]",44.575980078961805,32-64,localization,0.2677830457687378,swimmer,FP
9240,9240.jpg,2,boat,0.13925,"[1651.37, 2139.04, 93.92, 20.96]",44.36849332578243,32-64,background,0.0,,FP
9240,9240.jpg,2,boat,0.13062,"[1603.15, 2138.14, 61.9, 21.86]",36.784969756681875,32-64,background,0.0,,FP
9240,9240.jpg,3,jetski,0.13048,"[1605.73, 2135.76, 30.91, 23.99]",27.2310649810102,16-32,background,0.0,,FP
9241,9241.jpg,1,swimmer,0.26416,"[1891.56, 1417.79, 49.15, 35.63]",41.84751486050277,32-64,class_confusion,0.7086976766586304,life_saving_appliances,FP
9242,9242.jpg,1,swimmer,0.71945,"[1980.77, 1242.64, 63.96, 61.44]",62.687338434487714,32-64,localization,0.3999291658401489,swimmer,FP
9242,9242.jpg,1,swimmer,0.56267,"[1557.35, 931.3, 26.85, 29.15]",27.976373960897792,16-32,localization,0.24865727126598358,swimmer,FP
9242,9242.jpg,1,swimmer,0.42691,"[1427.46, 979.14, 52.51, 31.74]",40.824838027847704,32-64,localization,0.45716938376426697,swimmer,FP
9242,9242.jpg,1,swimmer,0.39088,"[1973.23, 1422.19, 49.13, 32.54]",39.983624147893345,32-64,class_confusion,0.5266034007072449,life_saving_appliances,FP
9242,9242.jpg,1,swimmer,0.31407,"[1473.29, 976.47, 55.81, 31.2]",41.728551376725264,32-64,localization,0.49007150530815125,swimmer,FP
9242,9242.jpg,1,swimmer,0.22966,"[1954.23, 1355.51, 31.87, 26.47]",29.04477405661817,16-32,background,0.42246153950691223,,FP
9242,9242.jpg,1,swimmer,0.20738,"[1427.88, 978.58, 73.11, 32.7]",48.89475431986544,32-64,localization,0.42373546957969666,swimmer,FP
9243,9243.jpg,1,swimmer,0.69638,"[2192.33, 1253.75, 67.91, 59.18]",63.394903580650706,32-64,localization,0.4053638279438019,swimmer,FP
9243,9243.jpg,1,swimmer,0.58541,"[1656.91, 967.71, 36.22, 30.34]",33.14988386103336,32-64,localization,0.2702515721321106,swimmer,FP
9243,9243.jpg,1,swimmer,0.54794,"[1694.08, 963.84, 75.13, 36.97]",52.702524607460695,32-64,localization,0.47235769033432007,swimmer,FP
9243,9243.jpg,1,swimmer,0.44828,"[2199.8, 1384.75, 27.89, 41.45]",34.000595583018836,32-64,localization,0.34184378385543823,swimmer,FP
9243,9243.jpg,1,swimmer,0.42596,"[1784.25, 918.91, 28.27, 34.71]",31.32493735029649,16-32,localization,0.21968214213848114,swimmer,FP
9243,9243.jpg,1,swimmer,0.39165,"[2176.74, 1429.49, 47.48, 36.51]",41.63525909610747,32-64,background,0.3528222441673279,,FP
9243,9243.jpg,2,boat,0.28306,"[1743.68, 2145.29, 57.31, 14.71]",29.034980626823227,16-32,background,0.0,,FP
9243,9243.jpg,4,life_saving_appliances,0.20165,"[2178.41, 1429.78, 45.74, 38.01]",41.696251630092604,32-64,localization,0.35081321001052856,life_saving_appliances,FP
9243,9243.jpg,1,swimmer,0.16151,"[2192.57, 1393.3, 35.19, 49.27]",41.63905978765611,32-64,localization,0.3180012106895447,swimmer,FP
9243,9243.jpg,1,swimmer,0.14324,"[2180.37, 1407.25, 44.55, 53.96]",49.0297664689523,32-64,localization,0.2177634984254837,swimmer,FP
9243,9243.jpg,2,boat,0.11548,"[1675.09, 2141.53, 27.17, 18.47]",22.401560213520842,16-32,background,0.0,,FP
9243,9243.jpg,1,swimmer,0.11194,"[2171.16, 1364.63, 30.96, 31.77]",31.362385113380647,16-32,background,0.2625471353530884,,FP
9244,9244.jpg,1,swimmer,0.73192,"[2379.93, 1275.29, 73.92, 62.18]",67.79635388426135,>64,localization,0.3435318171977997,swimmer,FP
9244,9244.jpg,1,swimmer,0.60054,"[1985.51, 913.99, 28.0, 33.7]",30.71807285621935,16-32,background,0.07439719885587692,,FP
9244,9244.jpg,1,swimmer,0.4938,"[1846.22, 959.36, 88.81, 32.32]",53.57554666076679,32-64,localization,0.416189968585968,swimmer,FP
9244,9244.jpg,1,swimmer,0.42107,"[2372.1, 1409.53, 38.01, 35.57]",36.76976611293577,32-64,localization,0.2700282633304596,swimmer,FP
9244,9244.jpg,1,swimmer,0.39043,"[2360.88, 1383.41, 26.32, 26.85]",26.583679203601598,16-32,background,0.017356114462018013,,FP
9244,9244.jpg,1,swimmer,0.27898,"[2360.52, 1451.54, 47.66, 34.98]",40.83070903131612,32-64,background,0.29997143149375916,,FP
9244,9244.jpg,2,boat,0.17579,"[1813.37, 2134.88, 35.31, 25.12]",29.782330331926683,16-32,background,0.0,,FP
9244,9244.jpg,2,boat,0.14784,"[1812.04, 2136.55, 81.61, 23.45]",43.746479858384035,32-64,background,0.0,,FP
9244,9244.jpg,2,boat,0.14274,"[1847.14, 2141.02, 91.8, 18.98]",41.741633892314276,32-64,background,0.0,,FP
9244,9244.jpg,1,swimmer,0.10819,"[2363.15, 1378.9, 27.05, 28.9]",27.959703145777496,16-32,background,0.05191298946738243,,FP
9245,9245.jpg,1,swimmer,0.53308,"[2923.73, 1560.8, 51.48, 36.52]",43.35953874293406,32-64,class_confusion,0.7659372687339783,life_saving_appliances,FP
9245,9245.jpg,1,swimmer,0.4184,"[2945.36, 1488.02, 28.6, 29.35]",28.97257323746029,16-32,class_confusion,0.7751545906066895,life_saving_appliances,FP
9245,9245.jpg,4,life_saving_appliances,0.18208,"[2965.1, 1413.23, 69.14, 42.21]",54.02221209835821,32-64,localization,0.37571534514427185,life_saving_appliances,FP
9245,9245.jpg,1,swimmer,0.17427,"[2458.36, 976.57, 67.81, 37.22]",50.23831406406867,32-64,localization,0.4330882132053375,swimmer,FP
9246,9246.jpg,3,jetski,0.82184,"[2176.96, 1077.51, 64.05, 115.63]",86.05870961152044,>64,localization,0.12598849833011627,jetski,FP
9246,9246.jpg,1,swimmer,0.71522,"[2762.55, 1358.82, 75.83, 59.23]",67.0179893759877,>64,localization,0.17221243679523468,swimmer,FP
9246,9246.jpg,1,swimmer,0.61068,"[2417.67, 930.65, 28.69, 31.87]",30.238225807742094,16-32,background,0.0,,FP
9246,9246.jpg,1,swimmer,0.54129,"[2279.46, 954.07, 84.13, 44.37]",61.09703838976157,32-64,localization,0.3652702271938324,swimmer,FP
9246,9246.jpg,1,swimmer,0.31512,"[2720.39, 1512.8, 49.58, 40.97]",45.06986354538917,32-64,background,0.06739749014377594,,FP
9246,9246.jpg,3,jetski,0.30454,"[2010.65, 2116.35, 93.46, 43.65]",63.87119068876045,32-64,background,0.0,,FP
9246,9246.jpg,3,jetski,0.14535,"[2010.58, 2115.56, 138.63, 44.44]",78.49023633548315,>64,background,0.0,,FP
9246,9246.jpg,4,life_saving_appliances,0.14213,"[2721.23, 1513.57, 48.14, 41.76]",44.836663569003434,32-64,background,0.058221567422151566,,FP
9246,9246.jpg,3,jetski,0.1312,"[2011.96, 2114.38, 65.67, 43.65]",53.53966286782165,32-64,background,0.0,,FP
9247,9247.jpg,4,life_saving_appliances,0.26897,"[2354.46, 1308.29, 78.28, 59.28]",68.12076335450153,>64,class_confusion,0.6546795964241028,swimmer,FP
9247,9247.jpg,2,boat,0.23954,"[1701.04, 2121.52, 138.57, 38.48]",73.02173375098675,>64,background,0.0,,FP
9248,9248.jpg,1,swimmer,0.54046,"[1879.63, 893.05, 30.78, 33.29]",32.01040768250227,32-64,localization,0.3632480204105377,swimmer,FP
9248,9248.jpg,4,life_saving_appliances,0.23896,"[2232.8, 1305.78, 76.05, 60.8]",67.9988235192345,>64,class_confusion,0.553220272064209,swimmer,FP
9249,9249.jpg,1,swimmer,0.78864,"[2159.62, 1308.25, 76.1, 61.47]",68.39493402292307,>64,localization,0.3923770785331726,swimmer,FP
9249,9249.jpg,1,swimmer,0.62006,"[1797.54, 883.04, 32.76, 34.61]",33.67229721893058,32-64,localization,0.2897883653640747,swimmer,FP
9249,9249.jpg,1,swimmer,0.59991,"[1653.31, 920.23, 74.45, 44.92]",57.829871173987584,32-64,localization,0.283681184053421,swimmer,FP
9249,9249.jpg,4,life_saving_appliances,0.17341,"[2159.32, 1309.01, 75.9, 61.52]",68.33277398145052,>64,localization,0.3869169056415558,life_saving_appliances,FP
9250,9250.jpg,1,swimmer,0.57038,"[2466.61, 938.97, 57.68, 46.54]",51.81145819217985,32-64,localization,0.3587001860141754,swimmer,FP
9251,9251.jpg,1,swimmer,0.53101,"[2539.39, 944.64, 42.16, 41.34]",41.74798677780762,32-64,localization,0.47378620505332947,swimmer,FP
9251,9251.jpg,4,life_saving_appliances,0.27721,"[3002.87, 1452.46, 85.6, 59.73]",71.50446139927213,>64,class_confusion,0.6133520007133484,swimmer,FP
9251,9251.jpg,1,swimmer,0.1341,"[2517.34, 943.87, 64.98, 39.37]",50.57927045737216,32-64,localization,0.28243932127952576,swimmer,FP
9252,9252.jpg,1,swimmer,0.37767,"[2560.93, 946.76, 53.47, 41.84]",47.29888793618725,32-64,localization,0.488724023103714,swimmer,FP
9252,9252.jpg,1,swimmer,0.15866,"[2710.96, 928.55, 45.77, 34.94]",39.99004626153863,32-64,duplicate,0.5621548295021057,swimmer,FP
9254,9254.jpg,1,swimmer,0.27249,"[2534.85, 952.4, 62.6, 40.75]",50.506930217545396,32-64,localization,0.35380011796951294,swimmer,FP
9254,9254.jpg,1,swimmer,0.14654,"[2538.46, 960.65, 59.64, 37.95]",47.574552021012245,32-64,localization,0.46524202823638916,swimmer,FP
9255,9255.jpg,1,swimmer,0.35507,"[2480.72, 943.23, 61.98, 56.24]",59.04028455215981,32-64,localization,0.32888635993003845,swimmer,FP
9255,9255.jpg,1,swimmer,0.22561,"[2475.73, 924.47, 67.89, 77.06]",72.3298237243808,>64,localization,0.22478769719600677,swimmer,FP
9255,9255.jpg,4,life_saving_appliances,0.16181,"[2968.85, 1465.18, 76.27, 62.24]",68.89880115067315,>64,class_confusion,0.6053642630577087,swimmer,FP
9256,9256.jpg,4,life_saving_appliances,0.21597,"[2878.02, 1467.33, 71.17, 59.41]",65.02468531257955,>64,class_confusion,0.5239301919937134,swimmer,FP
9256,9256.jpg,1,swimmer,0.11565,"[2403.58, 938.93, 53.48, 56.13]",54.788980643921455,32-64,localization,0.390396386384964,swimmer,FP
9257,9257.jpg,4,life_saving_appliances,0.14619,"[2818.14, 1466.85, 72.25, 60.18]",65.9394040009462,>64,class_confusion,0.581160843372345,swimmer,FP
9257,9257.jpg,1,swimmer,0.10557,"[2534.14, 942.97, 22.08, 28.32]",25.00611125305172,16-32,duplicate,0.5335797071456909,swimmer,FP
9258,9258.jpg,1,swimmer,0.10944,"[2659.1, 1630.37, 43.64, 36.07]",39.67486357884549,32-64,class_confusion,0.6297682523727417,life_saving_appliances,FP
9258,9258.jpg,4,life_saving_appliances,0.10282,"[2772.8, 1438.22, 70.51, 65.78]",68.1039484905244,>64,class_confusion,0.5937714576721191,swimmer,FP
9259,9259.jpg,1,swimmer,0.46928,"[2625.15, 1602.4, 43.14, 36.0]",39.40862849681526,32-64,class_confusion,0.660639762878418,life_saving_appliances,FP
9259,9259.jpg,4,life_saving_appliances,0.38178,"[2735.99, 1437.17, 69.92, 45.03]",56.11147476229795,32-64,localization,0.43722301721572876,life_saving_appliances,FP
9259,9259.jpg,1,swimmer,0.22292,"[2307.96, 928.4, 32.62, 33.15]",32.883932246615515,32-64,localization,0.3915424942970276,swimmer,FP
9259,9259.jpg,1,swimmer,0.16981,"[2311.22, 926.22, 34.9, 39.51]",37.13352932324101,32-64,localization,0.49301600456237793,swimmer,FP
9260,9260.jpg,4,life_saving_appliances,0.45673,"[2704.74, 1415.91, 75.12, 47.06]",59.45710386488734,32-64,localization,0.47463664412498474,life_saving_appliances,FP
9260,9260.jpg,2,boat,0.4394,"[1907.76, 2096.77, 169.95, 63.23]",103.66261862407296,>64,background,0.0,,FP
9260,9260.jpg,3,jetski,0.24328,"[1909.9, 2094.72, 169.78, 64.35]",104.52436558047123,>64,background,0.0,,FP
9261,9261.jpg,4,life_saving_appliances,0.51423,"[2667.88, 1412.77, 41.76, 32.59]",36.89116967514042,32-64,localization,0.473904013633728,life_saving_appliances,FP
9261,9261.jpg,1,swimmer,0.11275,"[2674.2, 1388.29, 68.8, 57.46]",62.87485984079805,32-64,duplicate,0.6463077664375305,swimmer,FP
9261,9261.jpg,4,life_saving_appliances,0.10472,"[2668.6, 1386.22, 72.84, 55.24]",63.43249640365733,32-64,class_confusion,0.6851071715354919,swimmer,FP
9262,9262.jpg,4,life_saving_appliances,0.45032,"[2612.56, 1361.18, 73.5, 50.27]",60.78523669444745,32-64,class_confusion,0.5904058814048767,swimmer,FP
9263,9263.jpg,4,life_saving_appliances,0.16797,"[2548.04, 1363.62, 56.33, 32.25]",42.62208934343787,32-64,localization,0.33405256271362305,life_saving_appliances,FP
9264,9264.jpg,1,swimmer,0.62206,"[2377.25, 1460.88, 41.64, 36.6]",39.038749979987834,32-64,class_confusion,0.7018318772315979,life_saving_appliances,FP
9264,9264.jpg,1,swimmer,0.47548,"[2486.88, 1394.08, 43.13, 41.83]",42.47502678045065,32-64,class_confusion,0.5648009777069092,life_saving_appliances,FP
9264,9264.jpg,1,swimmer,0.25407,"[2481.47, 1408.69, 40.05, 46.58]",43.19177004939714,32-64,duplicate,0.6193715929985046,swimmer,FP
9264,9264.jpg,1,swimmer,0.21277,"[2472.76, 1337.4, 69.11, 44.7]",55.580725076234835,32-64,duplicate,0.556840181350708,swimmer,FP
9264,9264.jpg,4,life_saving_appliances,0.16978,"[2472.05, 1347.43, 49.73, 35.9]",42.25289339205068,32-64,localization,0.4436211585998535,life_saving_appliances,FP
9265,9265.jpg,1,swimmer,0.40193,"[2988.68, 1512.92, 62.63, 48.03]",54.84632075171497,32-64,duplicate,0.6025251746177673,swimmer,FP
9265,9265.jpg,1,swimmer,0.34615,"[2882.93, 1553.08, 44.01, 36.31]",39.975030956836044,32-64,class_confusion,0.7011879086494446,life_saving_appliances,FP
9265,9265.jpg,1,swimmer,0.24026,"[2991.0, 1497.53, 72.57, 60.07]",66.02484305168774,>64,localization,0.3710964620113373,swimmer,FP
9265,9265.jpg,1,swimmer,0.19855,"[3017.55, 1494.31, 44.7, 40.51]",42.553460493830585,32-64,class_confusion,0.7364923357963562,life_saving_appliances,FP
9265,9265.jpg,1,swimmer,0.17626,"[3008.0, 1497.27, 55.82, 47.97]",51.74635639346987,32-64,class_confusion,0.5356835126876831,life_saving_appliances,FP
9265,9265.jpg,1,swimmer,0.1663,"[3020.29, 1445.75, 51.25, 34.25]",41.89644973025757,32-64,duplicate,0.5344604849815369,swimmer,FP
9266,9266.jpg,1,swimmer,0.59542,"[2892.85, 1486.96, 84.79, 65.44]",74.48931198500897,>64,localization,0.3548104166984558,swimmer,FP
9266,9266.jpg,1,swimmer,0.35657,"[2793.39, 1541.47, 42.88, 35.45]",38.98840853381938,32-64,class_confusion,0.5464248061180115,life_saving_appliances,FP
9266,9266.jpg,1,swimmer,0.13504,"[2912.13, 1433.5, 61.94, 38.43]",48.788873731620406,32-64,localization,0.38196614384651184,swimmer,FP
9266,9266.jpg,1,swimmer,0.10987,"[2916.13, 1423.64, 86.58, 44.19]",61.854427489064996,32-64,localization,0.4683779180049896,swimmer,FP
9267,9267.jpg,1,swimmer,0.5442,"[2726.42, 1536.63, 50.42, 37.84]",43.6794322307422,32-64,background,0.4996547996997833,,FP
9267,9267.jpg,1,swimmer,0.31721,"[2865.14, 1482.96, 49.65, 44.97]",47.25209519164203,32-64,class_confusion,0.6243391633033752,life_saving_appliances,FP
9267,9267.jpg,4,life_saving_appliances,0.19327,"[2846.73, 1434.34, 47.38, 34.36]",40.34819450731346,32-64,localization,0.46432942152023315,life_saving_appliances,FP
9267,9267.jpg,1,swimmer,0.17273,"[2843.99, 1482.49, 68.96, 50.13]",58.795959044818716,32-64,localization,0.40324389934539795,swimmer,FP
9267,9267.jpg,1,swimmer,0.15539,"[2847.17, 1432.89, 57.59, 36.83]",46.054746769469915,32-64,localization,0.3553965985774994,swimmer,FP
9267,9267.jpg,1,swimmer,0.12578,"[2872.35, 1482.44, 49.58, 40.27]",44.683180280727555,32-64,class_confusion,0.6600260734558105,life_saving_appliances,FP
9268,9268.jpg,1,swimmer,0.45768,"[2782.88, 1488.35, 70.93, 51.7]",60.55642823020526,32-64,localization,0.3455478847026825,swimmer,FP
9268,9268.jpg,1,swimmer,0.43714,"[2667.67, 1536.84, 46.99, 35.72]",40.969290938457796,32-64,class_confusion,0.6165303587913513,life_saving_appliances,FP
9268,9268.jpg,1,swimmer,0.16514,"[2769.77, 1491.8, 80.08, 56.59]",67.31810454847938,>64,localization,0.42337140440940857,swimmer,FP
9269,9269.jpg,4,life_saving_appliances,0.40876,"[2735.59, 1437.28, 86.1, 33.84]",53.9779955166918,32-64,localization,0.40909743309020996,life_saving_appliances,FP
9270,9270.jpg,3,jetski,0.82636,"[2970.44, 1043.09, 76.55, 109.19]",91.42480243347534,>64,localization,0.269395649433136,jetski,FP
9270,9270.jpg,1,swimmer,0.51482,"[3308.93, 1590.81, 108.57, 40.24]",66.0973282364726,>64,localization,0.2576608657836914,swimmer,FP
9270,9270.jpg,1,swimmer,0.40951,"[3279.08, 1680.84, 58.75, 37.69]",47.05621637998533,32-64,localization,0.12604215741157532,swimmer,FP
9270,9270.jpg,1,swimmer,0.27122,"[3164.64, 1676.6, 102.64, 43.46]",66.78872958815731,>64,background,0.2904837131500244,,FP
9270,9270.jpg,4,life_saving_appliances,0.15025,"[3297.58, 1590.86, 120.96, 44.58]",73.43294083720194,>64,localization,0.2677103579044342,life_saving_appliances,FP
9270,9270.jpg,1,swimmer,0.12621,"[3177.01, 1674.31, 133.84, 48.99]",80.97420329956942,>64,background,0.22983069717884064,,FP
9270,9270.jpg,1,swimmer,0.12384,"[3225.88, 1677.75, 95.34, 47.97]",67.62735984791954,>64,background,0.2461460381746292,,FP
9271,9271.jpg,1,swimmer,0.63737,"[3147.23, 1725.01, 95.91, 44.21]",65.11667298012084,>64,background,0.4457356631755829,,FP
9271,9271.jpg,1,swimmer,0.48318,"[3152.11, 1690.91, 87.78, 56.57]",70.46782670126844,>64,background,0.31576523184776306,,FP
9271,9271.jpg,1,swimmer,0.32377,"[3156.69, 1688.41, 77.99, 44.16]",58.68593017069764,32-64,background,0.45527952909469604,,FP
9272,9272.jpg,1,swimmer,0.63326,"[3104.03, 1718.52, 91.34, 45.73]",64.62954587493246,>64,background,0.43141236901283264,,FP
9272,9272.jpg,1,swimmer,0.36902,"[3110.34, 1678.64, 84.49, 46.82]",62.89532415052807,32-64,background,0.37539607286453247,,FP
9272,9272.jpg,1,swimmer,0.20532,"[3106.49, 1694.66, 89.18, 65.01]",76.14191880954932,>64,background,0.31081870198249817,,FP
9273,9273.jpg,1,swimmer,0.49216,"[3023.23, 1715.05, 62.59, 39.98]",50.02347648854486,32-64,class_confusion,0.5733547210693359,life_saving_appliances,FP
9273,9273.jpg,1,swimmer,0.27364,"[3024.81, 1676.67, 68.24, 43.77]",54.65221678944048,32-64,background,0.4246269464492798,,FP
9273,9273.jpg,1,swimmer,0.24449,"[3165.86, 1596.11, 108.84, 50.04]",73.79941463182483,>64,duplicate,0.5075222849845886,swimmer,FP
9274,9274.jpg,1,swimmer,0.32157,"[2895.29, 1700.38, 61.79, 38.42]",48.7234214726347,32-64,class_confusion,0.7071009278297424,life_saving_appliances,FP
9274,9274.jpg,4,life_saving_appliances,0.14468,"[2901.69, 1666.2, 58.65, 50.0]",54.152562266249234,32-64,localization,0.43490687012672424,life_saving_appliances,FP
9812,9812.jpg,1,swimmer,0.42304,"[3805.55, 1668.7, 34.45, 52.1]",42.365611054250124,32-64,background,0.0,,FP
9812,9812.jpg,1,swimmer,0.14987,"[3803.47, 1669.22, 36.53, 72.82]",51.57629882029148,32-64,background,0.0,,FP
9812,9812.jpg,1,swimmer,0.11217,"[3797.16, 1667.52, 42.82, 61.62]",51.366997186909806,32-64,background,0.0,,FP
9813,9813.jpg,1,swimmer,0.19713,"[3815.86, 1718.86, 24.14, 65.0]",39.611866908793886,32-64,background,0.0,,FP
9813,9813.jpg,1,swimmer,0.12529,"[3808.2, 1719.06, 31.8, 82.01]",51.0677784909428,32-64,background,0.0,,FP
9817,9817.jpg,1,swimmer,0.15778,"[3826.57, 1943.31, 13.43, 35.96]",21.97595959224534,16-32,background,0.0,,FP
9817,9817.jpg,1,swimmer,0.13074,"[3827.46, 2113.85, 12.54, 32.26]",20.11318970228243,16-32,background,0.0,,FP
9819,9819.jpg,1,swimmer,0.35075,"[3813.84, 2061.46, 26.16, 42.82]",33.46895875285038,32-64,background,0.0,,FP
9819,9819.jpg,1,swimmer,0.10174,"[1953.34, 1341.3, 44.09, 36.51]",40.12138955719256,32-64,duplicate,0.6207793354988098,swimmer,FP
9820,9820.jpg,1,swimmer,0.46085,"[3799.09, 2113.31, 40.91, 46.69]",43.70455239445886,32-64,background,0.0,,FP
9840,9840.jpg,2,boat,0.57969,"[0.09, 746.99, 57.15, 120.27]",82.90615477755557,>64,background,0.0,,FP
9840,9840.jpg,1,swimmer,0.23249,"[2565.5, 2102.17, 53.92, 54.86]",54.387969257915856,32-64,background,0.0,,FP
9840,9840.jpg,1,swimmer,0.16056,"[2569.81, 2122.89, 52.41, 36.91]",43.982418078136625,32-64,background,0.0,,FP
9840,9840.jpg,4,life_saving_appliances,0.1053,"[2570.73, 2135.4, 52.57, 24.6]",35.96139596845484,32-64,background,0.0,,FP
9841,9841.jpg,2,boat,0.85257,"[0.0, 728.22, 130.3, 115.09]",122.45908296243282,>64,background,0.0,,FP
9841,9841.jpg,2,boat,0.14618,"[0.85, 832.1, 33.71, 58.18]",44.28597746465579,32-64,background,0.0,,FP
9842,9842.jpg,2,boat,0.13564,"[0.0, 702.48, 175.21, 166.66]",170.8815338180226,>64,localization,0.48129555583000183,boat,FP
9842,9842.jpg,1,swimmer,0.1356,"[2476.14, 2139.72, 25.26, 19.38]",22.125523722615018,16-32,background,0.0,,FP
9843,9843.jpg,2,boat,0.13966,"[0.52, 650.88, 252.78, 174.27]",209.885613132487,>64,duplicate,0.6383934020996094,boat,FP
9843,9843.jpg,2,boat,0.12495,"[7.9, 750.97, 144.3, 79.67]",107.22117794540405,>64,duplicate,0.7811537384986877,boat,FP
9845,9845.jpg,2,boat,0.77709,"[49.62, 596.3, 248.5, 166.9]",203.6532592422719,>64,localization,0.41309505701065063,boat,FP
9846,9846.jpg,2,boat,0.74486,"[116.2, 563.12, 263.38, 164.99]",208.45878777350694,>64,localization,0.4466423988342285,boat,FP
9847,9847.jpg,2,boat,0.75117,"[185.97, 547.06, 199.72, 148.47]",172.19880487390148,>64,localization,0.4017566442489624,boat,FP
9847,9847.jpg,2,boat,0.66719,"[188.68, 537.3, 273.5, 158.09]",207.93656484610878,>64,localization,0.46402519941329956,boat,FP
9847,9847.jpg,2,boat,0.32532,"[317.01, 531.79, 196.08, 106.96]",144.81960088330584,>64,duplicate,0.6429022550582886,boat,FP
9849,9849.jpg,2,boat,0.70956,"[328.25, 491.3, 211.49, 144.62]",174.8876319240443,>64,localization,0.38841700553894043,boat,FP
9851,9851.jpg,2,boat,0.66919,"[485.75, 475.91, 244.01, 105.84]",160.7047553745688,>64,localization,0.47240859270095825,boat,FP
10416,10416.jpg,1,swimmer,0.73261,"[3109.42, 1127.02, 58.14, 63.29]",60.660370918747276,32-64,localization,0.36119917035102844,swimmer,FP
10416,10416.jpg,1,swimmer,0.60023,"[3607.38, 1699.42, 51.8, 103.27]",73.13949685361528,>64,localization,0.38789862394332886,swimmer,FP
10416,10416.jpg,1,swimmer,0.59268,"[2900.34, 1241.5, 54.75, 41.93]",47.91312450675702,32-64,localization,0.30266714096069336,swimmer,FP
10416,10416.jpg,1,swimmer,0.4732,"[3345.22, 1905.7, 47.4, 44.85]",46.107374681280646,32-64,localization,0.33066174387931824,swimmer,FP
10416,10416.jpg,1,swimmer,0.3866,"[3732.54, 1844.36, 76.78, 74.05]",75.40264584217188,>64,localization,0.43954595923423767,swimmer,FP
10416,10416.jpg,1,swimmer,0.28137,"[3346.27, 2125.47, 88.94, 34.53]",55.41749001894618,32-64,background,0.0,,FP
10416,10416.jpg,1,swimmer,0.2073,"[3749.98, 1774.43, 56.05, 65.21]",60.45676554365111,32-64,localization,0.30931973457336426,swimmer,FP
10416,10416.jpg,1,swimmer,0.11941,"[3738.67, 1762.81, 68.79, 67.44]",68.11165539024874,>64,localization,0.4837701618671417,swimmer,FP
10417,10417.jpg,1,swimmer,0.77425,"[3359.76, 1561.53, 55.69, 101.46]",75.16852665843598,>64,localization,0.4523453116416931,swimmer,FP
10417,10417.jpg,1,swimmer,0.75897,"[2904.11, 1006.56, 59.76, 62.3]",61.01678457604923,32-64,localization,0.47333091497421265,swimmer,FP
10417,10417.jpg,1,swimmer,0.69076,"[3098.78, 1986.62, 118.09, 84.84]",100.09373406962096,>64,localization,0.4653957486152649,swimmer,FP
10417,10417.jpg,1,swimmer,0.68714,"[3476.59, 1627.53, 72.42, 64.43]",68.30827621891802,>64,localization,0.4515625238418579,swimmer,FP
10417,10417.jpg,1,swimmer,0.66684,"[2687.29, 1119.95, 57.58, 39.3]",47.56988543185699,32-64,localization,0.426943302154541,swimmer,FP
10417,10417.jpg,1,swimmer,0.62189,"[3099.99, 1759.97, 44.36, 41.97]",43.14845536053405,32-64,localization,0.4093402922153473,swimmer,FP
10418,10418.jpg,1,swimmer,0.4719,"[3262.1, 1527.4, 54.05, 68.98]",61.060371764344836,32-64,localization,0.470715194940567,swimmer,FP
10419,10419.jpg,1,swimmer,0.80556,"[3673.28, 1656.24, 67.94, 123.23]",91.49997923497033,>64,localization,0.1206488236784935,swimmer,FP
10419,10419.jpg,1,swimmer,0.75735,"[3452.15, 1569.03, 90.32, 86.12]",88.19500212597083,>64,localization,0.20438890159130096,swimmer,FP
10419,10419.jpg,1,swimmer,0.74002,"[3313.02, 1573.03, 53.61, 98.07]",72.50884566727014,>64,background,0.04350997880101204,,FP
10419,10419.jpg,1,swimmer,0.69451,"[2972.15, 1955.37, 94.09, 92.92]",93.50316999973852,>64,localization,0.4288542568683624,swimmer,FP
10419,10419.jpg,1,swimmer,0.66214,"[3414.79, 1744.62, 78.03, 67.34]",72.48820731677671,>64,localization,0.1726083755493164,swimmer,FP
10419,10419.jpg,1,swimmer,0.65473,"[3440.56, 1667.35, 62.13, 68.47]",65.22301051009529,>64,background,0.02284989319741726,,FP
10419,10419.jpg,1,swimmer,0.60264,"[2992.29, 965.22, 54.01, 56.9]",55.43617050266008,32-64,background,0.04414663091301918,,FP
10419,10419.jpg,1,swimmer,0.57045,"[3022.72, 1713.55, 46.37, 43.89]",45.11296155208611,32-64,background,0.09693867713212967,,FP
10419,10419.jpg,1,swimmer,0.48755,"[2746.56, 1044.2, 47.36, 34.92]",40.66707759355226,32-64,background,0.01709861308336258,,FP
10419,10419.jpg,1,swimmer,0.45479,"[3776.93, 1034.46, 63.07, 61.57]",62.31548683914778,32-64,background,0.0,,FP
10419,10419.jpg,1,swimmer,0.19066,"[3773.86, 1035.19, 66.14, 82.45]",73.84607640220298,>64,background,0.0,,FP
10419,10419.jpg,4,life_saving_appliances,0.16092,"[2892.87, 1035.19, 33.25, 45.06]",38.707169878460505,32-64,background,0.0,,FP
10420,10420.jpg,1,swimmer,0.58953,"[3742.81, 2026.07, 97.19, 129.3]",112.10114629208749,>64,localization,0.446363627910614,swimmer,FP
10422,10422.jpg,1,swimmer,0.2995,"[3015.77, 2087.07, 80.53, 69.34]",74.72583355172426,>64,localization,0.4741334915161133,swimmer,FP
10422,10422.jpg,1,swimmer,0.13468,"[3578.24, 1988.55, 100.91, 96.74]",98.80300299079983,>64,localization,0.3047126829624176,swimmer,FP
10422,10422.jpg,1,swimmer,0.10035,"[3147.6, 1877.85, 59.78, 52.82]",56.19234467434154,32-64,localization,0.4635327160358429,swimmer,FP
10424,10424.jpg,1,swimmer,0.73443,"[2976.5, 1175.43, 82.01, 52.31]",65.49765721001019,>64,localization,0.47282007336616516,swimmer,FP
10424,10424.jpg,1,swimmer,0.61029,"[3452.92, 2059.81, 75.02, 62.12]",68.2659680953841,>64,localization,0.49291887879371643,swimmer,FP
10424,10424.jpg,1,swimmer,0.59212,"[2978.74, 1920.16, 51.31, 52.65]",51.97568181370976,32-64,localization,0.33258408308029175,swimmer,FP
10424,10424.jpg,1,swimmer,0.54335,"[3203.23, 1311.78, 54.89, 57.73]",56.29209269515569,32-64,localization,0.4305330812931061,swimmer,FP
10424,10424.jpg,1,swimmer,0.14879,"[3427.05, 2117.0, 53.65, 43.0]",48.03071933669118,32-64,localization,0.24691922962665558,swimmer,FP
10425,10425.jpg,1,swimmer,0.77211,"[3232.56, 1902.86, 76.73, 89.35]",82.79991243956722,>64,localization,0.4723411202430725,swimmer,FP
10425,10425.jpg,1,swimmer,0.76704,"[2475.48, 2052.82, 66.27, 70.77]",68.48304826743623,>64,localization,0.34364867210388184,swimmer,FP
10425,10425.jpg,1,swimmer,0.71593,"[3067.33, 1172.62, 54.81, 47.46]",51.00277051298292,32-64,localization,0.4214586019515991,swimmer,FP
10425,10425.jpg,1,swimmer,0.69896,"[3162.55, 1995.63, 60.74, 54.88]",57.73570126013887,32-64,localization,0.35765573382377625,swimmer,FP
10425,10425.jpg,1,swimmer,0.68478,"[3071.32, 2047.94, 97.87, 68.31]",81.76490506323603,>64,localization,0.4829007387161255,swimmer,FP
10425,10425.jpg,1,swimmer,0.67638,"[3387.86, 2058.74, 106.49, 85.12]",95.20729383823489,>64,localization,0.472528338432312,swimmer,FP
10425,10425.jpg,1,swimmer,0.67196,"[2689.84, 1846.62, 48.26, 52.36]",50.26821659856255,32-64,localization,0.3244403898715973,swimmer,FP
10425,10425.jpg,1,swimmer,0.57389,"[2933.79, 1249.31, 54.54, 61.57]",57.94849264648736,32-64,localization,0.4372323453426361,swimmer,FP
10426,10426.jpg,1,swimmer,0.80941,"[2880.52, 1794.43, 67.55, 119.66]",89.90568947513833,>64,localization,0.49981236457824707,swimmer,FP
10426,10426.jpg,1,swimmer,0.76241,"[3030.44, 1965.56, 95.0, 83.6]",89.11789943664516,>64,localization,0.34842032194137573,swimmer,FP
10426,10426.jpg,1,swimmer,0.7571,"[2415.5, 1036.64, 101.5, 61.25]",78.84716228248168,>64,localization,0.4988521635532379,swimmer,FP
10426,10426.jpg,1,swimmer,0.75553,"[2765.25, 1085.92, 57.33, 61.64]",59.44595192273398,32-64,localization,0.4159887135028839,swimmer,FP
10426,10426.jpg,1,swimmer,0.74071,"[2812.44, 1893.44, 60.67, 63.96]",62.29328374712639,32-64,localization,0.33488258719444275,swimmer,FP
10426,10426.jpg,1,swimmer,0.73308,"[2141.98, 1944.88, 60.99, 67.1]",63.972095479200924,32-64,localization,0.37138378620147705,swimmer,FP
10426,10426.jpg,1,swimmer,0.72362,"[2715.4, 1950.59, 97.94, 64.39]",79.4125720525409,>64,localization,0.47168928384780884,swimmer,FP
10426,10426.jpg,1,swimmer,0.71571,"[2357.99, 1756.02, 45.88, 52.9]",49.265119506604265,32-64,localization,0.27212443947792053,swimmer,FP
10426,10426.jpg,1,swimmer,0.5384,"[2633.89, 1162.5, 48.71, 66.51]",56.918381038114575,32-64,localization,0.36597949266433716,swimmer,FP
10426,10426.jpg,1,swimmer,0.3303,"[2634.46, 1136.1, 47.29, 92.53]",66.14940438129432,>64,localization,0.313253253698349,swimmer,FP
10426,10426.jpg,1,swimmer,0.2257,"[1757.77, 2138.56, 50.87, 21.44]",33.02503292958237,32-64,background,0.0,,FP
10427,10427.jpg,1,swimmer,0.76878,"[2179.43, 944.07, 109.01, 56.76]",78.66007627761367,>64,localization,0.48321226239204407,swimmer,FP
10427,10427.jpg,1,swimmer,0.71151,"[1871.63, 1829.94, 55.89, 70.44]",62.74465395553632,32-64,localization,0.45364847779273987,swimmer,FP
10427,10427.jpg,1,swimmer,0.68502,"[2536.12, 1785.42, 58.91, 67.77]",63.1848929729251,32-64,localization,0.4100705683231354,swimmer,FP
10427,10427.jpg,1,swimmer,0.61955,"[2096.25, 1649.67, 42.67, 43.68]",43.17204651160285,32-64,localization,0.3948764503002167,swimmer,FP
10427,10427.jpg,1,swimmer,0.60133,"[2388.22, 1063.74, 51.55, 63.95]",57.41622157543981,32-64,localization,0.45125612616539,swimmer,FP
10431,10431.jpg,1,swimmer,0.63923,"[2056.36, 1726.96, 71.59, 86.79]",78.8244638421347,>64,localization,0.4596318304538727,swimmer,FP
10441,10441.jpg,4,life_saving_appliances,0.32862,"[2437.59, 2132.54, 49.6, 27.46]",36.90550094498109,32-64,class_confusion,0.5724335312843323,swimmer,FP
10444,10444.jpg,1,swimmer,0.70866,"[2828.27, 1993.54, 74.6, 67.88]",71.16071950170262,>64,localization,0.40554526448249817,swimmer,FP
10444,10444.jpg,1,swimmer,0.68035,"[2318.85, 1653.85, 42.6, 42.85]",42.72481714413767,32-64,localization,0.4519440233707428,swimmer,FP
10444,10444.jpg,1,swimmer,0.50201,"[2614.93, 1059.92, 48.44, 43.0]",45.639018394352,32-64,localization,0.4852061867713928,swimmer,FP
10444,10444.jpg,1,swimmer,0.44259,"[2558.06, 1925.56, 137.23, 88.95]",110.4835213957267,>64,localization,0.30787885189056396,swimmer,FP
10444,10444.jpg,1,swimmer,0.41026,"[2610.91, 1916.41, 90.81, 95.34]",93.04743628923904,>64,localization,0.49748778343200684,swimmer,FP
10444,10444.jpg,1,swimmer,0.36078,"[2558.83, 1948.44, 97.23, 65.44]",79.76672990664717,>64,localization,0.46563437581062317,swimmer,FP
10447,10447.jpg,1,swimmer,0.64437,"[2419.81, 1403.31, 122.12, 69.54]",92.15326798328968,>64,localization,0.28932344913482666,swimmer,FP
10447,10447.jpg,1,swimmer,0.60078,"[2420.7, 1411.76, 96.4, 61.21]",76.81564944723178,>64,localization,0.4163951873779297,swimmer,FP
10447,10447.jpg,1,swimmer,0.2549,"[2457.07, 1394.49, 91.31, 63.32]",76.03781427684518,>64,localization,0.47866109013557434,swimmer,FP
10450,10450.jpg,1,swimmer,0.14484,"[2398.3, 1349.61, 108.43, 65.46]",84.24860711014752,>64,localization,0.2721959352493286,swimmer,FP
10451,10451.jpg,1,swimmer,0.64038,"[2363.96, 1396.34, 104.12, 67.33]",83.72812908455556,>64,localization,0.4267944395542145,swimmer,FP
10451,10451.jpg,1,swimmer,0.16329,"[2424.26, 1375.59, 69.86, 69.68]",69.76994195210428,>64,duplicate,0.644569993019104,swimmer,FP
10451,10451.jpg,1,swimmer,0.13062,"[2383.78, 1375.51, 111.62, 79.84]",94.40201692760596,>64,localization,0.3538403809070587,swimmer,FP
10451,10451.jpg,1,swimmer,0.10865,"[1919.99, 1254.9, 67.68, 53.89]",60.39267505252604,32-64,duplicate,0.7796263694763184,swimmer,FP
10452,10452.jpg,1,swimmer,0.30149,"[2399.11, 1435.12, 80.11, 62.52]",70.77059558884608,>64,localization,0.3673771321773529,swimmer,FP
10452,10452.jpg,1,swimmer,0.26812,"[2356.13, 1438.0, 121.46, 72.3]",93.7099674527742,>64,localization,0.2745693027973175,swimmer,FP
10452,10452.jpg,1,swimmer,0.21591,"[2445.51, 768.78, 61.95, 33.51]",45.56253395060464,32-64,localization,0.42920225858688354,swimmer,FP
10452,10452.jpg,4,life_saving_appliances,0.10145,"[2445.46, 769.45, 61.82, 31.98]",44.463508633485056,32-64,background,0.4506820738315582,,FP
10453,10453.jpg,1,swimmer,0.59244,"[2438.93, 808.67, 57.43, 30.99]",42.18715088744439,32-64,localization,0.44949984550476074,swimmer,FP
10453,10453.jpg,4,life_saving_appliances,0.10557,"[2439.53, 809.44, 57.58, 30.52]",41.92065839177624,32-64,background,0.45523300766944885,,FP
10454,10454.jpg,3,jetski,0.19557,"[2471.87, 525.03, 262.27, 204.47]",231.57363170274806,>64,class_confusion,0.6043775081634521,boat,FP
10455,10455.jpg,1,swimmer,0.19284,"[2282.22, 1469.29, 76.6, 72.59]",74.56804945819624,>64,localization,0.3390390872955322,swimmer,FP
10455,10455.jpg,1,swimmer,0.11439,"[2285.47, 1467.91, 105.25, 73.26]",87.8101076186563,>64,localization,0.22652268409729004,swimmer,FP
10455,10455.jpg,1,swimmer,0.10711,"[1858.68, 1343.18, 65.07, 71.75]",68.32841648977386,>64,duplicate,0.7792744040489197,swimmer,FP
10456,10456.jpg,1,swimmer,0.70871,"[2074.78, 1219.69, 31.83, 32.55]",32.187986889521376,32-64,localization,0.47862955927848816,swimmer,FP
10456,10456.jpg,1,swimmer,0.64292,"[1830.46, 1313.0, 51.06, 46.37]",48.6585264881706,32-64,localization,0.4772736728191376,swimmer,FP
10458,10458.jpg,1,swimmer,0.21641,"[2229.24, 1267.15, 66.96, 59.19]",62.955241243283304,32-64,duplicate,0.51345294713974,swimmer,FP
10458,10458.jpg,3,jetski,0.10595,"[2402.98, 337.47, 256.75, 205.23]",229.54912872847066,>64,class_confusion,0.6988388299942017,boat,FP
10459,10459.jpg,3,jetski,0.15491,"[2396.26, 339.18, 221.64, 198.93]",209.9782017257982,>64,class_confusion,0.5285649299621582,boat,FP
10460,10460.jpg,1,swimmer,0.22258,"[2264.62, 1264.98, 46.68, 41.66]",44.09862582893032,32-64,duplicate,0.6863139867782593,swimmer,FP
10462,10462.jpg,1,swimmer,0.20532,"[2218.34, 1254.88, 83.34, 85.95]",84.6349395935272,>64,localization,0.2756267189979553,swimmer,FP
10463,10463.jpg,1,swimmer,0.13816,"[2170.45, 1286.25, 73.6, 65.59]",69.47966609015907,>64,duplicate,0.5041435360908508,swimmer,FP
10463,10463.jpg,1,swimmer,0.12307,"[2171.21, 1264.32, 89.03, 85.23]",87.10928136542053,>64,localization,0.2990429997444153,swimmer,FP
10464,10464.jpg,1,swimmer,0.78024,"[2293.36, 1326.73, 57.35, 76.37]",66.18020474431913,>64,localization,0.4907577633857727,swimmer,FP
10464,10464.jpg,1,swimmer,0.77961,"[3345.63, 1307.65, 141.6, 71.97]",100.95024517057895,>64,localization,0.4148372411727905,swimmer,FP
10464,10464.jpg,1,swimmer,0.7789,"[2391.21, 813.08, 55.43, 44.43]",49.626151372033675,32-64,localization,0.3153854310512543,swimmer,FP
10464,10464.jpg,1,swimmer,0.77625,"[1916.77, 1095.59, 32.28, 32.12]",32.199900620964655,32-64,localization,0.27710580825805664,swimmer,FP
10464,10464.jpg,1,swimmer,0.71948,"[781.81, 1309.06, 72.2, 55.21]",63.136059427240156,32-64,localization,0.47118622064590454,swimmer,FP
10464,10464.jpg,1,swimmer,0.44381,"[2151.97, 1277.9, 39.71, 43.88]",41.742961083277265,32-64,localization,0.33721551299095154,swimmer,FP
10465,10465.jpg,2,boat,0.9097,"[3255.22, 602.6, 252.53, 289.29]",270.2857815350264,>64,localization,0.2769167721271515,boat,FP
10465,10465.jpg,1,swimmer,0.84305,"[2309.22, 1148.76, 117.69, 91.88]",103.98729345453702,>64,localization,0.39378371834754944,swimmer,FP
10465,10465.jpg,1,swimmer,0.80109,"[2719.81, 1326.52, 87.57, 64.36]",75.07333214930586,>64,localization,0.14237207174301147,swimmer,FP
10465,10465.jpg,1,swimmer,0.78141,"[2853.54, 1420.87, 60.89, 71.18]",65.83426311579709,>64,localization,0.18320435285568237,swimmer,FP
10465,10465.jpg,1,swimmer,0.74618,"[1468.56, 946.69, 95.26, 55.95]",73.00545870001777,>64,localization,0.1463947296142578,swimmer,FP
10465,10465.jpg,1,swimmer,0.73911,"[2841.89, 1558.19, 69.72, 84.22]",76.6277913031558,>64,localization,0.21631422638893127,swimmer,FP
10465,10465.jpg,1,swimmer,0.72334,"[2584.0, 1173.32, 34.6, 32.25]",33.40434103526067,32-64,background,0.0,,FP
10465,10465.jpg,1,swimmer,0.70582,"[3180.09, 1097.72, 58.09, 59.66]",58.869766434053396,32-64,background,0.0,,FP
10465,10465.jpg,1,swimmer,0.64285,"[2658.79, 1449.8, 62.42, 53.97]",58.04142830771827,32-64,background,0.09451330453157425,,FP
10465,10465.jpg,1,swimmer,0.46699,"[2721.14, 1439.35, 49.89, 46.44]",48.134100178563635,32-64,localization,0.1092291846871376,swimmer,FP
10465,10465.jpg,1,swimmer,0.19114,"[2659.23, 1444.15, 95.08, 57.4]",73.87551691866528,>64,localization,0.2059565782546997,swimmer,FP
10465,10465.jpg,1,swimmer,0.18955,"[2690.66, 1441.15, 77.59, 50.95]",62.87456162869051,32-64,localization,0.19334529340267181,swimmer,FP
10465,10465.jpg,1,swimmer,0.14748,"[3068.5, 925.14, 45.43, 61.6]",52.90073723493842,32-64,background,0.0,,FP
10754,10754.jpg,1,swimmer,0.78298,"[1603.61, 1120.9, 72.46, 48.02]",58.98753427631977,32-64,localization,0.40667593479156494,swimmer,FP
10755,10755.jpg,1,swimmer,0.75849,"[1607.0, 1122.99, 65.68, 40.03]",51.27543661442582,32-64,localization,0.3449392318725586,swimmer,FP
10756,10756.jpg,1,swimmer,0.68452,"[1602.37, 1118.98, 67.51, 41.42]",52.87971444703536,32-64,localization,0.3837262690067291,swimmer,FP
10756,10756.jpg,1,swimmer,0.39344,"[1600.58, 1119.75, 74.6, 53.05]",62.90890239067917,32-64,localization,0.27112871408462524,swimmer,FP
10757,10757.jpg,1,swimmer,0.76153,"[1589.88, 1112.76, 81.41, 47.74]",62.34190725346795,32-64,localization,0.2659786343574524,swimmer,FP
10758,10758.jpg,1,swimmer,0.78243,"[1588.5, 1113.17, 81.02, 40.11]",57.006247026093554,32-64,localization,0.30025163292884827,swimmer,FP
10759,10759.jpg,1,swimmer,0.74346,"[1594.34, 1110.9, 62.98, 37.75]",48.75956316457316,32-64,localization,0.28662365674972534,swimmer,FP
10760,10760.jpg,1,swimmer,0.74049,"[1579.99, 1104.75, 74.08, 46.41]",58.634911102516384,32-64,localization,0.1919691264629364,swimmer,FP
10761,10761.jpg,1,swimmer,0.72726,"[1566.65, 1101.16, 84.6, 45.33]",61.92671475219721,32-64,localization,0.26038265228271484,swimmer,FP
10762,10762.jpg,1,swimmer,0.76006,"[1573.67, 1107.78, 68.78, 36.82]",50.32374787314633,32-64,localization,0.35855546593666077,swimmer,FP
10763,10763.jpg,1,swimmer,0.78945,"[1568.36, 1102.15, 67.3, 38.04]",50.597351709353326,32-64,localization,0.23314540088176727,swimmer,FP
10764,10764.jpg,1,swimmer,0.73342,"[1558.55, 1092.96, 72.39, 44.4]",56.693174192313485,32-64,localization,0.20749323070049286,swimmer,FP
10765,10765.jpg,1,swimmer,0.79534,"[1547.43, 1089.74, 86.75, 45.2]",62.61868730658605,32-64,localization,0.29443567991256714,swimmer,FP
10766,10766.jpg,1,swimmer,0.79333,"[1564.97, 1091.88, 60.88, 38.56]",48.45134466658279,32-64,localization,0.3688332140445709,swimmer,FP
10767,10767.jpg,1,swimmer,0.69686,"[1557.17, 1088.98, 62.27, 40.15]",50.001404980260304,32-64,localization,0.24358630180358887,swimmer,FP
10768,10768.jpg,1,swimmer,0.7555,"[1545.72, 1083.78, 72.44, 44.08]",56.5080100516732,32-64,localization,0.23889091610908508,swimmer,FP
10769,10769.jpg,1,swimmer,0.77289,"[1545.58, 1083.39, 69.3, 37.91]",51.25585820177045,32-64,localization,0.3657570779323578,swimmer,FP
10770,10770.jpg,1,swimmer,0.70481,"[1555.37, 1079.43, 54.11, 33.79]",42.759524085284205,32-64,localization,0.3074932098388672,swimmer,FP
10771,10771.jpg,1,swimmer,0.73005,"[1541.84, 1074.85, 68.29, 39.15]",51.706416429685014,32-64,localization,0.19878773391246796,swimmer,FP
10772,10772.jpg,1,swimmer,0.73146,"[1533.58, 1068.46, 70.31, 48.72]",58.52779852343671,32-64,localization,0.262227326631546,swimmer,FP
10773,10773.jpg,1,swimmer,0.73653,"[1534.59, 1073.57, 67.04, 40.7]",52.23531372548652,32-64,localization,0.3960547149181366,swimmer,FP
10774,10774.jpg,1,swimmer,0.77252,"[1547.6, 1072.54, 52.59, 37.18]",44.2187313250844,32-64,localization,0.2862915098667145,swimmer,FP
10775,10775.jpg,1,swimmer,0.69771,"[1539.88, 1066.5, 60.97, 47.53]",53.832184611067014,32-64,localization,0.18750618398189545,swimmer,FP
10776,10776.jpg,1,swimmer,0.54706,"[1529.87, 1067.85, 68.24, 41.9]",53.47201137043565,32-64,localization,0.2208993285894394,swimmer,FP
10783,10783.jpg,2,boat,0.2718,"[900.87, 606.88, 160.43, 77.97]",111.84242084289842,>64,duplicate,0.7352374792098999,boat,FP
10808,10808.jpg,2,boat,0.88342,"[0.42, 1483.02, 160.42, 175.79]",167.92924641050467,>64,background,0.0,,FP
10810,10810.jpg,2,boat,0.11418,"[0.06, 1554.78, 104.96, 310.0]",180.38181726548825,>64,localization,0.45473045110702515,boat,FP
10811,10811.jpg,2,boat,0.58678,"[0.14, 1598.47, 76.35, 191.9]",121.04364915186586,>64,background,0.0,,FP
10811,10811.jpg,2,boat,0.1377,"[0.38, 1578.31, 76.61, 291.04]",149.32037503301416,>64,background,0.0,,FP
11581,11581.jpg,1,swimmer,0.17565,"[1937.57, 1499.43, 72.8, 74.69]",73.73894493413911,>64,duplicate,0.5248188972473145,swimmer,FP
11581,11581.jpg,1,swimmer,0.15375,"[1931.28, 1515.97, 86.21, 109.09]",96.977569055942,>64,localization,0.41297945380210876,swimmer,FP
11582,11582.jpg,1,swimmer,0.11994,"[1962.59, 1520.07, 69.76, 71.2]",70.47632226499904,>64,duplicate,0.7326406836509705,swimmer,FP
11583,11583.jpg,1,swimmer,0.12699,"[1973.37, 1529.77, 71.76, 83.56]",77.43555772382608,>64,duplicate,0.8516213893890381,swimmer,FP
11585,11585.jpg,1,swimmer,0.10849,"[1955.96, 1503.25, 65.67, 78.9]",71.98168517060434,>64,duplicate,0.6730190515518188,swimmer,FP
11589,11589.jpg,1,swimmer,0.63636,"[2111.29, 1632.65, 98.53, 155.63]",123.83143340848477,>64,localization,0.41482678055763245,swimmer,FP
11590,11590.jpg,1,swimmer,0.69068,"[2095.15, 1656.39, 129.43, 140.48]",134.84185700293511,>64,localization,0.45098745822906494,swimmer,FP
11591,11591.jpg,1,swimmer,0.61597,"[2103.67, 1651.53, 116.73, 151.12]",132.81655619688382,>64,localization,0.4208853542804718,swimmer,FP
11592,11592.jpg,1,swimmer,0.45783,"[2096.33, 1560.42, 122.72, 138.0]",130.13592893586306,>64,localization,0.3716906011104584,swimmer,FP
11592,11592.jpg,1,swimmer,0.14212,"[1783.64, 1527.54, 90.01, 85.45]",87.70036773012984,>64,duplicate,0.5426453948020935,swimmer,FP
11597,11597.jpg,1,swimmer,0.13596,"[2186.11, 1152.39, 78.63, 70.37]",74.38543607454352,>64,duplicate,0.5801295042037964,swimmer,FP
11604,11604.jpg,1,swimmer,0.70447,"[1891.93, 1130.98, 99.8, 84.26]",91.70140675038743,>64,localization,0.48574164509773254,swimmer,FP
11610,11610.jpg,1,swimmer,0.74869,"[1821.71, 1242.51, 144.77, 65.99]",97.74135409334167,>64,localization,0.350452184677124,swimmer,FP
11611,11611.jpg,1,swimmer,0.58867,"[1837.03, 1241.59, 116.08, 70.95]",90.75172725628973,>64,localization,0.45921042561531067,swimmer,FP
11612,11612.jpg,1,swimmer,0.71328,"[1828.18, 1243.5, 121.04, 81.06]",99.05302822226083,>64,localization,0.4239921569824219,swimmer,FP
11614,11614.jpg,1,swimmer,0.78883,"[1817.17, 1269.61, 134.97, 83.43]",106.115725036396,>64,localization,0.4098379909992218,swimmer,FP
11617,11617.jpg,1,swimmer,0.63001,"[1710.43, 1236.13, 120.86, 87.58]",102.88303455866763,>64,localization,0.48045146465301514,swimmer,FP
11618,11618.jpg,1,swimmer,0.24431,"[1669.35, 1224.4, 62.98, 72.04]",67.35784438356085,>64,duplicate,0.8335566520690918,swimmer,FP
11619,11619.jpg,1,swimmer,0.74417,"[1791.67, 1222.68, 121.56, 79.5]",98.30574754306078,>64,localization,0.48240795731544495,swimmer,FP
11620,11620.jpg,1,swimmer,0.75123,"[1756.52, 1226.08, 122.14, 75.58]",96.07986885919442,>64,localization,0.4890565276145935,swimmer,FP
11623,11623.jpg,1,swimmer,0.55729,"[1710.17, 1199.06, 55.62, 53.09]",54.340277879304224,32-64,localization,0.4219423234462738,swimmer,FP
12008,12008.jpg,1,swimmer,0.72495,"[3637.89, 765.22, 34.76, 36.69]",35.711964381702664,32-64,localization,0.45707079768180847,swimmer,FP
12009,12009.jpg,1,swimmer,0.73808,"[3500.45, 773.04, 34.83, 35.08]",34.95477649764049,32-64,localization,0.4522307813167572,swimmer,FP
12010,12010.jpg,1,swimmer,0.71729,"[3322.74, 781.48, 33.93, 29.36]",31.56239534636115,16-32,localization,0.426841676235199,swimmer,FP
12011,12011.jpg,1,swimmer,0.75776,"[3111.57, 787.99, 29.63, 32.83]",31.1889868383056,16-32,localization,0.32628223299980164,swimmer,FP
12012,12012.jpg,1,swimmer,0.72269,"[2869.36, 787.12, 28.44, 29.02]",28.728536335845583,16-32,localization,0.18984383344650269,swimmer,FP
12013,12013.jpg,1,swimmer,0.68017,"[2624.24, 764.31, 28.4, 27.5]",27.94637722496424,16-32,localization,0.20262745022773743,swimmer,FP
12014,12014.jpg,1,swimmer,0.72464,"[2397.39, 725.26, 29.77, 30.74]",30.251112376241636,16-32,localization,0.3221733272075653,swimmer,FP
12015,12015.jpg,1,swimmer,0.75356,"[2204.53, 675.62, 30.44, 29.59]",30.011990936957183,16-32,localization,0.3633194863796234,swimmer,FP
12016,12016.jpg,1,swimmer,0.66276,"[2037.13, 628.44, 30.05, 30.61]",30.328707522741553,16-32,localization,0.4279896914958954,swimmer,FP
12016,12016.jpg,1,swimmer,0.28472,"[2139.31, 647.78, 88.9, 29.61]",51.30622769216229,32-64,duplicate,0.8225146532058716,swimmer,FP
12018,12018.jpg,1,swimmer,0.14112,"[1783.59, 551.76, 30.94, 27.01]",28.908292927808798,16-32,localization,0.3917423188686371,swimmer,FP
12019,12019.jpg,1,swimmer,0.11208,"[1688.85, 507.31, 28.23, 27.18]",27.700025270746593,16-32,localization,0.4502955973148346,swimmer,FP
12020,12020.jpg,3,jetski,0.80677,"[1930.48, 187.54, 48.48, 49.4]",48.93783812143728,32-64,background,0.017237655818462372,,FP
12020,12020.jpg,1,swimmer,0.61047,"[1712.96, 587.29, 71.34, 21.65]",39.30026717466435,32-64,background,0.0,,FP
12020,12020.jpg,1,swimmer,0.46125,"[1621.37, 574.5, 27.57, 23.29]",25.33979676319445,16-32,background,0.0,,FP
12021,12021.jpg,1,swimmer,0.58072,"[1697.34, 786.11, 33.0, 18.18]",24.493672652340237,16-32,localization,0.3571583926677704,swimmer,FP
12021,12021.jpg,1,swimmer,0.50291,"[1663.27, 779.12, 29.74, 19.56]",24.118756186835174,16-32,localization,0.33407390117645264,swimmer,FP
12021,12021.jpg,1,swimmer,0.15474,"[1571.48, 773.39, 25.49, 22.68]",24.043984694721463,16-32,duplicate,0.7037864923477173,swimmer,FP
12021,12021.jpg,1,swimmer,0.1143,"[1665.81, 780.74, 43.57, 23.38]",31.916556831838864,16-32,duplicate,0.6073899269104004,swimmer,FP
12023,12023.jpg,1,swimmer,0.61746,"[1650.87, 718.17, 35.86, 19.56]",26.484365199113228,16-32,localization,0.4688642919063568,swimmer,FP
12026,12026.jpg,3,jetski,0.79668,"[1776.87, 372.6, 38.28, 36.55]",37.40499966582008,32-64,localization,0.22222907841205597,jetski,FP
12026,12026.jpg,1,swimmer,0.66465,"[1508.07, 629.55, 28.38, 20.3]",24.002374882498607,16-32,background,0.0,,FP
12026,12026.jpg,1,swimmer,0.60022,"[1590.81, 632.89, 55.05, 19.9]",33.098262794291784,32-64,localization,0.3482603132724762,swimmer,FP
12027,12027.jpg,1,swimmer,0.60341,"[1398.52, 614.95, 27.1, 19.62]",23.058664315176628,16-32,localization,0.39784520864486694,swimmer,FP
12034,12034.jpg,5,buoy,0.39124,"[2015.21, 427.47, 27.46, 40.01]",33.14626072425063,32-64,class_confusion,0.7955039739608765,jetski,FP
12567,12567.jpg,1,swimmer,0.74254,"[1918.07, 1652.33, 105.44, 80.12]",91.91220158390288,>64,localization,0.4184364378452301,swimmer,FP
12568,12568.jpg,1,swimmer,0.25998,"[1920.08, 2145.49, 27.78, 14.51]",20.077046595552844,16-32,background,0.0,,FP
12569,12569.jpg,1,swimmer,0.71715,"[1953.17, 1665.39, 62.43, 99.54]",78.83071863176183,>64,localization,0.4796511232852936,swimmer,FP
12570,12570.jpg,1,swimmer,0.74855,"[1958.24, 1385.6, 55.77, 117.85]",81.07092265417978,>64,localization,0.44001367688179016,swimmer,FP
12571,12571.jpg,1,swimmer,0.73794,"[1960.76, 1093.14, 57.87, 98.74]",75.59155905258206,>64,localization,0.43962377309799194,swimmer,FP
12572,12572.jpg,1,swimmer,0.75366,"[1947.88, 818.18, 75.64, 101.81]",87.754819810652,>64,localization,0.41706186532974243,swimmer,FP
12574,12574.jpg,1,swimmer,0.75342,"[2316.22, 572.93, 63.08, 88.61]",74.76308447355552,>64,localization,0.36993151903152466,swimmer,FP
12580,12580.jpg,1,swimmer,0.76359,"[1805.16, 670.94, 62.3, 102.46]",79.89529397905736,>64,localization,0.34237951040267944,swimmer,FP
12583,12583.jpg,1,swimmer,0.70734,"[1532.25, 1959.68, 118.3, 98.28]",107.82636041339798,>64,localization,0.18976910412311554,swimmer,FP
12583,12583.jpg,1,swimmer,0.65948,"[1590.19, 1718.85, 70.4, 119.93]",91.88619047495658,>64,localization,0.3053332269191742,swimmer,FP
12583,12583.jpg,3,jetski,0.22149,"[1589.07, 1719.47, 72.05, 118.85]",92.53724925671824,>64,background,0.2993394136428833,,FP
12584,12584.jpg,3,jetski,0.15531,"[1584.25, 1961.63, 73.35, 120.56]",94.03763076556108,>64,class_confusion,0.8368794322013855,swimmer,FP
12585,12585.jpg,3,jetski,0.78073,"[1599.1, 1967.48, 73.25, 119.34]",93.49681812767749,>64,class_confusion,0.8849970698356628,swimmer,FP
12592,12592.jpg,5,buoy,0.75467,"[888.23, 1449.41, 14.39, 16.71]",15.506672757235835,<16,background,0.0,,FP
12592,12592.jpg,5,buoy,0.70242,"[487.71, 1622.79, 21.62, 29.37]",25.19879759036133,16-32,background,0.0,,FP
12594,12594.jpg,2,boat,0.8443,"[1126.98, 1705.49, 218.86, 69.36]",123.2076685925028,>64,localization,0.25269633531570435,boat,FP
12594,12594.jpg,5,buoy,0.77332,"[2637.5, 1421.4, 15.75, 17.83]",16.757759396769007,16-32,background,0.0,,FP
12594,12594.jpg,5,buoy,0.67988,"[2281.19, 1563.19, 17.83, 27.18]",22.01407277175216,16-32,background,0.0,,FP
12594,12594.jpg,2,boat,0.24193,"[1073.03, 1235.96, 29.89, 20.23]",24.59013420052847,16-32,background,0.0,,FP
13910,13910.jpg,1,swimmer,0.62016,"[403.88, 756.11, 51.52, 53.22]",52.36310151241999,32-64,localization,0.37183141708374023,swimmer,FP
13911,13911.jpg,1,swimmer,0.75001,"[332.35, 0.63, 26.25, 29.7]",27.921765703479426,16-32,localization,0.4966805577278137,swimmer,FP
13911,13911.jpg,1,swimmer,0.70699,"[392.95, 844.1, 82.51, 50.52]",64.56318765364672,>64,localization,0.20691987872123718,swimmer,FP
13914,13914.jpg,1,swimmer,0.74864,"[704.96, 394.12, 31.45, 31.75]",31.59964398533629,16-32,localization,0.38684868812561035,swimmer,FP
13914,13914.jpg,1,swimmer,0.69887,"[288.67, 292.63, 32.92, 36.67]",34.74444416018193,32-64,localization,0.48603183031082153,swimmer,FP
13914,13914.jpg,1,swimmer,0.117,"[247.46, 129.43, 59.12, 55.83]",57.45145428968704,32-64,duplicate,0.5907891392707825,swimmer,FP
13915,13915.jpg,1,swimmer,0.35683,"[937.92, 809.35, 36.28, 61.98]",47.419768029799556,32-64,localization,0.44777771830558777,swimmer,FP
13916,13916.jpg,1,swimmer,0.16633,"[197.39, 408.14, 61.7, 58.81]",60.2376709377114,32-64,duplicate,0.6134635806083679,swimmer,FP
13917,13917.jpg,1,swimmer,0.11739,"[693.86, 919.21, 51.19, 40.81]",45.706278562140675,32-64,localization,0.29352036118507385,swimmer,FP
13919,13919.jpg,1,swimmer,0.11826,"[729.02, 988.49, 43.55, 49.9]",46.61700333569287,32-64,localization,0.4109814167022705,swimmer,FP
13919,13919.jpg,1,swimmer,0.10902,"[730.3, 978.92, 41.92, 47.07]",44.420427733195005,32-64,localization,0.23218350112438202,swimmer,FP
13920,13920.jpg,1,swimmer,0.22152,"[663.29, 675.26, 17.57, 29.76]",22.866639455766123,16-32,localization,0.21550269424915314,swimmer,FP
13920,13920.jpg,1,swimmer,0.14326,"[709.82, 989.52, 54.95, 42.18]",48.14344192099273,32-64,localization,0.3613519072532654,swimmer,FP
13921,13921.jpg,1,swimmer,0.12151,"[718.85, 984.35, 42.18, 59.96]",50.290285344189485,32-64,localization,0.3970957100391388,swimmer,FP
13928,13928.jpg,1,swimmer,0.6822,"[478.93, 676.98, 31.14, 42.14]",36.224847825767334,32-64,localization,0.4498075842857361,swimmer,FP
13935,13935.jpg,1,swimmer,0.75767,"[1039.43, 296.16, 53.2, 44.24]",48.513585726062345,32-64,localization,0.3159492611885071,swimmer,FP
13935,13935.jpg,1,swimmer,0.73713,"[584.32, 273.44, 54.74, 44.14]",49.15509739589578,32-64,localization,0.44289329648017883,swimmer,FP
13937,13937.jpg,1,swimmer,0.11386,"[905.49, 324.04, 89.22, 46.82]",64.63188377263964,>64,duplicate,0.5731001496315002,swimmer,FP
13938,13938.jpg,1,swimmer,0.82925,"[892.08, 381.38, 99.56, 50.02]",70.56905270725971,>64,localization,0.16153503954410553,swimmer,FP
13938,13938.jpg,1,swimmer,0.76919,"[862.65, 507.26, 39.08, 45.04]",41.9542989454001,32-64,localization,0.2602708041667938,swimmer,FP
13938,13938.jpg,1,swimmer,0.70923,"[485.59, 394.11, 50.36, 41.98]",45.97948238073152,32-64,background,0.07133164256811142,,FP
13938,13938.jpg,1,swimmer,0.70226,"[938.1, 649.3, 29.48, 46.06]",36.84899998643111,32-64,localization,0.21234676241874695,swimmer,FP
13938,13938.jpg,1,swimmer,0.69448,"[1234.57, 974.14, 55.29, 69.14]",61.82839638871447,32-64,localization,0.3586850166320801,swimmer,FP
13938,13938.jpg,1,swimmer,0.68603,"[652.6, 530.92, 46.3, 37.6]",41.72385408851871,32-64,localization,0.14204898476600647,swimmer,FP
13940,13940.jpg,1,swimmer,0.1095,"[959.75, 915.67, 38.58, 53.24]",45.32106794858215,32-64,duplicate,0.6378934979438782,swimmer,FP
13947,13947.jpg,1,swimmer,0.52133,"[943.5, 994.37, 54.92, 38.32]",45.87520463169619,32-64,localization,0.48479604721069336,swimmer,FP
13947,13947.jpg,1,swimmer,0.21918,"[584.16, 575.22, 31.58, 28.6]",30.053086363966013,16-32,background,0.0,,FP
13948,13948.jpg,1,swimmer,0.74233,"[1047.2, 887.16, 48.71, 50.72]",49.70484081052871,32-64,localization,0.4195941984653473,swimmer,FP
13951,13951.jpg,1,swimmer,0.76179,"[373.57, 344.11, 72.9, 57.26]",64.60846693739141,>64,localization,0.4305146038532257,swimmer,FP
13953,13953.jpg,1,swimmer,0.79061,"[1074.85, 373.98, 32.13, 27.22]",29.573275097628265,16-32,localization,0.431383341550827,swimmer,FP
13953,13953.jpg,1,swimmer,0.70358,"[719.49, 245.65, 55.95, 43.6]",49.39048491359444,32-64,localization,0.49862781167030334,swimmer,FP
13954,13954.jpg,1,swimmer,0.79739,"[1340.95, 429.66, 27.58, 26.31]",26.937516589322037,16-32,localization,0.32105183601379395,swimmer,FP
13954,13954.jpg,1,swimmer,0.69872,"[1018.15, 225.14, 49.05, 44.89]",46.923922470313585,32-64,localization,0.4203428328037262,swimmer,FP
13955,13955.jpg,1,swimmer,0.81601,"[1584.25, 534.03, 33.27, 28.4]",30.73870524273916,16-32,localization,0.3973165452480316,swimmer,FP
13959,13959.jpg,1,swimmer,0.74205,"[1606.71, 531.6, 44.07, 56.71]",49.99209637532717,32-64,localization,0.434137225151062,swimmer,FP
13961,13961.jpg,1,swimmer,0.77324,"[766.33, 979.06, 36.03, 36.2]",36.114899972172154,32-64,localization,0.4616071283817291,swimmer,FP
13961,13961.jpg,1,swimmer,0.61228,"[1545.09, 426.06, 62.2, 52.72]",57.264159820956074,32-64,localization,0.4536055326461792,swimmer,FP
13962,13962.jpg,1,swimmer,0.59094,"[1504.11, 372.66, 49.0, 42.92]",45.85935019164576,32-64,localization,0.4961267411708832,swimmer,FP
13963,13963.jpg,1,swimmer,0.18428,"[1381.48, 107.46, 40.74, 48.11]",44.27190305374279,32-64,duplicate,0.6632126569747925,swimmer,FP
13965,13965.jpg,1,swimmer,0.13347,"[1475.66, 286.53, 35.51, 54.35]",43.93140676099503,32-64,localization,0.4936303198337555,swimmer,FP
13968,13968.jpg,1,swimmer,0.53763,"[1408.53, 300.27, 33.33, 49.8]",40.74106036911656,32-64,duplicate,0.8453465700149536,swimmer,FP
13969,13969.jpg,1,swimmer,0.71735,"[405.2, 653.24, 55.5, 34.91]",44.017098950294304,32-64,localization,0.4190957248210907,swimmer,FP
13969,13969.jpg,1,swimmer,0.54103,"[1402.81, 298.08, 36.91, 54.91]",45.01919701638402,32-64,duplicate,0.8620143532752991,swimmer,FP
13971,13971.jpg,1,swimmer,0.28653,"[1405.9, 324.8, 37.63, 36.28]",36.94883489367425,32-64,duplicate,0.5807903409004211,swimmer,FP
13971,13971.jpg,1,swimmer,0.14427,"[1176.76, 214.77, 40.3, 36.58]",38.394973629369765,32-64,localization,0.4262665808200836,swimmer,FP
13972,13972.jpg,1,swimmer,0.65507,"[1413.62, 328.18, 35.97, 31.91]",33.87923700439548,32-64,localization,0.4828295409679413,swimmer,FP
13974,13974.jpg,1,swimmer,0.74696,"[1191.8, 204.22, 41.72, 29.15]",34.873170202893796,32-64,localization,0.4873240292072296,swimmer,FP
13975,13975.jpg,1,swimmer,0.13197,"[1224.86, 26.01, 41.47, 35.15]",38.17945127945136,32-64,duplicate,0.7802248597145081,swimmer,FP
13976,13976.jpg,1,swimmer,0.34841,"[381.79, 632.74, 31.05, 34.69]",32.81957495154378,32-64,localization,0.4454606771469116,swimmer,FP
13976,13976.jpg,1,swimmer,0.20939,"[384.19, 631.67, 37.9, 57.4]",46.64182672237442,32-64,duplicate,0.7243215441703796,swimmer,FP
13978,13978.jpg,1,swimmer,0.70559,"[1232.32, 196.16, 32.59, 27.42]",29.89344075211149,16-32,localization,0.4991985857486725,swimmer,FP
13979,13979.jpg,1,swimmer,0.1155,"[1237.96, 188.22, 26.88, 27.26]",27.069333201983383,16-32,localization,0.45871421694755554,swimmer,FP
13980,13980.jpg,1,swimmer,0.11441,"[1225.91, 181.21, 27.03, 29.36]",28.170921177696695,16-32,duplicate,0.6821218729019165,swimmer,FP
13983,13983.jpg,1,swimmer,0.11178,"[1244.51, 0.22, 35.63, 44.92]",40.00624451257578,32-64,duplicate,0.8553345799446106,swimmer,FP
13989,13989.jpg,1,swimmer,0.71614,"[784.93, 798.13, 52.51, 29.06]",39.06328967201815,32-64,localization,0.4838113486766815,swimmer,FP
13989,13989.jpg,1,swimmer,0.13363,"[1256.73, 190.96, 24.24, 27.49]",25.81390323062361,16-32,duplicate,0.5085699558258057,swimmer,FP
13992,13992.jpg,1,swimmer,0.2583,"[1450.55, 330.28, 58.07, 37.0]",46.35288556282122,32-64,duplicate,0.508661687374115,swimmer,FP
13995,13995.jpg,1,swimmer,0.74158,"[1262.99, 18.04, 59.66, 33.85]",44.93874720105134,32-64,localization,0.4309532940387726,swimmer,FP
13995,13995.jpg,1,swimmer,0.5687,"[1268.95, 191.21, 22.76, 25.99]",24.321439102158408,16-32,localization,0.4344278573989868,swimmer,FP
14000,14000.jpg,1,swimmer,0.72352,"[1416.16, 300.04, 74.49, 40.27]",54.7696293578841,32-64,localization,0.29179179668426514,swimmer,FP
14008,14008.jpg,1,swimmer,0.73541,"[363.45, 593.92, 53.84, 28.93]",39.46632995351861,32-64,localization,0.46748510003089905,swimmer,FP
14010,14010.jpg,1,swimmer,0.68318,"[362.27, 593.6, 44.62, 37.12]",40.697596980657224,32-64,localization,0.49629148840904236,swimmer,FP
14011,14011.jpg,1,swimmer,0.75331,"[361.12, 592.51, 29.38, 26.08]",27.68086703844372,16-32,localization,0.4075697958469391,swimmer,FP
14012,14012.jpg,1,swimmer,0.73404,"[1323.11, 31.39, 57.83, 30.24]",41.81840743022144,32-64,localization,0.452117383480072,swimmer,FP
14012,14012.jpg,1,swimmer,0.16817,"[1302.57, 172.86, 33.7, 45.71]",39.2482738473936,32-64,localization,0.47778961062431335,swimmer,FP
14013,14013.jpg,1,swimmer,0.16569,"[1302.3, 167.82, 33.68, 54.12]",42.69381219802232,32-64,localization,0.46358025074005127,swimmer,FP
14017,14017.jpg,1,swimmer,0.11978,"[1323.91, 134.12, 34.05, 41.01]",37.368308765583706,32-64,duplicate,0.6558141708374023,swimmer,FP
14021,14021.jpg,1,swimmer,0.53236,"[1372.01, 43.76, 53.86, 29.98]",40.1836135756853,32-64,duplicate,0.5412178039550781,swimmer,FP
14022,14022.jpg,1,swimmer,0.5435,"[1388.52, 45.92, 42.38, 23.99]",31.885673899103967,16-32,localization,0.4150804877281189,swimmer,FP
14023,14023.jpg,1,swimmer,0.70717,"[1399.8, 40.44, 36.36, 26.36]",30.95883718746555,16-32,localization,0.3757689297199249,swimmer,FP
14023,14023.jpg,1,swimmer,0.2722,"[1372.59, 106.77, 35.79, 41.65]",38.608982115564764,32-64,duplicate,0.8825508952140808,swimmer,FP
14024,14024.jpg,1,swimmer,0.12509,"[1388.04, 32.02, 49.16, 29.44]",38.04300724180464,32-64,duplicate,0.5016339421272278,swimmer,FP
14027,14027.jpg,1,swimmer,0.7155,"[848.1, 672.67, 37.87, 30.9]",34.20793767534079,32-64,localization,0.48195385932922363,swimmer,FP
14027,14027.jpg,1,swimmer,0.13161,"[1387.77, 126.06, 56.35, 35.65]",44.82050312078168,32-64,duplicate,0.7630140781402588,swimmer,FP
14028,14028.jpg,1,swimmer,0.75331,"[851.94, 663.75, 39.75, 31.56]",35.4190626640514,32-64,localization,0.49740535020828247,swimmer,FP
14030,14030.jpg,1,swimmer,0.44096,"[1463.62, 254.05, 42.18, 41.12]",41.64662771461814,32-64,duplicate,0.9066687822341919,swimmer,FP
14030,14030.jpg,1,swimmer,0.10542,"[1414.78, 74.7, 23.33, 32.33]",27.463774321822555,16-32,localization,0.47861549258232117,swimmer,FP
14032,14032.jpg,1,swimmer,0.23893,"[1468.19, 256.67, 42.55, 45.08]",43.796735038128126,32-64,duplicate,0.8053098917007446,swimmer,FP
14033,14033.jpg,1,swimmer,0.70716,"[1406.08, 126.1, 37.84, 51.2]",44.01599709196647,32-64,localization,0.41860607266426086,swimmer,FP
14034,14034.jpg,1,swimmer,0.32125,"[1405.45, 127.53, 37.14, 52.35]",44.093979180836016,32-64,localization,0.3976708650588989,swimmer,FP
14037,14037.jpg,1,swimmer,0.16275,"[1390.39, 120.87, 41.27, 35.06]",38.03848314536215,32-64,localization,0.48437216877937317,swimmer,FP
14038,14038.jpg,1,swimmer,0.59919,"[1426.51, 74.75, 23.58, 24.91]",24.23587836246089,16-32,localization,0.45286014676094055,swimmer,FP
14040,14040.jpg,1,swimmer,0.62014,"[1281.19, 427.65, 28.08, 32.07]",30.00875872141332,16-32,localization,0.29937633872032166,swimmer,FP
14046,14046.jpg,1,swimmer,0.13577,"[443.0, 487.78, 29.19, 23.41]",26.140732583460625,16-32,duplicate,0.6143721342086792,swimmer,FP
14052,14052.jpg,1,swimmer,0.77672,"[1386.77, 173.38, 45.82, 34.16]",39.562750157187,32-64,localization,0.42614057660102844,swimmer,FP
14055,14055.jpg,1,swimmer,0.25988,"[1453.06, 0.0, 22.98, 6.94]",12.628586619253953,<16,background,0.0,,FP
14055,14055.jpg,1,swimmer,0.10341,"[1448.97, 0.0, 27.3, 6.47]",13.290259591144185,<16,background,0.0,,FP
14056,14056.jpg,1,swimmer,0.53019,"[1455.74, 0.0, 27.77, 7.19]",14.130332621704275,<16,background,0.0,,FP
14057,14057.jpg,1,swimmer,0.48209,"[1462.23, 0.0, 21.74, 6.91]",12.256565587471883,<16,background,0.0,,FP
14057,14057.jpg,1,swimmer,0.10326,"[446.42, 469.79, 30.67, 25.85]",28.157050626796835,16-32,duplicate,0.6619480848312378,swimmer,FP
14062,14062.jpg,1,swimmer,0.10165,"[422.46, 464.34, 29.56, 26.21]",27.834647473966687,16-32,duplicate,0.7312200665473938,swimmer,FP
14065,14065.jpg,1,swimmer,0.69817,"[1213.24, 337.97, 65.22, 50.61]",57.45245164481669,32-64,localization,0.4487908184528351,swimmer,FP
14066,14066.jpg,1,swimmer,0.74504,"[1385.38, 170.89, 30.5, 25.37]",27.816991210409512,16-32,localization,0.4089771509170532,swimmer,FP
14066,14066.jpg,1,swimmer,0.14625,"[1461.93, 26.08, 31.71, 32.22]",31.96398285570808,16-32,localization,0.42282623052597046,swimmer,FP
14066,14066.jpg,1,swimmer,0.13046,"[1464.59, 28.72, 35.44, 31.82]",33.58125667690237,32-64,localization,0.3830803334712982,swimmer,FP
14066,14066.jpg,1,swimmer,0.11311,"[445.54, 460.35, 24.78, 25.17]",24.97423872713641,16-32,duplicate,0.7357168793678284,swimmer,FP
14066,14066.jpg,1,swimmer,0.10436,"[435.31, 460.08, 26.04, 25.31]",25.672405419048676,16-32,duplicate,0.596575915813446,swimmer,FP
14067,14067.jpg,1,swimmer,0.15147,"[1460.34, 35.55, 34.89, 34.68]",34.78484152615906,32-64,localization,0.42397212982177734,swimmer,FP
14069,14069.jpg,1,swimmer,0.28658,"[1464.75, 36.43, 34.87, 30.07]",32.38118126319668,32-64,localization,0.4711308777332306,swimmer,FP
14070,14070.jpg,1,swimmer,0.53499,"[1468.71, 29.05, 34.38, 33.44]",33.90674269227288,32-64,localization,0.3548853099346161,swimmer,FP
14071,14071.jpg,1,swimmer,0.15676,"[1476.12, 37.79, 31.98, 29.49]",30.709773688518123,16-32,localization,0.42061367630958557,swimmer,FP
14072,14072.jpg,1,swimmer,0.12927,"[1490.08, 32.59, 20.02, 24.46]",22.128922251207808,16-32,duplicate,0.6336800456047058,swimmer,FP
14073,14073.jpg,1,swimmer,0.30029,"[1477.65, 22.12, 34.48, 36.58]",35.51448155330442,32-64,localization,0.3464738428592682,swimmer,FP
14074,14074.jpg,1,swimmer,0.25995,"[1382.22, 169.6, 32.97, 35.85]",34.37985602064092,32-64,duplicate,0.6704590320587158,swimmer,FP
14075,14075.jpg,1,swimmer,0.1417,"[1477.62, 16.12, 31.91, 38.75]",35.16407968367721,32-64,localization,0.37201404571533203,swimmer,FP
14076,14076.jpg,1,swimmer,0.23117,"[1476.2, 18.82, 28.82, 31.67]",30.211411751190973,16-32,localization,0.47330567240715027,swimmer,FP
14078,14078.jpg,1,swimmer,0.1469,"[1391.97, 89.45, 23.26, 27.12]",25.11595508834972,16-32,localization,0.45912498235702515,swimmer,FP
14079,14079.jpg,1,swimmer,0.62972,"[1480.55, 22.7, 28.37, 31.43]",29.86082885654717,16-32,localization,0.49345654249191284,swimmer,FP
14080,14080.jpg,1,swimmer,0.64512,"[875.55, 536.51, 42.43, 38.37]",40.34896652951597,32-64,localization,0.4913887083530426,swimmer,FP
14080,14080.jpg,1,swimmer,0.54059,"[1487.13, 25.19, 40.42, 32.57]",36.283321237174526,32-64,localization,0.4018293023109436,swimmer,FP
14081,14081.jpg,1,swimmer,0.12065,"[1547.55, 154.16, 32.99, 28.94]",30.898715183644775,16-32,duplicate,0.6132766604423523,swimmer,FP
14082,14082.jpg,1,swimmer,0.60669,"[1230.72, 330.99, 28.3, 29.26]",28.775996941895865,16-32,localization,0.4516592025756836,swimmer,FP
14083,14083.jpg,1,swimmer,0.65141,"[1229.0, 332.55, 30.01, 29.59]",29.79926005792761,16-32,localization,0.4459480345249176,swimmer,FP
14083,14083.jpg,1,swimmer,0.16005,"[1560.18, 141.67, 30.82, 27.6]",29.16559617083114,16-32,duplicate,0.6537488102912903,swimmer,FP
14084,14084.jpg,1,swimmer,0.10214,"[1567.87, 140.64, 31.66, 28.2]",29.87995983933044,16-32,duplicate,0.6144723296165466,swimmer,FP
14085,14085.jpg,1,swimmer,0.1344,"[1573.78, 137.55, 31.05, 27.29]",29.109354166659212,16-32,duplicate,0.5157370567321777,swimmer,FP
14085,14085.jpg,1,swimmer,0.10384,"[1275.35, 277.72, 27.84, 24.95]",26.355416900515916,16-32,localization,0.45533785223960876,swimmer,FP
14085,14085.jpg,1,swimmer,0.10371,"[1587.93, 137.79, 29.94, 27.0]",28.432024198076366,16-32,duplicate,0.5916913747787476,swimmer,FP
14086,14086.jpg,1,swimmer,0.11614,"[1592.81, 133.85, 31.46, 26.54]",28.895473693988823,16-32,duplicate,0.568941056728363,swimmer,FP
14087,14087.jpg,1,swimmer,0.14627,"[1595.61, 131.76, 28.36, 24.59]",26.40780945099385,16-32,duplicate,0.5371962785720825,swimmer,FP
15338,15338.jpg,1,swimmer,0.72934,"[687.88, 256.1, 28.5, 38.92]",33.30495458636748,32-64,localization,0.345228910446167,swimmer,FP
15338,15338.jpg,1,swimmer,0.68624,"[545.55, 240.13, 33.0, 36.16]",34.54388513181458,32-64,localization,0.36956292390823364,swimmer,FP
15338,15338.jpg,1,swimmer,0.62633,"[1246.47, 244.53, 39.73, 30.72]",34.93573528637976,32-64,localization,0.38246944546699524,swimmer,FP
15338,15338.jpg,1,swimmer,0.62329,"[275.41, 647.15, 30.98, 43.32]",36.63404973518489,32-64,localization,0.36379513144493103,swimmer,FP
15339,15339.jpg,1,swimmer,0.67702,"[1423.3, 11.4, 121.1, 60.18]",85.36860078506616,>64,localization,0.44318002462387085,swimmer,FP
15339,15339.jpg,1,swimmer,0.50369,"[1524.45, 47.56, 22.92, 22.58]",22.7493648262979,16-32,background,0.0,,FP
15339,15339.jpg,1,swimmer,0.45136,"[241.36, 11.73, 72.63, 66.08]",69.27763275401375,>64,localization,0.1587449014186859,swimmer,FP
15339,15339.jpg,1,swimmer,0.1881,"[242.29, 11.08, 103.48, 69.22]",84.63383247850709,>64,localization,0.11289111524820328,swimmer,FP
15340,15340.jpg,1,swimmer,0.34659,"[419.8, 1.36, 83.31, 50.92]",65.1317526249678,>64,duplicate,0.6447029113769531,swimmer,FP
15342,15342.jpg,1,swimmer,0.12354,"[369.95, 0.0, 120.85, 45.44]",74.10414293411671,>64,duplicate,0.5201690196990967,swimmer,FP
15342,15342.jpg,1,swimmer,0.12216,"[1461.61, 521.81, 104.74, 82.39]",92.89525606832676,>64,duplicate,0.5449524521827698,swimmer,FP
15346,15346.jpg,1,swimmer,0.10131,"[1124.83, 469.83, 80.18, 100.03]",89.55671610772696,>64,localization,0.3911987245082855,swimmer,FP
15352,15352.jpg,1,swimmer,0.35135,"[891.33, 171.2, 51.35, 49.34]",50.33496796462674,32-64,duplicate,0.5063365697860718,swimmer,FP
15354,15354.jpg,1,swimmer,0.6832,"[1259.02, 468.85, 55.25, 82.22]",67.3992210637482,>64,localization,0.4436980187892914,swimmer,FP
15355,15355.jpg,1,swimmer,0.70941,"[1399.76, 540.95, 88.73, 87.1]",87.91122226428205,>64,localization,0.2842405140399933,swimmer,FP
15356,15356.jpg,1,swimmer,0.70723,"[1542.61, 587.46, 101.74, 96.7]",99.18799322498666,>64,localization,0.36225926876068115,swimmer,FP
15356,15356.jpg,1,swimmer,0.2232,"[414.07, 672.04, 60.62, 94.57]",75.71547662136189,>64,localization,0.4288314878940582,swimmer,FP
15356,15356.jpg,1,swimmer,0.17552,"[0.0, 433.36, 172.57, 646.64]",334.051889382473,>64,localization,0.10094033926725388,swimmer,FP
15356,15356.jpg,1,swimmer,0.12938,"[415.39, 675.46, 53.13, 71.46]",61.617122620258726,32-64,localization,0.45367416739463806,swimmer,FP
15356,15356.jpg,1,swimmer,0.11604,"[417.76, 670.05, 75.32, 98.87]",86.29535561083226,>64,localization,0.4866887032985687,swimmer,FP
15356,15356.jpg,1,swimmer,0.10007,"[411.83, 680.6, 74.8, 105.19]",88.70294245401332,>64,localization,0.43377986550331116,swimmer,FP
15357,15357.jpg,1,swimmer,0.75153,"[1622.8, 511.51, 114.12, 90.01]",101.35058559278285,>64,localization,0.30832263827323914,swimmer,FP
15357,15357.jpg,1,swimmer,0.38788,"[156.28, 556.92, 77.41, 72.21]",74.76480522277845,>64,localization,0.3739223778247833,swimmer,FP
15357,15357.jpg,1,swimmer,0.22237,"[147.32, 554.77, 135.68, 120.72]",127.98159867730986,>64,localization,0.4986918270587921,swimmer,FP
15358,15358.jpg,1,swimmer,0.64967,"[644.95, 348.56, 108.83, 105.95]",107.38034503576527,>64,localization,0.42692074179649353,swimmer,FP
15358,15358.jpg,1,swimmer,0.20849,"[290.23, 327.86, 61.77, 79.01]",69.86020111622926,>64,localization,0.32407066226005554,swimmer,FP
15359,15359.jpg,1,swimmer,0.77032,"[1046.15, 889.64, 149.33, 154.41]",151.84875797977406,>64,localization,0.3419376313686371,swimmer,FP
15359,15359.jpg,1,swimmer,0.31595,"[426.42, 13.52, 43.17, 66.82]",53.70865293414088,32-64,localization,0.21527016162872314,swimmer,FP
15359,15359.jpg,1,swimmer,0.12909,"[427.76, 12.65, 62.63, 71.25]",66.80110403279275,>64,localization,0.33301404118537903,swimmer,FP
15359,15359.jpg,1,swimmer,0.12079,"[428.9, 12.72, 41.3, 51.18]",45.975362967572096,32-64,localization,0.15774129331111908,swimmer,FP
15360,15360.jpg,1,swimmer,0.11131,"[37.34, 433.66, 48.59, 54.78]",51.5922494179116,32-64,duplicate,0.5520437359809875,swimmer,FP
15361,15361.jpg,1,swimmer,0.10151,"[0.0, 0.0, 169.66, 861.24]",382.2538141078516,>64,background,0.033630356192588806,,FP
15363,15363.jpg,1,swimmer,0.16848,"[88.35, 88.33, 64.11, 60.55]",62.304578483446946,32-64,localization,0.3807431161403656,swimmer,FP
15364,15364.jpg,1,swimmer,0.13819,"[65.68, 104.05, 56.92, 69.0]",62.669609859963224,32-64,duplicate,0.6808314919471741,swimmer,FP
15365,15365.jpg,1,swimmer,0.68565,"[433.41, 284.23, 35.99, 47.03]",41.141338091996964,32-64,localization,0.1750922054052353,swimmer,FP
15365,15365.jpg,1,swimmer,0.60405,"[1555.38, 156.1, 68.31, 65.97]",67.12980485596543,>64,localization,0.38262876868247986,swimmer,FP
15365,15365.jpg,1,swimmer,0.50539,"[1600.72, 87.73, 50.65, 41.54]",45.869390665235564,32-64,localization,0.219112366437912,swimmer,FP
15365,15365.jpg,1,swimmer,0.32452,"[1789.77, 195.35, 48.76, 53.84]",51.237080322750636,32-64,localization,0.11319674551486969,swimmer,FP
15366,15366.jpg,1,swimmer,0.72893,"[828.32, 159.3, 37.92, 30.74]",34.14177499779412,32-64,localization,0.28407785296440125,swimmer,FP
15366,15366.jpg,1,swimmer,0.71712,"[1498.74, 322.79, 24.7, 27.78]",26.194770470458412,16-32,localization,0.16109301149845123,swimmer,FP
15366,15366.jpg,1,swimmer,0.70546,"[1354.41, 308.37, 39.66, 37.21]",38.41547344495444,32-64,localization,0.44282180070877075,swimmer,FP
15366,15366.jpg,1,swimmer,0.70191,"[1372.4, 260.09, 32.75, 25.9]",29.124302566756853,16-32,localization,0.2977854907512665,swimmer,FP
15366,15366.jpg,1,swimmer,0.68871,"[639.19, 391.59, 20.71, 27.26]",23.760357741414587,16-32,localization,0.13867272436618805,swimmer,FP
15366,15366.jpg,1,swimmer,0.6532,"[1312.62, 145.92, 28.48, 34.99]",31.56762898920348,16-32,localization,0.2288026064634323,swimmer,FP
15366,15366.jpg,1,swimmer,0.6017,"[960.08, 176.22, 31.61, 32.11]",31.85901913116598,16-32,localization,0.4228987395763397,swimmer,FP
15367,15367.jpg,1,swimmer,0.69858,"[1246.28, 345.75, 32.87, 22.09]",26.946211236461426,16-32,localization,0.41672471165657043,swimmer,FP
15368,15368.jpg,1,swimmer,0.10065,"[1017.4, 495.67, 31.84, 32.65]",32.242456482098255,32-64,localization,0.33977577090263367,swimmer,FP
15369,15369.jpg,1,swimmer,0.41802,"[1319.0, 418.76, 27.63, 37.53]",32.20176858497061,32-64,localization,0.40726837515830994,swimmer,FP
15370,15370.jpg,1,swimmer,0.10172,"[1207.93, 408.69, 26.78, 26.75]",26.764995796749158,16-32,localization,0.48576483130455017,swimmer,FP
15371,15371.jpg,1,swimmer,0.75024,"[1150.16, 386.39, 31.35, 21.55]",25.99216228019516,16-32,localization,0.47365832328796387,swimmer,FP
15374,15374.jpg,1,swimmer,0.55548,"[1260.48, 533.98, 33.07, 54.36]",42.39911791535291,32-64,duplicate,0.7733272314071655,swimmer,FP
15375,15375.jpg,1,swimmer,0.6959,"[1141.47, 423.25, 29.83, 25.44]",27.547689558291452,16-32,localization,0.48112717270851135,swimmer,FP
15375,15375.jpg,1,swimmer,0.11026,"[895.27, 401.43, 20.66, 36.63]",27.5095583388756,16-32,localization,0.2525663375854492,swimmer,FP
15376,15376.jpg,1,swimmer,0.68071,"[1268.23, 532.2, 25.56, 23.75]",24.6383846873126,16-32,localization,0.4490029513835907,swimmer,FP
15376,15376.jpg,1,swimmer,0.3172,"[1148.44, 528.75, 46.71, 33.36]",39.47461969417818,32-64,duplicate,0.5170185565948486,swimmer,FP
15378,15378.jpg,1,swimmer,0.53139,"[890.72, 372.12, 24.01, 40.41]",31.148741547613124,16-32,localization,0.45279502868652344,swimmer,FP
15378,15378.jpg,1,swimmer,0.24139,"[1272.67, 511.49, 39.92, 36.73]",38.29179546586971,32-64,duplicate,0.583684504032135,swimmer,FP
15379,15379.jpg,1,swimmer,0.23129,"[1289.49, 508.43, 35.83, 47.44]",41.22833006562356,32-64,duplicate,0.8937775492668152,swimmer,FP
15380,15380.jpg,1,swimmer,0.7344,"[1207.57, 358.42, 50.57, 31.51]",39.91817505848683,32-64,localization,0.33611467480659485,swimmer,FP
15380,15380.jpg,1,swimmer,0.64553,"[711.37, 371.49, 23.89, 25.07]",24.472889081593944,16-32,localization,0.31807371973991394,swimmer,FP
15380,15380.jpg,1,swimmer,0.48688,"[861.37, 279.67, 29.88, 74.93]",47.31710472968523,32-64,localization,0.3596534729003906,swimmer,FP
15381,15381.jpg,1,swimmer,0.70483,"[544.02, 255.99, 45.6, 40.47]",42.95849159363024,32-64,localization,0.40025416016578674,swimmer,FP
15381,15381.jpg,1,swimmer,0.67261,"[1339.98, 237.79, 78.02, 54.37]",65.13023414666955,>64,localization,0.4086464047431946,swimmer,FP
15381,15381.jpg,1,swimmer,0.24052,"[226.65, 646.35, 39.32, 47.46]",43.19869442471612,32-64,localization,0.4577123522758484,swimmer,FP
15381,15381.jpg,1,swimmer,0.1358,"[217.99, 647.73, 48.04, 53.96]",50.91402950071817,32-64,localization,0.31752073764801025,swimmer,FP
15381,15381.jpg,1,swimmer,0.13186,"[784.94, 100.99, 54.83, 45.46]",49.92566273971734,32-64,localization,0.40598151087760925,swimmer,FP
15382,15382.jpg,1,swimmer,0.6929,"[849.0, 752.79, 48.91, 60.27]",54.29369852938736,32-64,localization,0.4808078408241272,swimmer,FP
15382,15382.jpg,1,swimmer,0.59323,"[546.19, 256.07, 46.46, 41.72]",44.026255802645764,32-64,localization,0.44868341088294983,swimmer,FP
15382,15382.jpg,1,swimmer,0.24432,"[796.95, 86.86, 31.9, 39.99]",35.71667677710232,32-64,localization,0.35435622930526733,swimmer,FP
15382,15382.jpg,1,swimmer,0.11757,"[791.18, 87.2, 41.4, 81.69]",58.15467307104391,32-64,duplicate,0.723582923412323,swimmer,FP
15382,15382.jpg,1,swimmer,0.11734,"[1357.39, 333.36, 56.12, 66.55]",61.112895529503426,32-64,duplicate,0.5108726024627686,swimmer,FP
15383,15383.jpg,1,swimmer,0.64919,"[538.26, 266.37, 34.08, 33.1]",33.586425829492484,32-64,localization,0.28725466132164,swimmer,FP
15383,15383.jpg,1,swimmer,0.43485,"[791.03, 60.15, 35.59, 46.8]",40.81191002636363,32-64,localization,0.4506530165672302,swimmer,FP
15384,15384.jpg,1,swimmer,0.63549,"[448.01, 261.93, 35.49, 34.54]",35.011778018261225,32-64,localization,0.31431400775909424,swimmer,FP
15385,15385.jpg,1,swimmer,0.66836,"[270.25, 252.55, 35.33, 34.85]",35.089179243749776,32-64,localization,0.34929102659225464,swimmer,FP
15385,15385.jpg,1,swimmer,0.27111,"[533.28, 18.9, 48.45, 43.04]",45.664953739164126,32-64,localization,0.2852877676486969,swimmer,FP
15385,15385.jpg,1,swimmer,0.12495,"[1057.94, 213.32, 90.55, 65.04]",76.7422439077722,>64,localization,0.4615804851055145,swimmer,FP
15386,15386.jpg,1,swimmer,0.62422,"[1221.0, 341.49, 68.04, 94.08]",80.00751964659322,>64,localization,0.4992122948169708,swimmer,FP
15386,15386.jpg,1,swimmer,0.58092,"[144.9, 231.17, 36.02, 34.47]",35.23647825762387,32-64,localization,0.33144092559814453,swimmer,FP
15386,15386.jpg,1,swimmer,0.20695,"[941.24, 270.34, 48.99, 45.31]",47.114083881574096,32-64,duplicate,0.8466418385505676,swimmer,FP
15387,15387.jpg,1,swimmer,0.47233,"[93.84, 218.92, 45.82, 37.96]",41.70524187677132,32-64,localization,0.4767894744873047,swimmer,FP
15388,15388.jpg,1,swimmer,0.5017,"[1208.18, 300.47, 44.47, 56.39]",50.07657436366829,32-64,localization,0.4507962465286255,swimmer,FP
15388,15388.jpg,1,swimmer,0.48666,"[93.93, 217.13, 35.71, 29.9]",32.6761227810155,32-64,localization,0.42370185256004333,swimmer,FP
15389,15389.jpg,1,swimmer,0.50593,"[96.85, 207.55, 38.49, 34.38]",36.37700097589135,32-64,localization,0.4539979100227356,swimmer,FP
15390,15390.jpg,1,swimmer,0.36511,"[1203.45, 280.41, 55.9, 64.27]",59.93907740364377,32-64,duplicate,0.5907450318336487,swimmer,FP
15391,15391.jpg,1,swimmer,0.70771,"[934.66, 184.32, 72.46, 107.83]",88.39322259087514,>64,localization,0.4181395173072815,swimmer,FP
15391,15391.jpg,1,swimmer,0.23206,"[111.64, 234.67, 31.54, 34.22]",32.8526832998463,32-64,localization,0.200105682015419,swimmer,FP
15392,15392.jpg,2,boat,0.74733,"[621.65, 310.34, 322.18, 497.17]",400.2227262412768,>64,class_confusion,0.8614030480384827,jetski,FP
15392,15392.jpg,1,swimmer,0.68753,"[884.89, 33.27, 104.21, 69.01]",84.80290148338086,>64,localization,0.4786543846130371,swimmer,FP
15392,15392.jpg,1,swimmer,0.20789,"[621.14, 309.69, 320.67, 498.17]",399.68509341730527,>64,class_confusion,0.8696227669715881,jetski,FP
15392,15392.jpg,1,swimmer,0.12542,"[1350.73, 31.68, 205.86, 701.0]",379.87874381175897,>64,background,0.08536610752344131,,FP
15392,15392.jpg,1,swimmer,0.11375,"[1395.56, 66.02, 155.78, 585.6]",302.0343821487878,>64,localization,0.13504008948802948,swimmer,FP
15393,15393.jpg,2,boat,0.8312,"[439.74, 178.89, 465.54, 709.83]",574.8515096961997,>64,class_confusion,0.822083592414856,jetski,FP
15393,15393.jpg,3,jetski,0.57864,"[399.25, 655.64, 85.19, 257.11]",147.99730031321516,>64,background,0.05024683102965355,,FP
15393,15393.jpg,3,jetski,0.11773,"[535.39, 704.2, 144.04, 252.95]",190.87932837266584,>64,background,0.09917149692773819,,FP
15394,15394.jpg,2,boat,0.82816,"[433.73, 201.47, 473.8, 765.3]",602.1620545999225,>64,class_confusion,0.9413036704063416,jetski,FP
15394,15394.jpg,3,jetski,0.27215,"[407.65, 658.89, 88.93, 273.18]",155.86499735347894,>64,background,0.05349615961313248,,FP
15395,15395.jpg,2,boat,0.83346,"[446.96, 223.81, 475.79, 727.02]",588.1401582956227,>64,class_confusion,0.8877067565917969,jetski,FP
15395,15395.jpg,3,jetski,0.47568,"[424.04, 673.73, 81.67, 257.15]",144.9187375738555,>64,background,0.053093425929546356,,FP
15395,15395.jpg,3,jetski,0.20524,"[424.68, 626.48, 100.46, 305.91]",175.30464511814853,>64,background,0.07998428493738174,,FP
15395,15395.jpg,1,swimmer,0.1734,"[1253.16, 128.72, 449.25, 205.81]",304.07259412844166,>64,localization,0.22230392694473267,swimmer,FP
15395,15395.jpg,3,jetski,0.15464,"[561.13, 754.6, 131.9, 212.51]",167.4218295205258,>64,background,0.08011889457702637,,FP
15396,15396.jpg,2,boat,0.81399,"[443.41, 192.97, 496.42, 769.95]",618.2382865853587,>64,class_confusion,0.9074388742446899,jetski,FP
15396,15396.jpg,3,jetski,0.26607,"[426.45, 642.24, 98.7, 270.02]",163.25126033204154,>64,background,0.06987891346216202,,FP
15396,15396.jpg,3,jetski,0.262,"[561.48, 725.15, 144.21, 229.87]",182.0701861920287,>64,background,0.08444967865943909,,FP
15396,15396.jpg,3,jetski,0.23983,"[427.21, 704.29, 69.03, 208.74]",120.03883621561815,>64,background,0.03778126463294029,,FP
15397,15397.jpg,2,boat,0.82892,"[474.35, 162.83, 490.07, 748.91]",605.8203724702562,>64,class_confusion,0.897226870059967,jetski,FP
15397,15397.jpg,3,jetski,0.48166,"[447.42, 628.48, 81.32, 252.9]",143.40790773175655,>64,background,0.05224141106009483,,FP
15397,15397.jpg,3,jetski,0.24925,"[447.12, 572.36, 103.92, 308.98]",179.1904059931781,>64,background,0.08156393468379974,,FP
15398,15398.jpg,2,boat,0.82401,"[498.37, 122.49, 480.0, 748.78]",599.5118013850937,>64,class_confusion,0.8803578019142151,jetski,FP
15398,15398.jpg,3,jetski,0.58857,"[473.33, 619.06, 71.9, 228.74]",128.24354174772313,>64,background,0.04276680946350098,,FP
15398,15398.jpg,3,jetski,0.48965,"[472.09, 570.58, 90.07, 281.29]",159.17220328939348,>64,background,0.06588251888751984,,FP
15398,15398.jpg,3,jetski,0.24865,"[617.73, 653.9, 129.39, 231.68]",173.1388899121165,>64,background,0.07795162498950958,,FP
15398,15398.jpg,1,swimmer,0.21032,"[1178.61, 0.0, 269.32, 805.85]",465.86642076887233,>64,localization,0.11694125086069107,swimmer,FP
15398,15398.jpg,3,jetski,0.10559,"[473.57, 686.53, 63.57, 160.15]",100.89963082192125,>64,background,0.02647373266518116,,FP
15399,15399.jpg,2,boat,0.83143,"[501.89, 75.74, 479.63, 794.12]",617.1578206585411,>64,class_confusion,0.9381613731384277,jetski,FP
15399,15399.jpg,3,jetski,0.58215,"[495.33, 585.44, 74.43, 236.31]",132.62184322350524,>64,background,0.04596693441271782,,FP
15399,15399.jpg,3,jetski,0.3273,"[494.79, 476.74, 93.0, 340.8]",178.0292110862709,>64,background,0.082831971347332,,FP
15399,15399.jpg,1,swimmer,0.2292,"[1166.24, 11.41, 298.29, 721.42]",463.8883182405006,>64,localization,0.12421444058418274,swimmer,FP
15399,15399.jpg,3,jetski,0.1024,"[634.48, 622.77, 128.31, 235.68]",173.89681078156667,>64,background,0.07850678265094757,,FP
15400,15400.jpg,2,boat,0.84205,"[543.88, 56.24, 450.62, 782.68]",593.8781538329222,>64,class_confusion,0.8932802677154541,jetski,FP
15400,15400.jpg,3,jetski,0.55419,"[516.3, 520.57, 91.71, 282.19]",160.8715167455072,>64,background,0.06869366019964218,,FP
15400,15400.jpg,3,jetski,0.11155,"[517.17, 577.3, 77.08, 231.82]",133.67380296827048,>64,background,0.04742976278066635,,FP
15401,15401.jpg,2,boat,0.84639,"[550.43, 130.15, 446.18, 760.19]",582.3929723133685,>64,class_confusion,0.8521178960800171,jetski,FP
15401,15401.jpg,3,jetski,0.70339,"[519.36, 633.86, 77.76, 236.94]",135.7367098466734,>64,background,0.04895525425672531,,FP
15401,15401.jpg,3,jetski,0.12252,"[661.35, 677.24, 128.2, 230.6]",171.93871001028245,>64,background,0.0785510390996933,,FP
15402,15402.jpg,2,boat,0.82734,"[502.9, 284.16, 471.06, 785.53]",608.3023605083248,>64,class_confusion,0.8812129497528076,jetski,FP
15402,15402.jpg,3,jetski,0.52358,"[489.58, 712.82, 91.6, 333.76]",174.8496954529804,>64,background,0.08009333163499832,,FP
15402,15402.jpg,3,jetski,0.20924,"[640.58, 837.71, 121.05, 240.12]",170.48907882911445,>64,background,0.07614819705486298,,FP
15402,15402.jpg,3,jetski,0.15788,"[491.4, 787.01, 74.21, 260.01]",138.90767473397574,>64,background,0.050549738109111786,,FP
15402,15402.jpg,1,swimmer,0.15431,"[1237.39, 0.0, 177.51, 741.89]",362.8951555201585,>64,localization,0.2752203643321991,swimmer,FP
15402,15402.jpg,1,swimmer,0.13317,"[1268.1, 0.0, 438.86, 777.97]",584.3114873079255,>64,background,0.08608811348676682,,FP
15403,15403.jpg,2,boat,0.84782,"[508.57, 468.0, 446.56, 612.0]",522.7759749644201,>64,class_confusion,0.9432643055915833,jetski,FP
15403,15403.jpg,1,swimmer,0.19974,"[1386.7, 0.0, 524.89, 758.81]",631.1036213649862,>64,localization,0.11929696053266525,swimmer,FP
15403,15403.jpg,1,swimmer,0.19503,"[1555.57, 83.05, 358.04, 785.18]",530.2130205870089,>64,localization,0.16901683807373047,swimmer,FP
15403,15403.jpg,1,swimmer,0.18918,"[1689.03, 78.42, 229.48, 838.42]",438.6349525516634,>64,localization,0.2440578043460846,swimmer,FP
15403,15403.jpg,1,swimmer,0.14499,"[1116.9, 0.0, 803.1, 658.29]",727.0988234071075,>64,background,0.08987602591514587,,FP
15403,15403.jpg,1,swimmer,0.14428,"[1281.26, 0.0, 634.26, 640.76]",637.501715762397,>64,localization,0.11691440641880035,swimmer,FP
15403,15403.jpg,1,swimmer,0.12651,"[800.74, 34.25, 179.84, 142.04]",159.82638580659952,>64,duplicate,0.6125463843345642,swimmer,FP
15404,15404.jpg,2,boat,0.79084,"[541.84, 542.39, 415.51, 537.61]",472.6334003220678,>64,class_confusion,0.9748202562332153,jetski,FP
15404,15404.jpg,1,swimmer,0.34619,"[709.4, 0.0, 238.61, 730.43]",417.4780261283221,>64,localization,0.19984175264835358,swimmer,FP
15404,15404.jpg,1,swimmer,0.32083,"[1575.54, 42.96, 325.58, 890.84]",538.5533280929568,>64,localization,0.1183355301618576,swimmer,FP
15404,15404.jpg,1,swimmer,0.2983,"[544.15, 539.07, 416.6, 540.93]",474.71195266182207,>64,class_confusion,0.9675596356391907,jetski,FP
15404,15404.jpg,1,swimmer,0.16843,"[1667.32, 82.6, 237.64, 446.31]",325.6702448796942,>64,localization,0.32360589504241943,swimmer,FP
15404,15404.jpg,1,swimmer,0.14859,"[713.67, 60.74, 228.08, 258.72]",242.91738842660072,>64,duplicate,0.5848117470741272,swimmer,FP
15404,15404.jpg,1,swimmer,0.12453,"[1641.43, 73.94, 259.66, 640.58]",407.8394326202409,>64,localization,0.2063450813293457,swimmer,FP
15405,15405.jpg,2,boat,0.80332,"[539.04, 560.17, 411.9, 519.83]",462.7288374415409,>64,class_confusion,0.929153323173523,jetski,FP
15405,15405.jpg,5,buoy,0.70939,"[1168.39, 443.94, 148.14, 137.69]",142.81945455714356,>64,class_confusion,0.8199452757835388,swimmer,FP
15405,15405.jpg,1,swimmer,0.37007,"[1599.28, 56.23, 319.06, 870.93]",527.1422254003182,>64,localization,0.1286531686782837,swimmer,FP
15405,15405.jpg,1,swimmer,0.33654,"[1632.69, 91.99, 287.31, 487.23]",374.14709847865987,>64,localization,0.24648207426071167,swimmer,FP
15405,15405.jpg,1,swimmer,0.18588,"[536.55, 556.01, 420.64, 523.99]",469.47966260531456,>64,class_confusion,0.928695559501648,jetski,FP
15406,15406.jpg,2,boat,0.81099,"[518.03, 546.28, 427.98, 533.72]",477.934603894717,>64,class_confusion,0.9458362460136414,jetski,FP
15406,15406.jpg,1,swimmer,0.42624,"[1646.6, 101.59, 273.4, 758.3]",455.3232038892812,>64,localization,0.1172957792878151,swimmer,FP
15406,15406.jpg,5,buoy,0.40784,"[1171.62, 431.56, 161.37, 140.14]",150.3808225805405,>64,class_confusion,0.8721113801002502,swimmer,FP
15406,15406.jpg,1,swimmer,0.34885,"[1642.31, 96.52, 193.46, 268.32]",227.83587777169777,>64,localization,0.46033191680908203,swimmer,FP
15406,15406.jpg,1,swimmer,0.30199,"[1640.58, 98.4, 272.58, 241.16]",256.3891432958892,>64,localization,0.3635174334049225,swimmer,FP
15406,15406.jpg,1,swimmer,0.27525,"[1548.67, 90.61, 357.6, 789.53]",531.3529222654187,>64,background,0.09170457720756531,,FP
15407,15407.jpg,2,boat,0.77915,"[525.79, 593.97, 414.56, 486.03]",448.8748119464936,>64,class_confusion,0.9443644881248474,jetski,FP
15407,15407.jpg,1,swimmer,0.38867,"[525.57, 587.79, 417.22, 492.21]",453.1664773568319,>64,class_confusion,0.9338922500610352,jetski,FP
15407,15407.jpg,1,swimmer,0.31492,"[1581.92, 6.62, 264.93, 870.31]",480.17832968596156,>64,localization,0.12162836641073227,swimmer,FP
15407,15407.jpg,1,swimmer,0.13202,"[707.86, 35.06, 321.44, 188.26]",245.9965333089066,>64,localization,0.484550416469574,swimmer,FP
15408,15408.jpg,1,swimmer,0.7682,"[536.36, 688.2, 370.87, 391.8]",381.1913771322746,>64,class_confusion,0.944227933883667,jetski,FP
15408,15408.jpg,1,swimmer,0.27065,"[963.07, 553.2, 411.1, 198.49]",285.6558051221785,>64,duplicate,0.5136322379112244,swimmer,FP
15408,15408.jpg,2,boat,0.23063,"[540.54, 691.14, 366.78, 388.86]",377.65866970056436,>64,class_confusion,0.9345977902412415,jetski,FP
15408,15408.jpg,1,swimmer,0.12549,"[968.85, 542.45, 406.96, 303.37]",351.3679769130932,>64,localization,0.33947986364364624,swimmer,FP
15409,15409.jpg,1,swimmer,0.6467,"[1488.55, 216.66, 198.55, 402.43]",282.6702610817063,>64,localization,0.33679497241973877,swimmer,FP
15409,15409.jpg,1,swimmer,0.31647,"[829.05, 10.69, 204.89, 560.65]",338.92709909359564,>64,localization,0.4622117578983307,swimmer,FP
15409,15409.jpg,1,swimmer,0.25262,"[1159.84, 747.79, 168.49, 140.83]",154.04040606282496,>64,localization,0.30953195691108704,swimmer,FP
15409,15409.jpg,1,swimmer,0.24194,"[1493.35, 260.78, 170.72, 320.81]",234.02709928553145,>64,localization,0.42446115612983704,swimmer,FP
15410,15410.jpg,1,swimmer,0.66931,"[520.89, 646.04, 142.29, 127.22]",134.5441704422752,>64,localization,0.4889920949935913,swimmer,FP
15411,15411.jpg,1,swimmer,0.21458,"[1240.02, 786.38, 196.05, 256.83]",224.3914470295158,>64,duplicate,0.774564802646637,swimmer,FP
15413,15413.jpg,1,swimmer,0.71239,"[135.88, 287.53, 71.31, 138.65]",99.4340560371546,>64,localization,0.3933558762073517,swimmer,FP
15413,15413.jpg,1,swimmer,0.31912,"[935.84, 881.47, 90.19, 79.03]",84.42579996659789,>64,duplicate,0.5390626192092896,swimmer,FP
15413,15413.jpg,1,swimmer,0.29349,"[928.32, 883.69, 103.01, 114.5]",108.60315372953035,>64,localization,0.3811030089855194,swimmer,FP
15413,15413.jpg,1,swimmer,0.14593,"[147.99, 287.11, 59.6, 94.72]",75.13529130841245,>64,localization,0.4412119686603546,swimmer,FP
15414,15414.jpg,1,swimmer,0.70123,"[948.52, 735.76, 40.56, 45.9]",43.14746806013071,32-64,localization,0.4040158987045288,swimmer,FP
15414,15414.jpg,1,swimmer,0.64295,"[804.8, 909.82, 36.99, 30.31]",33.48383042604296,32-64,localization,0.46985575556755066,swimmer,FP
15414,15414.jpg,1,swimmer,0.45702,"[855.35, 991.38, 48.67, 50.71]",49.67952998972515,32-64,localization,0.28233206272125244,swimmer,FP
15414,15414.jpg,1,swimmer,0.45373,"[854.05, 991.24, 56.5, 62.87]",59.59995805367651,32-64,localization,0.21151290833950043,swimmer,FP
15414,15414.jpg,1,swimmer,0.27785,"[478.18, 389.53, 26.44, 29.18]",27.776234446015177,16-32,localization,0.13071060180664062,swimmer,FP
15414,15414.jpg,1,swimmer,0.19342,"[854.07, 992.8, 62.48, 82.91]",71.97372298276642,>64,localization,0.14013506472110748,swimmer,FP
15414,15414.jpg,1,swimmer,0.14096,"[802.02, 911.6, 41.71, 35.04]",38.22981035788695,32-64,localization,0.43668562173843384,swimmer,FP
15414,15414.jpg,1,swimmer,0.12906,"[874.69, 770.64, 42.5, 44.99]",43.727279814779244,32-64,duplicate,0.5879355669021606,swimmer,FP
15414,15414.jpg,1,swimmer,0.1003,"[475.17, 389.29, 30.34, 36.62]",33.33242865439001,32-64,localization,0.18731223046779633,swimmer,FP
15415,15415.jpg,1,swimmer,0.70566,"[866.62, 750.67, 22.98, 23.26]",23.1195761206818,16-32,localization,0.4303659200668335,swimmer,FP
15415,15415.jpg,1,swimmer,0.68075,"[653.36, 417.61, 20.9, 23.13]",21.98674600753827,16-32,localization,0.13350394368171692,swimmer,FP
15415,15415.jpg,1,swimmer,0.41573,"[421.82, 853.4, 24.03, 20.85]",22.38359890634212,16-32,localization,0.12074440717697144,swimmer,FP
15415,15415.jpg,1,swimmer,0.31265,"[902.72, 802.31, 34.4, 51.35]",42.029037581177136,32-64,localization,0.2597251534461975,swimmer,FP
15970,15970.jpg,1,swimmer,0.36109,"[0.0, 2041.45, 13.83, 54.53]",27.46178981785419,16-32,background,0.0,,FP
15970,15970.jpg,1,swimmer,0.14257,"[0.0, 2039.89, 17.01, 84.96]",38.01538635868377,32-64,background,0.0,,FP
15976,15976.jpg,2,boat,0.71492,"[0.0, 1695.83, 43.17, 161.4]",83.47237866504105,>64,background,0.0,,FP
15977,15977.jpg,1,swimmer,0.68646,"[133.17, 2100.72, 58.6, 38.88]",47.7322532466256,32-64,localization,0.40739014744758606,swimmer,FP
15977,15977.jpg,2,boat,0.49599,"[0.0, 1696.41, 23.68, 162.68]",62.0665964911884,32-64,background,0.0,,FP
15977,15977.jpg,2,boat,0.2223,"[1950.46, 891.04, 187.1, 90.59]",130.1898191104051,>64,duplicate,0.8838734030723572,boat,FP
15978,15978.jpg,1,swimmer,0.43855,"[101.27, 2107.68, 52.87, 51.65]",52.25643979453633,32-64,duplicate,0.8560270667076111,swimmer,FP
15978,15978.jpg,2,boat,0.17391,"[0.0, 1692.04, 14.14, 83.87]",34.437215334576635,32-64,background,0.0,,FP
15978,15978.jpg,2,boat,0.11095,"[0.0, 1660.78, 15.45, 113.09]",41.80000598086082,32-64,background,0.0,,FP
15980,15980.jpg,1,swimmer,0.40944,"[102.88, 2099.63, 54.38, 31.02]",41.071493763923414,32-64,localization,0.38941413164138794,swimmer,FP
15980,15980.jpg,1,swimmer,0.12293,"[88.55, 2137.49, 29.78, 21.46]",25.280007911391166,16-32,localization,0.15001818537712097,swimmer,FP
15981,15981.jpg,1,swimmer,0.61335,"[78.04, 2134.48, 41.22, 25.52]",32.433538197366005,32-64,localization,0.23303839564323425,swimmer,FP
15981,15981.jpg,1,swimmer,0.58462,"[106.9, 2098.13, 40.54, 31.35]",35.650091163978814,32-64,localization,0.24296897649765015,swimmer,FP
15981,15981.jpg,1,swimmer,0.15868,"[82.67, 2134.57, 49.4, 25.43]",35.44350434141636,32-64,localization,0.27829816937446594,swimmer,FP
15982,15982.jpg,2,boat,0.24663,"[2027.98, 907.88, 184.47, 83.8]",124.332562106634,>64,duplicate,0.893129289150238,boat,FP
15983,15983.jpg,1,swimmer,0.40857,"[68.15, 2128.64, 68.02, 29.89]",45.090107562524175,32-64,localization,0.3831925094127655,swimmer,FP
15983,15983.jpg,1,swimmer,0.38848,"[68.5, 2094.3, 78.65, 62.17]",69.92617893178492,>64,duplicate,0.9263098239898682,swimmer,FP
15983,15983.jpg,2,boat,0.22572,"[1271.35, 998.91, 191.55, 96.53]",135.97912155915702,>64,duplicate,0.9528891444206238,boat,FP
16193,16193.jpg,1,swimmer,0.64008,"[2443.91, 408.59, 22.01, 20.82]",21.406732585801134,16-32,localization,0.4237097203731537,swimmer,FP
16193,16193.jpg,1,swimmer,0.53781,"[2266.34, 638.21, 25.19, 26.19]",25.685133832627777,16-32,localization,0.46293553709983826,swimmer,FP
16194,16194.jpg,1,swimmer,0.64482,"[2309.0, 705.26, 24.69, 22.68]",23.663668354674005,16-32,localization,0.36684828996658325,swimmer,FP
16195,16195.jpg,1,swimmer,0.58229,"[2354.97, 777.52, 26.43, 26.73]",26.579576746065765,16-32,localization,0.3972221612930298,swimmer,FP
16195,16195.jpg,1,swimmer,0.48423,"[2530.02, 521.06, 34.91, 26.4]",30.358260819750527,16-32,localization,0.43802404403686523,swimmer,FP
16195,16195.jpg,1,swimmer,0.1306,"[2535.45, 521.66, 35.37, 26.59]",30.66738169456271,16-32,localization,0.4465765357017517,swimmer,FP
16196,16196.jpg,1,swimmer,0.42605,"[2574.11, 585.25, 29.48, 26.22]",27.802258901031763,16-32,localization,0.47595876455307007,swimmer,FP
16196,16196.jpg,1,swimmer,0.17627,"[2578.72, 586.38, 29.08, 26.28]",27.644572704239796,16-32,localization,0.4972374439239502,swimmer,FP
16197,16197.jpg,1,swimmer,0.44528,"[2626.91, 516.35, 30.06, 27.11]",28.546919273364683,16-32,localization,0.490841805934906,swimmer,FP
16199,16199.jpg,1,swimmer,0.65281,"[2565.81, 741.13, 28.32, 35.45]",31.685075351022917,16-32,localization,0.3895394504070282,swimmer,FP
16200,16200.jpg,1,swimmer,0.5657,"[2544.34, 567.04, 29.65, 26.37]",27.961947357077975,16-32,localization,0.18615886569023132,swimmer,FP
16201,16201.jpg,1,swimmer,0.59651,"[2348.65, 505.84, 33.58, 29.56]",31.50594864466074,16-32,localization,0.3468306064605713,swimmer,FP
16201,16201.jpg,1,swimmer,0.54634,"[2521.09, 560.86, 25.45, 23.74]",24.58013425512562,16-32,localization,0.23600830137729645,swimmer,FP
16201,16201.jpg,1,swimmer,0.54618,"[2570.71, 741.06, 32.99, 30.58]",31.762150430976803,16-32,localization,0.4986782371997833,swimmer,FP
16201,16201.jpg,1,swimmer,0.2391,"[2493.39, 152.57, 45.77, 22.82]",32.31828275140869,32-64,background,0.0,,FP
16201,16201.jpg,1,swimmer,0.1241,"[2351.97, 505.73, 39.11, 30.8]",34.70717505070097,32-64,localization,0.42089229822158813,swimmer,FP
16202,16202.jpg,1,swimmer,0.62103,"[2634.76, 319.31, 28.21, 31.61]",29.861649318147183,16-32,localization,0.4297817051410675,swimmer,FP
16202,16202.jpg,1,swimmer,0.11019,"[2623.4, 319.33, 39.2, 33.91]",36.45918265677386,32-64,localization,0.4265492856502533,swimmer,FP
16203,16203.jpg,2,boat,0.82685,"[2257.09, 0.0, 149.33, 50.72]",87.02883200411229,>64,background,0.0,,FP
16203,16203.jpg,1,swimmer,0.46426,"[2169.84, 498.39, 35.86, 26.15]",30.622524389736387,16-32,localization,0.41423627734184265,swimmer,FP
16203,16203.jpg,1,swimmer,0.38081,"[2339.9, 540.05, 62.71, 33.36]",45.73844772180184,32-64,localization,0.48901432752609253,swimmer,FP
16203,16203.jpg,1,swimmer,0.37017,"[2577.32, 664.63, 21.64, 20.01]",20.809046109805227,16-32,localization,0.22002746164798737,swimmer,FP
16203,16203.jpg,1,swimmer,0.22021,"[2573.75, 659.64, 24.78, 21.33]",22.990376247464937,16-32,localization,0.21442539989948273,swimmer,FP
16203,16203.jpg,1,swimmer,0.16294,"[2550.35, 646.68, 31.04, 20.04]",24.94076181675291,16-32,background,0.010728021152317524,,FP
16204,16204.jpg,1,swimmer,0.62619,"[2109.76, 501.67, 37.33, 33.39]",35.30508037096077,32-64,localization,0.3637092411518097,swimmer,FP
16204,16204.jpg,1,swimmer,0.46099,"[2281.13, 538.64, 56.05, 29.36]",40.56634072725811,32-64,localization,0.440912127494812,swimmer,FP
16204,16204.jpg,1,swimmer,0.44039,"[2883.7, 684.04, 27.48, 25.99]",26.724617864433533,16-32,localization,0.3489135801792145,swimmer,FP
16204,16204.jpg,1,swimmer,0.42863,"[2539.75, 663.1, 28.65, 25.16]",26.84835190472592,16-32,localization,0.38193726539611816,swimmer,FP
16204,16204.jpg,1,swimmer,0.28902,"[2518.15, 645.0, 40.92, 36.9]",38.85804935917396,32-64,localization,0.1571696698665619,swimmer,FP
16204,16204.jpg,1,swimmer,0.22958,"[2536.43, 657.87, 32.24, 28.88]",30.513787047824792,16-32,localization,0.3682708144187927,swimmer,FP
16205,16205.jpg,1,swimmer,0.59357,"[2208.88, 531.15, 72.18, 34.54]",49.930924285456605,32-64,localization,0.4775271713733673,swimmer,FP
16205,16205.jpg,1,swimmer,0.45881,"[2364.41, 229.94, 37.76, 33.04]",35.32124573114601,32-64,localization,0.48208552598953247,swimmer,FP
16205,16205.jpg,1,swimmer,0.30406,"[2472.7, 652.01, 39.34, 33.13]",36.101720180622976,32-64,localization,0.23437117040157318,swimmer,FP
16205,16205.jpg,1,swimmer,0.17472,"[2484.09, 657.1, 30.11, 26.49]",28.242059060911263,16-32,localization,0.14343047142028809,swimmer,FP
16205,16205.jpg,1,swimmer,0.14594,"[2478.55, 656.4, 33.37, 31.83]",32.59090517306937,32-64,localization,0.19100381433963776,swimmer,FP
16205,16205.jpg,1,swimmer,0.11263,"[2446.79, 633.12, 57.33, 38.44]",46.94427760654114,32-64,localization,0.3962901532649994,swimmer,FP
16206,16206.jpg,1,swimmer,0.313,"[2261.09, 751.92, 66.89, 43.97]",54.23240083197498,32-64,localization,0.4811583459377289,swimmer,FP
16741,16741.jpg,1,swimmer,0.69811,"[2303.41, 790.6, 338.53, 236.63]",283.03065893998127,>64,localization,0.42155081033706665,swimmer,FP
16742,16742.jpg,1,swimmer,0.74049,"[2257.94, 772.23, 307.75, 261.26]",283.5538132348073,>64,localization,0.4408420920372009,swimmer,FP
16742,16742.jpg,2,boat,0.57659,"[2259.11, 767.26, 303.5, 263.9]",283.0082154284571,>64,background,0.4273284673690796,,FP
16745,16745.jpg,1,swimmer,0.34353,"[2202.08, 796.42, 356.78, 257.24]",302.9489844841867,>64,localization,0.3999650776386261,swimmer,FP
16745,16745.jpg,1,swimmer,0.10979,"[0.0, 1420.41, 98.73, 728.84]",268.2505791233264,>64,background,0.0,,FP
16749,16749.jpg,1,swimmer,0.71944,"[2190.31, 629.49, 311.33, 360.19]",334.8700534535747,>64,localization,0.44587722420692444,swimmer,FP
16751,16751.jpg,1,swimmer,0.29029,"[2305.3, 605.29, 231.37, 335.14]",278.4624603065914,>64,localization,0.3500016927719116,swimmer,FP
16751,16751.jpg,2,boat,0.24282,"[0.0, 1382.5, 111.14, 772.98]",293.1023664182874,>64,background,0.0,,FP
16751,16751.jpg,2,boat,0.13367,"[0.0, 1628.77, 102.31, 529.2]",232.68530679868897,>64,background,0.0,,FP
16752,16752.jpg,2,boat,0.55976,"[2305.11, 784.67, 345.21, 286.2]",314.3232444474955,>64,class_confusion,0.5779414772987366,swimmer,FP
16753,16753.jpg,1,swimmer,0.20829,"[2287.69, 620.37, 375.54, 387.36]",381.4042139253315,>64,localization,0.48624372482299805,swimmer,FP
16755,16755.jpg,1,swimmer,0.10767,"[2167.82, 791.86, 554.45, 372.49]",454.4525063194173,>64,localization,0.48441746830940247,swimmer,FP
16756,16756.jpg,3,jetski,0.35478,"[2381.9, 875.75, 286.33, 331.86]",308.25553328367033,>64,background,0.3304808437824249,,FP
16756,16756.jpg,1,swimmer,0.34992,"[2378.12, 880.15, 298.03, 312.65]",305.2524848383711,>64,localization,0.32407304644584656,swimmer,FP
16759,16759.jpg,2,boat,0.35774,"[2370.18, 807.38, 382.57, 443.63]",411.9703012354167,>64,class_confusion,0.5836755037307739,swimmer,FP
16760,16760.jpg,3,jetski,0.33211,"[2175.63, 1023.18, 469.38, 230.64]",329.0255357871179,>64,class_confusion,0.5011507272720337,swimmer,FP
16760,16760.jpg,2,boat,0.30949,"[2165.4, 837.1, 546.63, 561.21]",553.872027006239,>64,class_confusion,0.6037043333053589,swimmer,FP
16760,16760.jpg,3,jetski,0.10512,"[2227.01, 836.48, 420.23, 422.43]",421.3285640684714,>64,background,0.4199255108833313,,FP
16761,16761.jpg,1,swimmer,0.35165,"[2222.11, 825.76, 423.38, 335.97]",377.15113495785744,>64,localization,0.4078337252140045,swimmer,FP
16761,16761.jpg,2,boat,0.1143,"[2201.64, 830.96, 454.86, 457.78]",456.3176643523676,>64,class_confusion,0.5315811634063721,swimmer,FP
16762,16762.jpg,3,jetski,0.37725,"[2437.31, 860.06, 196.17, 407.99]",282.90528149894976,>64,background,0.3325880467891693,,FP
16762,16762.jpg,3,jetski,0.29465,"[2319.06, 856.51, 305.17, 364.22]",333.390187918001,>64,class_confusion,0.5056233406066895,swimmer,FP
16762,16762.jpg,3,jetski,0.28413,"[2503.15, 873.52, 134.63, 395.96]",230.8854581821904,>64,background,0.22416436672210693,,FP
16762,16762.jpg,2,boat,0.25664,"[2320.2, 862.07, 302.58, 344.08]",322.6634878631296,>64,background,0.4847143888473511,,FP
16762,16762.jpg,3,jetski,0.19892,"[2416.42, 856.06, 205.7, 176.7]",190.64939024292732,>64,background,0.16214869916439056,,FP
16762,16762.jpg,2,boat,0.10686,"[2321.35, 995.6, 65.59, 205.15]",115.99908835848669,>64,background,0.06289878487586975,,FP
16763,16763.jpg,3,jetski,0.21144,"[2113.92, 898.5, 500.11, 328.17]",405.1186229982522,>64,class_confusion,0.522549033164978,swimmer,FP
16764,16764.jpg,2,boat,0.23034,"[2300.93, 907.2, 328.14, 519.17]",412.74743342630245,>64,class_confusion,0.6386619210243225,swimmer,FP
16765,16765.jpg,3,jetski,0.68441,"[2554.39, 1147.07, 81.25, 214.81]",132.110985538675,>64,background,0.05762937292456627,,FP
16765,16765.jpg,3,jetski,0.59514,"[2345.79, 917.59, 225.9, 199.9]",212.50272939423627,>64,background,0.15836913883686066,,FP
16765,16765.jpg,3,jetski,0.39336,"[2167.24, 1037.13, 140.2, 161.58]",150.51085010722647,>64,background,0.079446941614151,,FP
16765,16765.jpg,3,jetski,0.26049,"[2258.35, 915.79, 310.11, 209.01]",254.59004517066256,>64,background,0.22731301188468933,,FP
16766,16766.jpg,3,jetski,0.44138,"[2240.14, 816.41, 299.42, 319.93]",309.50515439972884,>64,background,0.2527850568294525,,FP
16766,16766.jpg,2,boat,0.13201,"[2237.57, 813.88, 304.09, 358.4]",330.1300592190902,>64,background,0.28759822249412537,,FP
16767,16767.jpg,3,jetski,0.50318,"[2177.09, 585.82, 380.61, 425.53]",402.4437517219021,>64,class_confusion,0.5712348818778992,swimmer,FP
16768,16768.jpg,1,swimmer,0.7175,"[2302.67, 708.34, 242.48, 456.95]",332.8681961377506,>64,localization,0.27996301651000977,swimmer,FP
16768,16768.jpg,1,swimmer,0.13766,"[1.29, 0.0, 473.69, 1627.46]",878.0156760559574,>64,background,0.0,,FP
16769,16769.jpg,1,swimmer,0.78145,"[2210.83, 760.05, 336.82, 365.73]",350.97746166954937,>64,localization,0.2933826744556427,swimmer,FP
16769,16769.jpg,2,boat,0.65489,"[2123.35, 640.31, 419.5, 486.42]",451.7224701074765,>64,background,0.48598092794418335,,FP
16769,16769.jpg,2,boat,0.14091,"[0.0, 39.4, 103.71, 693.53]",268.1902240947645,>64,background,0.0,,FP
16770,16770.jpg,3,jetski,0.55072,"[2089.39, 804.57, 407.11, 410.34]",408.72180930310043,>64,class_confusion,0.5802205204963684,swimmer,FP
16771,16771.jpg,3,jetski,0.37673,"[2092.19, 871.69, 378.51, 372.37]",375.4274479842943,>64,class_confusion,0.5316421389579773,swimmer,FP
16771,16771.jpg,2,boat,0.30483,"[0.72, 0.0, 242.81, 728.0]",420.4351079536532,>64,background,0.0,,FP
16771,16771.jpg,1,swimmer,0.2797,"[2090.94, 873.75, 377.81, 322.18]",348.8879846025082,>64,localization,0.4589191675186157,swimmer,FP
16771,16771.jpg,3,jetski,0.17986,"[2249.23, 864.67, 365.16, 392.14]",378.4096224992171,>64,class_confusion,0.5977092981338501,swimmer,FP
16771,16771.jpg,2,boat,0.13521,"[0.0, 0.0, 239.63, 499.96]",346.1291880208891,>64,background,0.0,,FP
16772,16772.jpg,3,jetski,0.1024,"[2159.62, 872.89, 420.51, 464.93]",442.1625428504771,>64,class_confusion,0.5413536429405212,swimmer,FP
16773,16773.jpg,3,jetski,0.71571,"[2150.52, 845.24, 402.33, 355.79]",378.3450682908395,>64,class_confusion,0.5973411798477173,swimmer,FP
16774,16774.jpg,3,jetski,0.53629,"[2105.97, 1012.39, 357.11, 358.91]",358.0088687448958,>64,class_confusion,0.7309749722480774,swimmer,FP
16774,16774.jpg,3,jetski,0.46287,"[2181.52, 1006.51, 236.45, 361.6]",292.4043775322114,>64,background,0.47702398896217346,,FP
16774,16774.jpg,3,jetski,0.33685,"[2179.14, 1006.85, 233.12, 217.47]",225.15906910448888,>64,background,0.27842527627944946,,FP
16774,16774.jpg,3,jetski,0.22101,"[2097.15, 1137.97, 97.92, 196.75]",138.80115273296545,>64,background,0.11182224005460739,,FP
16775,16775.jpg,3,jetski,0.71911,"[2287.51, 1113.78, 205.23, 256.08]",229.24942399055226,>64,background,0.3126727044582367,,FP
16775,16775.jpg,3,jetski,0.65095,"[2160.03, 1051.84, 193.23, 235.85]",213.479028243994,>64,background,0.2711339592933655,,FP
16775,16775.jpg,3,jetski,0.53484,"[2062.47, 1052.93, 288.84, 239.22]",262.8617598662841,>64,background,0.41108208894729614,,FP
16775,16775.jpg,3,jetski,0.21681,"[2226.56, 1082.89, 263.65, 283.25]",273.27433560435196,>64,background,0.44429466128349304,,FP
16775,16775.jpg,1,swimmer,0.20191,"[0.0, 8.24, 813.24, 1312.43]",1033.1120816252223,>64,background,0.0,,FP
16775,16775.jpg,2,boat,0.16353,"[0.0, 26.47, 743.79, 1499.04]",1055.9218539267004,>64,background,0.0,,FP
16776,16776.jpg,3,jetski,0.59614,"[2308.2, 1057.5, 169.69, 122.85]",144.38288160304876,>64,background,0.13148239254951477,,FP
16776,16776.jpg,3,jetski,0.44117,"[2040.81, 935.87, 262.78, 191.5]",224.32648082649538,>64,background,0.3173932135105133,,FP
16776,16776.jpg,3,jetski,0.32019,"[2150.31, 931.67, 210.92, 279.54]",242.8179910962118,>64,background,0.3718758225440979,,FP
16776,16776.jpg,3,jetski,0.2808,"[2176.66, 939.84, 294.95, 251.86]",272.55477798050066,>64,background,0.46853724122047424,,FP
16776,16776.jpg,3,jetski,0.14976,"[2147.9, 940.56, 274.95, 306.53]",290.3109083379403,>64,class_confusion,0.5315731167793274,swimmer,FP
16777,16777.jpg,5,buoy,0.76851,"[2004.69, 921.39, 117.63, 130.09]",123.70322024911073,>64,background,0.07098574191331863,,FP
16777,16777.jpg,2,boat,0.71143,"[2040.38, 847.06, 360.64, 455.13]",405.13958483465916,>64,class_confusion,0.6052976250648499,swimmer,FP
16777,16777.jpg,2,boat,0.31625,"[2134.77, 847.93, 296.06, 455.78]",367.3393891212866,>64,class_confusion,0.5045033097267151,swimmer,FP
16777,16777.jpg,3,jetski,0.2457,"[2405.09, 1002.98, 106.75, 134.26]",119.7173963966808,>64,background,0.06648508459329605,,FP
16777,16777.jpg,3,jetski,0.2108,"[1116.87, 749.52, 52.68, 154.01]",90.07356326914129,>64,background,0.0,,FP
16777,16777.jpg,3,jetski,0.17952,"[2003.76, 919.72, 115.59, 132.7]",123.84988090426248,>64,background,0.07115428149700165,,FP
16778,16778.jpg,3,jetski,0.53701,"[2217.89, 751.92, 299.37, 303.93]",301.6413832682777,>64,background,0.41090163588523865,,FP
16778,16778.jpg,3,jetski,0.2045,"[2066.23, 754.15, 379.91, 315.94]",346.45167830449316,>64,class_confusion,0.5469264388084412,swimmer,FP
16778,16778.jpg,2,boat,0.17897,"[2058.63, 753.82, 434.82, 312.59]",368.67381762202746,>64,class_confusion,0.6170299649238586,swimmer,FP
16778,16778.jpg,3,jetski,0.13387,"[2129.32, 760.74, 388.2, 326.05]",355.77044565281136,>64,class_confusion,0.5959995985031128,swimmer,FP
16779,16779.jpg,2,boat,0.59106,"[2055.94, 635.13, 556.16, 605.91]",580.5022873339949,>64,class_confusion,0.7036625146865845,swimmer,FP
16779,16779.jpg,3,jetski,0.34055,"[2422.11, 670.77, 250.04, 391.5]",312.8748312025114,>64,background,0.30578604340553284,,FP
16779,16779.jpg,3,jetski,0.11409,"[2089.74, 642.13, 569.93, 597.99]",583.7914359597954,>64,class_confusion,0.7265287041664124,swimmer,FP
16780,16780.jpg,3,jetski,0.56351,"[2105.56, 714.53, 111.76, 309.72]",186.0492063944375,>64,background,0.08996604382991791,,FP
16780,16780.jpg,3,jetski,0.45385,"[2102.38, 454.05, 493.76, 454.42]",473.6817699679818,>64,class_confusion,0.5777746438980103,swimmer,FP
16780,16780.jpg,2,boat,0.1083,"[2093.59, 452.04, 493.24, 626.13]",555.7268764420162,>64,class_confusion,0.6618412137031555,swimmer,FP
16786,16786.jpg,2,boat,0.74042,"[1847.15, 341.21, 516.21, 904.7]",683.3850942184795,>64,class_confusion,0.8029265999794006,swimmer,FP
16786,16786.jpg,3,jetski,0.33516,"[1957.78, 1058.92, 64.95, 174.98]",106.60652419059538,>64,background,0.027739938348531723,,FP
16786,16786.jpg,3,jetski,0.15609,"[1823.44, 344.15, 511.47, 496.69]",504.02582701683053,>64,background,0.46423065662384033,,FP
16786,16786.jpg,3,jetski,0.12526,"[1901.29, 817.95, 162.64, 422.43]",262.11450780145685,>64,background,0.16769498586654663,,FP
16787,16787.jpg,2,boat,0.7116,"[1738.6, 588.06, 439.14, 749.8]",573.8180652436798,>64,class_confusion,0.8878194689750671,swimmer,FP
16787,16787.jpg,3,jetski,0.3331,"[2132.87, 786.95, 62.06, 158.57]",99.20107963122176,>64,background,0.010094101540744305,,FP
16787,16787.jpg,3,jetski,0.13787,"[1755.85, 1191.24, 52.08, 109.07]",75.36820019079664,>64,background,0.01834888942539692,,FP
16787,16787.jpg,3,jetski,0.10817,"[1754.97, 1131.36, 57.08, 171.67]",98.98951257582794,>64,background,0.03165280818939209,,FP
379,379.jpg,1,swimmer,,"[65, 206, 39, 24]",30.59411708155671,16-32,,,,FN
501,501.jpg,2,boat,,"[281, 901, 56, 33]",42.988370520409354,32-64,,,,FN
537,537.jpg,1,swimmer,,"[753, 907, 13, 16]",14.422205101855956,<16,,,,FN
595,595.jpg,1,swimmer,,"[247, 290, 20, 15]",17.320508075688775,16-32,,,,FN
595,595.jpg,4,life_saving_appliances,,"[380, 155, 14, 12]",12.96148139681572,<16,,,,FN
595,595.jpg,1,swimmer,,"[186, 169, 16, 15]",15.491933384829668,<16,,,,FN
655,655.jpg,4,life_saving_appliances,,"[76, 292, 14, 11]",12.409673645990857,<16,,,,FN
830,830.jpg,1,swimmer,,"[682, 702, 17, 22]",19.339079605813716,16-32,,,,FN
887,887.jpg,1,swimmer,,"[5142, 3393, 23, 24]",23.49468024894146,16-32,,,,FN
887,887.jpg,2,boat,,"[5010, 3394, 24, 24]",24.0,16-32,,,,FN
984,984.jpg,1,swimmer,,"[118, 2351, 38, 22]",28.91366458960192,16-32,,,,FN
1036,1036.jpg,1,swimmer,,"[858, 430, 29, 29]",29.0,16-32,,,,FN
1037,1037.jpg,1,swimmer,,"[465, 123, 42, 45]",43.474130238568314,32-64,,,,FN
1073,1073.jpg,1,swimmer,,"[4230, 1114, 28, 26]",26.981475126464083,16-32,,,,FN
1073,1073.jpg,1,swimmer,,"[4115, 572, 24, 26]",24.979991993593593,16-32,,,,FN
1073,1073.jpg,1,swimmer,,"[4012, 182, 22, 20]",20.97617696340303,16-32,,,,FN
1073,1073.jpg,1,swimmer,,"[4060, 284, 20, 23]",21.447610589527216,16-32,,,,FN
1123,1123.jpg,1,swimmer,,"[3205, 751, 20, 27]",23.2379000772445,16-32,,,,FN
1123,1123.jpg,1,swimmer,,"[3186, 759, 14, 28]",19.79898987322333,16-32,,,,FN
1123,1123.jpg,1,swimmer,,"[3419, 1025, 24, 16]",19.595917942265423,16-32,,,,FN
1129,1129.jpg,1,swimmer,,"[451, 2443, 20, 16]",17.88854381999832,16-32,,,,FN
1136,1136.jpg,1,swimmer,,"[5404, 645, 18, 12]",14.696938456699069,<16,,,,FN
1144,1144.jpg,1,swimmer,,"[1959, 1698, 38, 32]",34.87119154832539,32-64,,,,FN
1144,1144.jpg,1,swimmer,,"[1835, 1421, 16, 17]",16.492422502470642,16-32,,,,FN
1157,1157.jpg,1,swimmer,,"[1036, 2624, 19, 21]",19.974984355438178,16-32,,,,FN
1157,1157.jpg,1,swimmer,,"[1203, 2732, 23, 14]",17.944358444926362,16-32,,,,FN
1157,1157.jpg,1,swimmer,,"[1131, 3092, 36, 20]",26.832815729997478,16-32,,,,FN
1224,1224.jpg,4,life_saving_appliances,,"[2900, 4880, 37, 48]",42.14261501141095,32-64,,,,FN
1230,1230.jpg,4,life_saving_appliances,,"[3769, 1113, 45, 33]",38.535697735995385,32-64,,,,FN
1309,1309.jpg,4,life_saving_appliances,,"[5102, 960, 57, 36]",45.2990066116245,32-64,,,,FN
1716,1716.jpg,1,swimmer,,"[3539, 4128, 23, 28]",25.37715508089904,16-32,,,,FN
1765,1765.jpg,1,swimmer,,"[2051, 318, 18, 28]",22.44994432064365,16-32,,,,FN
1774,1774.jpg,1,swimmer,,"[433, 3404, 25, 28]",26.457513110645905,16-32,,,,FN
1786,1786.jpg,1,swimmer,,"[2118, 3861, 17, 27]",21.42428528562855,16-32,,,,FN
1786,1786.jpg,1,swimmer,,"[1761, 3597, 15, 19]",16.881943016134134,16-32,,,,FN
1786,1786.jpg,1,swimmer,,"[1776, 3619, 13, 15]",13.96424004376894,<16,,,,FN
1786,1786.jpg,1,swimmer,,"[1530, 3876, 17, 16]",16.492422502470642,16-32,,,,FN
1824,1824.jpg,1,swimmer,,"[4676, 629, 29, 41]",34.48187929913333,32-64,,,,FN
1824,1824.jpg,1,swimmer,,"[4743, 619, 26, 32]",28.844410203711913,16-32,,,,FN
1871,1871.jpg,1,swimmer,,"[2288, 753, 26, 22]",23.916521486202797,16-32,,,,FN
1871,1871.jpg,1,swimmer,,"[2304, 901, 25, 24]",24.49489742783178,16-32,,,,FN
1896,1896.jpg,1,swimmer,,"[2008, 5090, 22, 36]",28.142494558940577,16-32,,,,FN
1908,1908.jpg,1,swimmer,,"[1098, 1783, 14, 30]",20.493901531919196,16-32,,,,FN
1931,1931.jpg,1,swimmer,,"[1852, 1082, 32, 20]",25.298221281347036,16-32,,,,FN
1944,1944.jpg,1,swimmer,,"[2570, 1700, 31, 33]",31.984371183438952,16-32,,,,FN
2005,2005.jpg,1,swimmer,,"[1512, 2378, 24, 38]",30.199337741083,16-32,,,,FN
2035,2035.jpg,1,swimmer,,"[4555, 1878, 16, 18]",16.97056274847714,16-32,,,,FN
2185,2185.jpg,1,swimmer,,"[1085, 3088, 16, 33]",22.978250586152114,16-32,,,,FN
2185,2185.jpg,1,swimmer,,"[1171, 2918, 26, 13]",18.384776310850235,16-32,,,,FN
2231,2231.jpg,2,boat,,"[3876, 288, 13, 17]",14.866068747318506,<16,,,,FN
2231,2231.jpg,2,boat,,"[3845, 297, 20, 19]",19.493588689617926,16-32,,,,FN
2234,2234.jpg,1,swimmer,,"[1167, 3160, 14, 15]",14.491376746189438,<16,,,,FN
2241,2241.jpg,1,swimmer,,"[978, 583, 18, 20]",18.973665961010276,16-32,,,,FN
2364,2364.jpg,1,swimmer,,"[971, 3349, 17, 11]",13.674794331177344,<16,,,,FN
2378,2378.jpg,2,boat,,"[4416, 1572, 27, 23]",24.919871588754223,16-32,,,,FN
2382,2382.jpg,1,swimmer,,"[4414, 241, 23, 21]",21.97726097583591,16-32,,,,FN
2398,2398.jpg,1,swimmer,,"[2076, 1555, 14, 12]",12.96148139681572,<16,,,,FN
2497,2497.jpg,2,boat,,"[1697, 104, 213, 158]",183.45026573979118,>64,,,,FN
2655,2655.jpg,1,swimmer,,"[1194, 727, 41, 41]",41.0,32-64,,,,FN
2749,2749.jpg,1,swimmer,,"[2227, 1569, 32, 24]",27.712812921102035,16-32,,,,FN
2749,2749.jpg,1,swimmer,,"[1918, 922, 31, 47]",38.17066936798463,32-64,,,,FN
2754,2754.jpg,4,life_saving_appliances,,"[4585, 2148, 27, 28]",27.49545416973504,16-32,,,,FN
2782,2782.jpg,1,swimmer,,"[2491, 306, 47, 45]",45.98912915026767,32-64,,,,FN
2782,2782.jpg,4,life_saving_appliances,,"[2622, 62, 24, 41]",31.368774282716245,16-32,,,,FN
2782,2782.jpg,1,swimmer,,"[2907, 434, 14, 32]",21.166010488516726,16-32,,,,FN
2782,2782.jpg,1,swimmer,,"[3132, 336, 19, 38]",26.870057685088806,16-32,,,,FN
2782,2782.jpg,1,swimmer,,"[3376, 333, 17, 36]",24.73863375370596,16-32,,,,FN
2782,2782.jpg,1,swimmer,,"[3426, 237, 20, 28]",23.664319132398465,16-32,,,,FN
2885,2885.jpg,1,swimmer,,"[4456, 182, 29, 19]",23.473389188611005,16-32,,,,FN
2885,2885.jpg,4,life_saving_appliances,,"[4665, 324, 18, 19]",18.49324200890693,16-32,,,,FN
2885,2885.jpg,1,swimmer,,"[4935, 151, 22, 18]",19.8997487421324,16-32,,,,FN
2885,2885.jpg,1,swimmer,,"[4838, 123, 20, 21]",20.493901531919196,16-32,,,,FN
2890,2890.jpg,1,swimmer,,"[309, 2881, 38, 41]",39.4715087119811,32-64,,,,FN
2890,2890.jpg,4,life_saving_appliances,,"[337, 2919, 19, 25]",21.79449471770337,16-32,,,,FN
2894,2894.jpg,1,swimmer,,"[590, 720, 23, 36]",28.77498913987632,16-32,,,,FN
2894,2894.jpg,4,life_saving_appliances,,"[598, 759, 18, 19]",18.49324200890693,16-32,,,,FN
2931,2931.jpg,2,boat,,"[2403, 2918, 206, 113]",152.5712948100002,>64,,,,FN
2931,2931.jpg,1,swimmer,,"[2635, 2888, 80, 44]",59.329587896765304,32-64,,,,FN
2931,2931.jpg,1,swimmer,,"[2611, 2957, 95, 27]",50.6458290484024,32-64,,,,FN
2931,2931.jpg,1,swimmer,,"[2591, 2925, 90, 37]",57.706152185014034,32-64,,,,FN
2931,2931.jpg,1,swimmer,,"[2124, 2509, 103, 58]",77.2916554357584,>64,,,,FN
2963,2963.jpg,1,swimmer,,"[111, 1419, 41, 38]",39.4715087119811,32-64,,,,FN
2963,2963.jpg,1,swimmer,,"[193, 1573, 83, 87]",84.97646733066749,>64,,,,FN
3001,3001.jpg,1,swimmer,,"[4808, 2074, 37, 39]",37.986839826445156,32-64,,,,FN
3001,3001.jpg,4,life_saving_appliances,,"[4843, 2061, 26, 26]",26.0,16-32,,,,FN
3001,3001.jpg,1,swimmer,,"[4090, 2556, 40, 26]",32.2490309931942,32-64,,,,FN
3010,3010.jpg,2,boat,,"[4776, 1500, 178, 79]",118.5833040524677,>64,,,,FN
3011,3011.jpg,1,swimmer,,"[3697, 3272, 26, 56]",38.157568056677825,32-64,,,,FN
3011,3011.jpg,4,life_saving_appliances,,"[3719, 3276, 41, 35]",37.881393849751625,32-64,,,,FN
3012,3012.jpg,1,swimmer,,"[3702, 2842, 27, 48]",36.0,32-64,,,,FN
3012,3012.jpg,4,life_saving_appliances,,"[3722, 2838, 39, 36]",37.469987990390386,32-64,,,,FN
3016,3016.jpg,1,swimmer,,"[3622, 0, 79, 46]",60.28266749240614,32-64,,,,FN
3016,3016.jpg,1,swimmer,,"[3366, 184, 24, 49]",34.292856398964496,32-64,,,,FN
3022,3022.jpg,1,swimmer,,"[3414, 1530, 36, 50]",42.42640687119285,32-64,,,,FN
3022,3022.jpg,1,swimmer,,"[3179, 1503, 55, 36]",44.49719092257398,32-64,,,,FN
3022,3022.jpg,4,life_saving_appliances,,"[3167, 1466, 62, 51]",56.231663678038196,32-64,,,,FN
3022,3022.jpg,1,swimmer,,"[2671, 2385, 34, 40]",36.87817782917155,32-64,,,,FN
3023,3023.jpg,1,swimmer,,"[3517, 786, 23, 30]",26.267851073127396,16-32,,,,FN
3023,3023.jpg,1,swimmer,,"[3280, 742, 42, 40]",40.98780306383839,32-64,,,,FN
3023,3023.jpg,4,life_saving_appliances,,"[3288, 711, 46, 44]",44.98888751680797,32-64,,,,FN
3102,3102.jpg,1,swimmer,,"[2707, 1812, 75, 43]",56.789083458002736,32-64,,,,FN
3102,3102.jpg,1,swimmer,,"[3405, 2675, 27, 16]",20.784609690826528,16-32,,,,FN
3111,3111.jpg,1,swimmer,,"[3188, 2650, 16, 29]",21.540659228538015,16-32,,,,FN
3336,3336.jpg,3,jetski,,"[1155, 0, 66, 88]",76.2102355330306,>64,,,,FN
3467,3467.jpg,1,swimmer,,"[195, 728, 27, 20]",23.2379000772445,16-32,,,,FN
3467,3467.jpg,1,swimmer,,"[1859, 1444, 181, 118]",146.1437648344944,>64,,,,FN
3468,3468.jpg,1,swimmer,,"[396, 741, 17, 13]",14.866068747318506,<16,,,,FN
3468,3468.jpg,1,swimmer,,"[1880, 1399, 246, 141]",186.24177834202507,>64,,,,FN
3469,3469.jpg,1,swimmer,,"[587, 749, 19, 15]",16.881943016134134,16-32,,,,FN
3469,3469.jpg,1,swimmer,,"[1937, 1358, 238, 98]",152.7219696049,>64,,,,FN
3470,3470.jpg,1,swimmer,,"[762, 756, 18, 14]",15.874507866387544,<16,,,,FN
3470,3470.jpg,1,swimmer,,"[2099, 1320, 137, 96]",114.6821694946516,>64,,,,FN
3471,3471.jpg,1,swimmer,,"[879, 771, 19, 15]",16.881943016134134,16-32,,,,FN
3471,3471.jpg,1,swimmer,,"[2121, 1325, 194, 97]",137.17871555019022,>64,,,,FN
3472,3472.jpg,1,swimmer,,"[937, 783, 18, 14]",15.874507866387544,<16,,,,FN
3472,3472.jpg,1,swimmer,,"[2096, 1325, 218, 94]",143.15027069481914,>64,,,,FN
3473,3473.jpg,1,swimmer,,"[2147, 1351, 117, 94]",104.8713497576912,>64,,,,FN
3474,3474.jpg,1,swimmer,,"[2098, 1394, 186, 118]",148.14857407346182,>64,,,,FN
3477,3477.jpg,1,swimmer,,"[1241, 757, 20, 15]",17.320508075688775,16-32,,,,FN
3477,3477.jpg,1,swimmer,,"[2059, 1468, 184, 128]",153.466608746007,>64,,,,FN
3478,3478.jpg,1,swimmer,,"[1321, 738, 18, 14]",15.874507866387544,<16,,,,FN
3479,3479.jpg,1,swimmer,,"[1401, 720, 19, 15]",16.881943016134134,16-32,,,,FN
3480,3480.jpg,1,swimmer,,"[1477, 706, 21, 16]",18.33030277982336,16-32,,,,FN
3481,3481.jpg,1,swimmer,,"[1550, 684, 21, 17]",18.894443627691185,16-32,,,,FN
3482,3482.jpg,1,swimmer,,"[1621, 665, 18, 14]",15.874507866387544,<16,,,,FN
3482,3482.jpg,1,swimmer,,"[1811, 1493, 143, 147]",144.98620624045586,>64,,,,FN
3483,3483.jpg,1,swimmer,,"[1690, 646, 18, 14]",15.874507866387544,<16,,,,FN
3485,3485.jpg,1,swimmer,,"[1825, 618, 20, 17]",18.439088914585774,16-32,,,,FN
3486,3486.jpg,1,swimmer,,"[1892, 605, 17, 15]",15.968719422671311,<16,,,,FN
3486,3486.jpg,2,boat,,"[271, 406, 67, 26]",41.737273509418415,32-64,,,,FN
3487,3487.jpg,1,swimmer,,"[1955, 592, 18, 16]",16.97056274847714,16-32,,,,FN
3488,3488.jpg,2,boat,,"[506, 367, 63, 24]",38.88444419044716,32-64,,,,FN
3489,3489.jpg,1,swimmer,,"[2081, 554, 17, 15]",15.968719422671311,<16,,,,FN
3489,3489.jpg,2,boat,,"[619, 345, 62, 24]",38.57460304397182,32-64,,,,FN
3489,3489.jpg,1,swimmer,,"[1013, 1423, 241, 193]",215.6687274502263,>64,,,,FN
3490,3490.jpg,2,boat,,"[729, 328, 60, 23]",37.14835124201342,32-64,,,,FN
3491,3491.jpg,1,swimmer,,"[2202, 521, 20, 17]",18.439088914585774,16-32,,,,FN
3491,3491.jpg,2,boat,,"[828, 304, 58, 22]",35.7211421989835,32-64,,,,FN
3492,3492.jpg,2,boat,,"[949, 293, 57, 22]",35.41186241925155,32-64,,,,FN
3494,3494.jpg,1,swimmer,,"[2363, 482, 23, 17]",19.77371993328519,16-32,,,,FN
3494,3494.jpg,2,boat,,"[1150, 249, 55, 25]",37.080992435478315,32-64,,,,FN
3495,3495.jpg,1,swimmer,,"[2415, 469, 23, 17]",19.77371993328519,16-32,,,,FN
3495,3495.jpg,1,swimmer,,"[366, 1238, 256, 143]",191.33217188962237,>64,,,,FN
3497,3497.jpg,1,swimmer,,"[2515, 450, 21, 16]",18.33030277982336,16-32,,,,FN
3497,3497.jpg,2,boat,,"[1452, 201, 52, 24]",35.32704346531139,32-64,,,,FN
3498,3498.jpg,1,swimmer,,"[123, 1133, 331, 152]",224.30336600238527,>64,,,,FN
3499,3499.jpg,1,swimmer,,"[75, 1097, 364, 139]",224.9355463238303,>64,,,,FN
3500,3500.jpg,1,swimmer,,"[2660, 424, 24, 18]",20.784609690826528,16-32,,,,FN
3500,3500.jpg,1,swimmer,,"[77, 1045, 233, 127]",172.02034763364477,>64,,,,FN
3502,3502.jpg,1,swimmer,,"[73, 956, 328, 120]",198.39354828219592,>64,,,,FN
3503,3503.jpg,1,swimmer,,"[2795, 410, 33, 19]",25.03996805109783,16-32,,,,FN
3503,3503.jpg,1,swimmer,,"[117, 908, 212, 108]",151.3142425550219,>64,,,,FN
3504,3504.jpg,2,boat,,"[2136, 131, 48, 23]",33.2264954516723,32-64,,,,FN
3504,3504.jpg,1,swimmer,,"[170, 887, 211, 90]",137.8042089342702,>64,,,,FN
3505,3505.jpg,1,swimmer,,"[125, 858, 302, 84]",159.27334993651638,>64,,,,FN
3506,3506.jpg,2,boat,,"[2335, 134, 47, 22]",32.155870381627054,32-64,,,,FN
3506,3506.jpg,1,swimmer,,"[184, 822, 190, 84]",126.33289357883005,>64,,,,FN
3507,3507.jpg,1,swimmer,,"[226, 785, 199, 82]",127.74192733789482,>64,,,,FN
3508,3508.jpg,2,boat,,"[210, 91, 41, 42]",41.49698784249286,32-64,,,,FN
3508,3508.jpg,1,swimmer,,"[282, 769, 227, 77]",132.20816918783802,>64,,,,FN
3509,3509.jpg,2,boat,,"[2644, 159, 49, 23]",33.57082066318904,32-64,,,,FN
3509,3509.jpg,2,boat,,"[340, 106, 41, 42]",41.49698784249286,32-64,,,,FN
3509,3509.jpg,1,swimmer,,"[300, 751, 221, 71]",125.26372180324198,>64,,,,FN
3510,3510.jpg,1,swimmer,,"[390, 732, 146, 65]",97.41663102366043,>64,,,,FN
3511,3511.jpg,2,boat,,"[594, 145, 37, 37]",37.0,32-64,,,,FN
3511,3511.jpg,1,swimmer,,"[521, 722, 126, 56]",84.0,>64,,,,FN
3512,3512.jpg,2,boat,,"[716, 165, 35, 36]",35.4964786985977,32-64,,,,FN
3512,3512.jpg,1,swimmer,,"[505, 718, 209, 53]",105.24732775705044,>64,,,,FN
3513,3513.jpg,2,boat,,"[835, 180, 36, 37]",36.49657518178932,32-64,,,,FN
3513,3513.jpg,1,swimmer,,"[612, 711, 128, 54]",83.13843876330611,>64,,,,FN
3514,3514.jpg,2,boat,,"[950, 209, 34, 38]",35.94440151122286,32-64,,,,FN
3514,3514.jpg,1,swimmer,,"[731, 729, 118, 44]",72.05553413860729,>64,,,,FN
3515,3515.jpg,2,boat,,"[1072, 246, 32, 36]",33.94112549695428,32-64,,,,FN
3515,3515.jpg,1,swimmer,,"[765, 737, 166, 45]",86.4291617453276,>64,,,,FN
3516,3516.jpg,1,swimmer,,"[3374, 586, 34, 23]",27.964262908219126,16-32,,,,FN
3516,3516.jpg,2,boat,,"[3383, 304, 47, 24]",33.58571124749333,32-64,,,,FN
3516,3516.jpg,2,boat,,"[1136, 244, 34, 38]",35.94440151122286,32-64,,,,FN
3516,3516.jpg,1,swimmer,,"[913, 727, 47, 47]",47.0,32-64,,,,FN
3517,3517.jpg,2,boat,,"[1171, 254, 34, 38]",35.94440151122286,32-64,,,,FN
3517,3517.jpg,1,swimmer,,"[959, 741, 102, 40]",63.874877690685246,32-64,,,,FN
3518,3518.jpg,2,boat,,"[1169, 249, 33, 37]",34.942810419312295,32-64,,,,FN
3518,3518.jpg,1,swimmer,,"[899, 754, 169, 48]",90.06664199358161,>64,,,,FN
3519,3519.jpg,1,swimmer,,"[3359, 590, 33, 22]",26.94438717061496,16-32,,,,FN
3519,3519.jpg,2,boat,,"[3342, 283, 46, 24]",33.2264954516723,32-64,,,,FN
3519,3519.jpg,2,boat,,"[1062, 236, 34, 38]",35.94440151122286,32-64,,,,FN
3519,3519.jpg,1,swimmer,,"[808, 769, 124, 56]",83.33066662399864,>64,,,,FN
3520,3520.jpg,1,swimmer,,"[3212, 544, 36, 24]",29.393876913398138,16-32,,,,FN
3520,3520.jpg,2,boat,,"[3180, 234, 47, 24]",33.58571124749333,32-64,,,,FN
3520,3520.jpg,2,boat,,"[886, 193, 35, 40]",37.416573867739416,32-64,,,,FN
3520,3520.jpg,1,swimmer,,"[652, 769, 139, 55]",87.43569065318808,>64,,,,FN
3521,3521.jpg,1,swimmer,,"[3060, 500, 34, 22]",27.349588662354687,16-32,,,,FN
3521,3521.jpg,2,boat,,"[3012, 184, 46, 23]",32.526911934581186,32-64,,,,FN
3521,3521.jpg,2,boat,,"[694, 149, 36, 40]",37.94733192202055,32-64,,,,FN
3521,3521.jpg,1,swimmer,,"[471, 763, 117, 57]",81.6639455328972,>64,,,,FN
3522,3522.jpg,1,swimmer,,"[2908, 446, 34, 22]",27.349588662354687,16-32,,,,FN
3522,3522.jpg,2,boat,,"[2847, 124, 45, 23]",32.17141588429082,32-64,,,,FN
3522,3522.jpg,2,boat,,"[490, 94, 37, 41]",38.948684188300895,32-64,,,,FN
3522,3522.jpg,1,swimmer,,"[279, 755, 64, 55]",59.329587896765304,32-64,,,,FN
3523,3523.jpg,1,swimmer,,"[2761, 394, 34, 23]",27.964262908219126,16-32,,,,FN
3523,3523.jpg,2,boat,,"[273, 51, 42, 27]",33.67491648096547,32-64,,,,FN
4436,4436.jpg,1,swimmer,,"[2896, 689, 14, 12]",12.96148139681572,<16,,,,FN
4436,4436.jpg,1,swimmer,,"[2960, 683, 12, 12]",12.0,<16,,,,FN
4438,4438.jpg,1,swimmer,,"[2819, 687, 16, 13]",14.422205101855956,<16,,,,FN
4438,4438.jpg,1,swimmer,,"[2865, 714, 13, 10]",11.40175425099138,<16,,,,FN
4438,4438.jpg,1,swimmer,,"[3033, 688, 12, 12]",12.0,<16,,,,FN
4439,4439.jpg,1,swimmer,,"[3186, 785, 14, 12]",12.96148139681572,<16,,,,FN
4440,4440.jpg,1,swimmer,,"[3300, 729, 20, 15]",17.320508075688775,16-32,,,,FN
4440,4440.jpg,1,swimmer,,"[3269, 814, 15, 11]",12.84523257866513,<16,,,,FN
4441,4441.jpg,1,swimmer,,"[3150, 701, 16, 14]",14.966629547095765,<16,,,,FN
4442,4442.jpg,1,swimmer,,"[3019, 731, 13, 10]",11.40175425099138,<16,,,,FN
4483,4483.jpg,1,swimmer,,"[2998, 1152, 289, 171]",222.30384612057435,>64,,,,FN
4486,4486.jpg,1,swimmer,,"[3048, 992, 367, 253]",304.7146205878543,>64,,,,FN
4885,4885.jpg,1,swimmer,,"[1888, 1573, 39, 43]",40.95119045888654,32-64,,,,FN
4889,4889.jpg,1,swimmer,,"[1900, 1290, 31, 37]",33.8673884437522,32-64,,,,FN
4895,4895.jpg,1,swimmer,,"[1942, 1152, 26, 25]",25.495097567963924,16-32,,,,FN
4897,4897.jpg,5,buoy,,"[2101, 782, 76, 105]",89.33084573650918,>64,,,,FN
4897,4897.jpg,1,swimmer,,"[2383, 1174, 33, 30]",31.464265445104548,16-32,,,,FN
4906,4906.jpg,1,swimmer,,"[1824, 1067, 47, 27]",35.62302626111375,32-64,,,,FN
4907,4907.jpg,1,swimmer,,"[1568, 1187, 27, 27]",27.0,16-32,,,,FN
4908,4908.jpg,1,swimmer,,"[1435, 1202, 26, 26]",26.0,16-32,,,,FN
4909,4909.jpg,1,swimmer,,"[1606, 1074, 51, 29]",38.45776904605882,32-64,,,,FN
4909,4909.jpg,1,swimmer,,"[1494, 1201, 27, 26]",26.49528259898354,16-32,,,,FN
4914,4914.jpg,1,swimmer,,"[2116, 1076, 83, 45]",61.11464636239009,32-64,,,,FN
4917,4917.jpg,1,swimmer,,"[2256, 1073, 53, 30]",39.87480407475377,32-64,,,,FN
4919,4919.jpg,1,swimmer,,"[2260, 1055, 56, 35]",44.27188724235731,32-64,,,,FN
5148,5148.jpg,1,swimmer,,"[2268, 1250, 45, 51]",47.90615826801394,32-64,,,,FN
5258,5258.jpg,1,swimmer,,"[2093, 825, 21, 33]",26.324893162176366,16-32,,,,FN
5543,5543.jpg,1,swimmer,,"[2063, 619, 68, 30]",45.16635916254486,32-64,,,,FN
5543,5543.jpg,1,swimmer,,"[2010, 1006, 62, 65]",63.48228099241551,32-64,,,,FN
5543,5543.jpg,1,swimmer,,"[1734, 674, 91, 26]",48.641546028061235,32-64,,,,FN
5543,5543.jpg,1,swimmer,,"[1595, 745, 56, 39]",46.73328578219169,32-64,,,,FN
5543,5543.jpg,1,swimmer,,"[3160, 522, 47, 49]",47.989582202807306,32-64,,,,FN
5544,5544.jpg,1,swimmer,,"[1731, 721, 50, 44]",46.9041575982343,32-64,,,,FN
5544,5544.jpg,1,swimmer,,"[3206, 472, 52, 47]",49.4368283772331,32-64,,,,FN
5546,5546.jpg,1,swimmer,,"[2029, 676, 46, 42]",43.95452195167182,32-64,,,,FN
5546,5546.jpg,1,swimmer,,"[3421, 420, 46, 44]",44.98888751680797,32-64,,,,FN
5547,5547.jpg,1,swimmer,,"[3467, 411, 52, 45]",48.373546489791295,32-64,,,,FN
5548,5548.jpg,1,swimmer,,"[1904, 607, 77, 44]",58.20652884342099,32-64,,,,FN
5549,5549.jpg,1,swimmer,,"[3465, 400, 51, 50]",50.49752469181039,32-64,,,,FN
5550,5550.jpg,1,swimmer,,"[3468, 393, 41, 43]",41.98809355043403,32-64,,,,FN
5552,5552.jpg,1,swimmer,,"[1897, 609, 84, 40]",57.96550698475775,32-64,,,,FN
5552,5552.jpg,1,swimmer,,"[3437, 382, 62, 50]",55.67764362830022,32-64,,,,FN
5553,5553.jpg,1,swimmer,,"[3449, 378, 47, 44]",45.47526800360829,32-64,,,,FN
5556,5556.jpg,1,swimmer,,"[3433, 359, 41, 41]",41.0,32-64,,,,FN
5564,5564.jpg,1,swimmer,,"[2621, 515, 64, 38]",49.31531202375181,32-64,,,,FN
5567,5567.jpg,1,swimmer,,"[2623, 515, 69, 41]",53.1883445878888,32-64,,,,FN
5568,5568.jpg,1,swimmer,,"[2620, 516, 77, 36]",52.64978632435273,32-64,,,,FN
5570,5570.jpg,1,swimmer,,"[2629, 520, 72, 36]",50.91168824543142,32-64,,,,FN
5572,5572.jpg,1,swimmer,,"[2298, 580, 70, 38]",51.57518783291051,32-64,,,,FN
5577,5577.jpg,2,boat,,"[1389, 1025, 236, 180]",206.10676844781202,>64,,,,FN
5577,5577.jpg,1,swimmer,,"[2183, 493, 69, 35]",49.14264950122246,32-64,,,,FN
5577,5577.jpg,1,swimmer,,"[2016, 914, 99, 32]",56.28498911788115,32-64,,,,FN
5577,5577.jpg,1,swimmer,,"[1852, 580, 76, 37]",53.028294334251406,32-64,,,,FN
5577,5577.jpg,1,swimmer,,"[1501, 643, 65, 46]",54.680892457969264,32-64,,,,FN
5577,5577.jpg,1,swimmer,,"[2742, 321, 45, 28]",35.4964786985977,32-64,,,,FN
6045,6045.jpg,1,swimmer,,"[2139, 1540, 38, 21]",28.24889378365107,16-32,,,,FN
6048,6048.jpg,1,swimmer,,"[2134, 1541, 39, 22]",29.29163703175362,16-32,,,,FN
6049,6049.jpg,1,swimmer,,"[2120, 1505, 31, 40]",35.21363372331802,32-64,,,,FN
6049,6049.jpg,1,swimmer,,"[2140, 1543, 42, 23]",31.080540535840107,16-32,,,,FN
6052,6052.jpg,1,swimmer,,"[2157, 1533, 34, 24]",28.5657137141714,16-32,,,,FN
6053,6053.jpg,1,swimmer,,"[2161, 1540, 33, 22]",26.94438717061496,16-32,,,,FN
6055,6055.jpg,1,swimmer,,"[2133, 1532, 35, 25]",29.58039891549808,16-32,,,,FN
6056,6056.jpg,1,swimmer,,"[2129, 1535, 33, 23]",27.54995462791182,16-32,,,,FN
6072,6072.jpg,5,buoy,,"[1098, 1338, 60, 84]",70.9929573971954,>64,,,,FN
6072,6072.jpg,3,jetski,,"[0, 721, 78, 33]",50.73460357586329,32-64,,,,FN
6072,6072.jpg,2,boat,,"[5, 550, 112, 131]",121.12803143781376,>64,,,,FN
6072,6072.jpg,1,swimmer,,"[1627, 1509, 30, 45]",36.742346141747674,32-64,,,,FN
6072,6072.jpg,1,swimmer,,"[1787, 1473, 27, 37]",31.606961258558215,16-32,,,,FN
6072,6072.jpg,1,swimmer,,"[1591, 1562, 40, 40]",40.0,32-64,,,,FN
6072,6072.jpg,1,swimmer,,"[1823, 1537, 77, 38]",54.092513345194085,32-64,,,,FN
6072,6072.jpg,5,buoy,,"[1439, 19, 16, 25]",20.0,16-32,,,,FN
6072,6072.jpg,5,buoy,,"[1596, 172, 17, 26]",21.02379604162864,16-32,,,,FN
6074,6074.jpg,1,swimmer,,"[1665, 1453, 30, 41]",35.07135583350036,32-64,,,,FN
6078,6078.jpg,1,swimmer,,"[1999, 1436, 27, 36]",31.176914536239792,16-32,,,,FN
6079,6079.jpg,1,swimmer,,"[1911, 1444, 28, 33]",30.397368307141328,16-32,,,,FN
6079,6079.jpg,5,buoy,,"[1092, 49, 19, 20]",19.493588689617926,16-32,,,,FN
6079,6079.jpg,5,buoy,,"[1318, 199, 17, 23]",19.77371993328519,16-32,,,,FN
6080,6080.jpg,1,swimmer,,"[1902, 1442, 34, 36]",34.9857113690718,32-64,,,,FN
6082,6082.jpg,1,swimmer,,"[1823, 1446, 27, 38]",32.03123475609393,32-64,,,,FN
6090,6090.jpg,5,buoy,,"[1157, 500, 68, 77]",72.36021006050217,>64,,,,FN
6090,6090.jpg,2,boat,,"[2120, 45, 243, 105]",159.73415414368964,>64,,,,FN
6090,6090.jpg,1,swimmer,,"[1820, 456, 31, 23]",26.70205984563738,16-32,,,,FN
6090,6090.jpg,1,swimmer,,"[1719, 624, 60, 28]",40.98780306383839,32-64,,,,FN
6090,6090.jpg,1,swimmer,,"[1706, 650, 56, 43]",49.07137658554119,32-64,,,,FN
6090,6090.jpg,1,swimmer,,"[2046, 506, 51, 46]",48.43552415324934,32-64,,,,FN
6641,6641.jpg,1,swimmer,,"[1803, 1104, 30, 25]",27.386127875258307,16-32,,,,FN
6641,6641.jpg,1,swimmer,,"[1495, 1088, 24, 28]",25.92296279363144,16-32,,,,FN
6641,6641.jpg,1,swimmer,,"[1536, 1315, 62, 39]",49.17316341257699,32-64,,,,FN
6641,6641.jpg,1,swimmer,,"[1589, 1403, 34, 31]",32.46536616149585,32-64,,,,FN
6642,6642.jpg,1,swimmer,,"[1827, 1050, 24, 23]",23.49468024894146,16-32,,,,FN
6642,6642.jpg,1,swimmer,,"[1523, 1032, 19, 25]",21.79449471770337,16-32,,,,FN
6642,6642.jpg,1,swimmer,,"[1622, 1316, 34, 34]",34.0,32-64,,,,FN
6642,6642.jpg,1,swimmer,,"[1970, 952, 35, 23]",28.372521918222215,16-32,,,,FN
6647,6647.jpg,1,swimmer,,"[1968, 917, 36, 23]",28.77498913987632,16-32,,,,FN
6664,6664.jpg,1,swimmer,,"[2172, 1051, 35, 28]",31.304951684997057,16-32,,,,FN
6666,6666.jpg,5,buoy,,"[11, 133, 26, 29]",27.459060435491963,16-32,,,,FN
6667,6667.jpg,5,buoy,,"[169, 116, 26, 29]",27.459060435491963,16-32,,,,FN
6668,6668.jpg,5,buoy,,"[322, 100, 25, 28]",26.457513110645905,16-32,,,,FN
6669,6669.jpg,5,buoy,,"[453, 85, 24, 26]",24.979991993593593,16-32,,,,FN
6670,6670.jpg,5,buoy,,"[591, 71, 24, 24]",24.0,16-32,,,,FN
6671,6671.jpg,5,buoy,,"[748, 58, 22, 25]",23.45207879911715,16-32,,,,FN
6672,6672.jpg,5,buoy,,"[893, 44, 21, 24]",22.44994432064365,16-32,,,,FN
6673,6673.jpg,5,buoy,,"[1025, 34, 20, 24]",21.908902300206645,16-32,,,,FN
6674,6674.jpg,5,buoy,,"[1157, 26, 20, 23]",21.447610589527216,16-32,,,,FN
6676,6676.jpg,1,swimmer,,"[2094, 1006, 25, 22]",23.45207879911715,16-32,,,,FN
6676,6676.jpg,1,swimmer,,"[2077, 803, 26, 18]",21.633307652783937,16-32,,,,FN
6676,6676.jpg,1,swimmer,,"[1841, 997, 34, 15]",22.58317958127243,16-32,,,,FN
6676,6676.jpg,1,swimmer,,"[2177, 989, 31, 24]",27.27636339397171,16-32,,,,FN
6677,6677.jpg,1,swimmer,,"[2233, 906, 33, 22]",26.94438717061496,16-32,,,,FN
6677,6677.jpg,1,swimmer,,"[2038, 979, 22, 23]",22.494443758403985,16-32,,,,FN
6678,6678.jpg,1,swimmer,,"[1824, 980, 23, 23]",23.0,16-32,,,,FN
6678,6678.jpg,1,swimmer,,"[1387, 997, 38, 24]",30.199337741083,16-32,,,,FN
6678,6678.jpg,1,swimmer,,"[1916, 968, 17, 20]",18.439088914585774,16-32,,,,FN
6679,6679.jpg,1,swimmer,,"[1828, 956, 15, 19]",16.881943016134134,16-32,,,,FN
6684,6684.jpg,1,swimmer,,"[1456, 952, 24, 16]",19.595917942265423,16-32,,,,FN
6685,6685.jpg,1,swimmer,,"[1461, 952, 21, 15]",17.74823934929885,16-32,,,,FN
6686,6686.jpg,1,swimmer,,"[1464, 950, 16, 16]",16.0,16-32,,,,FN
6688,6688.jpg,1,swimmer,,"[1921, 846, 30, 22]",25.69046515733026,16-32,,,,FN
6689,6689.jpg,1,swimmer,,"[1663, 735, 21, 15]",17.74823934929885,16-32,,,,FN
6689,6689.jpg,1,swimmer,,"[1469, 947, 17, 15]",15.968719422671311,<16,,,,FN
6690,6690.jpg,1,swimmer,,"[1469, 950, 18, 14]",15.874507866387544,<16,,,,FN
6691,6691.jpg,1,swimmer,,"[1672, 948, 20, 21]",20.493901531919196,16-32,,,,FN
6692,6692.jpg,1,swimmer,,"[1668, 951, 19, 20]",19.493588689617926,16-32,,,,FN
6693,6693.jpg,1,swimmer,,"[1667, 951, 19, 19]",19.0,16-32,,,,FN
6694,6694.jpg,1,swimmer,,"[1663, 950, 20, 21]",20.493901531919196,16-32,,,,FN
6695,6695.jpg,1,swimmer,,"[1659, 949, 20, 21]",20.493901531919196,16-32,,,,FN
6696,6696.jpg,1,swimmer,,"[1656, 952, 21, 19]",19.974984355438178,16-32,,,,FN
6700,6700.jpg,1,swimmer,,"[1621, 724, 15, 18]",16.431676725154983,16-32,,,,FN
6700,6700.jpg,1,swimmer,,"[1451, 970, 26, 15]",19.748417658131498,16-32,,,,FN
7201,7201.jpg,2,boat,,"[1500, 858, 20, 37]",27.202941017470888,16-32,,,,FN
7203,7203.jpg,5,buoy,,"[1615, 1126, 14, 19]",16.30950643030009,16-32,,,,FN
7203,7203.jpg,2,boat,,"[1728, 905, 22, 54]",34.46737587922817,32-64,,,,FN
7203,7203.jpg,2,boat,,"[1447, 853, 19, 29]",23.473389188611005,16-32,,,,FN
7203,7203.jpg,2,boat,,"[1392, 848, 20, 42]",28.982753492378876,16-32,,,,FN
7203,7203.jpg,5,buoy,,"[2601, 1025, 17, 19]",17.97220075561143,16-32,,,,FN
7204,7204.jpg,2,boat,,"[336, 1076, 105, 32]",57.96550698475775,32-64,,,,FN
7204,7204.jpg,2,boat,,"[665, 916, 30, 61]",42.77849927241488,32-64,,,,FN
7204,7204.jpg,2,boat,,"[195, 1283, 74, 26]",43.86342439892262,32-64,,,,FN
7204,7204.jpg,5,buoy,,"[540, 1152, 17, 24]",20.199009876724155,16-32,,,,FN
7204,7204.jpg,5,buoy,,"[1588, 1018, 15, 18]",16.431676725154983,16-32,,,,FN
7205,7205.jpg,2,boat,,"[208, 1077, 97, 34]",57.42821606144492,32-64,,,,FN
7205,7205.jpg,2,boat,,"[529, 917, 27, 59]",39.91240408695021,32-64,,,,FN
7205,7205.jpg,2,boat,,"[92, 1280, 72, 32]",48.0,32-64,,,,FN
7205,7205.jpg,5,buoy,,"[421, 1155, 20, 23]",21.447610589527216,16-32,,,,FN
7205,7205.jpg,5,buoy,,"[1471, 1016, 16, 18]",16.97056274847714,16-32,,,,FN
7216,7216.jpg,5,buoy,,"[1483, 1041, 15, 19]",16.881943016134134,16-32,,,,FN
7751,7751.jpg,1,swimmer,,"[3063, 1348, 17, 20]",18.439088914585774,16-32,,,,FN
7751,7751.jpg,1,swimmer,,"[3325, 1832, 30, 20]",24.49489742783178,16-32,,,,FN
7752,7752.jpg,1,swimmer,,"[2987, 1356, 19, 20]",19.493588689617926,16-32,,,,FN
7752,7752.jpg,1,swimmer,,"[2730, 1485, 37, 43]",39.88734135035826,32-64,,,,FN
7752,7752.jpg,1,swimmer,,"[3552, 1985, 26, 23]",24.454038521274967,16-32,,,,FN
7752,7752.jpg,1,swimmer,,"[3238, 1844, 31, 19]",24.269322199023193,16-32,,,,FN
7753,7753.jpg,1,swimmer,,"[2888, 1370, 17, 22]",19.339079605813716,16-32,,,,FN
7753,7753.jpg,1,swimmer,,"[2640, 1497, 34, 36]",34.9857113690718,32-64,,,,FN
7753,7753.jpg,1,swimmer,,"[3125, 1856, 32, 20]",25.298221281347036,16-32,,,,FN
7754,7754.jpg,1,swimmer,,"[2766, 1380, 17, 21]",18.894443627691185,16-32,,,,FN
7754,7754.jpg,1,swimmer,,"[2676, 1371, 25, 23]",23.979157616563597,16-32,,,,FN
7754,7754.jpg,1,swimmer,,"[2993, 1876, 31, 19]",24.269322199023193,16-32,,,,FN
7755,7755.jpg,1,swimmer,,"[2623, 1384, 21, 25]",22.9128784747792,16-32,,,,FN
7755,7755.jpg,1,swimmer,,"[3123, 2026, 38, 23]",29.563490998188964,16-32,,,,FN
7755,7755.jpg,1,swimmer,,"[2841, 1893, 30, 19]",23.874672772626646,16-32,,,,FN
7756,7756.jpg,1,swimmer,,"[2533, 1378, 19, 25]",21.79449471770337,16-32,,,,FN
7756,7756.jpg,1,swimmer,,"[3016, 2024, 32, 20]",25.298221281347036,16-32,,,,FN
7757,7757.jpg,1,swimmer,,"[2490, 1370, 19, 22]",20.445048300260872,16-32,,,,FN
7758,7758.jpg,1,swimmer,,"[2498, 1367, 16, 25]",20.0,16-32,,,,FN
7759,7759.jpg,1,swimmer,,"[2506, 1367, 15, 23]",18.57417562100671,16-32,,,,FN
7759,7759.jpg,1,swimmer,,"[2978, 2016, 39, 25]",31.22498999199199,16-32,,,,FN
7760,7760.jpg,1,swimmer,,"[2516, 1368, 17, 25]",20.615528128088304,16-32,,,,FN
7760,7760.jpg,1,swimmer,,"[2418, 1358, 25, 20]",22.360679774997898,16-32,,,,FN
7761,7761.jpg,1,swimmer,,"[2523, 1374, 17, 23]",19.77371993328519,16-32,,,,FN
7761,7761.jpg,1,swimmer,,"[2422, 1361, 22, 19]",20.445048300260872,16-32,,,,FN
7762,7762.jpg,1,swimmer,,"[2529, 1376, 15, 21]",17.74823934929885,16-32,,,,FN
7763,7763.jpg,1,swimmer,,"[2530, 1369, 15, 19]",16.881943016134134,16-32,,,,FN
7764,7764.jpg,1,swimmer,,"[2528, 1359, 19, 24]",21.354156504062622,16-32,,,,FN
7765,7765.jpg,1,swimmer,,"[2540, 1356, 19, 27]",22.64950330581225,16-32,,,,FN
7765,7765.jpg,1,swimmer,,"[2426, 1816, 28, 31]",29.46183972531247,16-32,,,,FN
7766,7766.jpg,1,swimmer,,"[2418, 1802, 31, 39]",34.77067730142742,32-64,,,,FN
7767,7767.jpg,1,swimmer,,"[2976, 2053, 25, 23]",23.979157616563597,16-32,,,,FN
7768,7768.jpg,1,swimmer,,"[2457, 1377, 18, 23]",20.346989949375804,16-32,,,,FN
7768,7768.jpg,1,swimmer,,"[2927, 2064, 38, 29]",33.19638534539566,32-64,,,,FN
7769,7769.jpg,1,swimmer,,"[2117, 1557, 29, 36]",32.31098884280702,32-64,,,,FN
7770,7770.jpg,1,swimmer,,"[2355, 1369, 17, 21]",18.894443627691185,16-32,,,,FN
7770,7770.jpg,1,swimmer,,"[2814, 2077, 27, 24]",25.45584412271571,16-32,,,,FN
7771,7771.jpg,1,swimmer,,"[2352, 1365, 17, 25]",20.615528128088304,16-32,,,,FN
7771,7771.jpg,1,swimmer,,"[2075, 1567, 29, 31]",29.9833287011299,16-32,,,,FN
7771,7771.jpg,1,swimmer,,"[2816, 2070, 30, 21]",25.099800796022265,16-32,,,,FN
7772,7772.jpg,1,swimmer,,"[2351, 1364, 16, 26]",20.396078054371138,16-32,,,,FN
7772,7772.jpg,1,swimmer,,"[2080, 1573, 26, 31]",28.39013913315678,16-32,,,,FN
7772,7772.jpg,1,swimmer,,"[2814, 2063, 37, 24]",29.79932885150268,16-32,,,,FN
7773,7773.jpg,1,swimmer,,"[2228, 1437, 25, 23]",23.979157616563597,16-32,,,,FN
7773,7773.jpg,1,swimmer,,"[1965, 1731, 42, 26]",33.04542328371661,32-64,,,,FN
7773,7773.jpg,1,swimmer,,"[2336, 1361, 23, 19]",20.904544960366874,16-32,,,,FN
7773,7773.jpg,1,swimmer,,"[2372, 1381, 19, 26]",22.22611077089287,16-32,,,,FN
7773,7773.jpg,1,swimmer,,"[2268, 1352, 38, 23]",29.563490998188964,16-32,,,,FN
7773,7773.jpg,1,swimmer,,"[2100, 1585, 24, 27]",25.45584412271571,16-32,,,,FN
7774,7774.jpg,1,swimmer,,"[2387, 1349, 36, 38]",36.98648401781386,32-64,,,,FN
7774,7774.jpg,1,swimmer,,"[2152, 1585, 26, 25]",25.495097567963924,16-32,,,,FN
7774,7774.jpg,1,swimmer,,"[2863, 2111, 39, 24]",30.59411708155671,16-32,,,,FN
7775,7775.jpg,1,swimmer,,"[2190, 1575, 36, 19]",26.153393661244042,16-32,,,,FN
7777,7777.jpg,1,swimmer,,"[2375, 1000, 32, 21]",25.92296279363144,16-32,,,,FN
7777,7777.jpg,1,swimmer,,"[2898, 1739, 31, 28]",29.46183972531247,16-32,,,,FN
7777,7777.jpg,1,swimmer,,"[2467, 1027, 22, 30]",25.69046515733026,16-32,,,,FN
7777,7777.jpg,1,swimmer,,"[2334, 1066, 26, 24]",24.979991993593593,16-32,,,,FN
7779,7779.jpg,1,swimmer,,"[2169, 1362, 35, 33]",33.98529093593286,32-64,,,,FN
7779,7779.jpg,1,swimmer,,"[2981, 1756, 30, 28]",28.982753492378876,16-32,,,,FN
7779,7779.jpg,1,swimmer,,"[2367, 1476, 32, 33]",32.49615361854384,32-64,,,,FN
7779,7779.jpg,1,swimmer,,"[2422, 1065, 24, 25]",24.49489742783178,16-32,,,,FN
7780,7780.jpg,1,swimmer,,"[2317, 1478, 30, 43]",35.91656999213594,32-64,,,,FN
7781,7781.jpg,1,swimmer,,"[2310, 1497, 24, 35]",28.982753492378876,16-32,,,,FN
7782,7782.jpg,1,swimmer,,"[2216, 1507, 26, 26]",26.0,16-32,,,,FN
7782,7782.jpg,1,swimmer,,"[2412, 1018, 31, 33]",31.984371183438952,16-32,,,,FN
7782,7782.jpg,1,swimmer,,"[2305, 1086, 25, 25]",25.0,16-32,,,,FN
7783,7783.jpg,1,swimmer,,"[2102, 1507, 22, 26]",23.916521486202797,16-32,,,,FN
7783,7783.jpg,1,swimmer,,"[2202, 1088, 28, 28]",28.0,16-32,,,,FN
7784,7784.jpg,1,swimmer,,"[2091, 1088, 28, 30]",28.982753492378876,16-32,,,,FN
7785,7785.jpg,1,swimmer,,"[2238, 1030, 36, 44]",39.7994974842648,32-64,,,,FN
7787,7787.jpg,1,swimmer,,"[2510, 1847, 33, 29]",30.93541659651604,16-32,,,,FN
7787,7787.jpg,1,swimmer,,"[2179, 1037, 31, 33]",31.984371183438952,16-32,,,,FN
7789,7789.jpg,1,swimmer,,"[2527, 1845, 28, 30]",28.982753492378876,16-32,,,,FN
7789,7789.jpg,1,swimmer,,"[2183, 1026, 26, 30]",27.92848008753788,16-32,,,,FN
7789,7789.jpg,1,swimmer,,"[2088, 1060, 22, 27]",24.372115213907882,16-32,,,,FN
7790,7790.jpg,1,swimmer,,"[2543, 1849, 29, 28]",28.495613697550013,16-32,,,,FN
7790,7790.jpg,1,swimmer,,"[1966, 1508, 25, 34]",29.154759474226502,16-32,,,,FN
7797,7797.jpg,1,swimmer,,"[2036, 1222, 31, 51]",39.761790704142086,32-64,,,,FN
7797,7797.jpg,1,swimmer,,"[2141, 1052, 27, 28]",27.49545416973504,16-32,,,,FN
7798,7798.jpg,1,swimmer,,"[2032, 1485, 32, 45]",37.94733192202055,32-64,,,,FN
7798,7798.jpg,1,swimmer,,"[2255, 1042, 24, 34]",28.5657137141714,16-32,,,,FN
7798,7798.jpg,1,swimmer,,"[2282, 1056, 35, 29]",31.85906464414798,16-32,,,,FN
7801,7801.jpg,1,swimmer,,"[2262, 1047, 24, 30]",26.832815729997478,16-32,,,,FN
7802,7802.jpg,1,swimmer,,"[2267, 1044, 26, 26]",26.0,16-32,,,,FN
7802,7802.jpg,1,swimmer,,"[2293, 1046, 23, 26]",24.454038521274967,16-32,,,,FN
7804,7804.jpg,1,swimmer,,"[2279, 1052, 21, 23]",21.97726097583591,16-32,,,,FN
7805,7805.jpg,1,swimmer,,"[2288, 1051, 22, 22]",22.0,16-32,,,,FN
8115,8115.jpg,1,swimmer,,"[2064, 231, 187, 83]",124.58330546265017,>64,,,,FN
8116,8116.jpg,1,swimmer,,"[2080, 0, 190, 76]",120.16655108639841,>64,,,,FN
8116,8116.jpg,5,buoy,,"[2479, 128, 52, 69]",59.89991652748775,32-64,,,,FN
8116,8116.jpg,3,jetski,,"[1942, 337, 130, 55]",84.55767262643882,>64,,,,FN
8116,8116.jpg,1,swimmer,,"[2384, 489, 20, 26]",22.80350850198276,16-32,,,,FN
8116,8116.jpg,1,swimmer,,"[2452, 599, 33, 23]",27.54995462791182,16-32,,,,FN
8116,8116.jpg,1,swimmer,,"[2292, 501, 29, 23]",25.826343140289914,16-32,,,,FN
8116,8116.jpg,1,swimmer,,"[2208, 506, 27, 24]",25.45584412271571,16-32,,,,FN
8116,8116.jpg,1,swimmer,,"[1985, 541, 53, 30]",39.87480407475377,32-64,,,,FN
8116,8116.jpg,1,swimmer,,"[2981, 985, 49, 62]",55.11805511808268,32-64,,,,FN
8116,8116.jpg,1,swimmer,,"[2678, 1019, 31, 31]",31.0,16-32,,,,FN
8116,8116.jpg,1,swimmer,,"[3132, 1156, 100, 73]",85.44003745317531,>64,,,,FN
8116,8116.jpg,1,swimmer,,"[2564, 983, 37, 33]",34.942810419312295,32-64,,,,FN
8117,8117.jpg,1,swimmer,,"[2472, 74, 27, 27]",27.0,16-32,,,,FN
8117,8117.jpg,1,swimmer,,"[1982, 6, 58, 40]",48.16637831516918,32-64,,,,FN
8618,8618.jpg,1,swimmer,,"[2040, 1034, 54, 50]",51.96152422706632,32-64,,,,FN
8620,8620.jpg,1,swimmer,,"[2006, 1062, 62, 49]",55.11805511808268,32-64,,,,FN
8621,8621.jpg,1,swimmer,,"[2003, 1094, 49, 40]",44.27188724235731,32-64,,,,FN
8622,8622.jpg,1,swimmer,,"[1983, 1115, 63, 47]",54.415071441651165,32-64,,,,FN
8623,8623.jpg,1,swimmer,,"[1981, 1171, 59, 38]",47.34976240700686,32-64,,,,FN
8626,8626.jpg,1,swimmer,,"[2112, 956, 39, 29]",33.63034344160047,32-64,,,,FN
8626,8626.jpg,1,swimmer,,"[2392, 1088, 24, 34]",28.5657137141714,16-32,,,,FN
8628,8628.jpg,1,swimmer,,"[2239, 993, 39, 29]",33.63034344160047,32-64,,,,FN
8629,8629.jpg,1,swimmer,,"[2522, 1200, 20, 25]",22.360679774997898,16-32,,,,FN
8635,8635.jpg,1,swimmer,,"[2185, 1649, 35, 21]",27.110883423451916,16-32,,,,FN
8635,8635.jpg,4,life_saving_appliances,,"[2160, 1637, 31, 24]",27.27636339397171,16-32,,,,FN
8636,8636.jpg,1,swimmer,,"[1743, 1315, 44, 44]",44.0,32-64,,,,FN
8636,8636.jpg,1,swimmer,,"[2167, 1634, 35, 21]",27.110883423451916,16-32,,,,FN
8636,8636.jpg,1,swimmer,,"[2107, 1134, 67, 60]",63.40346993658943,32-64,,,,FN
8636,8636.jpg,4,life_saving_appliances,,"[2143, 1620, 30, 24]",26.832815729997478,16-32,,,,FN
8637,8637.jpg,1,swimmer,,"[1776, 1265, 44, 44]",44.0,32-64,,,,FN
8637,8637.jpg,1,swimmer,,"[2161, 1623, 34, 20]",26.076809620810597,16-32,,,,FN
8637,8637.jpg,4,life_saving_appliances,,"[2137, 1605, 29, 23]",25.826343140289914,16-32,,,,FN
8638,8638.jpg,1,swimmer,,"[2158, 1607, 36, 21]",27.49545416973504,16-32,,,,FN
8638,8638.jpg,4,life_saving_appliances,,"[2138, 1584, 24, 28]",25.92296279363144,16-32,,,,FN
8639,8639.jpg,1,swimmer,,"[1864, 1168, 39, 49]",43.71498598878879,32-64,,,,FN
8639,8639.jpg,1,swimmer,,"[1889, 1370, 33, 31]",31.984371183438952,16-32,,,,FN
8639,8639.jpg,1,swimmer,,"[2162, 1592, 44, 22]",31.11269837220809,16-32,,,,FN
8639,8639.jpg,4,life_saving_appliances,,"[2144, 1565, 22, 28]",24.819347291981714,16-32,,,,FN
8640,8640.jpg,1,swimmer,,"[1931, 1130, 35, 43]",38.79432948254165,32-64,,,,FN
8640,8640.jpg,1,swimmer,,"[2638, 1538, 40, 40]",40.0,32-64,,,,FN
8640,8640.jpg,1,swimmer,,"[2176, 1578, 46, 25]",33.91164991562634,32-64,,,,FN
8640,8640.jpg,4,life_saving_appliances,,"[2158, 1550, 21, 29]",24.677925358506133,16-32,,,,FN
8641,8641.jpg,1,swimmer,,"[2192, 1568, 48, 24]",33.94112549695428,32-64,,,,FN
8641,8641.jpg,4,life_saving_appliances,,"[2178, 1537, 22, 29]",25.25866188063018,16-32,,,,FN
8642,8642.jpg,1,swimmer,,"[2218, 1551, 29, 27]",27.982137159266443,16-32,,,,FN
8642,8642.jpg,1,swimmer,,"[2429, 1227, 38, 25]",30.822070014844883,16-32,,,,FN
8642,8642.jpg,4,life_saving_appliances,,"[2203, 1529, 22, 26]",23.916521486202797,16-32,,,,FN
8643,8643.jpg,1,swimmer,,"[2245, 1549, 29, 32]",30.463092423455635,16-32,,,,FN
8643,8643.jpg,1,swimmer,,"[2366, 1129, 53, 36]",43.68065933568311,32-64,,,,FN
8643,8643.jpg,4,life_saving_appliances,,"[2233, 1524, 22, 27]",24.372115213907882,16-32,,,,FN
8643,8643.jpg,3,jetski,,"[0, 411, 34, 93]",56.231663678038196,32-64,,,,FN
8644,8644.jpg,1,swimmer,,"[2179, 1231, 29, 38]",33.19638534539566,32-64,,,,FN
8644,8644.jpg,1,swimmer,,"[2277, 1550, 33, 41]",36.78314831549904,32-64,,,,FN
8644,8644.jpg,4,life_saving_appliances,,"[2266, 1527, 22, 28]",24.819347291981714,16-32,,,,FN
8644,8644.jpg,3,jetski,,"[232, 169, 39, 92]",59.89991652748775,32-64,,,,FN
8645,8645.jpg,1,swimmer,,"[2309, 1556, 33, 47]",39.382737335030434,32-64,,,,FN
8645,8645.jpg,4,life_saving_appliances,,"[2302, 1532, 22, 28]",24.819347291981714,16-32,,,,FN
8645,8645.jpg,3,jetski,,"[488, 0, 44, 91]",63.2771680782255,32-64,,,,FN
8646,8646.jpg,1,swimmer,,"[2466, 1088, 33, 31]",31.984371183438952,16-32,,,,FN
8646,8646.jpg,1,swimmer,,"[2341, 1569, 26, 41]",32.64965543462902,32-64,,,,FN
8646,8646.jpg,4,life_saving_appliances,,"[2338, 1544, 23, 28]",25.37715508089904,16-32,,,,FN
8647,8647.jpg,1,swimmer,,"[2568, 1114, 32, 33]",32.49615361854384,32-64,,,,FN
8647,8647.jpg,1,swimmer,,"[2898, 1324, 41, 57]",48.342527861087284,32-64,,,,FN
8647,8647.jpg,1,swimmer,,"[2703, 1262, 56, 43]",49.07137658554119,32-64,,,,FN
8647,8647.jpg,4,life_saving_appliances,,"[2371, 1561, 25, 28]",26.457513110645905,16-32,,,,FN
8648,8648.jpg,1,swimmer,,"[2660, 1162, 35, 33]",33.98529093593286,32-64,,,,FN
8648,8648.jpg,1,swimmer,,"[2392, 1602, 28, 51]",37.78888725538237,32-64,,,,FN
8648,8648.jpg,4,life_saving_appliances,,"[2400, 1580, 27, 27]",27.0,16-32,,,,FN
8649,8649.jpg,1,swimmer,,"[2421, 1622, 23, 38]",29.563490998188964,16-32,,,,FN
8649,8649.jpg,1,swimmer,,"[3027, 1494, 51, 49]",49.98999899979995,32-64,,,,FN
8649,8649.jpg,4,life_saving_appliances,,"[2429, 1601, 29, 26]",27.459060435491963,16-32,,,,FN
8650,8650.jpg,1,swimmer,,"[2426, 1634, 26, 46]",34.583232931581165,32-64,,,,FN
8650,8650.jpg,4,life_saving_appliances,,"[2439, 1616, 29, 25]",26.92582403567252,16-32,,,,FN
8651,8651.jpg,1,swimmer,,"[2898, 2090, 60, 34]",45.16635916254486,32-64,,,,FN
8651,8651.jpg,1,swimmer,,"[2408, 1629, 27, 49]",36.373066958946424,32-64,,,,FN
8651,8651.jpg,4,life_saving_appliances,,"[2421, 1610, 30, 26]",27.92848008753788,16-32,,,,FN
8652,8652.jpg,1,swimmer,,"[2356, 1609, 27, 38]",32.03123475609393,32-64,,,,FN
8652,8652.jpg,1,swimmer,,"[3010, 1564, 68, 48]",57.1314274283428,32-64,,,,FN
8652,8652.jpg,4,life_saving_appliances,,"[2371, 1592, 31, 24]",27.27636339397171,16-32,,,,FN
8653,8653.jpg,1,swimmer,,"[2783, 2049, 58, 38]",46.94677837722201,32-64,,,,FN
8653,8653.jpg,1,swimmer,,"[2306, 1584, 31, 33]",31.984371183438952,16-32,,,,FN
8653,8653.jpg,4,life_saving_appliances,,"[2323, 1567, 29, 25]",26.92582403567252,16-32,,,,FN
8654,8654.jpg,1,swimmer,,"[2270, 1563, 28, 40]",33.46640106136302,32-64,,,,FN
8654,8654.jpg,4,life_saving_appliances,,"[2287, 1544, 29, 26]",27.459060435491963,16-32,,,,FN
8655,8655.jpg,1,swimmer,,"[2723, 2017, 58, 38]",46.94677837722201,32-64,,,,FN
8655,8655.jpg,1,swimmer,,"[2258, 1549, 27, 50]",36.742346141747674,32-64,,,,FN
8655,8655.jpg,4,life_saving_appliances,,"[2273, 1532, 28, 24]",25.92296279363144,16-32,,,,FN
8656,8656.jpg,1,swimmer,,"[2600, 1781, 30, 29]",29.49576240750525,16-32,,,,FN
8656,8656.jpg,1,swimmer,,"[2252, 1540, 31, 37]",33.8673884437522,32-64,,,,FN
8656,8656.jpg,4,life_saving_appliances,,"[2271, 1525, 28, 24]",25.92296279363144,16-32,,,,FN
8657,8657.jpg,1,swimmer,,"[2250, 1538, 32, 34]",32.984845004941285,32-64,,,,FN
8657,8657.jpg,4,life_saving_appliances,,"[2270, 1518, 28, 26]",26.981475126464083,16-32,,,,FN
8658,8658.jpg,1,swimmer,,"[2247, 1538, 32, 42]",36.66060555964672,32-64,,,,FN
8658,8658.jpg,4,life_saving_appliances,,"[2265, 1518, 28, 26]",26.981475126464083,16-32,,,,FN
8659,8659.jpg,1,swimmer,,"[2244, 1540, 32, 48]",39.191835884530846,32-64,,,,FN
8659,8659.jpg,4,life_saving_appliances,,"[2264, 1522, 27, 25]",25.98076211353316,16-32,,,,FN
8660,8660.jpg,1,swimmer,,"[2245, 1528, 25, 38]",30.822070014844883,16-32,,,,FN
8660,8660.jpg,4,life_saving_appliances,,"[2262, 1512, 28, 22]",24.819347291981714,16-32,,,,FN
8661,8661.jpg,1,swimmer,,"[2228, 1496, 24, 36]",29.393876913398138,16-32,,,,FN
8661,8661.jpg,1,swimmer,,"[2963, 1446, 58, 30]",41.71330722922842,32-64,,,,FN
8661,8661.jpg,4,life_saving_appliances,,"[2244, 1481, 28, 21]",24.24871130596428,16-32,,,,FN
8662,8662.jpg,1,swimmer,,"[2202, 1440, 22, 33]",26.94438717061496,16-32,,,,FN
8662,8662.jpg,1,swimmer,,"[2961, 1395, 36, 26]",30.59411708155671,16-32,,,,FN
8662,8662.jpg,4,life_saving_appliances,,"[2410, 1637, 21, 18]",19.44222209522358,16-32,,,,FN
8662,8662.jpg,4,life_saving_appliances,,"[2216, 1424, 28, 21]",24.24871130596428,16-32,,,,FN
8663,8663.jpg,1,swimmer,,"[2186, 1404, 20, 31]",24.899799195977465,16-32,,,,FN
8663,8663.jpg,4,life_saving_appliances,,"[2199, 1387, 26, 19]",22.22611077089287,16-32,,,,FN
8664,8664.jpg,1,swimmer,,"[2184, 1400, 21, 32]",25.92296279363144,16-32,,,,FN
8664,8664.jpg,4,life_saving_appliances,,"[2198, 1388, 25, 18]",21.213203435596427,16-32,,,,FN
8665,8665.jpg,1,swimmer,,"[2181, 1405, 25, 37]",30.4138126514911,16-32,,,,FN
8665,8665.jpg,4,life_saving_appliances,,"[2192, 1390, 25, 20]",22.360679774997898,16-32,,,,FN
8666,8666.jpg,1,swimmer,,"[2642, 1803, 48, 45]",46.475800154489,32-64,,,,FN
8666,8666.jpg,1,swimmer,,"[2177, 1411, 25, 52]",36.05551275463989,32-64,,,,FN
8666,8666.jpg,4,life_saving_appliances,,"[2188, 1395, 25, 19]",21.79449471770337,16-32,,,,FN
8667,8667.jpg,1,swimmer,,"[2176, 1415, 22, 44]",31.11269837220809,16-32,,,,FN
8667,8667.jpg,4,life_saving_appliances,,"[2187, 1398, 25, 20]",22.360679774997898,16-32,,,,FN
8668,8668.jpg,1,swimmer,,"[2173, 1415, 24, 46]",33.2264954516723,32-64,,,,FN
8668,8668.jpg,4,life_saving_appliances,,"[2182, 1399, 26, 22]",23.916521486202797,16-32,,,,FN
8669,8669.jpg,1,swimmer,,"[2171, 1417, 29, 49]",37.69615364994153,32-64,,,,FN
8669,8669.jpg,4,life_saving_appliances,,"[2176, 1399, 28, 23]",25.37715508089904,16-32,,,,FN
8670,8670.jpg,1,swimmer,,"[2166, 1403, 25, 49]",35.0,32-64,,,,FN
8670,8670.jpg,4,life_saving_appliances,,"[2170, 1384, 29, 26]",27.459060435491963,16-32,,,,FN
8671,8671.jpg,1,swimmer,,"[2134, 1381, 24, 47]",33.58571124749333,32-64,,,,FN
8671,8671.jpg,4,life_saving_appliances,,"[2139, 1360, 28, 26]",26.981475126464083,16-32,,,,FN
8672,8672.jpg,1,swimmer,,"[2393, 1533, 30, 29]",29.49576240750525,16-32,,,,FN
8672,8672.jpg,1,swimmer,,"[2081, 1349, 21, 45]",30.740852297878796,16-32,,,,FN
8672,8672.jpg,4,life_saving_appliances,,"[2084, 1329, 27, 27]",27.0,16-32,,,,FN
8673,8673.jpg,1,swimmer,,"[2037, 1321, 22, 50]",33.166247903554,32-64,,,,FN
8673,8673.jpg,4,life_saving_appliances,,"[2040, 1300, 26, 27]",26.49528259898354,16-32,,,,FN
8674,8674.jpg,1,swimmer,,"[2026, 1310, 25, 35]",29.58039891549808,16-32,,,,FN
8674,8674.jpg,4,life_saving_appliances,,"[2033, 1288, 25, 27]",25.98076211353316,16-32,,,,FN
8675,8675.jpg,1,swimmer,,"[2050, 1304, 27, 37]",31.606961258558215,16-32,,,,FN
8675,8675.jpg,4,life_saving_appliances,,"[2058, 1283, 23, 26]",24.454038521274967,16-32,,,,FN
8676,8676.jpg,1,swimmer,,"[2080, 1306, 25, 41]",32.01562118716424,32-64,,,,FN
8676,8676.jpg,4,life_saving_appliances,,"[2091, 1285, 23, 26]",24.454038521274967,16-32,,,,FN
8676,8676.jpg,1,swimmer,,"[2519, 1435, 40, 18]",26.832815729997478,16-32,,,,FN
8677,8677.jpg,1,swimmer,,"[2114, 1309, 23, 44]",31.811947441173732,16-32,,,,FN
8677,8677.jpg,4,life_saving_appliances,,"[2121, 1288, 22, 26]",23.916521486202797,16-32,,,,FN
9219,9219.jpg,4,life_saving_appliances,,"[2455, 997, 35, 22]",27.748873851023216,16-32,,,,FN
9220,9220.jpg,4,life_saving_appliances,,"[2451, 1039, 32, 23]",27.129319932501073,16-32,,,,FN
9221,9221.jpg,1,swimmer,,"[1953, 867, 37, 29]",32.7566787083184,32-64,,,,FN
9221,9221.jpg,4,life_saving_appliances,,"[2440, 1084, 34, 22]",27.349588662354687,16-32,,,,FN
9222,9222.jpg,4,life_saving_appliances,,"[2428, 1130, 33, 20]",25.69046515733026,16-32,,,,FN
9223,9223.jpg,1,swimmer,,"[1960, 936, 30, 30]",30.0,16-32,,,,FN
9223,9223.jpg,4,life_saving_appliances,,"[2422, 1171, 32, 23]",27.129319932501073,16-32,,,,FN
9224,9224.jpg,4,life_saving_appliances,,"[2407, 1371, 36, 25]",30.0,16-32,,,,FN
9225,9225.jpg,4,life_saving_appliances,,"[2340, 1588, 45, 30]",36.742346141747674,32-64,,,,FN
9225,9225.jpg,4,life_saving_appliances,,"[2403, 1371, 37, 25]",30.4138126514911,16-32,,,,FN
9225,9225.jpg,4,life_saving_appliances,,"[2344, 1536, 31, 25]",27.83882181415011,16-32,,,,FN
9226,9226.jpg,1,swimmer,,"[1845, 1047, 46, 23]",32.526911934581186,32-64,,,,FN
9226,9226.jpg,1,swimmer,,"[1952, 1032, 31, 31]",31.0,16-32,,,,FN
9226,9226.jpg,4,life_saving_appliances,,"[2333, 1482, 43, 29]",35.31288716601915,32-64,,,,FN
9226,9226.jpg,1,swimmer,,"[1908, 1032, 31, 29]",29.9833287011299,16-32,,,,FN
9226,9226.jpg,1,swimmer,,"[2412, 1241, 58, 39]",47.56048780237646,32-64,,,,FN
9226,9226.jpg,4,life_saving_appliances,,"[2398, 1269, 36, 23]",28.77498913987632,16-32,,,,FN
9226,9226.jpg,1,swimmer,,"[2366, 1404, 36, 27]",31.176914536239792,16-32,,,,FN
9226,9226.jpg,4,life_saving_appliances,,"[2339, 1428, 29, 23]",25.826343140289914,16-32,,,,FN
9227,9227.jpg,4,life_saving_appliances,,"[2393, 1236, 36, 23]",28.77498913987632,16-32,,,,FN
9228,9228.jpg,4,life_saving_appliances,,"[2385, 1238, 36, 24]",29.393876913398138,16-32,,,,FN
9229,9229.jpg,4,life_saving_appliances,,"[2374, 1238, 37, 24]",29.79932885150268,16-32,,,,FN
9230,9230.jpg,4,life_saving_appliances,,"[2368, 1241, 35, 23]",28.372521918222215,16-32,,,,FN
9231,9231.jpg,4,life_saving_appliances,,"[2361, 1247, 37, 24]",29.79932885150268,16-32,,,,FN
9232,9232.jpg,4,life_saving_appliances,,"[2359, 1254, 37, 23]",29.171904291629644,16-32,,,,FN
9233,9233.jpg,4,life_saving_appliances,,"[2359, 1261, 37, 22]",28.53068523537421,16-32,,,,FN
9234,9234.jpg,4,life_saving_appliances,,"[2355, 1265, 38, 23]",29.563490998188964,16-32,,,,FN
9235,9235.jpg,4,life_saving_appliances,,"[2353, 1269, 38, 23]",29.563490998188964,16-32,,,,FN
9236,9236.jpg,4,life_saving_appliances,,"[2348, 1271, 38, 23]",29.563490998188964,16-32,,,,FN
9237,9237.jpg,4,life_saving_appliances,,"[2344, 1274, 37, 23]",29.171904291629644,16-32,,,,FN
9238,9238.jpg,4,life_saving_appliances,,"[2335, 1277, 40, 24]",30.983866769659336,16-32,,,,FN
9239,9239.jpg,4,life_saving_appliances,,"[2330, 1282, 38, 23]",29.563490998188964,16-32,,,,FN
9239,9239.jpg,1,swimmer,,"[1851, 954, 44, 27]",34.46737587922817,32-64,,,,FN
9240,9240.jpg,3,jetski,,"[1515, 1082, 52, 114]",76.99350621968063,>64,,,,FN
9240,9240.jpg,4,life_saving_appliances,,"[2093, 1428, 44, 26]",33.823069050575526,32-64,,,,FN
9240,9240.jpg,1,swimmer,,"[2118, 1241, 54, 44]",48.744230427815765,32-64,,,,FN
9240,9240.jpg,4,life_saving_appliances,,"[2104, 1274, 38, 24]",30.199337741083,16-32,,,,FN
9240,9240.jpg,1,swimmer,,"[1689, 914, 29, 35]",31.85906464414798,16-32,,,,FN
9240,9240.jpg,1,swimmer,,"[1637, 962, 32, 28]",29.93325909419153,16-32,,,,FN
9240,9240.jpg,1,swimmer,,"[1580, 966, 32, 28]",29.93325909419153,16-32,,,,FN
9240,9240.jpg,1,swimmer,,"[2097, 1383, 52, 41]",46.17358552246078,32-64,,,,FN
9240,9240.jpg,4,life_saving_appliances,,"[2073, 1356, 30, 23]",26.267851073127396,16-32,,,,FN
9241,9241.jpg,4,life_saving_appliances,,"[1903, 1279, 37, 23]",29.171904291629644,16-32,,,,FN
9241,9241.jpg,4,life_saving_appliances,,"[1876, 1356, 32, 24]",27.712812921102035,16-32,,,,FN
9242,9242.jpg,1,swimmer,,"[2008, 1244, 53, 52]",52.49761899362675,32-64,,,,FN
9242,9242.jpg,4,life_saving_appliances,,"[1992, 1285, 39, 24]",30.59411708155671,16-32,,,,FN
9242,9242.jpg,1,swimmer,,"[1572, 933, 29, 31]",29.9833287011299,16-32,,,,FN
9242,9242.jpg,1,swimmer,,"[1492, 980, 46, 30]",37.14835124201342,32-64,,,,FN
9242,9242.jpg,1,swimmer,,"[1447, 985, 39, 27]",32.449961479175904,32-64,,,,FN
9242,9242.jpg,4,life_saving_appliances,,"[1966, 1358, 31, 23]",26.70205984563738,16-32,,,,FN
9243,9243.jpg,4,life_saving_appliances,,"[2196, 1439, 44, 27]",34.46737587922817,32-64,,,,FN
9243,9243.jpg,1,swimmer,,"[2220, 1263, 54, 47]",50.37856687124,32-64,,,,FN
9243,9243.jpg,4,life_saving_appliances,,"[2206, 1298, 39, 24]",30.59411708155671,16-32,,,,FN
9243,9243.jpg,1,swimmer,,"[1802, 921, 28, 33]",30.397368307141328,16-32,,,,FN
9243,9243.jpg,1,swimmer,,"[1715, 966, 41, 32]",36.22154055254967,32-64,,,,FN
9243,9243.jpg,1,swimmer,,"[1676, 973, 34, 27]",30.298514815086232,16-32,,,,FN
9243,9243.jpg,4,life_saving_appliances,,"[2187, 1372, 28, 22]",24.819347291981714,16-32,,,,FN
9243,9243.jpg,1,swimmer,,"[2209, 1392, 33, 41]",36.78314831549904,32-64,,,,FN
9244,9244.jpg,4,life_saving_appliances,,"[2383, 1459, 45, 26]",34.20526275297414,32-64,,,,FN
9244,9244.jpg,1,swimmer,,"[2417, 1280, 59, 54]",56.444663166680336,32-64,,,,FN
9244,9244.jpg,4,life_saving_appliances,,"[2400, 1322, 39, 24]",30.59411708155671,16-32,,,,FN
9244,9244.jpg,1,swimmer,,"[2009, 919, 25, 37]",30.4138126514911,16-32,,,,FN
9244,9244.jpg,1,swimmer,,"[1909, 965, 53, 30]",39.87480407475377,32-64,,,,FN
9244,9244.jpg,1,swimmer,,"[1864, 965, 45, 27]",34.85685011586675,32-64,,,,FN
9244,9244.jpg,4,life_saving_appliances,,"[2386, 1391, 27, 24]",25.45584412271571,16-32,,,,FN
9244,9244.jpg,1,swimmer,,"[2394, 1412, 34, 34]",34.0,32-64,,,,FN
9245,9245.jpg,4,life_saving_appliances,,"[2927, 1561, 45, 32]",37.94733192202055,32-64,,,,FN
9245,9245.jpg,4,life_saving_appliances,,"[2961, 1431, 41, 27]",33.27160951922825,32-64,,,,FN
9245,9245.jpg,4,life_saving_appliances,,"[2945, 1492, 29, 23]",25.826343140289914,16-32,,,,FN
9246,9246.jpg,3,jetski,,"[2131, 1076, 60, 116]",83.42661445845684,>64,,,,FN
9246,9246.jpg,4,life_saving_appliances,,"[2680, 1511, 48, 31]",38.57460304397182,32-64,,,,FN
9246,9246.jpg,1,swimmer,,"[2726, 1352, 62, 51]",56.231663678038196,32-64,,,,FN
9246,9246.jpg,4,life_saving_appliances,,"[2707, 1390, 40, 27]",32.863353450309965,32-64,,,,FN
9246,9246.jpg,1,swimmer,,"[2371, 929, 26, 32]",28.844410203711913,16-32,,,,FN
9246,9246.jpg,1,swimmer,,"[2266, 955, 50, 44]",46.9041575982343,32-64,,,,FN
9246,9246.jpg,1,swimmer,,"[2224, 959, 35, 29]",31.85906464414798,16-32,,,,FN
9246,9246.jpg,4,life_saving_appliances,,"[2701, 1444, 27, 25]",25.98076211353316,16-32,,,,FN
9246,9246.jpg,1,swimmer,,"[2682, 1466, 48, 46]",46.98936049788292,32-64,,,,FN
9247,9247.jpg,4,life_saving_appliances,,"[2353, 1346, 35, 27]",30.740852297878796,16-32,,,,FN
9247,9247.jpg,1,swimmer,,"[1851, 945, 34, 27]",30.298514815086232,16-32,,,,FN
9248,9248.jpg,1,swimmer,,"[1869, 897, 30, 24]",26.832815729997478,16-32,,,,FN
9248,9248.jpg,4,life_saving_appliances,,"[2217, 1346, 34, 25]",29.154759474226502,16-32,,,,FN
9248,9248.jpg,1,swimmer,,"[1722, 946, 27, 26]",26.49528259898354,16-32,,,,FN
9249,9249.jpg,1,swimmer,,"[1815, 886, 29, 29]",29.0,16-32,,,,FN
9249,9249.jpg,1,swimmer,,"[2191, 1314, 57, 46]",51.20546845796843,32-64,,,,FN
9249,9249.jpg,4,life_saving_appliances,,"[2177, 1349, 34, 25]",29.154759474226502,16-32,,,,FN
9249,9249.jpg,1,swimmer,,"[1699, 916, 49, 48]",48.49742261192856,32-64,,,,FN
9249,9249.jpg,1,swimmer,,"[1674, 941, 31, 25]",27.83882181415011,16-32,,,,FN
9250,9250.jpg,4,life_saving_appliances,,"[2930, 1475, 37, 26]",31.016124838541646,16-32,,,,FN
9250,9250.jpg,1,swimmer,,"[2490, 933, 53, 45]",48.83646178829912,32-64,,,,FN
9250,9250.jpg,1,swimmer,,"[2473, 958, 30, 25]",27.386127875258307,16-32,,,,FN
9251,9251.jpg,4,life_saving_appliances,,"[3008, 1489, 38, 27]",32.03123475609393,32-64,,,,FN
9251,9251.jpg,1,swimmer,,"[2550, 939, 31, 26]",28.39013913315678,16-32,,,,FN
9251,9251.jpg,1,swimmer,,"[2543, 960, 33, 28]",30.397368307141328,16-32,,,,FN
9252,9252.jpg,4,life_saving_appliances,,"[3037, 1495, 40, 28]",33.46640106136302,32-64,,,,FN
9252,9252.jpg,1,swimmer,,"[2581, 946, 32, 20]",25.298221281347036,16-32,,,,FN
9252,9252.jpg,1,swimmer,,"[2563, 962, 43, 29]",35.31288716601915,32-64,,,,FN
9253,9253.jpg,4,life_saving_appliances,,"[3039, 1495, 39, 27]",32.449961479175904,32-64,,,,FN
9253,9253.jpg,1,swimmer,,"[2586, 947, 28, 24]",25.92296279363144,16-32,,,,FN
9254,9254.jpg,4,life_saving_appliances,,"[3019, 1497, 39, 27]",32.449961479175904,32-64,,,,FN
9254,9254.jpg,1,swimmer,,"[2552, 969, 39, 27]",32.449961479175904,32-64,,,,FN
9255,9255.jpg,4,life_saving_appliances,,"[2965, 1502, 38, 27]",32.03123475609393,32-64,,,,FN
9255,9255.jpg,1,swimmer,,"[2492, 972, 42, 28]",34.292856398964496,32-64,,,,FN
9256,9256.jpg,4,life_saving_appliances,,"[2874, 1502, 38, 27]",32.03123475609393,32-64,,,,FN
9257,9257.jpg,4,life_saving_appliances,,"[2813, 1500, 39, 27]",32.449961479175904,32-64,,,,FN
9258,9258.jpg,4,life_saving_appliances,,"[2771, 1480, 38, 24]",30.199337741083,16-32,,,,FN
9258,9258.jpg,1,swimmer,,"[2492, 926, 23, 26]",24.454038521274967,16-32,,,,FN
9259,9259.jpg,4,life_saving_appliances,,"[2734, 1458, 37, 24]",29.79932885150268,16-32,,,,FN
9259,9259.jpg,1,swimmer,,"[2469, 916, 24, 27]",25.45584412271571,16-32,,,,FN
9259,9259.jpg,1,swimmer,,"[2316, 921, 35, 33]",33.98529093593286,32-64,,,,FN
9260,9260.jpg,4,life_saving_appliances,,"[2702, 1438, 38, 27]",32.03123475609393,32-64,,,,FN
9261,9261.jpg,4,life_saving_appliances,,"[2663, 1422, 36, 25]",30.0,16-32,,,,FN
9262,9262.jpg,4,life_saving_appliances,,"[2609, 1390, 34, 22]",27.349588662354687,16-32,,,,FN
9264,9264.jpg,4,life_saving_appliances,,"[2473, 1359, 33, 24]",28.142494558940577,16-32,,,,FN
9264,9264.jpg,4,life_saving_appliances,,"[2381, 1466, 36, 34]",34.9857113690718,32-64,,,,FN
9264,9264.jpg,4,life_saving_appliances,,"[2488, 1399, 47, 26]",34.95711658589707,32-64,,,,FN
9265,9265.jpg,4,life_saving_appliances,,"[3021, 1500, 44, 34]",38.67815921162743,32-64,,,,FN
9266,9266.jpg,4,life_saving_appliances,,"[2788, 1545, 38, 28]",32.61901286060018,32-64,,,,FN
9266,9266.jpg,4,life_saving_appliances,,"[2928, 1487, 47, 36]",41.13392760240627,32-64,,,,FN
9267,9267.jpg,4,life_saving_appliances,,"[2721, 1542, 41, 29]",34.48187929913333,32-64,,,,FN
9267,9267.jpg,4,life_saving_appliances,,"[2842, 1441, 36, 26]",30.59411708155671,16-32,,,,FN
9267,9267.jpg,4,life_saving_appliances,,"[2871, 1488, 41, 34]",37.33630940518894,32-64,,,,FN
9268,9268.jpg,4,life_saving_appliances,,"[2815, 1492, 40, 33]",36.3318042491699,32-64,,,,FN
9269,9269.jpg,4,life_saving_appliances,,"[2733, 1448, 35, 25]",29.58039891549808,16-32,,,,FN
9270,9270.jpg,3,jetski,,"[3012, 1052, 75, 109]",90.41570660012562,>64,,,,FN
9270,9270.jpg,4,life_saving_appliances,,"[3338, 1614, 40, 29]",34.058772731852805,32-64,,,,FN
9270,9270.jpg,4,life_saving_appliances,,"[3200, 1693, 50, 31]",39.370039370059054,32-64,,,,FN
9270,9270.jpg,4,life_saving_appliances,,"[3248, 1698, 49, 47]",47.989582202807306,32-64,,,,FN
9270,9270.jpg,1,swimmer,,"[3312, 1697, 81, 34]",52.478567053607705,32-64,,,,FN
9270,9270.jpg,1,swimmer,,"[3359, 1606, 96, 29]",52.76362383309168,32-64,,,,FN
9271,9271.jpg,4,life_saving_appliances,,"[3303, 1615, 39, 32]",35.32704346531139,32-64,,,,FN
9271,9271.jpg,4,life_saving_appliances,,"[3163, 1692, 56, 28]",39.59797974644666,32-64,,,,FN
9271,9271.jpg,4,life_saving_appliances,,"[3162, 1728, 54, 35]",43.474130238568314,32-64,,,,FN
9272,9272.jpg,4,life_saving_appliances,,"[3252, 1609, 40, 33]",36.3318042491699,32-64,,,,FN
9272,9272.jpg,4,life_saving_appliances,,"[3116, 1685, 55, 27]",38.535697735995385,32-64,,,,FN
9272,9272.jpg,4,life_saving_appliances,,"[3110, 1724, 53, 34]",42.44997055358225,32-64,,,,FN
9273,9273.jpg,4,life_saving_appliances,,"[3024, 1680, 54, 24]",36.0,32-64,,,,FN
9273,9273.jpg,4,life_saving_appliances,,"[3163, 1612, 39, 31]",34.77067730142742,32-64,,,,FN
9273,9273.jpg,4,life_saving_appliances,,"[3017, 1719, 52, 34]",42.04759208325728,32-64,,,,FN
9844,9844.jpg,2,boat,,"[0, 728, 216, 69]",122.08193969625482,>64,,,,FN
9845,9845.jpg,2,boat,,"[51, 695, 222, 67]",121.95900950729306,>64,,,,FN
9848,9848.jpg,2,boat,,"[261, 604, 201, 60]",109.81803130633877,>64,,,,FN
9850,9850.jpg,2,boat,,"[409, 545, 195, 66]",113.44602240713422,>64,,,,FN
9852,9852.jpg,2,boat,,"[561, 490, 191, 67]",113.1238259607586,>64,,,,FN
9853,9853.jpg,2,boat,,"[635, 468, 186, 64]",109.10545357588684,>64,,,,FN
9854,9854.jpg,2,boat,,"[707, 448, 183, 63]",107.37318100903968,>64,,,,FN
9855,9855.jpg,2,boat,,"[782, 432, 179, 61]",104.4940189675945,>64,,,,FN
9856,9856.jpg,2,boat,,"[855, 415, 174, 60]",102.17631819555841,>64,,,,FN
9857,9857.jpg,2,boat,,"[926, 397, 172, 59]",100.73728207570423,>64,,,,FN
9858,9858.jpg,2,boat,,"[997, 375, 168, 61]",101.23240587875011,>64,,,,FN
9859,9859.jpg,2,boat,,"[1065, 355, 165, 63]",101.95587280779857,>64,,,,FN
9860,9860.jpg,2,boat,,"[1131, 338, 162, 62]",100.2197585309404,>64,,,,FN
9861,9861.jpg,2,boat,,"[1195, 322, 161, 62]",99.90995946350894,>64,,,,FN
9862,9862.jpg,2,boat,,"[1262, 308, 160, 65]",101.9803902718557,>64,,,,FN
10416,10416.jpg,1,swimmer,,"[3092, 1114, 57, 61]",58.966091951222275,32-64,,,,FN
10416,10416.jpg,1,swimmer,,"[2881, 1234, 55, 35]",43.87482193696061,32-64,,,,FN
10416,10416.jpg,1,swimmer,,"[3588, 1680, 55, 108]",77.07139547199077,>64,,,,FN
10416,10416.jpg,1,swimmer,,"[3333, 1891, 47, 45]",45.98912915026767,32-64,,,,FN
10416,10416.jpg,1,swimmer,,"[3711, 1829, 77, 81]",78.9746794865291,>64,,,,FN
10416,10416.jpg,1,swimmer,,"[3738, 1766, 45, 51]",47.90615826801394,32-64,,,,FN
10417,10417.jpg,1,swimmer,,"[2891, 1001, 55, 59]",56.96490147450446,32-64,,,,FN
10417,10417.jpg,1,swimmer,,"[2677, 1118, 52, 29]",38.8329756778952,32-64,,,,FN
10417,10417.jpg,1,swimmer,,"[3344, 1552, 53, 102]",73.5255057786072,>64,,,,FN
10417,10417.jpg,1,swimmer,,"[3091, 1753, 41, 38]",39.4715087119811,32-64,,,,FN
10417,10417.jpg,1,swimmer,,"[3486, 1632, 43, 49]",45.902069670114,32-64,,,,FN
10417,10417.jpg,1,swimmer,,"[3095, 1978, 95, 65]",78.58116822750856,>64,,,,FN
10418,10418.jpg,1,swimmer,,"[3265, 1540, 39, 45]",41.892720131306824,32-64,,,,FN
10419,10419.jpg,1,swimmer,,"[3040, 983, 53, 52]",52.49761899362675,32-64,,,,FN
10419,10419.jpg,1,swimmer,,"[3361, 1600, 43, 101]",65.90144156238162,>64,,,,FN
10419,10419.jpg,1,swimmer,,"[3055, 1732, 47, 43]",44.955533585978046,32-64,,,,FN
10419,10419.jpg,1,swimmer,,"[2791, 1062, 44, 30]",36.3318042491699,32-64,,,,FN
10419,10419.jpg,1,swimmer,,"[3451, 1774, 79, 70]",74.36396977031282,>64,,,,FN
10419,10419.jpg,1,swimmer,,"[3498, 1714, 47, 48]",47.49736834815167,32-64,,,,FN
10419,10419.jpg,1,swimmer,,"[3719, 1699, 71, 116]",90.75241043630741,>64,,,,FN
10419,10419.jpg,1,swimmer,,"[3491, 1601, 95, 91]",92.97849213662265,>64,,,,FN
10419,10419.jpg,1,swimmer,,"[2996, 1970, 93, 103]",97.87236586493657,>64,,,,FN
10424,10424.jpg,1,swimmer,,"[2964, 1168, 72, 50]",60.0,32-64,,,,FN
10424,10424.jpg,1,swimmer,,"[2964, 1911, 48, 46]",46.98936049788292,32-64,,,,FN
10424,10424.jpg,1,swimmer,,"[3189, 1306, 50, 56]",52.91502622129181,32-64,,,,FN
10424,10424.jpg,1,swimmer,,"[3438, 2050, 71, 64]",67.40919818541087,>64,,,,FN
10425,10425.jpg,1,swimmer,,"[3055, 1169, 48, 42]",44.8998886412873,32-64,,,,FN
10425,10425.jpg,1,swimmer,,"[2671, 1842, 47, 45]",45.98912915026767,32-64,,,,FN
10425,10425.jpg,1,swimmer,,"[2918, 1247, 51, 56]",53.44155686354955,32-64,,,,FN
10425,10425.jpg,1,swimmer,,"[3237, 1896, 47, 79]",60.93439094632849,32-64,,,,FN
10425,10425.jpg,1,swimmer,,"[3133, 1990, 67, 55]",60.70420084310476,32-64,,,,FN
10425,10425.jpg,1,swimmer,,"[3046, 2041, 100, 64]",80.0,>64,,,,FN
10425,10425.jpg,1,swimmer,,"[3359, 2049, 105, 86]",95.0263121456368,>64,,,,FN
10425,10425.jpg,1,swimmer,,"[2452, 2040, 59, 81]",69.13031173081747,>64,,,,FN
10426,10426.jpg,1,swimmer,,"[2752, 1080, 52, 54]",52.99056519796708,32-64,,,,FN
10426,10426.jpg,1,swimmer,,"[2396, 1029, 103, 55]",75.26619427073486,>64,,,,FN
10426,10426.jpg,1,swimmer,,"[2339, 1746, 46, 46]",46.0,32-64,,,,FN
10426,10426.jpg,1,swimmer,,"[2616, 1158, 46, 63]",53.83307533477908,32-64,,,,FN
10426,10426.jpg,1,swimmer,,"[2887, 1804, 40, 101]",63.56099432828282,32-64,,,,FN
10426,10426.jpg,1,swimmer,,"[2787, 1879, 64, 68]",65.96969000988257,>64,,,,FN
10426,10426.jpg,1,swimmer,,"[2694, 1942, 97, 60]",76.28892449104261,>64,,,,FN
10426,10426.jpg,1,swimmer,,"[2998, 1953, 93, 77]",84.62269199216011,>64,,,,FN
10426,10426.jpg,1,swimmer,,"[2122, 1934, 55, 74]",63.796551630946325,32-64,,,,FN
10427,10427.jpg,1,swimmer,,"[2173, 933, 95, 52]",70.28513356322232,>64,,,,FN
10427,10427.jpg,1,swimmer,,"[2083, 1642, 43, 43]",43.0,32-64,,,,FN
10427,10427.jpg,1,swimmer,,"[2376, 1058, 48, 59]",53.21653878260028,32-64,,,,FN
10427,10427.jpg,1,swimmer,,"[2514, 1770, 65, 76]",70.28513356322232,>64,,,,FN
10427,10427.jpg,1,swimmer,,"[1859, 1820, 52, 70]",60.332412515993425,32-64,,,,FN
10431,10431.jpg,1,swimmer,,"[2071, 1714, 46, 81]",61.04096984812741,32-64,,,,FN
10435,10435.jpg,1,swimmer,,"[2804, 2135, 79, 25]",44.44097208657794,32-64,,,,FN
10441,10441.jpg,1,swimmer,,"[2432, 2117, 55, 43]",48.63126566315131,32-64,,,,FN
10442,10442.jpg,1,swimmer,,"[2727, 2126, 96, 34]",57.1314274283428,32-64,,,,FN
10444,10444.jpg,1,swimmer,,"[2606, 1053, 50, 39]",44.15880433163923,32-64,,,,FN
10444,10444.jpg,1,swimmer,,"[2316, 1643, 39, 40]",39.496835316262995,32-64,,,,FN
10444,10444.jpg,1,swimmer,,"[2555, 1944, 74, 50]",60.8276253029822,32-64,,,,FN
10444,10444.jpg,1,swimmer,,"[2819, 1970, 69, 72]",70.48404074682438,>64,,,,FN
10445,10445.jpg,1,swimmer,,"[2539, 953, 40, 36]",37.94733192202055,32-64,,,,FN
10447,10447.jpg,1,swimmer,,"[2425, 1424, 63, 39]",49.56813492557492,32-64,,,,FN
10451,10451.jpg,1,swimmer,,"[2367, 1415, 68, 44]",54.699177324709375,32-64,,,,FN
10452,10452.jpg,1,swimmer,,"[2448, 774, 33, 27]",29.8496231131986,16-32,,,,FN
10453,10453.jpg,1,swimmer,,"[2441, 814, 32, 25]",28.284271247461902,16-32,,,,FN
10456,10456.jpg,1,swimmer,,"[2074, 1212, 28, 30]",28.982753492378876,16-32,,,,FN
10456,10456.jpg,1,swimmer,,"[1835, 1305, 64, 44]",53.0659966456864,32-64,,,,FN
10464,10464.jpg,1,swimmer,,"[1935, 1098, 29, 29]",29.0,16-32,,,,FN
10464,10464.jpg,1,swimmer,,"[792, 1298, 78, 53]",64.29618962271404,>64,,,,FN
10464,10464.jpg,1,swimmer,,"[2315, 1333, 45, 69]",55.72252686302013,32-64,,,,FN
10464,10464.jpg,1,swimmer,,"[2172, 1281, 32, 45]",37.94733192202055,32-64,,,,FN
10464,10464.jpg,1,swimmer,,"[3368, 1328, 144, 75]",103.92304845413264,>64,,,,FN
10464,10464.jpg,1,swimmer,,"[2413, 820, 56, 50]",52.91502622129181,32-64,,,,FN
10465,10465.jpg,1,swimmer,,"[2353, 1157, 119, 93]",105.19980988575978,>64,,,,FN
10465,10465.jpg,1,swimmer,,"[2886, 1443, 64, 73]",68.35202996254024,>64,,,,FN
10465,10465.jpg,1,swimmer,,"[1523, 934, 85, 40]",58.309518948453004,32-64,,,,FN
10465,10465.jpg,2,boat,,"[3394, 651, 189, 282]",230.86359609085187,>64,,,,FN
10465,10465.jpg,1,swimmer,,"[2877, 1586, 69, 74]",71.45628033979938,>64,,,,FN
10465,10465.jpg,3,jetski,,"[3331, 622, 70, 191]",115.62871615649809,>64,,,,FN
10465,10465.jpg,1,swimmer,,"[2762, 1361, 92, 57]",72.41546796092669,>64,,,,FN
10465,10465.jpg,1,swimmer,,"[2767, 1463, 45, 37]",40.80441152620633,32-64,,,,FN
10465,10465.jpg,1,swimmer,,"[2703, 1473, 60, 52]",55.85696017507576,32-64,,,,FN
10465,10465.jpg,1,swimmer,,"[3241, 1136, 58, 53]",55.44366510251645,32-64,,,,FN
10754,10754.jpg,1,swimmer,,"[1609, 1116, 47, 37]",41.701318923986086,32-64,,,,FN
10755,10755.jpg,1,swimmer,,"[1620, 1115, 39, 34]",36.41428291206625,32-64,,,,FN
10756,10756.jpg,1,swimmer,,"[1612, 1120, 37, 29]",32.7566787083184,32-64,,,,FN
10757,10757.jpg,1,swimmer,,"[1598, 1110, 39, 30]",34.20526275297414,32-64,,,,FN
10758,10758.jpg,1,swimmer,,"[1601, 1106, 38, 35]",36.46916505762094,32-64,,,,FN
10759,10759.jpg,1,swimmer,,"[1599, 1107, 31, 27]",28.930952282978865,16-32,,,,FN
10760,10760.jpg,1,swimmer,,"[1588, 1105, 30, 22]",25.69046515733026,16-32,,,,FN
10761,10761.jpg,1,swimmer,,"[1573, 1099, 38, 29]",33.19638534539566,32-64,,,,FN
10762,10762.jpg,1,swimmer,,"[1579, 1105, 36, 29]",32.31098884280702,32-64,,,,FN
10763,10763.jpg,1,swimmer,,"[1574, 1101, 29, 22]",25.25866188063018,16-32,,,,FN
10764,10764.jpg,1,swimmer,,"[1565, 1092, 32, 22]",26.5329983228432,16-32,,,,FN
10765,10765.jpg,1,swimmer,,"[1558, 1086, 41, 33]",36.78314831549904,32-64,,,,FN
10766,10766.jpg,1,swimmer,,"[1568, 1089, 32, 31]",31.496031496047245,16-32,,,,FN
10767,10767.jpg,1,swimmer,,"[1562, 1089, 29, 21]",24.677925358506133,16-32,,,,FN
10768,10768.jpg,1,swimmer,,"[1553, 1082, 35, 24]",28.982753492378876,16-32,,,,FN
10769,10769.jpg,1,swimmer,,"[1551, 1078, 39, 32]",35.32704346531139,32-64,,,,FN
10770,10770.jpg,1,swimmer,,"[1559, 1077, 27, 24]",25.45584412271571,16-32,,,,FN
10771,10771.jpg,1,swimmer,,"[1551, 1074, 28, 20]",23.664319132398465,16-32,,,,FN
10772,10772.jpg,1,swimmer,,"[1542, 1068, 34, 27]",30.298514815086232,16-32,,,,FN
10773,10773.jpg,1,swimmer,,"[1541, 1070, 40, 32]",35.77708763999664,32-64,,,,FN
10774,10774.jpg,1,swimmer,,"[1550, 1070, 27, 24]",25.45584412271571,16-32,,,,FN
10775,10775.jpg,1,swimmer,,"[1544, 1066, 28, 20]",23.664319132398465,16-32,,,,FN
11589,11589.jpg,1,swimmer,,"[2121, 1629, 85, 80]",82.46211251235322,>64,,,,FN
11590,11590.jpg,1,swimmer,,"[2113, 1659, 100, 82]",90.55385138137417,>64,,,,FN
11591,11591.jpg,1,swimmer,,"[2126, 1648, 94, 84]",88.85943956609225,>64,,,,FN
11592,11592.jpg,1,swimmer,,"[2130, 1556, 84, 81]",82.48636250920512,>64,,,,FN
11604,11604.jpg,1,swimmer,,"[1922, 1126, 87, 75]",80.77747210701756,>64,,,,FN
11610,11610.jpg,1,swimmer,,"[1889, 1247, 62, 54]",57.86190456595773,32-64,,,,FN
11611,11611.jpg,1,swimmer,,"[1881, 1247, 62, 61]",61.497967446087195,32-64,,,,FN
11612,11612.jpg,1,swimmer,,"[1876, 1247, 65, 64]",64.4980619863884,>64,,,,FN
11614,11614.jpg,1,swimmer,,"[1873, 1271, 71, 65]",67.93379129711516,>64,,,,FN
11617,11617.jpg,1,swimmer,,"[1755, 1233, 80, 73]",76.4198926981712,>64,,,,FN
11619,11619.jpg,1,swimmer,,"[1836, 1226, 63, 74]",68.27884006044626,>64,,,,FN
11620,11620.jpg,1,swimmer,,"[1804, 1225, 68, 68]",68.0,>64,,,,FN
12008,12008.jpg,1,swimmer,,"[3628, 768, 36, 27]",31.176914536239792,16-32,,,,FN
12009,12009.jpg,1,swimmer,,"[3490, 776, 33, 31]",31.984371183438952,16-32,,,,FN
12010,12010.jpg,1,swimmer,,"[3310, 782, 33, 29]",30.93541659651604,16-32,,,,FN
12011,12011.jpg,1,swimmer,,"[3096, 789, 31, 33]",31.984371183438952,16-32,,,,FN
12012,12012.jpg,1,swimmer,,"[2850, 786, 29, 32]",30.463092423455635,16-32,,,,FN
12013,12013.jpg,1,swimmer,,"[2606, 764, 28, 29]",28.495613697550013,16-32,,,,FN
12014,12014.jpg,1,swimmer,,"[2383, 725, 29, 32]",30.463092423455635,16-32,,,,FN
12015,12015.jpg,1,swimmer,,"[2192, 675, 29, 32]",30.463092423455635,16-32,,,,FN
12016,12016.jpg,1,swimmer,,"[2028, 626, 29, 29]",29.0,16-32,,,,FN
12020,12020.jpg,3,jetski,,"[1927, 235, 44, 51]",47.37087712930804,32-64,,,,FN
12020,12020.jpg,1,swimmer,,"[1704, 633, 81, 23]",43.162483709814474,32-64,,,,FN
12020,12020.jpg,1,swimmer,,"[1615, 627, 24, 23]",23.49468024894146,16-32,,,,FN
12021,12021.jpg,3,jetski,,"[1884, 432, 49, 50]",49.49747468305833,32-64,,,,FN
12026,12026.jpg,3,jetski,,"[1759, 372, 31, 35]",32.93933818400121,32-64,,,,FN
12026,12026.jpg,1,swimmer,,"[1567, 629, 63, 19]",34.597687784012386,32-64,,,,FN
12026,12026.jpg,1,swimmer,,"[1490, 629, 17, 17]",17.0,16-32,,,,FN
12027,12027.jpg,1,swimmer,,"[1370, 615, 51, 19]",31.12876483254676,16-32,,,,FN
12567,12567.jpg,1,swimmer,,"[1957, 1677, 65, 58]",61.40032573203501,32-64,,,,FN
12569,12569.jpg,1,swimmer,,"[1931, 1639, 85, 105]",94.47221813845591,>64,,,,FN
12570,12570.jpg,1,swimmer,,"[1920, 1370, 92, 111]",101.05444077327824,>64,,,,FN
12571,12571.jpg,1,swimmer,,"[1966, 1063, 46, 98]",67.14164132637808,>64,,,,FN
12572,12572.jpg,1,swimmer,,"[1966, 799, 46, 97]",66.79820356865893,>64,,,,FN
12574,12574.jpg,1,swimmer,,"[2346, 576, 57, 87]",70.42016756583301,>64,,,,FN
12580,12580.jpg,1,swimmer,,"[1770, 685, 75, 99]",86.16843969807043,>64,,,,FN
12583,12583.jpg,1,swimmer,,"[1593, 1781, 67, 121]",90.03888049059695,>64,,,,FN
12583,12583.jpg,1,swimmer,,"[1527, 2025, 117, 98]",107.07940978544848,>64,,,,FN
12592,12592.jpg,5,buoy,,"[614, 1617, 20, 26]",22.80350850198276,16-32,,,,FN
12594,12594.jpg,5,buoy,,"[2392, 1563, 20, 28]",23.664319132398465,16-32,,,,FN
12594,12594.jpg,2,boat,,"[1241, 1683, 222, 94]",144.45760623795482,>64,,,,FN
13911,13911.jpg,1,swimmer,,"[392, 867, 34, 34]",34.0,32-64,,,,FN
13911,13911.jpg,1,swimmer,,"[332, 5, 34, 36]",34.9857113690718,32-64,,,,FN
13914,13914.jpg,1,swimmer,,"[703, 408, 33, 30]",31.464265445104548,16-32,,,,FN
13914,13914.jpg,1,swimmer,,"[291, 306, 30, 31]",30.495901363953813,16-32,,,,FN
13920,13920.jpg,1,swimmer,,"[646, 666, 27, 41]",33.27160951922825,32-64,,,,FN
13921,13921.jpg,1,swimmer,,"[647, 665, 30, 40]",34.64101615137755,32-64,,,,FN
13922,13922.jpg,1,swimmer,,"[650, 659, 31, 48]",38.57460304397182,32-64,,,,FN
13928,13928.jpg,1,swimmer,,"[491, 679, 26, 37]",31.016124838541646,16-32,,,,FN
13935,13935.jpg,1,swimmer,,"[1029, 307, 40, 44]",41.95235392680606,32-64,,,,FN
13935,13935.jpg,1,swimmer,,"[575, 283, 52, 46]",48.908077042549934,32-64,,,,FN
13938,13938.jpg,1,swimmer,,"[938, 678, 34, 46]",39.54743986657038,32-64,,,,FN
13938,13938.jpg,1,swimmer,,"[642, 557, 56, 44]",49.63869458396343,32-64,,,,FN
13938,13938.jpg,1,swimmer,,"[860, 533, 43, 44]",43.497126341863094,32-64,,,,FN
13938,13938.jpg,1,swimmer,,"[891, 418, 99, 45]",66.74578638386096,>64,,,,FN
13938,13938.jpg,1,swimmer,,"[481, 429, 41, 43]",41.98809355043403,32-64,,,,FN
13938,13938.jpg,1,swimmer,,"[1233, 1007, 55, 64]",59.329587896765304,32-64,,,,FN
13947,13947.jpg,1,swimmer,,"[929, 981, 60, 50]",54.772255750516614,32-64,,,,FN
13948,13948.jpg,1,swimmer,,"[1030, 882, 92, 64]",76.7333043730035,>64,,,,FN
13951,13951.jpg,1,swimmer,,"[382, 344, 44, 41]",42.473521163190604,32-64,,,,FN
13953,13953.jpg,1,swimmer,,"[1087, 372, 30, 31]",30.495901363953813,16-32,,,,FN
13953,13953.jpg,1,swimmer,,"[734, 243, 57, 41]",48.342527861087284,32-64,,,,FN
13954,13954.jpg,1,swimmer,,"[1353, 431, 30, 29]",29.49576240750525,16-32,,,,FN
13954,13954.jpg,1,swimmer,,"[1037, 228, 47, 40]",43.3589667773576,32-64,,,,FN
13955,13955.jpg,1,swimmer,,"[1595, 538, 33, 30]",31.464265445104548,16-32,,,,FN
13959,13959.jpg,1,swimmer,,"[1615, 550, 31, 35]",32.93933818400121,32-64,,,,FN
13961,13961.jpg,1,swimmer,,"[762, 973, 32, 33]",32.49615361854384,32-64,,,,FN
13962,13962.jpg,1,swimmer,,"[1500, 367, 36, 44]",39.7994974842648,32-64,,,,FN
13964,13964.jpg,1,swimmer,,"[1308, 68, 40, 44]",41.95235392680606,32-64,,,,FN
13969,13969.jpg,1,swimmer,,"[411, 657, 28, 29]",28.495613697550013,16-32,,,,FN
13974,13974.jpg,1,swimmer,,"[1189, 207, 28, 29]",28.495613697550013,16-32,,,,FN
13978,13978.jpg,1,swimmer,,"[1227, 197, 27, 31]",28.930952282978865,16-32,,,,FN
13989,13989.jpg,1,swimmer,,"[759, 792, 83, 38]",56.16048432839589,32-64,,,,FN
13995,13995.jpg,1,swimmer,,"[1249, 1, 65, 47]",55.27205442174191,32-64,,,,FN
13995,13995.jpg,1,swimmer,,"[1259, 191, 25, 28]",26.457513110645905,16-32,,,,FN
14000,14000.jpg,1,swimmer,,"[1417, 299, 37, 25]",30.4138126514911,16-32,,,,FN
14008,14008.jpg,1,swimmer,,"[363, 595, 31, 24]",27.27636339397171,16-32,,,,FN
14010,14010.jpg,1,swimmer,,"[359, 595, 67, 47]",56.1159513863928,32-64,,,,FN
14011,14011.jpg,1,swimmer,,"[357, 591, 47, 40]",43.3589667773576,32-64,,,,FN
14012,14012.jpg,1,swimmer,,"[1319, 10, 64, 47]",54.84523680320835,32-64,,,,FN
14023,14023.jpg,1,swimmer,,"[1375, 28, 59, 38]",47.34976240700686,32-64,,,,FN
14027,14027.jpg,1,swimmer,,"[846, 674, 24, 27]",25.45584412271571,16-32,,,,FN
14028,14028.jpg,1,swimmer,,"[852, 664, 24, 26]",24.979991993593593,16-32,,,,FN
14033,14033.jpg,1,swimmer,,"[1403, 127, 44, 23]",31.811947441173732,16-32,,,,FN
14038,14038.jpg,1,swimmer,,"[1430, 76, 19, 14]",16.30950643030009,16-32,,,,FN
14052,14052.jpg,1,swimmer,,"[1388, 175, 23, 29]",25.826343140289914,16-32,,,,FN
14066,14066.jpg,1,swimmer,,"[1381, 169, 44, 43]",43.497126341863094,32-64,,,,FN
14070,14070.jpg,1,swimmer,,"[1474, 35, 24, 17]",20.199009876724155,16-32,,,,FN
14079,14079.jpg,1,swimmer,,"[1486, 24, 20, 22]",20.97617696340303,16-32,,,,FN
14080,14080.jpg,1,swimmer,,"[1488, 26, 23, 23]",23.0,16-32,,,,FN
14080,14080.jpg,1,swimmer,,"[881, 538, 32, 25]",28.284271247461902,16-32,,,,FN
14082,14082.jpg,1,swimmer,,"[1239, 333, 17, 22]",19.339079605813716,16-32,,,,FN
14083,14083.jpg,1,swimmer,,"[1238, 334, 18, 22]",19.8997487421324,16-32,,,,FN
15338,15338.jpg,1,swimmer,,"[258, 649, 36, 43]",39.344631145812,32-64,,,,FN
15338,15338.jpg,1,swimmer,,"[1253, 234, 51, 36]",42.8485705712571,32-64,,,,FN
15338,15338.jpg,1,swimmer,,"[681, 251, 63, 51]",56.68333088307355,32-64,,,,FN
15338,15338.jpg,1,swimmer,,"[533, 232, 37, 36]",36.49657518178932,32-64,,,,FN
15339,15339.jpg,1,swimmer,,"[1424, 1, 145, 46]",81.67006795638167,>64,,,,FN
15339,15339.jpg,1,swimmer,,"[217, 1, 51, 48]",49.47726750741192,32-64,,,,FN
15341,15341.jpg,1,swimmer,,"[428, 0, 103, 63]",80.55432949258531,>64,,,,FN
15354,15354.jpg,1,swimmer,,"[1277, 482, 48, 62]",54.55272678794342,32-64,,,,FN
15354,15354.jpg,1,swimmer,,"[91, 528, 159, 142]",150.25977505640023,>64,,,,FN
15355,15355.jpg,1,swimmer,,"[1453, 554, 45, 67]",54.909015653169384,32-64,,,,FN
15356,15356.jpg,1,swimmer,,"[1583, 596, 54, 66]",59.6992462263972,32-64,,,,FN
15356,15356.jpg,1,swimmer,,"[413, 679, 108, 61]",81.1664955508121,>64,,,,FN
15357,15357.jpg,1,swimmer,,"[1681, 507, 51, 68]",58.88972745734183,32-64,,,,FN
15358,15358.jpg,1,swimmer,,"[655, 311, 134, 122]",127.85929766739687,>64,,,,FN
15359,15359.jpg,1,swimmer,,"[405, 0, 134, 100]",115.75836902790225,>64,,,,FN
15359,15359.jpg,1,swimmer,,"[1046, 862, 92, 123]",106.3766891757776,>64,,,,FN
15365,15365.jpg,1,swimmer,,"[455, 296, 35, 49]",41.41255848169731,32-64,,,,FN
15365,15365.jpg,1,swimmer,,"[1530, 162, 71, 76]",73.45747068882783,>64,,,,FN
15365,15365.jpg,1,swimmer,,"[1583, 103, 43, 37]",39.88734135035826,32-64,,,,FN
15365,15365.jpg,1,swimmer,,"[1760, 205, 41, 55]",47.486840282335066,32-64,,,,FN
15366,15366.jpg,1,swimmer,,"[654, 397, 19, 26]",22.22611077089287,16-32,,,,FN
15366,15366.jpg,1,swimmer,,"[964, 189, 26, 26]",26.0,16-32,,,,FN
15366,15366.jpg,1,swimmer,,"[1339, 318, 47, 29]",36.91882988394946,32-64,,,,FN
15366,15366.jpg,1,swimmer,,"[1368, 269, 23, 23]",23.0,16-32,,,,FN
15366,15366.jpg,1,swimmer,,"[1484, 329, 23, 26]",24.454038521274967,16-32,,,,FN
15366,15366.jpg,1,swimmer,,"[1306, 162, 23, 29]",25.826343140289914,16-32,,,,FN
15366,15366.jpg,1,swimmer,,"[837, 176, 30, 23]",26.267851073127396,16-32,,,,FN
15367,15367.jpg,1,swimmer,,"[1261, 344, 20, 20]",20.0,16-32,,,,FN
15371,15371.jpg,1,swimmer,,"[1157, 387, 20, 16]",17.88854381999832,16-32,,,,FN
15375,15375.jpg,1,swimmer,,"[1149, 423, 23, 17]",19.77371993328519,16-32,,,,FN
15376,15376.jpg,1,swimmer,,"[1268, 528, 26, 52]",36.76955262170047,32-64,,,,FN
15378,15378.jpg,1,swimmer,,"[892, 370, 21, 24]",22.44994432064365,16-32,,,,FN
15380,15380.jpg,1,swimmer,,"[1218, 354, 38, 20]",27.568097504180443,16-32,,,,FN
15380,15380.jpg,1,swimmer,,"[863, 276, 23, 40]",30.331501776206203,16-32,,,,FN
15380,15380.jpg,1,swimmer,,"[697, 371, 28, 22]",24.819347291981714,16-32,,,,FN
15381,15381.jpg,1,swimmer,,"[1345, 237, 58, 31]",42.40283009422838,32-64,,,,FN
15381,15381.jpg,1,swimmer,,"[539, 258, 78, 55]",65.49809157525127,>64,,,,FN
15382,15382.jpg,1,swimmer,,"[539, 255, 80, 54]",65.72670690061993,>64,,,,FN
15383,15383.jpg,1,swimmer,,"[524, 261, 77, 51]",62.66578013557319,32-64,,,,FN
15384,15384.jpg,1,swimmer,,"[433, 260, 78, 50]",62.44997998398398,32-64,,,,FN
15385,15385.jpg,1,swimmer,,"[259, 249, 75, 47]",59.371710435189584,32-64,,,,FN
15386,15386.jpg,1,swimmer,,"[129, 232, 74, 49]",60.21627686929839,32-64,,,,FN
15386,15386.jpg,1,swimmer,,"[1211, 345, 60, 71]",65.26867548832288,>64,,,,FN
15387,15387.jpg,1,swimmer,,"[87, 215, 76, 48]",60.398675482166,32-64,,,,FN
15388,15388.jpg,1,swimmer,,"[90, 214, 56, 45]",50.19960159204453,32-64,,,,FN
15389,15389.jpg,1,swimmer,,"[93, 209, 57, 48]",52.306787322488084,32-64,,,,FN
15391,15391.jpg,1,swimmer,,"[91, 222, 37, 38]",37.49666651850535,32-64,,,,FN
15391,15391.jpg,1,swimmer,,"[934, 241, 69, 48]",57.54997827975264,32-64,,,,FN
15392,15392.jpg,1,swimmer,,"[900, 24, 76, 59]",66.96267617113283,>64,,,,FN
15392,15392.jpg,3,jetski,,"[604, 308, 313, 502]",396.3912208916842,>64,,,,FN
15393,15393.jpg,3,jetski,,"[412, 191, 479, 767]",606.1295241118023,>64,,,,FN
15394,15394.jpg,3,jetski,,"[425, 208, 471, 766]",600.6546428689285,>64,,,,FN
15395,15395.jpg,3,jetski,,"[433, 221, 464, 754]",591.486263576763,>64,,,,FN
15396,15396.jpg,3,jetski,,"[419, 207, 514, 742]",617.5661907844373,>64,,,,FN
15397,15397.jpg,3,jetski,,"[433, 171, 527, 747]",627.4304742359906,>64,,,,FN
15398,15398.jpg,3,jetski,,"[461, 128, 506, 760]",620.1290188339842,>64,,,,FN
15399,15399.jpg,3,jetski,,"[485, 84, 495, 773]",618.5749752455235,>64,,,,FN
15400,15400.jpg,3,jetski,,"[505, 64, 483, 780]",613.7914955422566,>64,,,,FN
15401,15401.jpg,3,jetski,,"[511, 138, 477, 789]",613.476160906029,>64,,,,FN
15402,15402.jpg,3,jetski,,"[471, 301, 490, 779]",617.8268365812544,>64,,,,FN
15403,15403.jpg,3,jetski,,"[490, 469, 458, 611]",528.9971644536481,>64,,,,FN
15404,15404.jpg,1,swimmer,,"[1684, 87, 131, 262]",185.26197667087544,>64,,,,FN
15404,15404.jpg,3,jetski,,"[539, 534, 417, 546]",477.16035040644357,>64,,,,FN
15405,15405.jpg,1,swimmer,,"[1646, 85, 143, 250]",189.07670401189037,>64,,,,FN
15405,15405.jpg,1,swimmer,,"[1162, 445, 168, 146]",156.61417560361514,>64,,,,FN
15405,15405.jpg,3,jetski,,"[528, 548, 413, 532]",468.7387331979298,>64,,,,FN
15406,15406.jpg,1,swimmer,,"[1672, 70, 123, 233]",169.28969253915017,>64,,,,FN
15406,15406.jpg,1,swimmer,,"[1168, 435, 173, 143]",157.28636304524306,>64,,,,FN
15406,15406.jpg,3,jetski,,"[525, 546, 405, 534]",465.0483845794973,>64,,,,FN
15407,15407.jpg,3,jetski,,"[531, 592, 393, 488]",437.9315014930988,>64,,,,FN
15408,15408.jpg,3,jetski,,"[527, 690, 370, 390]",379.86839826445157,>64,,,,FN
15409,15409.jpg,1,swimmer,,"[1474, 250, 138, 227]",176.99152522084214,>64,,,,FN
15410,15410.jpg,1,swimmer,,"[496, 667, 166, 166]",166.0,>64,,,,FN
15413,15413.jpg,1,swimmer,,"[162, 291, 71, 111]",88.77499647986475,>64,,,,FN
15414,15414.jpg,1,swimmer,,"[936, 724, 64, 72]",67.88225099390856,>64,,,,FN
15414,15414.jpg,1,swimmer,,"[798, 893, 46, 44]",44.98888751680797,32-64,,,,FN
15414,15414.jpg,1,swimmer,,"[859, 975, 41, 38]",39.4715087119811,32-64,,,,FN
15415,15415.jpg,1,swimmer,,"[633, 417, 51, 71]",60.174745533321534,32-64,,,,FN
15415,15415.jpg,1,swimmer,,"[865, 742, 27, 46]",35.24202037341219,32-64,,,,FN
15415,15415.jpg,1,swimmer,,"[402, 862, 35, 35]",35.0,32-64,,,,FN
15977,15977.jpg,1,swimmer,,"[110, 2103, 75, 57]",65.3834841531101,>64,,,,FN
15980,15980.jpg,1,swimmer,,"[87, 2100, 71, 60]",65.26867548832288,>64,,,,FN
15981,15981.jpg,1,swimmer,,"[70, 2099, 74, 61]",67.1863081289633,>64,,,,FN
16193,16193.jpg,1,swimmer,,"[2449, 415, 19, 19]",19.0,16-32,,,,FN
16193,16193.jpg,1,swimmer,,"[2270, 647, 20, 22]",20.97617696340303,16-32,,,,FN
16194,16194.jpg,1,swimmer,,"[2316, 714, 17, 19]",17.97220075561143,16-32,,,,FN
16195,16195.jpg,1,swimmer,,"[2538, 528, 21, 20]",20.493901531919196,16-32,,,,FN
16195,16195.jpg,1,swimmer,,"[2360, 789, 21, 20]",20.493901531919196,16-32,,,,FN
16196,16196.jpg,1,swimmer,,"[2585, 590, 19, 20]",19.493588689617926,16-32,,,,FN
16197,16197.jpg,1,swimmer,,"[2634, 517, 20, 20]",20.0,16-32,,,,FN
16199,16199.jpg,1,swimmer,,"[2574, 754, 24, 21]",22.44994432064365,16-32,,,,FN
16200,16200.jpg,1,swimmer,,"[2517, 550, 75, 56]",64.8074069840786,>64,,,,FN
16201,16201.jpg,1,swimmer,,"[2575, 750, 24, 23]",23.49468024894146,16-32,,,,FN
16201,16201.jpg,1,swimmer,,"[2492, 551, 64, 40]",50.59644256269407,32-64,,,,FN
16201,16201.jpg,1,swimmer,,"[2339, 486, 54, 53]",53.49766350038102,32-64,,,,FN
16202,16202.jpg,1,swimmer,,"[2630, 321, 21, 27]",23.811761799581316,16-32,,,,FN
16203,16203.jpg,1,swimmer,,"[2574, 663, 48, 41]",44.36214602563767,32-64,,,,FN
16203,16203.jpg,1,swimmer,,"[2160, 480, 44, 48]",45.95650117230423,32-64,,,,FN
16204,16204.jpg,1,swimmer,,"[2888, 688, 35, 36]",35.4964786985977,32-64,,,,FN
16204,16204.jpg,1,swimmer,,"[2308, 536, 27, 35]",30.740852297878796,16-32,,,,FN
16204,16204.jpg,1,swimmer,,"[2534, 664, 46, 39]",42.35563716909474,32-64,,,,FN
16204,16204.jpg,1,swimmer,,"[2088, 487, 55, 53]",53.99073994677235,32-64,,,,FN
16205,16205.jpg,1,swimmer,,"[2345, 227, 52, 32]",40.792156108742276,32-64,,,,FN
16205,16205.jpg,1,swimmer,,"[2237, 528, 42, 33]",37.22902093797257,32-64,,,,FN
16741,16741.jpg,1,swimmer,,"[2129, 832, 578, 247]",377.84388310517875,>64,,,,FN
16742,16742.jpg,1,swimmer,,"[2131, 773, 635, 286]",426.1572479730927,>64,,,,FN
16745,16745.jpg,1,swimmer,,"[2094, 714, 657, 329]",464.92257419918855,>64,,,,FN
16749,16749.jpg,1,swimmer,,"[2167, 739, 488, 215]",323.91356871857033,>64,,,,FN
16751,16751.jpg,1,swimmer,,"[2191, 667, 517, 322]",408.012254717919,>64,,,,FN
16754,16754.jpg,1,swimmer,,"[2038, 657, 837, 421]",593.6135106279169,>64,,,,FN
16756,16756.jpg,1,swimmer,,"[2163, 871, 775, 371]",536.2135768516124,>64,,,,FN
16760,16760.jpg,1,swimmer,,"[2186, 987, 566, 369]",457.00547042677726,>64,,,,FN
16762,16762.jpg,1,swimmer,,"[2259, 863, 572, 374]",462.52351291583005,>64,,,,FN
16763,16763.jpg,1,swimmer,,"[2206, 893, 554, 408]",475.428228021854,>64,,,,FN
16765,16765.jpg,1,swimmer,,"[2147, 812, 530, 538]",533.9850185164374,>64,,,,FN
16766,16766.jpg,1,swimmer,,"[2045, 659, 707, 536]",615.590773160222,>64,,,,FN
16768,16768.jpg,1,swimmer,,"[1991, 549, 613, 580]",596.2717501274062,>64,,,,FN
16769,16769.jpg,1,swimmer,,"[2019, 535, 653, 643]",647.9807095894137,>64,,,,FN
16771,16771.jpg,1,swimmer,,"[2116, 794, 513, 467]",489.45990642748257,>64,,,,FN
16772,16772.jpg,1,swimmer,,"[2047, 737, 546, 550]",547.9963503528103,>64,,,,FN
16773,16773.jpg,1,swimmer,,"[2101, 807, 529, 453]",489.52732303723354,>64,,,,FN
16774,16774.jpg,1,swimmer,,"[2058, 1016, 457, 377]",415.07710127155894,>64,,,,FN
16775,16775.jpg,1,swimmer,,"[2016, 1044, 483, 348]",409.98048734055624,>64,,,,FN
16776,16776.jpg,1,swimmer,,"[2022, 929, 479, 331]",398.18211913645746,>64,,,,FN
16777,16777.jpg,1,swimmer,,"[1991, 857, 543, 397]",464.29624163889156,>64,,,,FN
16778,16778.jpg,1,swimmer,,"[2047, 761, 525, 404]",460.5431575867782,>64,,,,FN
16779,16779.jpg,1,swimmer,,"[2037, 645, 656, 488]",565.7985507227816,>64,,,,FN
16786,16786.jpg,1,swimmer,,"[1834, 395, 472, 868]",640.0749956059836,>64,,,,FN
