image_id,file_name,category_id,category,score,bbox,edge_len,size_band,fp_type,best_iou,confused_with,error_kind
379,379.jpg,2,boat,0.79742,"[64.93, 205.52, 39.51, 22.24]",29.642914836432666,16-32,class_confusion,0.8784533143043518,swimmer,FP
382,382.jpg,1,swimmer,0.65296,"[1124.02, 0.0, 52.41, 22.4]",34.26344991386594,32-64,background,0.0,,FP
619,619.jpg,1,swimmer,0.63719,"[966.48, 699.72, 21.15, 17.74]",19.370105833474426,16-32,background,0.0,,FP
622,622.jpg,1,swimmer,0.50455,"[607.17, 606.17, 19.64, 18.73]",19.179603749817147,16-32,localization,0.469205379486084,swimmer,FP
803,803.jpg,3,jetski,0.65697,"[358.52, 532.32, 59.7, 92.44]",74.28773788452574,>64,duplicate,0.6453074216842651,jetski,FP
824,824.jpg,2,boat,0.83536,"[1071.88, 663.9, 46.17, 47.62]",46.889395389576094,32-64,class_confusion,0.8951676487922668,jetski,FP
868,868.jpg,1,swimmer,0.6754,"[3675.25, 1841.51, 56.68, 50.26]",53.37355899694155,32-64,localization,0.44230130314826965,swimmer,FP
1073,1073.jpg,1,swimmer,0.59909,"[4047.89, 280.01, 35.54, 35.08]",35.309250912473345,32-64,localization,0.36896127462387085,swimmer,FP
1096,1096.jpg,1,swimmer,0.57117,"[2210.56, 3334.65, 34.33, 31.89]",33.08751577256896,32-64,localization,0.23383614420890808,swimmer,FP
1096,1096.jpg,1,swimmer,0.54109,"[2513.93, 3554.8, 47.45, 56.44]",51.75014975823741,32-64,localization,0.33979594707489014,swimmer,FP
1096,1096.jpg,2,boat,0.5368,"[2562.27, 2670.26, 159.13, 93.33]",121.86715267043864,>64,localization,0.4129678010940552,boat,FP
1096,1096.jpg,1,swimmer,0.52482,"[2283.98, 2868.41, 43.14, 36.52]",39.692225939092914,32-64,localization,0.46056729555130005,swimmer,FP
1123,1123.jpg,1,swimmer,0.55147,"[3417.32, 1012.61, 58.74, 30.65]",42.43089676167592,32-64,localization,0.21714569628238678,swimmer,FP
1129,1129.jpg,2,boat,0.56713,"[572.9, 1618.45, 179.24, 85.12]",123.51886009836717,>64,localization,0.38784855604171753,boat,FP
1144,1144.jpg,1,swimmer,0.56153,"[2005.68, 1977.4, 74.59, 47.03]",59.22809890584029,32-64,localization,0.25915607810020447,swimmer,FP
1157,1157.jpg,1,swimmer,0.6057,"[1460.36, 2789.59, 44.8, 35.31]",39.77295563570804,32-64,background,0.0,,FP
1157,1157.jpg,1,swimmer,0.54855,"[1573.06, 2649.8, 37.28, 41.16]",39.17198999285076,32-64,background,0.0,,FP
1157,1157.jpg,1,swimmer,0.546,"[1193.18, 2726.15, 40.38, 27.04]",33.04353491985989,32-64,localization,0.29490548372268677,swimmer,FP
1765,1765.jpg,1,swimmer,0.65603,"[2041.23, 294.2, 63.6, 59.09]",61.30353986516602,32-64,localization,0.14347445964813232,swimmer,FP
1765,1765.jpg,1,swimmer,0.55639,"[2171.41, 343.76, 48.37, 31.64]",39.120669728418505,32-64,localization,0.45963186025619507,swimmer,FP
1765,1765.jpg,1,swimmer,0.50117,"[1576.82, 550.73, 34.13, 32.91]",33.51444912272914,32-64,localization,0.36324191093444824,swimmer,FP
1959,1959.jpg,1,swimmer,0.51574,"[2147.97, 3177.28, 36.73, 51.59]",43.53045715358385,32-64,localization,0.21900449693202972,swimmer,FP
2109,2109.jpg,2,boat,0.62294,"[4509.29, 467.4, 119.18, 114.2]",116.66343043130526,>64,localization,0.3976384103298187,boat,FP
2114,2114.jpg,2,boat,0.7911,"[1889.58, 3251.74, 113.62, 84.74]",98.12318176659376,>64,localization,0.467690646648407,boat,FP
2234,2234.jpg,1,swimmer,0.58365,"[1162.85, 3131.63, 31.84, 41.25]",36.24086091692635,32-64,localization,0.27181360125541687,swimmer,FP
2241,2241.jpg,1,swimmer,0.54793,"[969.95, 553.61, 39.16, 43.08]",41.07326137525482,32-64,localization,0.1780700534582138,swimmer,FP
2364,2364.jpg,1,swimmer,0.51585,"[964.63, 3343.26, 30.21, 22.74]",26.210215565691175,16-32,localization,0.27220773696899414,swimmer,FP
2497,2497.jpg,2,boat,0.72576,"[1712.22, 5192.39, 222.37, 141.36]",177.29699151423864,>64,background,0.0,,FP
2636,2636.jpg,1,swimmer,0.62357,"[2309.49, 4098.06, 44.89, 43.76]",44.321398894890486,32-64,localization,0.34941497445106506,swimmer,FP
2636,2636.jpg,1,swimmer,0.55714,"[2448.12, 3975.97, 49.13, 49.81]",49.468831601322464,32-64,localization,0.45775818824768066,swimmer,FP
2684,2684.jpg,2,boat,0.75686,"[1894.44, 4633.01, 496.66, 377.49]",432.9944380705138,>64,localization,0.4833008646965027,boat,FP
2716,2716.jpg,1,swimmer,0.51892,"[3221.12, 3418.47, 31.86, 47.65]",38.96317492196959,32-64,localization,0.46003156900405884,swimmer,FP
2718,2718.jpg,1,swimmer,0.56067,"[2825.11, 2828.08, 45.72, 44.98]",45.34849060332659,32-64,localization,0.44931021332740784,swimmer,FP
2718,2718.jpg,1,swimmer,0.54448,"[2795.32, 2939.32, 42.09, 34.82]",38.28281337623974,32-64,localization,0.44981035590171814,swimmer,FP
2887,2887.jpg,3,jetski,0.58913,"[5195.93, 3522.09, 56.2, 44.14]",49.80630482177934,32-64,class_confusion,0.824740469455719,buoy,FP
2931,2931.jpg,3,jetski,0.59143,"[2397.55, 2943.95, 198.71, 84.02]",129.21150954926577,>64,class_confusion,0.6840991377830505,boat,FP
2931,2931.jpg,1,swimmer,0.53262,"[2039.13, 2586.28, 45.18, 55.06]",49.87595412621196,32-64,localization,0.44153669476509094,swimmer,FP
2963,2963.jpg,1,swimmer,0.51578,"[193.08, 1565.82, 46.46, 41.35]",43.83059433774541,32-64,localization,0.2101418524980545,swimmer,FP
3001,3001.jpg,1,swimmer,0.66421,"[4082.41, 2552.89, 45.11, 63.17]",53.381632608978904,32-64,localization,0.44877690076828003,swimmer,FP
3001,3001.jpg,1,swimmer,0.61971,"[3968.37, 2704.22, 36.13, 44.81]",40.23661640844071,32-64,localization,0.46842455863952637,swimmer,FP
3001,3001.jpg,1,swimmer,0.5546,"[4807.6, 2054.0, 59.16, 60.84]",59.99411971185176,32-64,localization,0.4009118974208832,swimmer,FP
3001,3001.jpg,1,swimmer,0.52423,"[5370.61, 1542.0, 52.48, 45.93]",49.09588984833659,32-64,localization,0.4912034571170807,swimmer,FP
3004,3004.jpg,1,swimmer,0.50652,"[2856.1, 4415.8, 76.0, 51.31]",62.4464570652331,32-64,localization,0.3197574317455292,swimmer,FP
3010,3010.jpg,3,jetski,0.71399,"[4771.96, 1500.03, 180.22, 73.24]",114.88826223770643,>64,class_confusion,0.8987006545066833,boat,FP
3010,3010.jpg,1,swimmer,0.63102,"[3745.52, 2998.26, 54.76, 42.54]",48.26479462299616,32-64,localization,0.3983703851699829,swimmer,FP
3010,3010.jpg,1,swimmer,0.6179,"[4114.4, 2804.52, 53.66, 48.47]",50.9990215592417,32-64,localization,0.3633357584476471,swimmer,FP
3011,3011.jpg,1,swimmer,0.68266,"[4368.33, 2083.73, 63.52, 58.8]",61.114450009797196,32-64,localization,0.492829829454422,swimmer,FP
3012,3012.jpg,1,swimmer,0.64951,"[4068.45, 1831.13, 68.24, 64.16]",66.16856051026045,>64,localization,0.3117663860321045,swimmer,FP
3012,3012.jpg,1,swimmer,0.63109,"[4438.22, 1669.71, 59.85, 44.65]",51.6943178695686,32-64,localization,0.48460084199905396,swimmer,FP
3016,3016.jpg,1,swimmer,0.61058,"[2744.62, 465.23, 49.22, 53.15]",51.14726776671458,32-64,localization,0.4583260715007782,swimmer,FP
3022,3022.jpg,1,swimmer,0.56711,"[2045.99, 1723.42, 54.21, 62.53]",58.22157074487084,32-64,localization,0.4354921281337738,swimmer,FP
3022,3022.jpg,1,swimmer,0.5395,"[3163.02, 1472.15, 65.14, 56.93]",60.89679958749885,32-64,class_confusion,0.6645880937576294,life_saving_appliances,FP
3022,3022.jpg,1,swimmer,0.50168,"[3706.08, 1166.21, 36.1, 46.33]",40.89636903198131,32-64,localization,0.46114709973335266,swimmer,FP
3023,3023.jpg,1,swimmer,0.54022,"[2759.91, 1627.87, 52.54, 54.11]",53.3192216747394,32-64,localization,0.48119211196899414,swimmer,FP
3025,3025.jpg,1,swimmer,0.57189,"[3053.41, 76.3, 51.08, 52.29]",51.68145895773454,32-64,localization,0.4313034415245056,swimmer,FP
3025,3025.jpg,1,swimmer,0.50768,"[3051.98, 0.0, 51.46, 37.87]",44.145103918781295,32-64,localization,0.46695640683174133,swimmer,FP
3060,3060.jpg,2,boat,0.83649,"[823.78, 656.27, 438.46, 315.94]",372.1922250665642,>64,localization,0.4284677505493164,boat,FP
3102,3102.jpg,1,swimmer,0.52947,"[3403.41, 2655.87, 40.73, 35.39]",37.966231048130126,32-64,localization,0.42908361554145813,swimmer,FP
3102,3102.jpg,1,swimmer,0.52492,"[3077.37, 2888.11, 34.51, 53.14]",42.82360797504106,32-64,localization,0.3953406810760498,swimmer,FP
3111,3111.jpg,1,swimmer,0.5573,"[3532.81, 3258.27, 61.36, 42.53]",51.084643485102255,32-64,localization,0.29639339447021484,swimmer,FP
3111,3111.jpg,1,swimmer,0.55156,"[3170.72, 2637.79, 33.04, 34.22]",33.62482416310902,32-64,class_confusion,0.6767740249633789,life_saving_appliances,FP
3387,3387.jpg,3,jetski,0.6898,"[5192.24, 75.45, 76.99, 54.68]",64.8830732934253,>64,class_confusion,0.7913362979888916,buoy,FP
3495,3495.jpg,1,swimmer,0.57299,"[471.34, 1243.78, 153.32, 108.9]",129.2151229539329,>64,localization,0.44465896487236023,swimmer,FP
3509,3509.jpg,2,boat,0.70702,"[3748.78, 366.14, 90.32, 38.94]",59.30481262089949,32-64,background,0.0,,FP
3509,3509.jpg,3,jetski,0.53954,"[447.41, 756.54, 49.2, 32.0]",39.67870965643918,32-64,background,0.10033779591321945,,FP
3512,3512.jpg,2,boat,0.51677,"[632.8, 719.53, 59.07, 27.83]",40.54525989557842,32-64,background,0.14840836822986603,,FP
3521,3521.jpg,2,boat,0.60115,"[703.79, 156.01, 42.65, 31.57]",36.694148034802495,32-64,localization,0.42238175868988037,boat,FP
3722,3722.jpg,1,swimmer,0.57547,"[2734.66, 326.38, 35.86, 21.85]",27.99180237140867,16-32,localization,0.46966272592544556,swimmer,FP
4013,4013.jpg,2,boat,0.66094,"[1915.94, 1103.97, 82.43, 38.24]",56.14377258432141,32-64,duplicate,0.6901315450668335,boat,FP
4014,4014.jpg,2,boat,0.61025,"[1917.1, 1103.97, 82.94, 38.27]",56.33927404573119,32-64,duplicate,0.6597602367401123,boat,FP
4020,4020.jpg,2,boat,0.52118,"[3012.15, 1022.79, 35.87, 33.81]",34.82477135603334,32-64,duplicate,0.6228221654891968,boat,FP
4021,4021.jpg,2,boat,0.56503,"[3011.0, 1020.84, 37.02, 35.56]",36.282657014061144,32-64,duplicate,0.6380888223648071,boat,FP
4022,4022.jpg,2,boat,0.55483,"[3010.55, 1023.25, 37.46, 34.54]",35.970382260965756,32-64,duplicate,0.572319746017456,boat,FP
4028,4028.jpg,5,buoy,0.50281,"[2103.79, 1185.19, 32.21, 21.65]",26.40731906119968,16-32,localization,0.47640538215637207,buoy,FP
4053,4053.jpg,5,buoy,0.5765,"[2087.98, 1187.67, 28.86, 23.63]",26.114398327359563,16-32,localization,0.44649502635002136,buoy,FP
4054,4054.jpg,5,buoy,0.51365,"[2087.97, 1188.32, 29.4, 24.22]",26.684602301702007,16-32,localization,0.34137213230133057,buoy,FP
4439,4439.jpg,1,swimmer,0.51226,"[2893.11, 717.14, 19.91, 18.48]",19.181678758648836,16-32,localization,0.3674984276294708,swimmer,FP
4442,4442.jpg,2,boat,0.55568,"[0.0, 471.85, 68.65, 39.65]",52.172526294976365,32-64,background,0.0,,FP
4486,4486.jpg,1,swimmer,0.51053,"[3252.97, 1002.2, 174.69, 200.98]",187.37448118674004,>64,localization,0.34136661887168884,swimmer,FP
4487,4487.jpg,2,boat,0.54448,"[644.88, 2021.54, 473.16, 138.46]",255.95650724292986,>64,class_confusion,0.8302148580551147,swimmer,FP
4488,4488.jpg,2,boat,0.60895,"[663.35, 2012.12, 474.6, 147.88]",264.9223433385716,>64,class_confusion,0.817797839641571,swimmer,FP
4897,4897.jpg,5,buoy,0.85301,"[2065.75, 785.3, 78.69, 100.51]",88.93330028735018,>64,localization,0.37890782952308655,buoy,FP
4897,4897.jpg,1,swimmer,0.60093,"[2353.52, 1172.54, 41.96, 32.08]",36.688919308150794,32-64,localization,0.19085675477981567,swimmer,FP
4901,4901.jpg,1,swimmer,0.50478,"[2478.66, 1079.67, 42.27, 31.15]",36.28650575627254,32-64,localization,0.48330605030059814,swimmer,FP
4902,4902.jpg,1,swimmer,0.56641,"[2377.75, 1070.72, 61.65, 37.17]",47.86993315224077,32-64,localization,0.3873290419578552,swimmer,FP
4903,4903.jpg,1,swimmer,0.56782,"[2212.08, 1193.56, 39.29, 32.23]",35.58534389323784,32-64,localization,0.4896089434623718,swimmer,FP
4903,4903.jpg,1,swimmer,0.54241,"[2268.98, 1070.28, 54.95, 33.81]",43.10289433437156,32-64,localization,0.40400832891464233,swimmer,FP
4907,4907.jpg,1,swimmer,0.55431,"[1576.33, 1183.43, 32.18, 31.03]",31.599768986497352,16-32,localization,0.4120229184627533,swimmer,FP
4908,4908.jpg,1,swimmer,0.52856,"[1440.32, 1199.71, 30.6, 33.14]",31.844685584882136,16-32,localization,0.4665742814540863,swimmer,FP
4909,4909.jpg,1,swimmer,0.54545,"[1578.26, 1072.55, 69.32, 32.07]",47.14968080485805,32-64,localization,0.4830475449562073,swimmer,FP
4923,4923.jpg,1,swimmer,0.56504,"[2121.15, 1188.38, 48.5, 29.76]",37.991578014080964,32-64,localization,0.4156967103481293,swimmer,FP
4924,4924.jpg,1,swimmer,0.50013,"[2214.12, 1194.86, 44.66, 36.1]",40.15253416660024,32-64,localization,0.4807018041610718,swimmer,FP
5309,5309.jpg,1,swimmer,0.68543,"[1886.07, 1168.12, 36.23, 32.59]",34.361834933542184,32-64,localization,0.48617592453956604,swimmer,FP
5314,5314.jpg,1,swimmer,0.62419,"[1890.93, 1171.09, 33.81, 29.81]",31.747064431219464,16-32,localization,0.4336549937725067,swimmer,FP
5543,5543.jpg,1,swimmer,0.74674,"[2049.86, 1008.67, 59.97, 64.57]",62.22750919006802,32-64,localization,0.21157927811145782,swimmer,FP
5543,5543.jpg,1,swimmer,0.71445,"[2105.4, 622.86, 75.23, 33.42]",50.14166530940113,32-64,localization,0.17224891483783722,swimmer,FP
5543,5543.jpg,1,swimmer,0.66937,"[1634.53, 743.38, 53.26, 35.55]",43.513135947665276,32-64,localization,0.15882202982902527,swimmer,FP
5543,5543.jpg,1,swimmer,0.63818,"[1446.88, 658.97, 68.98, 37.31]",50.73109302981752,32-64,localization,0.21254654228687286,swimmer,FP
5543,5543.jpg,1,swimmer,0.61127,"[1775.23, 669.92, 95.74, 31.05]",54.52272003486253,32-64,localization,0.31992942094802856,swimmer,FP
5546,5546.jpg,1,swimmer,0.56756,"[2020.26, 671.66, 38.41, 37.33]",37.86614979107329,32-64,localization,0.4100528657436371,swimmer,FP
5552,5552.jpg,1,swimmer,0.63288,"[1921.57, 606.49, 49.02, 36.63]",42.3745513250583,32-64,localization,0.4802020788192749,swimmer,FP
5558,5558.jpg,1,swimmer,0.59274,"[1934.69, 599.55, 53.42, 36.36]",44.072113632091664,32-64,localization,0.49957627058029175,swimmer,FP
5577,5577.jpg,1,swimmer,0.69741,"[2069.42, 911.77, 92.62, 34.82]",56.789333505509646,32-64,localization,0.2955867052078247,swimmer,FP
5577,5577.jpg,1,swimmer,0.69081,"[1737.27, 688.89, 80.62, 33.19]",51.7279208938461,32-64,localization,0.17650817334651947,swimmer,FP
5577,5577.jpg,1,swimmer,0.66506,"[2243.54, 495.57, 66.15, 32.82]",46.5944524594935,32-64,background,0.06363089382648468,,FP
5577,5577.jpg,1,swimmer,0.6278,"[1900.74, 575.83, 87.6, 40.59]",59.62955642967672,32-64,localization,0.18471333384513855,swimmer,FP
5577,5577.jpg,1,swimmer,0.5985,"[1562.93, 644.84, 53.16, 36.35]",43.95868514867113,32-64,background,0.023196367546916008,,FP
6039,6039.jpg,1,swimmer,0.50898,"[2144.0, 1517.11, 48.88, 30.12]",38.37011336965269,32-64,localization,0.4327828586101532,swimmer,FP
6039,6039.jpg,1,swimmer,0.50494,"[597.3, 670.43, 20.54, 21.13]",20.832911462395263,16-32,background,0.0,,FP
6040,6040.jpg,5,buoy,0.54154,"[1964.83, 41.8, 27.2, 19.72]",23.159965457659904,16-32,localization,0.4600730836391449,buoy,FP
6040,6040.jpg,1,swimmer,0.50244,"[586.38, 670.01, 21.42, 18.64]",19.981711638395748,16-32,background,0.0,,FP
6041,6041.jpg,5,buoy,0.51088,"[1965.53, 42.83, 26.5, 19.12]",22.5095535273359,16-32,localization,0.47044306993484497,buoy,FP
6042,6042.jpg,1,swimmer,0.56915,"[579.88, 671.23, 26.01, 21.78]",23.801214254739193,16-32,background,0.0,,FP
6043,6043.jpg,1,swimmer,0.50411,"[577.97, 671.46, 24.72, 22.55]",23.610082591977523,16-32,background,0.0,,FP
6045,6045.jpg,1,swimmer,0.53164,"[581.38, 670.09, 22.06, 19.78]",20.888915721022954,16-32,background,0.0,,FP
6046,6046.jpg,1,swimmer,0.50231,"[2111.24, 1515.67, 54.25, 42.38]",47.949087582559905,32-64,localization,0.27486729621887207,swimmer,FP
6049,6049.jpg,1,swimmer,0.56001,"[2115.86, 1508.87, 62.44, 48.86]",55.23421403441892,32-64,localization,0.3532339930534363,swimmer,FP
6050,6050.jpg,1,swimmer,0.53928,"[582.12, 667.95, 22.63, 20.84]",21.716565105927778,16-32,background,0.0,,FP
6052,6052.jpg,1,swimmer,0.54045,"[2132.79, 1518.4, 60.56, 36.71]",47.150372214861676,32-64,localization,0.32864102721214294,swimmer,FP
6052,6052.jpg,1,swimmer,0.51609,"[2124.78, 1512.45, 65.89, 32.48]",46.261292675410616,32-64,localization,0.369595468044281,swimmer,FP
6052,6052.jpg,5,buoy,0.50462,"[2109.66, 185.88, 26.36, 26.18]",26.26984583129486,16-32,localization,0.48236939311027527,buoy,FP
6053,6053.jpg,1,swimmer,0.52117,"[2148.41, 1533.07, 47.72, 26.25]",35.39279587712731,32-64,localization,0.4754023849964142,swimmer,FP
6053,6053.jpg,5,buoy,0.5022,"[2109.92, 184.2, 26.1, 28.31]",27.182549549297246,16-32,localization,0.4926301836967468,buoy,FP
6055,6055.jpg,1,swimmer,0.57833,"[2103.6, 1508.66, 64.07, 50.58]",56.926800366786814,32-64,localization,0.26678335666656494,swimmer,FP
6056,6056.jpg,1,swimmer,0.61855,"[2099.29, 1513.97, 60.29, 42.74]",50.762137464846774,32-64,localization,0.3294149339199066,swimmer,FP
6069,6069.jpg,1,swimmer,0.59354,"[2199.68, 1566.58, 44.02, 27.99]",35.10156406771641,32-64,localization,0.4126574397087097,swimmer,FP
6072,6072.jpg,5,buoy,0.83137,"[1138.93, 1334.2, 61.41, 83.26]",71.50522078841517,>64,localization,0.1754283457994461,buoy,FP
6072,6072.jpg,2,boat,0.78091,"[61.21, 547.18, 127.46, 126.98]",127.21977362029851,>64,localization,0.28946465253829956,boat,FP
6072,6072.jpg,1,swimmer,0.73073,"[1860.45, 1534.31, 79.27, 37.09]",54.22291305343157,32-64,localization,0.3019624948501587,swimmer,FP
6072,6072.jpg,3,jetski,0.70333,"[36.71, 711.28, 103.12, 37.33]",62.0440939977368,32-64,localization,0.2157716155052185,jetski,FP
6072,6072.jpg,1,swimmer,0.62919,"[1819.59, 1472.36, 39.63, 36.36]",37.959805057455185,32-64,background,0.0,,FP
6072,6072.jpg,1,swimmer,0.56446,"[1634.24, 1567.5, 38.68, 29.53]",33.79675132316714,32-64,background,0.0,,FP
6072,6072.jpg,5,buoy,0.52319,"[1651.83, 172.88, 19.66, 28.31]",23.591833332744617,16-32,background,0.0,,FP
6072,6072.jpg,5,buoy,0.50164,"[1495.57, 19.03, 22.91, 29.01]",25.780207524378078,16-32,background,0.0,,FP
6077,6077.jpg,1,swimmer,0.7166,"[1904.17, 1434.99, 57.73, 41.84]",49.146955144749306,32-64,localization,0.4645148813724518,swimmer,FP
6078,6078.jpg,1,swimmer,0.59641,"[1988.28, 1438.29, 49.99, 36.82]",42.90258500370345,32-64,localization,0.4784161448478699,swimmer,FP
6079,6079.jpg,1,swimmer,0.56183,"[1905.29, 1439.94, 47.3, 39.47]",43.20799694501007,32-64,localization,0.49492987990379333,swimmer,FP
6080,6080.jpg,1,swimmer,0.5098,"[1905.56, 1448.37, 39.88, 39.68]",39.77987430849927,32-64,localization,0.47358056902885437,swimmer,FP
6082,6082.jpg,1,swimmer,0.64861,"[1807.42, 1446.58, 53.36, 45.88]",49.47885204812254,32-64,localization,0.4100717008113861,swimmer,FP
6083,6083.jpg,1,swimmer,0.62584,"[1854.79, 1443.24, 49.94, 54.92]",52.370839214203926,32-64,localization,0.422940194606781,swimmer,FP
6084,6084.jpg,1,swimmer,0.71525,"[2056.64, 1482.62, 48.45, 35.3]",41.35559212488681,32-64,localization,0.47507941722869873,swimmer,FP
6084,6084.jpg,5,buoy,0.57256,"[1126.13, 217.05, 20.81, 24.93]",22.777034486517334,16-32,localization,0.48785310983657837,buoy,FP
6087,6087.jpg,1,swimmer,0.5747,"[1821.9, 1427.0, 50.7, 35.75]",42.57375952391332,32-64,localization,0.45516616106033325,swimmer,FP
6088,6088.jpg,1,swimmer,0.63146,"[1817.85, 1416.84, 53.39, 36.67]",44.24716149087984,32-64,localization,0.44265320897102356,swimmer,FP
6090,6090.jpg,5,buoy,0.85586,"[1161.22, 555.84, 64.37, 87.27]",74.95044963174004,>64,localization,0.14200186729431152,buoy,FP
6090,6090.jpg,2,boat,0.84001,"[2126.34, 122.38, 239.46, 105.3]",158.7927517237484,>64,localization,0.14790712296962738,boat,FP
6090,6090.jpg,1,swimmer,0.61377,"[2044.52, 575.67, 51.09, 39.27]",44.79178830991235,32-64,background,0.0,,FP
6090,6090.jpg,1,swimmer,0.5288,"[1810.96, 521.78, 40.53, 33.22]",36.69341357791613,32-64,background,0.0,,FP
6092,6092.jpg,1,swimmer,0.50985,"[1807.39, 255.58, 45.82, 33.61]",39.24296370051579,32-64,localization,0.4389581084251404,swimmer,FP
6098,6098.jpg,1,swimmer,0.55062,"[1792.64, 364.06, 41.52, 44.04]",42.76144057442406,32-64,localization,0.46619781851768494,swimmer,FP
6641,6641.jpg,5,buoy,0.67098,"[0.0, 1631.01, 37.9, 93.41]",59.4999075629534,32-64,background,0.0,,FP
6641,6641.jpg,1,swimmer,0.66906,"[1482.1, 1477.59, 54.04, 29.34]",39.81875939805257,32-64,localization,0.4879816174507141,swimmer,FP
6641,6641.jpg,1,swimmer,0.61338,"[1494.11, 1414.27, 43.03, 34.57]",38.56873215442789,32-64,localization,0.45529189705848694,swimmer,FP
6641,6641.jpg,1,swimmer,0.59761,"[1975.46, 1003.97, 29.91, 26.4]",28.100249109216094,16-32,localization,0.3193724453449249,swimmer,FP
6641,6641.jpg,1,swimmer,0.5733,"[1555.89, 1319.7, 59.19, 26.79]",39.820850066265535,32-64,localization,0.3923143446445465,swimmer,FP
6641,6641.jpg,1,swimmer,0.56083,"[1601.49, 1409.18, 32.67, 31.09]",31.87021022836216,16-32,localization,0.3476141393184662,swimmer,FP
6641,6641.jpg,1,swimmer,0.55028,"[1509.54, 1093.58, 26.15, 29.19]",27.628219269435373,16-32,localization,0.1733880639076233,swimmer,FP
6642,6642.jpg,1,swimmer,0.55998,"[1508.3, 1038.08, 26.84, 24.66]",25.72691975344114,16-32,localization,0.25318941473960876,swimmer,FP
6642,6642.jpg,1,swimmer,0.5438,"[1607.82, 1328.4, 33.49, 26.34]",29.700616155224793,16-32,localization,0.2573015093803406,swimmer,FP
6647,6647.jpg,1,swimmer,0.54553,"[1967.99, 911.95, 65.9, 35.13]",48.11514314641494,32-64,localization,0.3576570153236389,swimmer,FP
6648,6648.jpg,1,swimmer,0.56386,"[1956.18, 911.85, 57.15, 33.96]",44.05467058099516,32-64,localization,0.4536987245082855,swimmer,FP
6648,6648.jpg,1,swimmer,0.52798,"[1510.0, 981.53, 29.45, 27.17]",28.287037667454683,16-32,localization,0.49193939566612244,swimmer,FP
6655,6655.jpg,1,swimmer,0.51655,"[2183.82, 1029.61, 29.28, 27.48]",28.365725797165847,16-32,localization,0.3803063929080963,swimmer,FP
6660,6660.jpg,1,swimmer,0.56824,"[2087.33, 1033.84, 28.76, 26.15]",27.42396761958415,16-32,localization,0.4556061625480652,swimmer,FP
6661,6661.jpg,1,swimmer,0.54836,"[1750.43, 1177.3, 26.46, 26.09]",26.27434870743707,16-32,localization,0.49250999093055725,swimmer,FP
6663,6663.jpg,2,boat,0.62455,"[129.49, 144.9, 189.99, 124.93]",154.06313868021772,>64,localization,0.4197257459163666,boat,FP
6665,6665.jpg,1,swimmer,0.50608,"[1625.17, 1247.96, 35.5, 36.1]",35.798742994691864,32-64,localization,0.498458594083786,swimmer,FP
6667,6667.jpg,5,buoy,0.59983,"[165.97, 120.54, 22.58, 32.05]",26.90146836141105,16-32,localization,0.4784342348575592,buoy,FP
6667,6667.jpg,1,swimmer,0.51363,"[2358.91, 981.71, 42.87, 26.43]",33.66086897274044,32-64,localization,0.4832705855369568,swimmer,FP
6671,6671.jpg,2,boat,0.59248,"[987.75, 65.05, 153.97, 111.73]",131.1604669860549,>64,duplicate,0.5338838696479797,boat,FP
6674,6674.jpg,1,swimmer,0.57894,"[1679.84, 1080.16, 29.24, 24.66]",26.852530607002386,16-32,localization,0.33029288053512573,swimmer,FP
6675,6675.jpg,1,swimmer,0.6102,"[1679.92, 1054.89, 29.37, 25.38]",27.302208701861467,16-32,localization,0.4995814263820648,swimmer,FP
6676,6676.jpg,2,boat,0.59135,"[1511.04, 0.0, 126.98, 124.3]",125.63285398334307,>64,duplicate,0.9707164764404297,boat,FP
6676,6676.jpg,1,swimmer,0.55774,"[1845.67, 994.11, 38.09, 23.41]",29.861126904388588,16-32,localization,0.45745259523391724,swimmer,FP
6678,6678.jpg,2,boat,0.50557,"[1389.5, 67.03, 132.37, 52.59]",83.43463489462874,>64,localization,0.3961133360862732,boat,FP
6679,6679.jpg,2,boat,0.59062,"[1343.48, 59.94, 133.13, 46.05]",78.29838120932003,>64,localization,0.4089258909225464,boat,FP
6679,6679.jpg,1,swimmer,0.5554,"[1827.44, 956.7, 27.17, 21.11]",23.94908557753302,16-32,localization,0.46998652815818787,swimmer,FP
6679,6679.jpg,1,swimmer,0.54118,"[1743.4, 959.94, 29.91, 30.06]",29.984906202954846,16-32,localization,0.4848068952560425,swimmer,FP
6679,6679.jpg,1,swimmer,0.50524,"[1505.92, 959.67, 37.0, 25.41]",30.662191702485977,16-32,localization,0.47863689064979553,swimmer,FP
6680,6680.jpg,1,swimmer,0.53707,"[1775.53, 951.51, 25.34, 19.05]",21.97104913289304,16-32,localization,0.41767755150794983,swimmer,FP
6683,6683.jpg,1,swimmer,0.52425,"[1751.56, 949.66, 31.17, 20.2]",25.092508842281994,16-32,localization,0.4865376353263855,swimmer,FP
6683,6683.jpg,1,swimmer,0.52383,"[1453.76, 952.38, 35.7, 24.31]",29.45958248176644,16-32,localization,0.47011813521385193,swimmer,FP
6684,6684.jpg,1,swimmer,0.56449,"[1453.78, 950.48, 36.29, 22.83]",28.783688088915916,16-32,localization,0.463487833738327,swimmer,FP
6685,6685.jpg,1,swimmer,0.51995,"[1458.14, 948.07, 32.54, 21.33]",26.34536391853413,16-32,localization,0.45383933186531067,swimmer,FP
6685,6685.jpg,1,swimmer,0.51687,"[1673.96, 742.52, 34.64, 25.61]",29.78473434496269,16-32,localization,0.4034847021102905,swimmer,FP
6686,6686.jpg,1,swimmer,0.50817,"[1453.23, 945.31, 37.9, 25.23]",30.922758609153874,16-32,localization,0.26772165298461914,swimmer,FP
6687,6687.jpg,1,swimmer,0.51323,"[1450.8, 946.71, 39.14, 26.3]",32.08398354319488,32-64,localization,0.2811835706233978,swimmer,FP
6694,6694.jpg,1,swimmer,0.55321,"[1453.05, 942.54, 41.0, 26.04]",32.67476090195611,32-64,localization,0.3988504707813263,swimmer,FP
6694,6694.jpg,1,swimmer,0.54,"[1655.74, 950.39, 35.28, 23.98]",29.08632668454372,16-32,localization,0.48277419805526733,swimmer,FP
6695,6695.jpg,1,swimmer,0.59001,"[1444.73, 944.85, 49.38, 28.46]",37.488062099820525,32-64,localization,0.4739016890525818,swimmer,FP
6695,6695.jpg,1,swimmer,0.56256,"[1644.33, 949.17, 44.93, 24.7]",33.31322560185369,32-64,localization,0.37424659729003906,swimmer,FP
6695,6695.jpg,1,swimmer,0.51064,"[1254.92, 940.93, 30.22, 40.28]",34.889276289427386,32-64,localization,0.32154759764671326,swimmer,FP
6696,6696.jpg,1,swimmer,0.5537,"[1254.49, 947.52, 32.86, 40.06]",36.28183567572071,32-64,localization,0.4070360064506531,swimmer,FP
6697,6697.jpg,1,swimmer,0.54259,"[1253.33, 952.8, 27.38, 29.52]",28.429871614201847,16-32,localization,0.49460479617118835,swimmer,FP
6698,6698.jpg,1,swimmer,0.55167,"[1449.02, 956.9, 36.88, 24.0]",29.750966370859285,16-32,localization,0.41576284170150757,swimmer,FP
6699,6699.jpg,1,swimmer,0.52923,"[1252.2, 955.99, 27.71, 34.25]",30.806939153379066,16-32,localization,0.46610763669013977,swimmer,FP
6699,6699.jpg,1,swimmer,0.50741,"[1446.75, 959.83, 38.8, 28.16]",33.054621462058826,32-64,localization,0.36609652638435364,swimmer,FP
7203,7203.jpg,2,boat,0.51021,"[1737.2, 910.22, 26.77, 50.68]",36.83345761668323,32-64,localization,0.3251477777957916,boat,FP
7204,7204.jpg,2,boat,0.75151,"[299.01, 1272.73, 68.64, 27.83]",43.7064205809627,32-64,background,0.0,,FP
7204,7204.jpg,2,boat,0.7355,"[433.18, 1072.56, 102.52, 31.62]",56.935774342674925,32-64,background,0.03453335911035538,,FP
7204,7204.jpg,2,boat,0.56463,"[755.55, 915.99, 36.63, 58.08]",46.124509753492234,32-64,background,0.0,,FP
7205,7205.jpg,2,boat,0.81392,"[110.82, 1081.99, 109.25, 31.66]",58.81203108208388,32-64,background,0.054653849452733994,,FP
7205,7205.jpg,2,boat,0.75317,"[2.49, 1284.33, 64.64, 28.98]",43.28125691335685,32-64,background,0.0,,FP
7205,7205.jpg,2,boat,0.58997,"[439.78, 915.92, 37.35, 63.28]",48.61592331736589,32-64,background,0.0,,FP
7210,7210.jpg,2,boat,0.53924,"[1109.43, 1017.61, 94.62, 24.25]",47.90130478389916,32-64,duplicate,0.8033475875854492,boat,FP
7214,7214.jpg,2,boat,0.56709,"[1415.98, 839.74, 33.0, 62.6]",45.45107259460441,32-64,localization,0.4845837652683258,boat,FP
7218,7218.jpg,2,boat,0.51615,"[1352.37, 959.92, 76.9, 38.57]",54.461298185041464,32-64,duplicate,0.538222074508667,boat,FP
7747,7747.jpg,1,swimmer,0.50941,"[2922.43, 1462.34, 35.14, 34.07]",34.600864151058424,32-64,localization,0.4139373004436493,swimmer,FP
7752,7752.jpg,1,swimmer,0.50298,"[2746.85, 1509.29, 27.54, 27.94]",27.73927901009686,16-32,localization,0.19007347524166107,swimmer,FP
7753,7753.jpg,1,swimmer,0.53533,"[2649.54, 1513.17, 28.85, 30.28]",29.556352954990913,16-32,localization,0.3007928431034088,swimmer,FP
7753,7753.jpg,1,swimmer,0.51463,"[3132.71, 1852.11, 31.81, 30.12]",30.953468303245113,16-32,localization,0.4367469251155853,swimmer,FP
7755,7755.jpg,1,swimmer,0.52362,"[2843.83, 1888.14, 37.53, 33.82]",35.62673995750944,32-64,localization,0.39018478989601135,swimmer,FP
7756,7756.jpg,1,swimmer,0.59856,"[2278.79, 1511.61, 34.01, 48.63]",40.66824682722382,32-64,localization,0.4929123520851135,swimmer,FP
7756,7756.jpg,1,swimmer,0.54969,"[2731.42, 1891.74, 41.45, 31.5]",36.134125145075814,32-64,localization,0.43655580282211304,swimmer,FP
7758,7758.jpg,1,swimmer,0.54588,"[2205.89, 1528.01, 56.77, 41.34]",48.444522910232074,32-64,localization,0.38016149401664734,swimmer,FP
7759,7759.jpg,1,swimmer,0.53579,"[2493.77, 1368.28, 35.59, 30.74]",33.07622408921551,32-64,localization,0.2926596403121948,swimmer,FP
7760,7760.jpg,1,swimmer,0.54596,"[2409.87, 1355.75, 39.04, 36.46]",37.727952502090545,32-64,localization,0.35127198696136475,swimmer,FP
7760,7760.jpg,1,swimmer,0.52885,"[2513.25, 1368.89, 33.97, 35.64]",34.794982396891655,32-64,localization,0.3343634605407715,swimmer,FP
7761,7761.jpg,1,swimmer,0.51451,"[2512.3, 1374.48, 38.89, 32.84]",35.73720190501769,32-64,localization,0.2978590130805969,swimmer,FP
7761,7761.jpg,1,swimmer,0.50692,"[2416.72, 1355.36, 37.24, 36.86]",37.04951281730976,32-64,localization,0.3045167922973633,swimmer,FP
7763,7763.jpg,1,swimmer,0.52024,"[2414.3, 1343.74, 46.28, 32.7]",38.901876561420536,32-64,localization,0.4506540596485138,swimmer,FP
7765,7765.jpg,1,swimmer,0.57986,"[2422.91, 1800.67, 38.2, 50.08]",43.73849563027974,32-64,localization,0.4537242650985718,swimmer,FP
7765,7765.jpg,1,swimmer,0.50547,"[2533.82, 1357.84, 35.1, 34.88]",34.989827093028055,32-64,localization,0.3796241283416748,swimmer,FP
7766,7766.jpg,1,swimmer,0.63403,"[2260.64, 1560.02, 49.78, 39.89]",44.56146541576029,32-64,localization,0.3758968412876129,swimmer,FP
7767,7767.jpg,1,swimmer,0.60619,"[2369.94, 1434.75, 32.7, 35.28]",33.965511920181626,32-64,localization,0.4958150386810303,swimmer,FP
7767,7767.jpg,1,swimmer,0.58097,"[2226.06, 1562.2, 44.47, 39.67]",42.00148687844277,32-64,localization,0.4019867479801178,swimmer,FP
7769,7769.jpg,1,swimmer,0.64215,"[2108.67, 1566.32, 49.72, 35.48]",42.00078094512053,32-64,localization,0.3803297281265259,swimmer,FP
7769,7769.jpg,1,swimmer,0.60121,"[2250.87, 1435.93, 43.59, 32.45]",37.60977931336477,32-64,localization,0.4227655827999115,swimmer,FP
7769,7769.jpg,1,swimmer,0.50669,"[2230.47, 1838.45, 46.09, 50.22]",48.11070359078113,32-64,localization,0.46659526228904724,swimmer,FP
7770,7770.jpg,1,swimmer,0.64193,"[2066.94, 1568.05, 58.67, 35.62]",45.714608168505606,32-64,localization,0.4428081810474396,swimmer,FP
7770,7770.jpg,1,swimmer,0.51977,"[2350.11, 1370.37, 33.84, 30.08]",31.904657967137023,16-32,localization,0.32050615549087524,swimmer,FP
7771,7771.jpg,1,swimmer,0.59485,"[2069.84, 1573.47, 45.13, 38.21]",41.52610383842915,32-64,localization,0.3720467984676361,swimmer,FP
7771,7771.jpg,1,swimmer,0.59003,"[2176.15, 1839.22, 57.05, 45.54]",50.97113889251445,32-64,localization,0.417300283908844,swimmer,FP
7772,7772.jpg,1,swimmer,0.64795,"[2064.36, 1577.7, 52.77, 39.44]",45.62070582531577,32-64,localization,0.31033244729042053,swimmer,FP
7773,7773.jpg,1,swimmer,0.61394,"[2209.38, 1434.36, 36.66, 30.78]",33.59158823277042,32-64,localization,0.3220193088054657,swimmer,FP
7773,7773.jpg,1,swimmer,0.58842,"[2083.09, 1583.6, 38.25, 39.93]",39.080973631679136,32-64,localization,0.36030760407447815,swimmer,FP
7774,7774.jpg,1,swimmer,0.56464,"[2137.13, 1582.88, 58.05, 35.33]",45.28693520210878,32-64,localization,0.3169330358505249,swimmer,FP
7775,7775.jpg,1,swimmer,0.53672,"[2176.78, 1568.77, 71.33, 39.24]",52.90547419691085,32-64,localization,0.24437390267848969,swimmer,FP
7777,7777.jpg,1,swimmer,0.57005,"[2324.81, 1074.97, 39.03, 31.63]",35.13572113960378,32-64,localization,0.2662469446659088,swimmer,FP
7777,7777.jpg,1,swimmer,0.56316,"[2369.67, 1002.35, 40.75, 35.07]",37.80347206276164,32-64,localization,0.396729439496994,swimmer,FP
7777,7777.jpg,1,swimmer,0.52669,"[2893.93, 1747.11, 42.41, 33.55]",37.72075688530122,32-64,localization,0.36827531456947327,swimmer,FP
7779,7779.jpg,1,swimmer,0.66665,"[2353.41, 1461.31, 56.41, 60.06]",58.20639655570511,32-64,localization,0.31168973445892334,swimmer,FP
7780,7780.jpg,1,swimmer,0.60695,"[2295.15, 1468.25, 61.32, 57.01]",59.125740587327954,32-64,localization,0.3690086603164673,swimmer,FP
7780,7780.jpg,1,swimmer,0.52426,"[2352.06, 1070.17, 56.49, 33.95]",43.79309877138178,32-64,localization,0.3076772689819336,swimmer,FP
7781,7781.jpg,1,swimmer,0.62577,"[2235.38, 1206.28, 82.09, 42.77]",59.25360157830071,32-64,localization,0.4955868124961853,swimmer,FP
7781,7781.jpg,1,swimmer,0.58582,"[2292.74, 1499.03, 50.21, 37.39]",43.328419080321865,32-64,localization,0.41082528233528137,swimmer,FP
7782,7782.jpg,1,swimmer,0.58923,"[2173.97, 1220.08, 87.3, 42.33]",60.78987580181423,32-64,localization,0.40222224593162537,swimmer,FP
7782,7782.jpg,1,swimmer,0.58461,"[2206.81, 1501.97, 51.49, 37.27]",43.80676089372507,32-64,localization,0.35226088762283325,swimmer,FP
7782,7782.jpg,1,swimmer,0.57486,"[2031.62, 1379.17, 54.77, 49.61]",52.1261901542785,32-64,localization,0.4745905101299286,swimmer,FP
7782,7782.jpg,1,swimmer,0.52628,"[2406.75, 1024.11, 58.4, 45.21]",51.383499296953296,32-64,localization,0.29458892345428467,swimmer,FP
7783,7783.jpg,1,swimmer,0.6367,"[2210.84, 1086.24, 33.5, 33.6]",33.549962742155174,32-64,localization,0.39069896936416626,swimmer,FP
7783,7783.jpg,1,swimmer,0.52643,"[2313.66, 1039.37, 54.52, 42.41]",48.085270093865546,32-64,localization,0.32884481549263,swimmer,FP
7785,7785.jpg,1,swimmer,0.65775,"[2128.68, 1093.85, 30.52, 38.96]",34.48273771033848,32-64,localization,0.4721796214580536,swimmer,FP
7786,7786.jpg,1,swimmer,0.64277,"[1958.33, 1231.04, 50.8, 39.9]",45.02132827893908,32-64,localization,0.49002397060394287,swimmer,FP
7786,7786.jpg,1,swimmer,0.51209,"[2513.94, 1847.22, 52.17, 45.81]",48.886682235553685,32-64,localization,0.41256824135780334,swimmer,FP
7787,7787.jpg,1,swimmer,0.57907,"[2502.74, 1837.37, 53.93, 54.06]",53.99496087599287,32-64,localization,0.32825055718421936,swimmer,FP
7788,7788.jpg,1,swimmer,0.50822,"[1959.49, 1218.65, 38.87, 39.05]",38.95989604708924,32-64,localization,0.4399208724498749,swimmer,FP
7789,7789.jpg,1,swimmer,0.50992,"[2177.46, 1034.42, 33.91, 34.34]",34.12432270390139,32-64,localization,0.40558239817619324,swimmer,FP
7789,7789.jpg,1,swimmer,0.50624,"[2506.15, 1846.46, 56.68, 44.14]",50.0185485595094,32-64,localization,0.3142763078212738,swimmer,FP
7790,7790.jpg,1,swimmer,0.67019,"[1978.65, 1236.69, 44.68, 35.81]",39.999884999834684,32-64,localization,0.43167436122894287,swimmer,FP
7790,7790.jpg,1,swimmer,0.56179,"[2194.93, 1029.17, 65.55, 53.49]",59.21376106953518,32-64,localization,0.2874850332736969,swimmer,FP
7791,7791.jpg,1,swimmer,0.62168,"[1987.12, 1233.82, 47.9, 40.8]",44.2076916384468,32-64,localization,0.41446641087532043,swimmer,FP
7791,7791.jpg,1,swimmer,0.5752,"[1963.23, 1504.69, 45.69, 42.63]",44.133487285733494,32-64,localization,0.45744746923446655,swimmer,FP
7792,7792.jpg,1,swimmer,0.63781,"[1997.46, 1237.82, 52.07, 37.72]",44.31794670333905,32-64,localization,0.4108656942844391,swimmer,FP
7792,7792.jpg,1,swimmer,0.55601,"[2368.91, 1754.57, 52.07, 39.63]",45.426138951048884,32-64,localization,0.4123992621898651,swimmer,FP
7792,7792.jpg,1,swimmer,0.50513,"[2203.39, 1031.14, 62.07, 43.92]",52.2122054696026,32-64,localization,0.3242710828781128,swimmer,FP
7793,7793.jpg,1,swimmer,0.57865,"[2008.18, 1218.18, 56.59, 57.95]",57.26596284006757,32-64,localization,0.48072168231010437,swimmer,FP
7793,7793.jpg,1,swimmer,0.53511,"[2386.65, 1762.32, 57.59, 33.6]",43.98890769273545,32-64,localization,0.40412935614585876,swimmer,FP
7794,7794.jpg,1,swimmer,0.55296,"[2219.68, 1047.2, 73.11, 38.65]",53.15732781094249,32-64,localization,0.274567186832428,swimmer,FP
7795,7795.jpg,1,swimmer,0.6585,"[2010.61, 1226.32, 61.33, 58.15]",59.71883706168431,32-64,localization,0.47086212038993835,swimmer,FP
7795,7795.jpg,1,swimmer,0.54943,"[2227.52, 1043.68, 72.27, 42.26]",55.26418550924278,32-64,localization,0.22055774927139282,swimmer,FP
7796,7796.jpg,1,swimmer,0.57419,"[2229.91, 1039.95, 75.18, 42.47]",56.50570413683914,32-64,localization,0.25039151310920715,swimmer,FP
7797,7797.jpg,1,swimmer,0.62408,"[2244.51, 1036.26, 70.82, 46.89]",57.62594728071721,32-64,localization,0.3011009097099304,swimmer,FP
7797,7797.jpg,1,swimmer,0.54914,"[2009.01, 1487.89, 69.49, 40.9]",53.3117341680047,32-64,localization,0.38175445795059204,swimmer,FP
7798,7798.jpg,1,swimmer,0.64118,"[2247.61, 1045.74, 71.5, 38.26]",52.30286799019724,32-64,localization,0.35371530055999756,swimmer,FP
7798,7798.jpg,1,swimmer,0.5954,"[2018.12, 1482.72, 55.31, 53.1]",54.193735800367186,32-64,localization,0.4903027415275574,swimmer,FP
7798,7798.jpg,1,swimmer,0.57522,"[2037.21, 1226.16, 59.91, 52.65]",56.162812429578345,32-64,localization,0.46039628982543945,swimmer,FP
7799,7799.jpg,1,swimmer,0.62756,"[2038.18, 1228.2, 55.43, 49.93]",52.6081733193617,32-64,localization,0.4762556552886963,swimmer,FP
7799,7799.jpg,1,swimmer,0.62225,"[2251.22, 1044.79, 64.6, 41.94]",52.05116713388855,32-64,localization,0.28789472579956055,swimmer,FP
7800,7800.jpg,1,swimmer,0.65408,"[2252.3, 1048.83, 67.15, 37.47]",50.1608462847269,32-64,localization,0.35769492387771606,swimmer,FP
7800,7800.jpg,1,swimmer,0.58785,"[2213.34, 983.88, 50.85, 35.37]",42.409485967174845,32-64,localization,0.3502793610095978,swimmer,FP
7800,7800.jpg,1,swimmer,0.52945,"[2643.41, 1842.94, 38.1, 41.65]",39.83547414051953,32-64,localization,0.47604650259017944,swimmer,FP
7801,7801.jpg,1,swimmer,0.63985,"[2249.96, 1049.35, 68.15, 37.15]",50.31672187255445,32-64,localization,0.28794053196907043,swimmer,FP
7801,7801.jpg,1,swimmer,0.6059,"[2219.05, 981.58, 39.57, 37.07]",38.29960704759254,32-64,localization,0.4860723316669464,swimmer,FP
7801,7801.jpg,1,swimmer,0.5737,"[2460.76, 1760.27, 49.19, 35.42]",41.74098465537199,32-64,localization,0.4591606557369232,swimmer,FP
7802,7802.jpg,1,swimmer,0.59056,"[2260.67, 1038.79, 69.19, 46.0]",56.41577793490045,32-64,localization,0.2123955935239792,swimmer,FP
7803,7803.jpg,1,swimmer,0.55885,"[2261.4, 1038.53, 72.07, 42.52]",55.357171170499676,32-64,localization,0.29695701599121094,swimmer,FP
7803,7803.jpg,1,swimmer,0.51746,"[2464.87, 1769.7, 50.98, 37.0]",43.43109485150012,32-64,localization,0.4071548879146576,swimmer,FP
7804,7804.jpg,1,swimmer,0.50728,"[2267.53, 1046.16, 64.99, 34.4]",47.28272411780015,32-64,localization,0.25373202562332153,swimmer,FP
7805,7805.jpg,1,swimmer,0.60212,"[2287.25, 1046.63, 63.14, 36.88]",48.25560278351106,32-64,localization,0.2633705139160156,swimmer,FP
7806,7806.jpg,1,swimmer,0.63095,"[2014.7, 1224.02, 74.52, 71.35]",72.917775610615,>64,localization,0.3988502323627472,swimmer,FP
7806,7806.jpg,1,swimmer,0.55292,"[2249.17, 1048.44, 62.12, 36.22]",47.4340215457218,32-64,localization,0.21466797590255737,swimmer,FP
8115,8115.jpg,2,boat,0.8398,"[2066.94, 235.12, 187.25, 81.4]",123.45910254007195,>64,class_confusion,0.8937588334083557,swimmer,FP
8116,8116.jpg,2,boat,0.86085,"[2083.39, 42.92, 190.78, 77.49]",121.58759064970405,>64,background,0.2678062319755554,,FP
8116,8116.jpg,5,buoy,0.82225,"[2473.08, 199.29, 52.74, 66.71]",59.31513634815315,32-64,background,0.0,,FP
8116,8116.jpg,1,swimmer,0.73858,"[3126.55, 1231.85, 92.11, 59.74]",74.179858452278,>64,background,0.0,,FP
8116,8116.jpg,3,jetski,0.71206,"[1940.62, 407.33, 132.74, 48.76]",80.45124237698259,>64,background,0.0,,FP
8116,8116.jpg,1,swimmer,0.66377,"[2546.85, 1049.81, 55.88, 32.39]",42.54354475123106,32-64,background,0.0,,FP
8116,8116.jpg,1,swimmer,0.63633,"[2449.36, 669.92, 32.33, 26.5]",29.270206695546243,16-32,background,0.0,,FP
8116,8116.jpg,1,swimmer,0.6221,"[1985.2, 607.62, 51.95, 29.14]",38.907878379577575,32-64,background,0.0,,FP
8116,8116.jpg,1,swimmer,0.59703,"[2985.69, 1051.04, 43.52, 57.5]",50.023994242763145,32-64,background,0.0,,FP
8116,8116.jpg,1,swimmer,0.52218,"[2674.35, 1087.66, 37.75, 27.05]",31.95524213646331,16-32,background,0.0,,FP
8117,8117.jpg,1,swimmer,0.59047,"[2566.46, 497.38, 41.17, 39.5]",40.32635614582602,32-64,localization,0.49037042260169983,swimmer,FP
8117,8117.jpg,1,swimmer,0.54516,"[2463.67, 86.18, 35.43, 26.72]",30.768321371176555,16-32,localization,0.3137000799179077,swimmer,FP
8618,8618.jpg,4,life_saving_appliances,0.6842,"[2257.98, 1408.15, 30.3, 31.99]",31.13353497436486,16-32,localization,0.4735390841960907,life_saving_appliances,FP
8620,8620.jpg,1,swimmer,0.59613,"[2031.04, 806.62, 48.1, 38.58]",43.077813314976886,32-64,localization,0.474450945854187,swimmer,FP
8620,8620.jpg,1,swimmer,0.51597,"[2012.57, 1065.12, 36.94, 38.94]",37.92681900713531,32-64,localization,0.4734838902950287,swimmer,FP
8623,8623.jpg,1,swimmer,0.52212,"[2320.39, 1007.58, 32.89, 32.2]",32.54317132671615,32-64,localization,0.44952157139778137,swimmer,FP
8626,8626.jpg,1,swimmer,0.57207,"[2364.91, 1087.84, 43.56, 35.01]",39.05170418816572,32-64,localization,0.3144083023071289,swimmer,FP
8627,8627.jpg,4,life_saving_appliances,0.83028,"[2325.71, 1611.43, 34.1, 32.41]",33.2442626629017,32-64,localization,0.4875919818878174,life_saving_appliances,FP
8627,8627.jpg,1,swimmer,0.63045,"[2167.21, 968.66, 51.06, 40.56]",45.508170694942244,32-64,localization,0.4312741458415985,swimmer,FP
8628,8628.jpg,1,swimmer,0.57836,"[2221.04, 984.23, 50.01, 38.5]",43.87920919980213,32-64,localization,0.4369913339614868,swimmer,FP
8629,8629.jpg,4,life_saving_appliances,0.68746,"[2318.06, 1655.55, 41.64, 31.19]",36.038196403260805,32-64,localization,0.4619821012020111,life_saving_appliances,FP
8629,8629.jpg,1,swimmer,0.59579,"[2223.57, 1216.01, 42.12, 33.16]",37.37243904269562,32-64,localization,0.429584264755249,swimmer,FP
8629,8629.jpg,1,swimmer,0.58157,"[2504.33, 1195.11, 38.12, 32.76]",35.338522889334236,32-64,localization,0.40038079023361206,swimmer,FP
8630,8630.jpg,1,swimmer,0.68984,"[2001.1, 1721.94, 49.3, 50.99]",50.137879891355595,32-64,localization,0.4960603415966034,swimmer,FP
8630,8630.jpg,1,swimmer,0.54089,"[2245.52, 1224.72, 35.62, 40.97]",38.201458087355775,32-64,localization,0.4810355603694916,swimmer,FP
8631,8631.jpg,1,swimmer,0.65715,"[2246.44, 1230.43, 46.47, 38.39]",42.23722647144341,32-64,localization,0.48767268657684326,swimmer,FP
8632,8632.jpg,1,swimmer,0.64007,"[2238.26, 1664.49, 65.86, 39.77]",51.178630306017375,32-64,localization,0.31497541069984436,swimmer,FP
8632,8632.jpg,1,swimmer,0.53775,"[1906.14, 1398.96, 39.35, 42.3]",40.79834555469131,32-64,localization,0.46367618441581726,swimmer,FP
8633,8633.jpg,1,swimmer,0.57066,"[2273.44, 1231.68, 45.56, 48.84]",47.171499870154655,32-64,localization,0.44581255316734314,swimmer,FP
8634,8634.jpg,1,swimmer,0.62447,"[2183.45, 1652.06, 65.93, 35.27]",48.22189440492773,32-64,localization,0.35005468130111694,swimmer,FP
8634,8634.jpg,1,swimmer,0.57302,"[2290.44, 1247.41, 50.52, 37.88]",43.74582951550925,32-64,localization,0.4040620028972626,swimmer,FP
8635,8635.jpg,1,swimmer,0.64573,"[1729.3, 1385.14, 37.24, 38.57]",37.89916621774152,32-64,localization,0.4638436734676361,swimmer,FP
8635,8635.jpg,1,swimmer,0.51025,"[2301.47, 1242.76, 44.27, 41.72]",42.97609102745386,32-64,localization,0.4699654281139374,swimmer,FP
8635,8635.jpg,1,swimmer,0.50237,"[2156.98, 1631.66, 59.83, 42.61]",50.491150709802604,32-64,localization,0.2918383479118347,swimmer,FP
8636,8636.jpg,1,swimmer,0.72127,"[2140.48, 1616.62, 66.05, 45.71]",54.94675149633507,32-64,localization,0.24344636499881744,swimmer,FP
8636,8636.jpg,1,swimmer,0.65873,"[1728.97, 1337.64, 54.67, 38.31]",45.76469927793692,32-64,localization,0.2745026648044586,swimmer,FP
8637,8637.jpg,1,swimmer,0.68267,"[2584.14, 1417.44, 44.43, 35.17]",39.52977485389969,32-64,localization,0.4549291729927063,swimmer,FP
8637,8637.jpg,1,swimmer,0.68251,"[1764.45, 1279.23, 53.01, 44.96]",48.81935681673817,32-64,localization,0.4000769555568695,swimmer,FP
8637,8637.jpg,1,swimmer,0.58973,"[2132.8, 1601.89, 65.75, 46.89]",55.52492683471091,32-64,localization,0.2205631285905838,swimmer,FP
8637,8637.jpg,1,swimmer,0.58863,"[2344.01, 1260.61, 47.82, 36.04]",41.51424815650646,32-64,localization,0.48275741934776306,swimmer,FP
8638,8638.jpg,1,swimmer,0.55022,"[2134.47, 1583.65, 59.72, 51.23]",55.31234581899415,32-64,localization,0.2471027821302414,swimmer,FP
8638,8638.jpg,1,swimmer,0.51856,"[1804.75, 1225.26, 45.16, 38.66]",41.78379590223942,32-64,localization,0.44836294651031494,swimmer,FP
8639,8639.jpg,1,swimmer,0.72461,"[2140.47, 1564.52, 68.4, 50.1]",58.53921762374349,32-64,localization,0.282476007938385,swimmer,FP
8639,8639.jpg,1,swimmer,0.5858,"[2389.65, 1277.75, 74.41, 39.07]",53.918444895972286,32-64,localization,0.31783172488212585,swimmer,FP
8639,8639.jpg,1,swimmer,0.52893,"[2620.38, 1479.62, 44.5, 40.87]",42.64639492383852,32-64,localization,0.44719934463500977,swimmer,FP
8640,8640.jpg,1,swimmer,0.71327,"[2151.45, 1545.24, 73.13, 56.72]",64.40445326217746,>64,localization,0.26268285512924194,swimmer,FP
8640,8640.jpg,1,swimmer,0.69471,"[2625.66, 1530.47, 61.46, 32.45]",44.65844824890359,32-64,localization,0.3837405741214752,swimmer,FP
8640,8640.jpg,1,swimmer,0.63213,"[1917.85, 1336.64, 41.05, 35.2]",38.01262948021355,32-64,localization,0.42322996258735657,swimmer,FP
8640,8640.jpg,1,swimmer,0.60987,"[1918.89, 1136.23, 38.84, 40.88]",39.84694718544948,32-64,localization,0.4658295214176178,swimmer,FP
8640,8640.jpg,1,swimmer,0.52371,"[2460.07, 1295.75, 41.67, 36.03]",38.7475173398245,32-64,localization,0.4289639890193939,swimmer,FP
8641,8641.jpg,1,swimmer,0.62319,"[2171.73, 1536.22, 64.59, 66.22]",65.39992201830214,>64,localization,0.24365811049938202,swimmer,FP
8641,8641.jpg,1,swimmer,0.57751,"[2510.39, 1325.51, 43.95, 33.57]",38.410955468459775,32-64,localization,0.37842538952827454,swimmer,FP
8642,8642.jpg,1,swimmer,0.6364,"[2558.44, 1359.58, 51.12, 39.37]",44.861948241243375,32-64,localization,0.3411810100078583,swimmer,FP
8642,8642.jpg,1,swimmer,0.63122,"[2194.95, 1525.9, 51.97, 55.83]",53.8654351138093,32-64,localization,0.26891621947288513,swimmer,FP
8642,8642.jpg,1,swimmer,0.61771,"[2416.53, 1216.86, 38.62, 35.73]",37.14690565847982,32-64,localization,0.390035480260849,swimmer,FP
8643,8643.jpg,1,swimmer,0.70775,"[2219.15, 1521.93, 59.16, 67.97]",63.41218494895125,32-64,localization,0.23078231513500214,swimmer,FP
8643,8643.jpg,1,swimmer,0.52804,"[3257.66, 1988.41, 61.15, 57.74]",59.42054358553109,32-64,class_confusion,0.7112613916397095,buoy,FP
8643,8643.jpg,1,swimmer,0.50662,"[2606.42, 1401.87, 52.65, 45.83]",49.121782337370455,32-64,localization,0.20970183610916138,swimmer,FP
8644,8644.jpg,3,jetski,0.69352,"[215.1, 183.87, 40.83, 92.66]",61.508599398783254,32-64,localization,0.3340318202972412,jetski,FP
8644,8644.jpg,1,swimmer,0.63041,"[2547.4, 1289.73, 49.78, 36.98]",42.90529571043649,32-64,localization,0.45401710271835327,swimmer,FP
8644,8644.jpg,1,swimmer,0.60593,"[2261.52, 1524.04, 36.0, 61.06]",46.88453902940712,32-64,localization,0.28023436665534973,swimmer,FP
8645,8645.jpg,1,swimmer,0.5984,"[2294.02, 1533.93, 40.97, 60.04]",49.596761991081635,32-64,localization,0.32633712887763977,swimmer,FP
8645,8645.jpg,1,swimmer,0.5837,"[2699.1, 1523.34, 44.1, 36.53]",40.13692813357794,32-64,localization,0.43452003598213196,swimmer,FP
8645,8645.jpg,3,jetski,0.53316,"[467.48, 0.0, 43.72, 56.91]",49.88091017613853,32-64,localization,0.2552911043167114,jetski,FP
8645,8645.jpg,1,swimmer,0.51332,"[2700.46, 1312.6, 50.58, 40.31]",45.15395663726491,32-64,background,0.0,,FP
8646,8646.jpg,1,swimmer,0.58831,"[2728.13, 1583.58, 46.98, 40.14]",43.42553626611881,32-64,localization,0.4099765419960022,swimmer,FP
8646,8646.jpg,1,swimmer,0.55438,"[2692.98, 1391.55, 36.82, 32.62]",34.65643374613147,32-64,localization,0.4295925796031952,swimmer,FP
8646,8646.jpg,1,swimmer,0.51884,"[2327.58, 1544.99, 41.3, 64.67]",51.68047019909939,32-64,localization,0.39450570940971375,swimmer,FP
8647,8647.jpg,1,swimmer,0.57236,"[2743.7, 1439.84, 45.94, 37.37]",41.434017425299224,32-64,localization,0.43950361013412476,swimmer,FP
8648,8648.jpg,1,swimmer,0.62744,"[2649.75, 1151.85, 35.06, 35.99]",35.521956590255556,32-64,localization,0.3610319197177887,swimmer,FP
8648,8648.jpg,1,swimmer,0.62344,"[2780.55, 1512.67, 61.55, 34.92]",46.36082397887251,32-64,localization,0.3783494234085083,swimmer,FP
8648,8648.jpg,1,swimmer,0.61365,"[2392.5, 1578.15, 39.3, 62.12]",49.40967516590248,32-64,localization,0.37361252307891846,swimmer,FP
8649,8649.jpg,1,swimmer,0.62835,"[2418.31, 1599.52, 42.91, 58.48]",50.0936802401261,32-64,localization,0.32402268052101135,swimmer,FP
8649,8649.jpg,1,swimmer,0.6061,"[2738.99, 1210.14, 46.36, 37.94]",41.9392226918907,32-64,localization,0.49003568291664124,swimmer,FP
8649,8649.jpg,1,swimmer,0.54434,"[2788.88, 1788.03, 41.34, 36.09]",38.62590581462136,32-64,localization,0.40677323937416077,swimmer,FP
8649,8649.jpg,1,swimmer,0.54165,"[2839.1, 1592.3, 51.47, 39.76]",45.23767456446009,32-64,localization,0.4934457540512085,swimmer,FP
8650,8650.jpg,1,swimmer,0.61077,"[2428.68, 1613.14, 48.18, 61.48]",54.425236793237744,32-64,localization,0.2950192093849182,swimmer,FP
8650,8650.jpg,1,swimmer,0.55605,"[2790.02, 1840.79, 39.99, 42.1]",41.031439165595934,32-64,localization,0.4220065474510193,swimmer,FP
8650,8650.jpg,1,swimmer,0.54094,"[2663.95, 1871.39, 28.98, 22.51]",25.540943600423226,16-32,class_confusion,0.7661073803901672,life_saving_appliances,FP
8651,8651.jpg,1,swimmer,0.71723,"[2411.09, 1611.18, 47.18, 55.92]",51.36443906050177,32-64,localization,0.29864582419395447,swimmer,FP
8651,8651.jpg,1,swimmer,0.63874,"[2798.95, 1274.29, 50.77, 37.26]",43.49356504127938,32-64,localization,0.37215396761894226,swimmer,FP
8652,8652.jpg,1,swimmer,0.69088,"[2361.01, 1591.41, 45.63, 56.46]",50.756967994552234,32-64,localization,0.302033007144928,swimmer,FP
8653,8653.jpg,1,swimmer,0.68912,"[2314.39, 1567.23, 44.45, 46.18]",45.30674342744135,32-64,localization,0.34881076216697693,swimmer,FP
8653,8653.jpg,1,swimmer,0.50452,"[2720.6, 1241.38, 39.72, 36.86]",38.26328788800042,32-64,background,0.0,,FP
8654,8654.jpg,1,swimmer,0.69808,"[2270.34, 1543.9, 52.65, 59.25]",55.852596179586854,32-64,localization,0.3531297445297241,swimmer,FP
8654,8654.jpg,1,swimmer,0.68415,"[2677.68, 1218.05, 45.61, 32.19]",38.31691401979027,32-64,background,0.0,,FP
8655,8655.jpg,1,swimmer,0.72214,"[2256.21, 1530.45, 47.06, 65.72]",55.61279708844,32-64,localization,0.40186476707458496,swimmer,FP
8656,8656.jpg,1,swimmer,0.70716,"[2255.97, 1522.03, 47.19, 52.86]",49.94460331206966,32-64,localization,0.3494971990585327,swimmer,FP
8656,8656.jpg,1,swimmer,0.68461,"[2681.64, 1627.73, 47.72, 32.94]",39.64715374399529,32-64,localization,0.4535921514034271,swimmer,FP
8656,8656.jpg,1,swimmer,0.52375,"[2470.01, 1775.72, 23.39, 27.03]",25.14421802323548,16-32,class_confusion,0.6954105496406555,life_saving_appliances,FP
8656,8656.jpg,1,swimmer,0.51342,"[2663.66, 1199.82, 41.17, 36.54]",38.785974269057625,32-64,localization,0.3822244107723236,swimmer,FP
8657,8657.jpg,1,swimmer,0.71242,"[2251.35, 1516.31, 49.37, 50.9]",50.12916316875836,32-64,localization,0.33089542388916016,swimmer,FP
8658,8658.jpg,1,swimmer,0.73855,"[2249.65, 1516.88, 48.18, 58.89]",53.266501668497064,32-64,localization,0.36076730489730835,swimmer,FP
8659,8659.jpg,1,swimmer,0.7392,"[2245.16, 1520.36, 51.69, 65.77]",58.306528793952396,32-64,localization,0.4049684703350067,swimmer,FP
8660,8660.jpg,1,swimmer,0.70095,"[2245.97, 1512.04, 50.84, 58.22]",54.40500712250666,32-64,localization,0.3047090768814087,swimmer,FP
8660,8660.jpg,1,swimmer,0.64481,"[2688.32, 1620.16, 44.14, 39.65]",41.83480608297354,32-64,localization,0.46053171157836914,swimmer,FP
8661,8661.jpg,1,swimmer,0.52544,"[2227.66, 1482.52, 51.59, 54.19]",52.87402103112643,32-64,localization,0.30905023217201233,swimmer,FP
8662,8662.jpg,1,swimmer,0.68535,"[2206.59, 1427.07, 42.15, 52.18]",46.897622541020134,32-64,localization,0.24439017474651337,swimmer,FP
8662,8662.jpg,1,swimmer,0.5073,"[2519.73, 1644.45, 40.99, 35.61]",38.2054171551627,32-64,localization,0.4395269453525543,swimmer,FP
8664,8664.jpg,1,swimmer,0.62402,"[2178.58, 1384.3, 51.39, 52.93]",52.15431621639766,32-64,localization,0.24705222249031067,swimmer,FP
8664,8664.jpg,1,swimmer,0.5289,"[2629.64, 1498.21, 35.27, 37.97]",36.595107596508036,32-64,localization,0.4778965711593628,swimmer,FP
8666,8666.jpg,1,swimmer,0.67475,"[2174.77, 1392.21, 44.62, 64.62]",53.69678202648647,32-64,localization,0.37718939781188965,swimmer,FP
8667,8667.jpg,1,swimmer,0.66487,"[2167.36, 1397.7, 47.22, 54.87]",50.90148720813568,32-64,localization,0.30249303579330444,swimmer,FP
8668,8668.jpg,1,swimmer,0.66736,"[2170.15, 1398.6, 40.48, 59.32]",49.00279175720502,32-64,localization,0.4161602854728699,swimmer,FP
8670,8670.jpg,1,swimmer,0.66645,"[2167.78, 1384.37, 35.14, 55.45]",44.14196416110185,32-64,localization,0.379366010427475,swimmer,FP
8671,8671.jpg,1,swimmer,0.73524,"[2449.2, 1569.88, 57.34, 39.0]",47.28911079730724,32-64,localization,0.48518508672714233,swimmer,FP
8671,8671.jpg,1,swimmer,0.59667,"[2133.77, 1361.01, 43.2, 61.73]",51.64044926218206,32-64,localization,0.35867106914520264,swimmer,FP
8672,8672.jpg,1,swimmer,0.70819,"[2392.91, 1535.18, 51.19, 31.58]",40.20671834407777,32-64,localization,0.4783633351325989,swimmer,FP
8672,8672.jpg,1,swimmer,0.67787,"[2085.06, 1329.72, 35.9, 65.74]",48.580510495465155,32-64,localization,0.29979029297828674,swimmer,FP
8672,8672.jpg,1,swimmer,0.57778,"[2275.87, 1066.83, 42.51, 37.47]",39.910521169235565,32-64,localization,0.42690783739089966,swimmer,FP
8672,8672.jpg,1,swimmer,0.57228,"[2512.53, 1017.48, 36.46, 38.66]",37.543888983428445,32-64,localization,0.4937768876552582,swimmer,FP
8673,8673.jpg,1,swimmer,0.64559,"[2035.56, 1299.48, 36.19, 67.86]",49.55656767775589,32-64,localization,0.401943564414978,swimmer,FP
8674,8674.jpg,1,swimmer,0.6473,"[2027.65, 1286.11, 32.48, 52.8]",41.411882352774064,32-64,localization,0.39359888434410095,swimmer,FP
8674,8674.jpg,1,swimmer,0.62655,"[2326.84, 1478.43, 59.68, 38.73]",48.07708809817832,32-64,localization,0.4360980987548828,swimmer,FP
8675,8675.jpg,1,swimmer,0.50389,"[2044.07, 1279.66, 39.57, 62.27]",49.63893532299016,32-64,localization,0.40543437004089355,swimmer,FP
8676,8676.jpg,1,swimmer,0.69371,"[2080.24, 1281.88, 36.5, 62.41]",47.72803159569855,32-64,localization,0.4025905132293701,swimmer,FP
8676,8676.jpg,1,swimmer,0.61642,"[2498.46, 968.11, 40.65, 40.34]",40.4947033573528,32-64,localization,0.39272579550743103,swimmer,FP
8677,8677.jpg,1,swimmer,0.6848,"[2552.29, 1436.94, 40.39, 35.27]",37.74328152135159,32-64,localization,0.44785910844802856,swimmer,FP
8677,8677.jpg,1,swimmer,0.67005,"[2107.96, 1287.08, 36.51, 61.46]",47.369870170816384,32-64,localization,0.3875659108161926,swimmer,FP
9219,9219.jpg,1,swimmer,0.51405,"[2452.75, 975.44, 57.26, 35.94]",45.3643516431129,32-64,localization,0.40920490026474,swimmer,FP
9220,9220.jpg,1,swimmer,0.52329,"[2447.58, 1015.09, 58.39, 41.41]",49.172450620240596,32-64,localization,0.4967213571071625,swimmer,FP
9222,9222.jpg,1,swimmer,0.68481,"[2348.03, 1339.64, 50.01, 32.8]",40.50096295151511,32-64,class_confusion,0.7684080600738525,life_saving_appliances,FP
9222,9222.jpg,1,swimmer,0.51319,"[2353.1, 1282.71, 49.84, 33.07]",40.59813788833178,32-64,localization,0.2498277723789215,swimmer,FP
9223,9223.jpg,1,swimmer,0.61148,"[2347.7, 1384.33, 45.18, 30.97]",37.406210714265086,32-64,class_confusion,0.8335095047950745,life_saving_appliances,FP
9223,9223.jpg,1,swimmer,0.59812,"[2349.42, 1320.04, 41.43, 38.51]",39.94332610086446,32-64,localization,0.3514863848686218,swimmer,FP
9224,9224.jpg,1,swimmer,0.64048,"[2339.3, 1582.63, 50.47, 35.21]",42.15505545008807,32-64,class_confusion,0.7525840997695923,life_saving_appliances,FP
9224,9224.jpg,1,swimmer,0.6043,"[2344.75, 1499.77, 73.26, 53.33]",62.50564614496838,32-64,localization,0.3672936260700226,swimmer,FP
9225,9225.jpg,1,swimmer,0.62623,"[2338.04, 1583.06, 49.47, 36.42]",42.4464062082999,32-64,class_confusion,0.7492934465408325,life_saving_appliances,FP
9225,9225.jpg,1,swimmer,0.57284,"[2400.85, 1344.42, 67.22, 51.75]",58.97995422175232,32-64,localization,0.471079558134079,swimmer,FP
9225,9225.jpg,1,swimmer,0.5521,"[2341.62, 1509.61, 64.8, 49.25]",56.49247737531078,32-64,localization,0.32929059863090515,swimmer,FP
9226,9226.jpg,1,swimmer,0.61681,"[2396.33, 1261.57, 64.92, 46.93]",55.196880346628284,32-64,localization,0.27176985144615173,swimmer,FP
9226,9226.jpg,1,swimmer,0.57799,"[2339.68, 1421.17, 63.29, 45.37]",53.58607375055575,32-64,localization,0.22561056911945343,swimmer,FP
9226,9226.jpg,1,swimmer,0.50362,"[1847.19, 1055.94, 39.27, 34.6]",36.861117725863934,32-64,localization,0.2961159944534302,swimmer,FP
9227,9227.jpg,1,swimmer,0.65205,"[2320.29, 1436.63, 51.54, 34.02]",41.873509525713274,32-64,class_confusion,0.72773277759552,life_saving_appliances,FP
9227,9227.jpg,1,swimmer,0.57297,"[2340.61, 1363.79, 57.06, 40.71]",48.19660361477767,32-64,localization,0.44039538502693176,swimmer,FP
9227,9227.jpg,1,swimmer,0.50562,"[1907.57, 986.43, 71.78, 34.75]",49.943518097947404,32-64,localization,0.34638214111328125,swimmer,FP
9228,9228.jpg,1,swimmer,0.64508,"[2311.02, 1429.35, 53.53, 33.09]",42.08690651497209,32-64,class_confusion,0.7039996981620789,life_saving_appliances,FP
9228,9228.jpg,1,swimmer,0.62084,"[1834.99, 994.25, 51.23, 35.8]",42.82562317118106,32-64,localization,0.4580067992210388,swimmer,FP
9229,9229.jpg,1,swimmer,0.60371,"[2312.96, 1358.69, 68.88, 40.57]",52.8626673560841,32-64,localization,0.4205518662929535,swimmer,FP
9229,9229.jpg,1,swimmer,0.58454,"[2309.54, 1427.49, 51.67, 26.87]",37.26087626452175,32-64,class_confusion,0.7768021821975708,life_saving_appliances,FP
9230,9230.jpg,1,swimmer,0.64611,"[2308.76, 1361.44, 70.05, 37.41]",51.191508084837665,32-64,localization,0.46422380208969116,swimmer,FP
9230,9230.jpg,1,swimmer,0.61861,"[2364.75, 1212.74, 62.35, 50.51]",56.11861099492752,32-64,localization,0.447853684425354,swimmer,FP
9230,9230.jpg,1,swimmer,0.60041,"[2303.73, 1425.07, 54.01, 30.27]",40.43368274100196,32-64,class_confusion,0.678577184677124,life_saving_appliances,FP
9231,9231.jpg,1,swimmer,0.64849,"[2303.91, 1426.85, 48.61, 35.8]",41.71615993832606,32-64,class_confusion,0.7240388989448547,life_saving_appliances,FP
9231,9231.jpg,1,swimmer,0.6213,"[2356.06, 1224.02, 58.27, 44.7]",51.03595791204472,32-64,localization,0.35550737380981445,swimmer,FP
9232,9232.jpg,1,swimmer,0.63882,"[2308.35, 1430.37, 52.47, 33.28]",41.7875771013348,32-64,class_confusion,0.7055313587188721,life_saving_appliances,FP
9233,9233.jpg,1,swimmer,0.64805,"[2310.32, 1428.28, 52.81, 36.36]",43.819762664806845,32-64,class_confusion,0.6494210958480835,life_saving_appliances,FP
9233,9233.jpg,1,swimmer,0.56751,"[2314.22, 1364.5, 73.68, 38.41]",53.198202977168314,32-64,localization,0.40393850207328796,swimmer,FP
9234,9234.jpg,1,swimmer,0.63241,"[2312.07, 1427.7, 51.15, 36.14]",42.994895045807475,32-64,class_confusion,0.6745787262916565,life_saving_appliances,FP
9234,9234.jpg,1,swimmer,0.55779,"[2306.4, 1375.89, 62.34, 33.14]",45.45269628965921,32-64,localization,0.36048659682273865,swimmer,FP
9235,9235.jpg,1,swimmer,0.65131,"[2309.64, 1432.05, 48.67, 34.64]",41.060063321919024,32-64,class_confusion,0.6975383758544922,life_saving_appliances,FP
9236,9236.jpg,1,swimmer,0.65764,"[2309.16, 1436.59, 52.11, 33.21]",41.60015745162511,32-64,class_confusion,0.7119028568267822,life_saving_appliances,FP
9236,9236.jpg,1,swimmer,0.63314,"[1811.6, 959.88, 84.11, 35.4]",54.566418244191176,32-64,localization,0.28537386655807495,swimmer,FP
9237,9237.jpg,2,boat,0.70624,"[1761.15, 2091.83, 170.98, 68.17]",107.96159780218149,>64,background,0.0,,FP
9237,9237.jpg,1,swimmer,0.6631,"[2308.68, 1435.51, 52.86, 34.57]",42.7477508180255,32-64,class_confusion,0.7059324979782104,life_saving_appliances,FP
9237,9237.jpg,1,swimmer,0.65561,"[1818.22, 956.26, 79.35, 31.73]",50.17744014993192,32-64,localization,0.2904236912727356,swimmer,FP
9238,9238.jpg,1,swimmer,0.64442,"[2310.02, 1436.54, 48.04, 33.9]",40.35537138969235,32-64,class_confusion,0.7921127080917358,life_saving_appliances,FP
9238,9238.jpg,1,swimmer,0.61353,"[1811.65, 954.56, 78.91, 29.11]",47.92775917983231,32-64,localization,0.32983705401420593,swimmer,FP
9238,9238.jpg,1,swimmer,0.61236,"[2333.45, 1250.3, 63.15, 50.91]",56.70067459916151,32-64,localization,0.40195325016975403,swimmer,FP
9239,9239.jpg,1,swimmer,0.66533,"[1810.19, 950.64, 82.85, 34.26]",53.277021313132735,32-64,localization,0.42781302332878113,swimmer,FP
9239,9239.jpg,1,swimmer,0.58379,"[2306.02, 1436.48, 51.26, 32.7]",40.94144599302765,32-64,class_confusion,0.7868542671203613,life_saving_appliances,FP
9240,9240.jpg,3,jetski,0.84691,"[1533.9, 1078.75, 54.5, 115.37]",79.29479806393356,>64,localization,0.43637731671333313,jetski,FP
9240,9240.jpg,1,swimmer,0.60775,"[1597.59, 959.44, 49.41, 32.78]",40.24499720462159,32-64,localization,0.17673568427562714,swimmer,FP
9240,9240.jpg,1,swimmer,0.60382,"[2123.54, 1243.01, 71.59, 56.84]",63.790090139456616,32-64,localization,0.46137768030166626,swimmer,FP
9240,9240.jpg,1,swimmer,0.59537,"[2110.77, 1420.29, 45.63, 34.65]",39.76279039504144,32-64,background,0.3337964117527008,,FP
9240,9240.jpg,1,swimmer,0.5302,"[1607.51, 958.37, 91.89, 33.15]",55.19196952456036,32-64,localization,0.2941414415836334,swimmer,FP
9241,9241.jpg,1,swimmer,0.56379,"[1908.25, 1376.39, 44.84, 29.08]",36.1102090827511,32-64,localization,0.4545934796333313,swimmer,FP
9241,9241.jpg,1,swimmer,0.51709,"[1892.18, 1418.1, 52.63, 35.22]",43.05378728985407,32-64,class_confusion,0.7040244936943054,life_saving_appliances,FP
9242,9242.jpg,1,swimmer,0.63826,"[1976.17, 1246.24, 68.38, 59.67]",63.876714067021325,32-64,localization,0.36247724294662476,swimmer,FP
9242,9242.jpg,1,swimmer,0.58921,"[1970.72, 1422.53, 55.27, 31.49]",41.718728408234114,32-64,class_confusion,0.5389564037322998,life_saving_appliances,FP
9242,9242.jpg,1,swimmer,0.51502,"[1431.52, 980.65, 94.46, 31.22]",54.30507526926005,32-64,localization,0.3547360599040985,swimmer,FP
9242,9242.jpg,1,swimmer,0.50923,"[1960.6, 1362.69, 65.81, 34.51]",47.65609195055759,32-64,localization,0.29815322160720825,swimmer,FP
9242,9242.jpg,1,swimmer,0.50655,"[1446.88, 978.95, 88.01, 30.06]",51.43520778610698,32-64,localization,0.44735249876976013,swimmer,FP
9243,9243.jpg,1,swimmer,0.63763,"[2187.29, 1262.85, 73.05, 57.09]",64.57882392859133,>64,localization,0.3939756155014038,swimmer,FP
9243,9243.jpg,1,swimmer,0.5872,"[2171.29, 1371.88, 53.56, 34.12]",42.74888536558585,32-64,background,0.3370785415172577,,FP
9243,9243.jpg,1,swimmer,0.55267,"[2178.63, 1434.38, 50.56, 33.51]",41.16145770013497,32-64,background,0.45119160413742065,,FP
9244,9244.jpg,3,jetski,0.83669,"[1788.33, 1082.24, 63.91, 113.03]",84.99263085703372,>64,localization,0.48744988441467285,jetski,FP
9244,9244.jpg,1,swimmer,0.73117,"[2375.5, 1278.52, 82.14, 63.84]",72.41420855053241,>64,localization,0.3519585430622101,swimmer,FP
9244,9244.jpg,1,swimmer,0.70158,"[1851.05, 959.79, 111.33, 36.51]",63.7546727699233,32-64,localization,0.3911767899990082,swimmer,FP
9244,9244.jpg,1,swimmer,0.56798,"[2360.29, 1389.1, 50.6, 37.82]",43.745765509361014,32-64,background,0.30410557985305786,,FP
9244,9244.jpg,1,swimmer,0.55596,"[2361.87, 1448.93, 51.06, 39.38]",44.84130684982319,32-64,background,0.3238983154296875,,FP
9245,9245.jpg,1,swimmer,0.60102,"[2926.4, 1559.68, 48.46, 35.03]",41.201381044814504,32-64,class_confusion,0.8482794761657715,life_saving_appliances,FP
9245,9245.jpg,1,swimmer,0.52001,"[2456.19, 977.67, 57.5, 38.55]",47.08104714213565,32-64,localization,0.49940788745880127,swimmer,FP
9246,9246.jpg,3,jetski,0.79104,"[2176.55, 1077.96, 61.11, 119.41]",85.423328780843,>64,localization,0.1306874006986618,jetski,FP
9246,9246.jpg,1,swimmer,0.6852,"[2266.97, 957.17, 98.09, 39.16]",61.97745073815153,32-64,localization,0.46588847041130066,swimmer,FP
9246,9246.jpg,1,swimmer,0.65246,"[2754.35, 1363.35, 86.23, 61.33]",72.72197673330945,>64,localization,0.18748869001865387,swimmer,FP
9246,9246.jpg,1,swimmer,0.58196,"[2721.35, 1511.35, 52.28, 36.68]",43.79075701560776,32-64,background,0.06365762650966644,,FP
9246,9246.jpg,1,swimmer,0.55736,"[2418.51, 934.79, 28.64, 30.29]",29.453448015470105,16-32,background,0.0,,FP
9247,9247.jpg,1,swimmer,0.57654,"[1858.53, 934.5, 80.57, 37.41]",54.90103550935993,32-64,localization,0.4490863084793091,swimmer,FP
9248,9248.jpg,1,swimmer,0.58949,"[1881.3, 895.9, 32.59, 26.84]",29.575591287411317,16-32,localization,0.3631017506122589,swimmer,FP
9249,9249.jpg,1,swimmer,0.65392,"[1564.64, 2127.94, 137.13, 32.06]",66.305262234607,>64,background,0.0,,FP
9249,9249.jpg,1,swimmer,0.63236,"[2158.95, 1314.0, 79.32, 54.13]",65.52550343186995,>64,localization,0.45862528681755066,swimmer,FP
9249,9249.jpg,1,swimmer,0.54104,"[1799.72, 888.17, 34.73, 25.88]",29.980200132754284,16-32,localization,0.4071057140827179,swimmer,FP
9256,9256.jpg,1,swimmer,0.61072,"[2755.91, 1661.54, 69.43, 41.82]",53.884715829259044,32-64,background,0.48492154479026794,,FP
9257,9257.jpg,1,swimmer,0.60114,"[2706.67, 1663.75, 46.21, 34.63]",40.00315362568306,32-64,class_confusion,0.5307679176330566,life_saving_appliances,FP
9258,9258.jpg,1,swimmer,0.5982,"[2661.16, 1631.72, 45.49, 37.94]",41.543839495164626,32-64,class_confusion,0.566058337688446,life_saving_appliances,FP
9259,9259.jpg,1,swimmer,0.60314,"[2630.25, 1603.3, 43.47, 35.16]",39.09482318670849,32-64,class_confusion,0.5805444717407227,life_saving_appliances,FP
9260,9260.jpg,1,swimmer,0.59536,"[2602.42, 1572.13, 39.04, 37.89]",38.46070202167402,32-64,class_confusion,0.7474438548088074,life_saving_appliances,FP
9261,9261.jpg,1,swimmer,0.57723,"[2562.15, 1545.41, 44.14, 38.62]",41.2878529352157,32-64,class_confusion,0.5700552463531494,life_saving_appliances,FP
9262,9262.jpg,1,swimmer,0.64936,"[2508.49, 1500.99, 38.61, 35.64]",37.095288110486486,32-64,class_confusion,0.7292686700820923,life_saving_appliances,FP
9263,9263.jpg,1,swimmer,0.57748,"[2543.0, 1341.63, 77.36, 47.85]",60.84140037836079,32-64,localization,0.47275885939598083,swimmer,FP
9263,9263.jpg,1,swimmer,0.57261,"[2445.82, 1476.76, 37.54, 33.43]",35.42544565704149,32-64,class_confusion,0.8013648390769958,life_saving_appliances,FP
9264,9264.jpg,1,swimmer,0.6404,"[2472.02, 1331.76, 81.75, 52.14]",65.28740307287462,>64,localization,0.4412960410118103,swimmer,FP
9264,9264.jpg,1,swimmer,0.59504,"[2481.42, 1396.96, 51.64, 53.64]",52.63050066263858,32-64,localization,0.41968807578086853,swimmer,FP
9264,9264.jpg,1,swimmer,0.5272,"[2375.35, 1462.73, 43.21, 36.08]",39.48438678769116,32-64,class_confusion,0.737366795539856,life_saving_appliances,FP
9265,9265.jpg,1,swimmer,0.66145,"[2880.51, 1553.94, 50.87, 33.44]",41.24430627371492,32-64,class_confusion,0.7114014625549316,life_saving_appliances,FP
9265,9265.jpg,1,swimmer,0.65908,"[2989.83, 1499.07, 81.07, 63.59]",71.80000905292422,>64,localization,0.34424254298210144,swimmer,FP
9265,9265.jpg,1,swimmer,0.6353,"[2998.44, 1437.57, 97.68, 44.65]",66.04098727305642,>64,localization,0.4493957459926605,swimmer,FP
9266,9266.jpg,1,swimmer,0.68931,"[2907.79, 1424.78, 98.69, 49.4]",69.8232482773467,>64,localization,0.36756816506385803,swimmer,FP
9266,9266.jpg,1,swimmer,0.6632,"[2890.33, 1492.55, 85.56, 58.28]",70.6147066835231,>64,localization,0.3926101326942444,swimmer,FP
9267,9267.jpg,1,swimmer,0.66637,"[2838.38, 1487.73, 80.12, 59.0]",68.75376353335139,>64,localization,0.31288033723831177,swimmer,FP
9267,9267.jpg,1,swimmer,0.60449,"[2728.74, 1535.67, 44.72, 35.44]",39.81051117481412,32-64,class_confusion,0.5330905318260193,life_saving_appliances,FP
9268,9268.jpg,1,swimmer,0.72106,"[2768.06, 1491.77, 93.39, 56.79]",72.82594386618,>64,localization,0.3826022148132324,swimmer,FP
9268,9268.jpg,1,swimmer,0.55576,"[2668.51, 1535.55, 45.11, 34.31]",39.34112479327453,32-64,class_confusion,0.6011528372764587,life_saving_appliances,FP
9268,9268.jpg,1,swimmer,0.55573,"[2776.3, 1432.01, 94.65, 44.14]",64.63629785190362,>64,localization,0.3700464963912964,swimmer,FP
9270,9270.jpg,3,jetski,0.8409,"[2972.49, 1043.76, 75.38, 110.28]",91.17514134894445,>64,localization,0.2853318154811859,jetski,FP
9270,9270.jpg,1,swimmer,0.6289,"[3299.96, 1588.86, 120.26, 44.9]",73.48247410097186,>64,localization,0.26209327578544617,swimmer,FP
9270,9270.jpg,1,swimmer,0.5271,"[3220.13, 1676.76, 125.41, 49.38]",78.69400104201083,>64,localization,0.1937449723482132,swimmer,FP
9271,9271.jpg,1,swimmer,0.70336,"[3299.19, 1604.45, 128.86, 45.3]",76.40260466764207,>64,localization,0.49337393045425415,swimmer,FP
9271,9271.jpg,1,swimmer,0.69578,"[3140.25, 1701.6, 98.57, 61.98]",78.16245006395333,>64,background,0.30936092138290405,,FP
9272,9272.jpg,1,swimmer,0.70999,"[3250.13, 1596.6, 129.75, 44.4]",75.90059288305987,>64,localization,0.48829174041748047,swimmer,FP
9272,9272.jpg,1,swimmer,0.70606,"[3107.55, 1706.39, 74.42, 52.38]",62.43492291978905,32-64,background,0.4622741639614105,,FP
9273,9273.jpg,1,swimmer,0.68695,"[3020.86, 1709.76, 64.86, 44.24]",53.56684048924297,32-64,class_confusion,0.5454672574996948,life_saving_appliances,FP
9273,9273.jpg,1,swimmer,0.6578,"[3164.98, 1586.95, 131.44, 55.45]",85.37182204919841,>64,localization,0.4953111708164215,swimmer,FP
9274,9274.jpg,1,swimmer,0.55543,"[2898.94, 1701.5, 59.83, 38.56]",48.03170619497084,32-64,class_confusion,0.6434897184371948,life_saving_appliances,FP
9816,9816.jpg,4,life_saving_appliances,0.55324,"[901.44, 1304.6, 34.89, 39.48]",37.11411052416587,32-64,duplicate,0.6435588598251343,life_saving_appliances,FP
9819,9819.jpg,3,jetski,0.55104,"[2095.34, 371.63, 156.09, 60.33]",97.04076308438634,>64,localization,0.4928368031978607,jetski,FP
9830,9830.jpg,1,swimmer,0.66918,"[2814.29, 1796.95, 72.02, 50.55]",60.33747591671365,32-64,localization,0.49091389775276184,swimmer,FP
9840,9840.jpg,2,boat,0.51103,"[0.0, 761.61, 44.84, 98.73]",66.53610448470815,>64,background,0.0,,FP
9841,9841.jpg,2,boat,0.69,"[0.0, 723.63, 118.98, 119.1]",119.0399848790313,>64,background,0.0,,FP
9847,9847.jpg,2,boat,0.60659,"[185.68, 543.89, 238.41, 149.54]",188.8169256184413,>64,localization,0.3829043507575989,boat,FP
10416,10416.jpg,1,swimmer,0.72104,"[3608.49, 1699.21, 56.66, 99.94]",75.25025182682114,>64,localization,0.35886409878730774,swimmer,FP
10416,10416.jpg,1,swimmer,0.71111,"[3731.07, 1847.11, 79.19, 68.96]",73.8981894230163,>64,localization,0.4410560131072998,swimmer,FP
10416,10416.jpg,1,swimmer,0.67429,"[3345.62, 2118.01, 94.38, 41.99]",62.952491610737695,32-64,background,0.0,,FP
10416,10416.jpg,1,swimmer,0.64022,"[2886.84, 1241.53, 71.87, 46.65]",57.90281081260218,32-64,localization,0.3438536524772644,swimmer,FP
10416,10416.jpg,1,swimmer,0.63044,"[3123.08, 1125.03, 45.93, 54.8]",50.16935319495359,32-64,localization,0.2756517827510834,swimmer,FP
10416,10416.jpg,1,swimmer,0.60331,"[3345.94, 1902.16, 50.53, 47.92]",49.207698584672706,32-64,localization,0.3406197428703308,swimmer,FP
10416,10416.jpg,1,swimmer,0.5394,"[3745.76, 1769.77, 62.74, 54.13]",58.276206122224536,32-64,localization,0.44728440046310425,swimmer,FP
10417,10417.jpg,1,swimmer,0.71757,"[3356.91, 1561.0, 62.07, 96.44]",77.36944358078323,>64,localization,0.48650142550468445,swimmer,FP
10417,10417.jpg,1,swimmer,0.68111,"[2680.93, 1119.73, 67.86, 43.01]",54.02461105829453,32-64,localization,0.42071935534477234,swimmer,FP
10417,10417.jpg,1,swimmer,0.56909,"[2906.36, 1005.16, 60.67, 60.18]",60.42450330784689,32-64,localization,0.4603408873081207,swimmer,FP
10417,10417.jpg,1,swimmer,0.54471,"[3470.92, 1628.69, 83.33, 55.71]",68.1345308929327,>64,localization,0.45386844873428345,swimmer,FP
10417,10417.jpg,1,swimmer,0.52002,"[3101.24, 1757.76, 45.4, 42.25]",43.79668937259984,32-64,localization,0.4167044162750244,swimmer,FP
10419,10419.jpg,1,swimmer,0.73745,"[3443.89, 1569.84, 101.86, 86.41]",93.8174962360433,>64,localization,0.2097477912902832,swimmer,FP
10419,10419.jpg,1,swimmer,0.70879,"[3668.38, 1657.59, 78.46, 120.44]",97.2096826453003,>64,localization,0.1420798897743225,swimmer,FP
10419,10419.jpg,1,swimmer,0.68592,"[2733.19, 1045.06, 60.7, 39.53]",48.98439547447738,32-64,background,0.01786523498594761,,FP
10419,10419.jpg,1,swimmer,0.68516,"[3411.22, 1750.81, 84.64, 59.28]",70.83402572210618,>64,localization,0.18132980167865753,swimmer,FP
10419,10419.jpg,1,swimmer,0.66549,"[2966.68, 1951.34, 97.82, 93.19]",95.47693857681026,>64,localization,0.3756791949272156,swimmer,FP
10419,10419.jpg,4,life_saving_appliances,0.6602,"[2897.54, 1039.96, 24.41, 36.63]",29.902145407980345,16-32,background,0.0,,FP
10419,10419.jpg,1,swimmer,0.62282,"[3019.94, 1711.8, 49.34, 44.59]",46.90491019072524,32-64,background,0.08993284404277802,,FP
10419,10419.jpg,1,swimmer,0.62253,"[3316.59, 1572.08, 52.98, 97.54]",71.88650221008113,>64,background,0.06693366914987564,,FP
10419,10419.jpg,1,swimmer,0.58601,"[2993.35, 967.43, 54.72, 52.58]",53.63932885486171,32-64,background,0.05598895251750946,,FP
10419,10419.jpg,1,swimmer,0.57564,"[3769.46, 1039.12, 69.27, 52.09]",60.06891292507298,32-64,background,0.0,,FP
10419,10419.jpg,1,swimmer,0.5461,"[3444.6, 1668.1, 59.86, 59.12]",59.48884937532411,32-64,background,0.02711963839828968,,FP
10422,10422.jpg,1,swimmer,0.54149,"[3564.41, 1980.82, 119.22, 114.19]",116.67789764989769,>64,localization,0.36298370361328125,swimmer,FP
10423,10423.jpg,1,swimmer,0.67293,"[3184.68, 1224.91, 90.3, 55.38]",70.71643373360962,>64,localization,0.45442670583724976,swimmer,FP
10423,10423.jpg,1,swimmer,0.58913,"[3199.1, 1980.75, 53.87, 46.32]",49.952561495883266,32-64,localization,0.48049554228782654,swimmer,FP
10424,10424.jpg,1,swimmer,0.62022,"[2979.24, 1915.35, 49.81, 47.63]",48.70780532933095,32-64,localization,0.4242715537548065,swimmer,FP
10425,10425.jpg,1,swimmer,0.75985,"[3383.09, 2057.16, 108.42, 91.07]",99.3670438324498,>64,localization,0.4996151030063629,swimmer,FP
10425,10425.jpg,1,swimmer,0.70912,"[3231.42, 1894.87, 79.38, 99.15]",88.71599066684652,>64,localization,0.47176000475883484,swimmer,FP
10425,10425.jpg,1,swimmer,0.70566,"[3073.91, 2047.03, 104.03, 63.83]",81.487636485543,>64,localization,0.4716147184371948,swimmer,FP
10425,10425.jpg,1,swimmer,0.68364,"[2933.79, 1252.38, 51.1, 58.24]",54.55331337324984,32-64,localization,0.4401096999645233,swimmer,FP
10425,10425.jpg,1,swimmer,0.66492,"[2690.43, 1845.27, 49.46, 47.68]",48.561845104979284,32-64,localization,0.34624841809272766,swimmer,FP
10425,10425.jpg,1,swimmer,0.6637,"[3154.96, 1989.82, 74.08, 65.37]",69.58886117763387,>64,localization,0.40942734479904175,swimmer,FP
10425,10425.jpg,1,swimmer,0.62558,"[2479.33, 2049.28, 60.08, 72.74]",66.1076334472805,>64,localization,0.33024346828460693,swimmer,FP
10425,10425.jpg,1,swimmer,0.62253,"[3065.33, 1170.74, 55.72, 48.75]",52.11861471681687,32-64,localization,0.4716123044490814,swimmer,FP
10426,10426.jpg,1,swimmer,0.80195,"[2873.94, 1790.48, 73.12, 119.37]",93.42555539037487,>64,localization,0.4628603160381317,swimmer,FP
10426,10426.jpg,1,swimmer,0.75363,"[3026.51, 1955.86, 90.25, 94.2]",92.20385024498707,>64,localization,0.43940579891204834,swimmer,FP
10426,10426.jpg,1,swimmer,0.74159,"[2714.22, 1946.43, 105.77, 66.28]",83.7283440657941,>64,localization,0.4982222020626068,swimmer,FP
10426,10426.jpg,1,swimmer,0.73857,"[2763.47, 1081.92, 59.4, 64.34]",61.82067615288594,32-64,localization,0.46709564328193665,swimmer,FP
10426,10426.jpg,1,swimmer,0.69154,"[2629.06, 1167.9, 52.15, 59.97]",55.92347896903411,32-64,localization,0.4090217649936676,swimmer,FP
10426,10426.jpg,1,swimmer,0.68215,"[2358.91, 1750.69, 46.2, 48.11]",47.145328506650586,32-64,localization,0.3305171728134155,swimmer,FP
10426,10426.jpg,1,swimmer,0.66124,"[2144.04, 1943.71, 57.82, 66.04]",61.79346891055721,32-64,localization,0.3672797977924347,swimmer,FP
10426,10426.jpg,1,swimmer,0.57761,"[2799.96, 1881.28, 77.31, 77.73]",77.5197155567537,>64,localization,0.47871705889701843,swimmer,FP
10426,10426.jpg,1,swimmer,0.53488,"[1758.04, 2126.83, 99.99, 33.17]",57.59052265781237,32-64,background,0.0,,FP
10427,10427.jpg,1,swimmer,0.6921,"[2444.5, 1847.28, 89.4, 58.44]",72.2809518476341,>64,localization,0.4973312020301819,swimmer,FP
10427,10427.jpg,1,swimmer,0.68109,"[2386.21, 1068.78, 48.23, 58.11]",52.940016055909915,32-64,localization,0.4779743552207947,swimmer,FP
10427,10427.jpg,1,swimmer,0.6738,"[1873.57, 1829.83, 56.76, 70.42]",63.222141691024675,32-64,localization,0.41823989152908325,swimmer,FP
10427,10427.jpg,1,swimmer,0.65993,"[2536.76, 1004.08, 49.46, 55.57]",52.42606412844665,32-64,localization,0.49671998620033264,swimmer,FP
10427,10427.jpg,1,swimmer,0.63451,"[2096.2, 1648.25, 45.93, 42.59]",44.2284829041196,32-64,localization,0.4041140675544739,swimmer,FP
10427,10427.jpg,1,swimmer,0.62335,"[2527.35, 1793.62, 66.6, 61.52]",64.00962427635395,>64,localization,0.4272746443748474,swimmer,FP
10429,10429.jpg,1,swimmer,0.62697,"[2848.37, 1779.1, 49.56, 129.45]",80.09707859841082,>64,localization,0.48631900548934937,swimmer,FP
10430,10430.jpg,1,swimmer,0.65266,"[2622.88, 1899.22, 159.67, 62.74]",100.08843989192758,>64,localization,0.4779542088508606,swimmer,FP
10432,10432.jpg,1,swimmer,0.71886,"[2841.1, 1770.54, 75.24, 115.42]",93.1890594436922,>64,localization,0.37493377923965454,swimmer,FP
10435,10435.jpg,1,swimmer,0.74812,"[3102.34, 1401.31, 109.83, 51.57]",75.25910642573429,>64,localization,0.3993614614009857,swimmer,FP
10435,10435.jpg,1,swimmer,0.64134,"[2089.56, 2131.01, 70.14, 28.99]",45.09277769222029,32-64,background,0.0,,FP
10443,10443.jpg,1,swimmer,0.54545,"[2738.52, 2132.01, 47.71, 27.99]",36.54316488756824,32-64,background,0.0,,FP
10444,10444.jpg,1,swimmer,0.70301,"[2318.59, 1652.21, 43.96, 45.96]",44.9488776278118,32-64,localization,0.45583900809288025,swimmer,FP
10444,10444.jpg,1,swimmer,0.66532,"[2826.1, 1988.31, 77.04, 77.41]",77.22477840693361,>64,localization,0.43681472539901733,swimmer,FP
10444,10444.jpg,1,swimmer,0.62378,"[2555.79, 1947.03, 141.05, 64.49]",95.37460091659624,>64,localization,0.36747172474861145,swimmer,FP
10444,10444.jpg,1,swimmer,0.51459,"[2559.44, 1921.01, 142.9, 86.83]",111.39123394594388,>64,localization,0.3282661437988281,swimmer,FP
10445,10445.jpg,1,swimmer,0.54163,"[2487.15, 1720.37, 138.08, 82.64]",106.82196028907165,>64,localization,0.28621676564216614,swimmer,FP
10446,10446.jpg,1,swimmer,0.67033,"[2447.34, 1515.75, 132.62, 87.8]",107.90753449134124,>64,localization,0.28367727994918823,swimmer,FP
10447,10447.jpg,1,swimmer,0.65923,"[2421.9, 1398.13, 124.12, 74.93]",96.43812316713759,>64,localization,0.26702171564102173,swimmer,FP
10448,10448.jpg,1,swimmer,0.64703,"[2400.03, 1371.6, 115.56, 52.4]",77.81609088099967,>64,localization,0.48998042941093445,swimmer,FP
10450,10450.jpg,1,swimmer,0.62309,"[2378.39, 1355.96, 124.6, 66.7]",91.16369891574168,>64,localization,0.31332650780677795,swimmer,FP
10451,10451.jpg,1,swimmer,0.58806,"[2367.57, 1375.36, 128.48, 85.16]",104.60094072234723,>64,localization,0.28936150670051575,swimmer,FP
10452,10452.jpg,1,swimmer,0.59198,"[2355.54, 1435.21, 129.49, 75.07]",98.5941899910943,>64,localization,0.25108858942985535,swimmer,FP
10452,10452.jpg,1,swimmer,0.5227,"[2383.08, 1433.17, 102.15, 64.51]",81.17694561881471,>64,localization,0.2792237401008606,swimmer,FP
10455,10455.jpg,1,swimmer,0.51931,"[2298.37, 1457.69, 100.74, 70.25]",84.1248179790007,>64,localization,0.32395219802856445,swimmer,FP
10455,10455.jpg,1,swimmer,0.51405,"[2279.31, 1488.55, 116.33, 53.06]",78.56506730093216,>64,localization,0.31494683027267456,swimmer,FP
10456,10456.jpg,1,swimmer,0.63558,"[2072.28, 1219.71, 35.06, 32.55]",33.781696227395095,32-64,localization,0.459899365901947,swimmer,FP
10456,10456.jpg,1,swimmer,0.59441,"[2273.75, 1420.92, 80.01, 52.21]",64.63220636803295,>64,localization,0.26586151123046875,swimmer,FP
10456,10456.jpg,1,swimmer,0.56975,"[1830.14, 1310.88, 49.41, 46.39]",47.87619345770923,32-64,localization,0.49803704023361206,swimmer,FP
10456,10456.jpg,1,swimmer,0.53108,"[2250.37, 1446.14, 95.01, 51.45]",69.91612474958835,>64,localization,0.39359572529792786,swimmer,FP
10457,10457.jpg,1,swimmer,0.52032,"[2234.13, 1281.61, 82.73, 54.01]",66.84494969704144,>64,localization,0.4471551775932312,swimmer,FP
10457,10457.jpg,1,swimmer,0.51684,"[2237.24, 1267.99, 97.89, 64.88]",79.6938090443668,>64,localization,0.3145909905433655,swimmer,FP
10458,10458.jpg,1,swimmer,0.61682,"[2226.57, 1259.75, 105.14, 67.04]",83.95585506681473,>64,localization,0.2887103855609894,swimmer,FP
10458,10458.jpg,1,swimmer,0.51771,"[2224.97, 1270.15, 92.06, 60.24]",74.46941922695517,>64,localization,0.3669513463973999,swimmer,FP
10459,10459.jpg,1,swimmer,0.53983,"[2218.33, 1262.31, 105.94, 66.71]",84.06698162774728,>64,localization,0.2882363498210907,swimmer,FP
10459,10459.jpg,1,swimmer,0.52748,"[2216.63, 1274.62, 95.49, 62.03]",76.9626188483734,>64,localization,0.3560548424720764,swimmer,FP
10460,10460.jpg,1,swimmer,0.51595,"[2213.88, 1290.49, 95.18, 53.89]",71.6187838489317,>64,localization,0.43710094690322876,swimmer,FP
10460,10460.jpg,1,swimmer,0.50018,"[2234.33, 1265.33, 86.21, 51.9]",66.89020107609186,>64,localization,0.3207206130027771,swimmer,FP
10461,10461.jpg,1,swimmer,0.51783,"[2223.73, 1269.95, 89.0, 44.03]",62.59928114603234,32-64,localization,0.3341200053691864,swimmer,FP
10462,10462.jpg,1,swimmer,0.51758,"[2211.63, 1289.03, 91.83, 62.71]",75.88583069321967,>64,localization,0.47406870126724243,swimmer,FP
10464,10464.jpg,1,swimmer,0.74007,"[3340.24, 1307.33, 149.54, 73.52]",104.85313919954899,>64,localization,0.41906672716140747,swimmer,FP
10464,10464.jpg,1,swimmer,0.70013,"[2389.65, 812.2, 59.97, 46.43]",52.76748146349227,32-64,localization,0.33925661444664,swimmer,FP
10464,10464.jpg,1,swimmer,0.64603,"[1914.66, 1097.64, 35.09, 30.38]",32.65017917255585,32-64,localization,0.2891601324081421,swimmer,FP
10464,10464.jpg,1,swimmer,0.63896,"[2091.65, 1304.09, 100.38, 59.34]",77.17868358556008,>64,localization,0.4620949625968933,swimmer,FP
10464,10464.jpg,1,swimmer,0.55142,"[779.94, 1306.54, 70.42, 56.96]",63.33342877185792,32-64,localization,0.4674732983112335,swimmer,FP
10465,10465.jpg,1,swimmer,0.81462,"[2311.58, 1156.7, 110.12, 86.03]",97.33254132097856,>64,localization,0.40199869871139526,swimmer,FP
10465,10465.jpg,1,swimmer,0.80726,"[2719.77, 1333.8, 90.87, 55.5]",71.01608972620218,>64,localization,0.15447808802127838,swimmer,FP
10465,10465.jpg,2,boat,0.80554,"[3299.74, 611.35, 207.73, 283.99]",242.88524594960478,>64,localization,0.3278534412384033,boat,FP
10465,10465.jpg,1,swimmer,0.7641,"[1464.79, 945.39, 94.65, 56.0]",72.80384605225194,>64,localization,0.13614130020141602,swimmer,FP
10465,10465.jpg,4,life_saving_appliances,0.72009,"[3070.39, 944.94, 39.85, 36.2]",37.98117954987707,32-64,background,0.0,,FP
10465,10465.jpg,1,swimmer,0.68615,"[2660.79, 1446.19, 115.9, 61.93]",84.72123110531386,>64,localization,0.2572740316390991,swimmer,FP
10465,10465.jpg,1,swimmer,0.68144,"[2840.66, 1560.87, 71.56, 81.4]",76.32158279281163,>64,localization,0.22145423293113708,swimmer,FP
10465,10465.jpg,1,swimmer,0.6551,"[3183.02, 1097.58, 57.23, 58.77]",57.99488856787294,32-64,background,0.0,,FP
10465,10465.jpg,1,swimmer,0.62841,"[2582.55, 1173.93, 36.58, 33.33]",34.91720779214741,32-64,background,0.0,,FP
10465,10465.jpg,1,swimmer,0.60554,"[2850.82, 1424.27, 62.94, 70.83]",66.76855697107733,>64,localization,0.18822799623012543,swimmer,FP
10465,10465.jpg,3,jetski,0.54318,"[3258.97, 601.71, 74.02, 179.9]",115.39583181380513,>64,background,0.012045486830174923,,FP
10753,10753.jpg,1,swimmer,0.64337,"[1612.25, 1119.69, 57.28, 54.64]",55.94442957078032,32-64,localization,0.4504486322402954,swimmer,FP
10754,10754.jpg,1,swimmer,0.70436,"[1608.73, 1121.79, 65.34, 50.88]",57.6584703231017,32-64,localization,0.40784507989883423,swimmer,FP
10755,10755.jpg,1,swimmer,0.66744,"[1620.25, 1120.19, 48.44, 45.56]",46.97793524624087,32-64,localization,0.4619792401790619,swimmer,FP
10756,10756.jpg,1,swimmer,0.50372,"[1605.81, 1118.08, 47.04, 49.38]",48.195800646944335,32-64,localization,0.46193549036979675,swimmer,FP
10757,10757.jpg,1,swimmer,0.58961,"[1594.3, 1118.0, 72.22, 50.94]",60.65382757913964,32-64,localization,0.2149898111820221,swimmer,FP
10757,10757.jpg,1,swimmer,0.58363,"[1590.47, 1110.69, 72.53, 49.58]",59.96696924140822,32-64,localization,0.3155146837234497,swimmer,FP
10758,10758.jpg,1,swimmer,0.62919,"[1607.24, 1108.61, 60.94, 49.43]",54.88409787907605,32-64,localization,0.31045404076576233,swimmer,FP
10760,10760.jpg,1,swimmer,0.56941,"[1584.27, 1104.77, 76.41, 51.28]",62.59636411166387,32-64,localization,0.16844019293785095,swimmer,FP
10761,10761.jpg,1,swimmer,0.62356,"[1579.2, 1099.6, 68.55, 50.3]",58.720226498200766,32-64,localization,0.24763812124729156,swimmer,FP
10762,10762.jpg,1,swimmer,0.53976,"[1579.08, 1103.68, 61.16, 40.5]",49.76926762571457,32-64,localization,0.42015156149864197,swimmer,FP
10763,10763.jpg,1,swimmer,0.66117,"[1572.17, 1101.57, 64.37, 45.69]",54.231589502798094,32-64,localization,0.21012742817401886,swimmer,FP
10764,10764.jpg,1,swimmer,0.65938,"[1559.42, 1090.73, 67.8, 50.58]",58.56043032628773,32-64,localization,0.20528826117515564,swimmer,FP
10765,10765.jpg,1,swimmer,0.69694,"[1550.92, 1087.37, 79.74, 51.06]",63.808497866663494,32-64,localization,0.31417787075042725,swimmer,FP
10766,10766.jpg,1,swimmer,0.70076,"[1568.76, 1087.71, 53.21, 46.41]",49.69382355987512,32-64,localization,0.38845789432525635,swimmer,FP
10767,10767.jpg,1,swimmer,0.62656,"[1557.01, 1085.87, 61.68, 48.25]",54.55327671185297,32-64,localization,0.204632967710495,swimmer,FP
10768,10768.jpg,1,swimmer,0.60283,"[1553.65, 1082.01, 58.63, 46.79]",52.376499501207604,32-64,localization,0.29865285754203796,swimmer,FP
10769,10769.jpg,1,swimmer,0.50304,"[1559.55, 1082.43, 56.6, 43.29]",49.499636362300684,32-64,localization,0.2936651110649109,swimmer,FP
10769,10769.jpg,1,swimmer,0.50034,"[1551.94, 1080.74, 55.28, 39.89]",46.95869674511847,32-64,localization,0.476019024848938,swimmer,FP
10770,10770.jpg,1,swimmer,0.61133,"[1555.46, 1076.36, 43.96, 39.09]",41.453545083623425,32-64,localization,0.3770957291126251,swimmer,FP
10771,10771.jpg,1,swimmer,0.60509,"[1544.98, 1073.97, 48.87, 43.75]",46.23918792539506,32-64,localization,0.26191937923431396,swimmer,FP
10772,10772.jpg,1,swimmer,0.6686,"[1542.57, 1067.99, 55.62, 58.74]",57.15871587081011,32-64,localization,0.2749761641025543,swimmer,FP
10773,10773.jpg,1,swimmer,0.65281,"[1552.82, 1072.83, 48.24, 44.56]",46.36350288750841,32-64,localization,0.3152422606945038,swimmer,FP
10774,10774.jpg,1,swimmer,0.63553,"[1549.41, 1070.48, 39.81, 42.81]",41.282757902058826,32-64,localization,0.36980611085891724,swimmer,FP
10775,10775.jpg,1,swimmer,0.64492,"[1536.87, 1061.81, 52.45, 58.7]",55.48707056603367,32-64,localization,0.181888148188591,swimmer,FP
10776,10776.jpg,1,swimmer,0.648,"[1532.85, 1059.86, 60.01, 53.86]",56.851900583885495,32-64,localization,0.3121742308139801,swimmer,FP
10781,10781.jpg,1,swimmer,0.51201,"[1630.57, 967.71, 37.23, 40.48]",38.82100462378582,32-64,localization,0.4957054853439331,swimmer,FP
10808,10808.jpg,2,boat,0.84361,"[1.79, 1488.69, 157.93, 180.8]",168.97853118073905,>64,background,0.0,,FP
10817,10817.jpg,1,swimmer,0.51996,"[1698.05, 1024.49, 35.25, 34.1]",34.67023218843508,32-64,localization,0.37461918592453003,swimmer,FP
10826,10826.jpg,1,swimmer,0.50288,"[1779.38, 992.88, 80.1, 34.92]",52.887541065925916,32-64,duplicate,0.876283586025238,swimmer,FP
10832,10832.jpg,1,swimmer,0.51509,"[1843.68, 975.15, 64.98, 34.0]",47.00340413204133,32-64,duplicate,0.660681426525116,swimmer,FP
11589,11589.jpg,1,swimmer,0.71879,"[2104.41, 1629.65, 106.18, 129.04]",117.05326650717612,>64,localization,0.49028757214546204,swimmer,FP
11590,11590.jpg,1,swimmer,0.72695,"[2092.27, 1663.32, 129.21, 129.13]",129.1699938066113,>64,localization,0.4538212716579437,swimmer,FP
11591,11591.jpg,1,swimmer,0.62011,"[2110.5, 1650.47, 112.79, 148.49]",129.41478702219464,>64,localization,0.4513343870639801,swimmer,FP
11592,11592.jpg,1,swimmer,0.70722,"[2090.81, 1556.38, 129.08, 133.44]",131.24189574979476,>64,localization,0.39243972301483154,swimmer,FP
11610,11610.jpg,1,swimmer,0.6485,"[1832.03, 1238.25, 141.9, 66.34]",97.0239454980058,>64,localization,0.35565394163131714,swimmer,FP
11611,11611.jpg,1,swimmer,0.58393,"[1834.73, 1238.17, 118.42, 75.32]",94.44254549724927,>64,localization,0.42401981353759766,swimmer,FP
11612,11612.jpg,1,swimmer,0.56134,"[1833.91, 1242.19, 118.48, 78.64]",96.52599235439126,>64,localization,0.4464828372001648,swimmer,FP
11614,11614.jpg,1,swimmer,0.69174,"[1813.85, 1269.76, 125.69, 76.73]",98.20485578625937,>64,localization,0.4353797733783722,swimmer,FP
11620,11620.jpg,1,swimmer,0.73387,"[1750.64, 1224.88, 126.32, 74.67]",97.12010296534903,>64,localization,0.49022963643074036,swimmer,FP
12008,12008.jpg,1,swimmer,0.59062,"[3637.04, 763.22, 36.52, 35.65]",36.08237797041653,32-64,localization,0.4708344042301178,swimmer,FP
12010,12010.jpg,1,swimmer,0.54095,"[3320.32, 779.77, 36.73, 36.31]",36.51939621625746,32-64,localization,0.40277940034866333,swimmer,FP
12011,12011.jpg,1,swimmer,0.58314,"[3108.64, 789.75, 36.27, 32.58]",34.37552326874458,32-64,localization,0.3671877384185791,swimmer,FP
12013,12013.jpg,1,swimmer,0.53096,"[2615.28, 764.34, 38.39, 28.92]",33.32024609753056,32-64,localization,0.38717198371887207,swimmer,FP
12020,12020.jpg,3,jetski,0.68592,"[1928.99, 187.77, 50.66, 47.36]",48.98221718134041,32-64,background,0.001177608035504818,,FP
12026,12026.jpg,3,jetski,0.66548,"[1771.15, 371.79, 45.08, 41.37]",43.18517801283213,32-64,localization,0.2880735993385315,jetski,FP
12567,12567.jpg,1,swimmer,0.75426,"[1906.22, 1653.29, 117.04, 79.39]",96.3940122621732,>64,localization,0.3832845985889435,swimmer,FP
12574,12574.jpg,1,swimmer,0.83671,"[2202.18, 762.71, 101.01, 102.27]",101.63804750190748,>64,localization,0.45622214674949646,swimmer,FP
12574,12574.jpg,1,swimmer,0.7078,"[2312.36, 571.83, 59.27, 89.02]",72.63756190842311,>64,localization,0.2697993814945221,swimmer,FP
12578,12578.jpg,3,jetski,0.66633,"[2124.47, 681.21, 81.86, 98.92]",89.98661678271942,>64,class_confusion,0.8226563334465027,swimmer,FP
12580,12580.jpg,1,swimmer,0.73649,"[1801.2, 668.57, 64.95, 106.41]",83.1344062347233,>64,localization,0.37912943959236145,swimmer,FP
12583,12583.jpg,1,swimmer,0.7848,"[1587.46, 1715.57, 75.05, 119.3]",94.62275096402556,>64,localization,0.26832520961761475,swimmer,FP
12583,12583.jpg,1,swimmer,0.77329,"[1530.82, 1958.3, 124.74, 98.37]",110.77307344296267,>64,localization,0.1778676062822342,swimmer,FP
12594,12594.jpg,2,boat,0.85644,"[1124.15, 1697.1, 221.21, 77.68]",131.08620369817717,>64,localization,0.27072015404701233,boat,FP
13909,13909.jpg,1,swimmer,0.69794,"[416.3, 755.83, 64.98, 30.66]",44.635040047030316,32-64,localization,0.41660192608833313,swimmer,FP
13910,13910.jpg,1,swimmer,0.64721,"[404.5, 757.73, 66.63, 53.07]",59.46472988251103,32-64,localization,0.3024851083755493,swimmer,FP
13911,13911.jpg,1,swimmer,0.74149,"[392.73, 856.51, 79.87, 38.4]",55.380574211541,32-64,localization,0.28185853362083435,swimmer,FP
13914,13914.jpg,1,swimmer,0.71501,"[703.85, 395.39, 34.07, 31.48]",32.74940610148526,32-64,localization,0.4167126715183258,swimmer,FP
13915,13915.jpg,1,swimmer,0.72687,"[686.48, 553.81, 49.51, 42.19]",45.703685846986126,32-64,localization,0.48095738887786865,swimmer,FP
13935,13935.jpg,1,swimmer,0.82165,"[999.33, 437.0, 55.79, 50.36]",53.00551292082739,32-64,localization,0.49265214800834656,swimmer,FP
13935,13935.jpg,1,swimmer,0.75046,"[1096.5, 577.13, 40.84, 48.83]",44.65665907790237,32-64,localization,0.4982967972755432,swimmer,FP
13935,13935.jpg,1,swimmer,0.70099,"[1038.6, 296.68, 53.65, 45.03]",49.15139367301806,32-64,localization,0.3381270468235016,swimmer,FP
13938,13938.jpg,1,swimmer,0.76535,"[861.33, 507.46, 41.27, 46.66]",43.88232218103322,32-64,localization,0.2958628833293915,swimmer,FP
13938,13938.jpg,1,swimmer,0.72188,"[656.27, 531.92, 41.72, 35.19]",38.31614281213598,32-64,localization,0.12015601247549057,swimmer,FP
13938,13938.jpg,1,swimmer,0.71983,"[482.83, 398.2, 40.96, 42.82]",41.879675261396194,32-64,localization,0.15456713736057281,swimmer,FP
13938,13938.jpg,1,swimmer,0.71529,"[941.35, 650.13, 27.36, 47.34]",35.989198379513816,32-64,localization,0.22896821796894073,swimmer,FP
13938,13938.jpg,1,swimmer,0.69674,"[893.29, 382.22, 98.51, 49.45]",69.79483863438614,>64,localization,0.1651647835969925,swimmer,FP
13938,13938.jpg,1,swimmer,0.65139,"[1237.98, 979.63, 49.68, 60.88]",54.99562164390907,32-64,localization,0.34116148948669434,swimmer,FP
13948,13948.jpg,1,swimmer,0.73655,"[1040.84, 887.41, 57.05, 47.12]",51.84781576884411,32-64,localization,0.4565556049346924,swimmer,FP
13953,13953.jpg,1,swimmer,0.76285,"[718.81, 243.56, 54.25, 45.92]",49.91152171593249,32-64,localization,0.4862399697303772,swimmer,FP
13953,13953.jpg,1,swimmer,0.57412,"[1005.77, 560.98, 37.62, 34.93]",36.250056551680025,32-64,localization,0.4948534369468689,swimmer,FP
13954,13954.jpg,1,swimmer,0.77953,"[1020.47, 226.49, 48.21, 44.21]",46.16669903729311,32-64,localization,0.46177852153778076,swimmer,FP
13954,13954.jpg,1,swimmer,0.66448,"[1339.82, 429.34, 30.41, 27.34]",28.834170700750178,16-32,localization,0.35145795345306396,swimmer,FP
13955,13955.jpg,1,swimmer,0.69592,"[1360.32, 490.07, 41.11, 27.58]",33.67215169839908,32-64,localization,0.49007415771484375,swimmer,FP
13955,13955.jpg,1,swimmer,0.69152,"[1582.03, 534.15, 36.34, 29.89]",32.95758789717476,32-64,localization,0.4146471321582794,swimmer,FP
13955,13955.jpg,1,swimmer,0.68001,"[1414.0, 679.39, 44.18, 35.96]",39.858660288574676,32-64,localization,0.4624379277229309,swimmer,FP
13959,13959.jpg,1,swimmer,0.68742,"[1604.74, 533.65, 42.63, 55.36]",48.57979827047453,32-64,localization,0.459746390581131,swimmer,FP
13974,13974.jpg,1,swimmer,0.5887,"[1191.03, 206.66, 47.31, 26.66]",35.51456884153319,32-64,localization,0.491834819316864,swimmer,FP
13975,13975.jpg,1,swimmer,0.58798,"[375.03, 636.18, 33.03, 29.3]",31.10914656495739,16-32,localization,0.39102160930633545,swimmer,FP
13978,13978.jpg,1,swimmer,0.60413,"[1246.01, 30.0, 35.28, 25.55]",30.02339088111135,16-32,localization,0.4315022826194763,swimmer,FP
13982,13982.jpg,1,swimmer,0.59012,"[1243.77, 24.77, 34.34, 26.97]",30.432709376590182,16-32,localization,0.4308571219444275,swimmer,FP
13983,13983.jpg,1,swimmer,0.57409,"[1246.63, 30.7, 29.21, 22.4]",25.579366684888818,16-32,localization,0.30398300290107727,swimmer,FP
13984,13984.jpg,1,swimmer,0.56457,"[1245.81, 30.03, 30.89, 23.71]",27.06292482345543,16-32,localization,0.32458969950675964,swimmer,FP
13985,13985.jpg,1,swimmer,0.61369,"[1245.25, 33.28, 33.59, 21.97]",27.16564558408285,16-32,localization,0.2672160267829895,swimmer,FP
13986,13986.jpg,1,swimmer,0.59213,"[1246.24, 29.15, 34.54, 27.82]",30.998432218420337,16-32,localization,0.45669591426849365,swimmer,FP
13987,13987.jpg,1,swimmer,0.60153,"[1253.02, 27.83, 38.2, 30.23]",33.9821423691915,32-64,localization,0.47071078419685364,swimmer,FP
13989,13989.jpg,1,swimmer,0.67162,"[787.65, 801.88, 55.65, 25.35]",37.55965255430353,32-64,localization,0.4323153793811798,swimmer,FP
13989,13989.jpg,1,swimmer,0.61546,"[1266.66, 29.36, 42.34, 27.7]",34.246430470926455,32-64,localization,0.45757290720939636,swimmer,FP
13991,13991.jpg,1,swimmer,0.64275,"[1266.68, 26.65, 45.64, 28.66]",36.16686881663935,32-64,localization,0.4610224962234497,swimmer,FP
13992,13992.jpg,1,swimmer,0.69954,"[1124.01, 522.3, 44.34, 31.5]",37.372583533922295,32-64,localization,0.48298579454421997,swimmer,FP
13992,13992.jpg,1,swimmer,0.64665,"[1273.72, 25.04, 44.72, 28.27]",35.556074023997645,32-64,localization,0.35315608978271484,swimmer,FP
13993,13993.jpg,1,swimmer,0.69314,"[1272.59, 25.3, 47.89, 28.33]",36.83373046543073,32-64,localization,0.43620237708091736,swimmer,FP
13994,13994.jpg,1,swimmer,0.68375,"[1272.0, 26.5, 53.83, 27.81]",38.6912431953278,32-64,localization,0.40206989645957947,swimmer,FP
13995,13995.jpg,1,swimmer,0.6648,"[1271.67, 26.43, 51.52, 24.58]",35.58597476534821,32-64,localization,0.26789191365242004,swimmer,FP
13995,13995.jpg,1,swimmer,0.62952,"[1266.82, 191.57, 25.56, 25.77]",25.664785212426775,16-32,localization,0.4833556115627289,swimmer,FP
13996,13996.jpg,1,swimmer,0.71713,"[1256.48, 17.35, 52.56, 28.72]",38.852582925720654,32-64,localization,0.4407728314399719,swimmer,FP
14000,14000.jpg,1,swimmer,0.60919,"[1415.88, 300.76, 57.38, 32.86]",43.42242277902052,32-64,localization,0.44082212448120117,swimmer,FP
14001,14001.jpg,1,swimmer,0.70028,"[1276.56, 9.07, 47.83, 25.03]",34.60035982471859,32-64,localization,0.48941144347190857,swimmer,FP
14002,14002.jpg,1,swimmer,0.68414,"[1247.62, 527.13, 39.34, 34.76]",36.97916169953018,32-64,localization,0.49653491377830505,swimmer,FP
14003,14003.jpg,1,swimmer,0.66969,"[1281.98, 26.45, 47.26, 24.6]",34.09686202570553,32-64,localization,0.3923676609992981,swimmer,FP
14004,14004.jpg,1,swimmer,0.65907,"[1279.44, 29.07, 58.01, 25.71]",38.619128679968945,32-64,localization,0.466945618391037,swimmer,FP
14005,14005.jpg,1,swimmer,0.60861,"[1287.86, 30.67, 52.75, 25.46]",36.6471690584689,32-64,localization,0.4702839255332947,swimmer,FP
14010,14010.jpg,1,swimmer,0.68513,"[1324.04, 35.57, 51.24, 24.15]",35.17735066772369,32-64,localization,0.42408502101898193,swimmer,FP
14010,14010.jpg,1,swimmer,0.51606,"[362.45, 595.88, 38.92, 35.43]",37.13402213604123,32-64,localization,0.43789592385292053,swimmer,FP
14011,14011.jpg,1,swimmer,0.70556,"[360.37, 592.99, 30.13, 26.36]",28.18202973527634,16-32,localization,0.4224608540534973,swimmer,FP
14012,14012.jpg,1,swimmer,0.67155,"[1326.38, 32.04, 55.51, 28.63]",39.86541483541843,32-64,localization,0.4313979148864746,swimmer,FP
14013,14013.jpg,1,swimmer,0.58245,"[1301.28, 168.79, 33.15, 56.71]",43.35823451202781,32-64,localization,0.4313690960407257,swimmer,FP
14015,14015.jpg,1,swimmer,0.64586,"[1340.85, 35.02, 52.14, 25.34]",36.348694612049,32-64,localization,0.4296005666255951,swimmer,FP
14018,14018.jpg,1,swimmer,0.59049,"[1349.87, 33.13, 56.6, 27.88]",39.72414882662686,32-64,localization,0.4997732639312744,swimmer,FP
14020,14020.jpg,1,swimmer,0.67114,"[1356.09, 43.09, 60.39, 26.29]",39.84536484962837,32-64,localization,0.4478834271430969,swimmer,FP
14022,14022.jpg,1,swimmer,0.5849,"[1388.17, 46.01, 44.95, 22.18]",31.575164290942336,16-32,localization,0.37964925169944763,swimmer,FP
14023,14023.jpg,1,swimmer,0.68124,"[1398.1, 42.09, 37.79, 24.18]",30.228499797376646,16-32,localization,0.3736277222633362,swimmer,FP
14027,14027.jpg,1,swimmer,0.67777,"[847.41, 673.23, 37.15, 31.89]",34.419667342959606,32-64,localization,0.4988054931163788,swimmer,FP
14028,14028.jpg,1,swimmer,0.71326,"[850.92, 664.32, 40.19, 30.48]",34.99987428548851,32-64,localization,0.4999871850013733,swimmer,FP
14033,14033.jpg,1,swimmer,0.6172,"[1404.36, 127.27, 37.71, 49.5]",43.20468724571444,32-64,localization,0.4240161180496216,swimmer,FP
14034,14034.jpg,1,swimmer,0.63954,"[1416.99, 82.38, 29.96, 24.84]",27.28014662717193,16-32,localization,0.4514240622520447,swimmer,FP
14035,14035.jpg,1,swimmer,0.67475,"[1414.98, 85.49, 29.85, 24.38]",26.976712179211166,16-32,localization,0.46170151233673096,swimmer,FP
14036,14036.jpg,1,swimmer,0.65203,"[1415.7, 86.94, 30.17, 24.21]",27.026203950980612,16-32,localization,0.4600120484828949,swimmer,FP
14037,14037.jpg,1,swimmer,0.62382,"[1419.78, 80.54, 27.71, 30.23]",28.94258627006232,16-32,localization,0.3629099726676941,swimmer,FP
14038,14038.jpg,1,swimmer,0.54459,"[1425.55, 73.94, 24.77, 29.33]",26.953740000230024,16-32,localization,0.36613696813583374,swimmer,FP
14041,14041.jpg,1,swimmer,0.54089,"[1425.26, 61.21, 26.92, 24.47]",25.665782668759586,16-32,localization,0.47819116711616516,swimmer,FP
14052,14052.jpg,1,swimmer,0.72546,"[1387.18, 173.36, 49.14, 36.3]",42.234843435249054,32-64,localization,0.3739246129989624,swimmer,FP
14055,14055.jpg,1,swimmer,0.64803,"[1443.44, 34.71, 27.6, 23.86]",25.661956277727544,16-32,localization,0.4904819130897522,swimmer,FP
14058,14058.jpg,1,swimmer,0.63742,"[1457.36, 37.73, 25.23, 20.07]",22.50257985209696,16-32,localization,0.4877893924713135,swimmer,FP
14061,14061.jpg,1,swimmer,0.71222,"[1461.37, 20.91, 34.59, 42.29]",38.246713584306825,32-64,localization,0.4994485378265381,swimmer,FP
14062,14062.jpg,1,swimmer,0.62685,"[1390.51, 178.09, 27.01, 26.9]",26.954943887903013,16-32,localization,0.4234086275100708,swimmer,FP
14065,14065.jpg,1,swimmer,0.54324,"[1212.55, 342.57, 70.02, 49.79]",59.044862604633096,32-64,localization,0.39087727665901184,swimmer,FP
14066,14066.jpg,1,swimmer,0.66243,"[1385.01, 170.89, 32.89, 25.22]",28.8007951279127,16-32,localization,0.4384177327156067,swimmer,FP
14067,14067.jpg,1,swimmer,0.52895,"[1451.71, 37.97, 44.55, 29.51]",36.25838523707309,32-64,localization,0.390211820602417,swimmer,FP
14068,14068.jpg,1,swimmer,0.60367,"[1457.57, 34.6, 42.63, 33.37]",37.71688083603945,32-64,localization,0.42177391052246094,swimmer,FP
14079,14079.jpg,1,swimmer,0.51076,"[1483.12, 25.43, 27.82, 29.52]",28.657396950874656,16-32,localization,0.4840875267982483,swimmer,FP
14082,14082.jpg,1,swimmer,0.57184,"[1232.68, 332.72, 27.98, 28.8]",28.387039296129494,16-32,localization,0.4641212224960327,swimmer,FP
14084,14084.jpg,1,swimmer,0.54937,"[1230.65, 334.27, 29.26, 28.04]",28.64350537207344,16-32,localization,0.4863182306289673,swimmer,FP
15338,15338.jpg,1,swimmer,0.63731,"[1241.95, 241.92, 60.41, 40.24]",49.30414181384765,32-64,localization,0.4811145067214966,swimmer,FP
15338,15338.jpg,1,swimmer,0.56416,"[542.33, 238.95, 41.74, 44.94]",43.310456012376505,32-64,localization,0.3343673050403595,swimmer,FP
15339,15339.jpg,1,swimmer,0.61318,"[1412.27, 12.66, 133.89, 55.34]",86.0782934310387,>64,localization,0.4243994951248169,swimmer,FP
15340,15340.jpg,3,jetski,0.80756,"[647.0, 902.35, 239.02, 162.18]",196.8864230971755,>64,class_confusion,0.9310696125030518,swimmer,FP
15342,15342.jpg,3,jetski,0.70869,"[625.64, 885.65, 249.46, 184.53]",214.55268304078606,>64,class_confusion,0.8983323574066162,swimmer,FP
15348,15348.jpg,1,swimmer,0.58637,"[868.01, 270.29, 146.79, 77.73]",106.81753929013718,>64,duplicate,0.5921084880828857,swimmer,FP
15354,15354.jpg,1,swimmer,0.62937,"[1253.42, 466.62, 60.85, 79.26]",69.4476133499201,>64,localization,0.4210357964038849,swimmer,FP
15355,15355.jpg,1,swimmer,0.7341,"[1396.78, 538.09, 93.3, 84.72]",88.90655768839551,>64,localization,0.29453015327453613,swimmer,FP
15356,15356.jpg,1,swimmer,0.63431,"[1551.73, 590.41, 89.67, 82.3]",85.90600095453169,>64,localization,0.48293718695640564,swimmer,FP
15357,15357.jpg,1,swimmer,0.58861,"[1619.84, 512.77, 110.9, 66.39]",85.80589140612666,>64,localization,0.4001533091068268,swimmer,FP
15365,15365.jpg,1,swimmer,0.67281,"[1795.13, 191.28, 46.82, 58.04]",52.129001525062804,32-64,background,0.055208634585142136,,FP
15365,15365.jpg,1,swimmer,0.6504,"[1594.09, 84.36, 57.27, 47.7]",52.26642325623593,32-64,localization,0.27310049533843994,swimmer,FP
15365,15365.jpg,1,swimmer,0.64973,"[1556.88, 156.08, 65.54, 64.8]",65.1689496616295,>64,localization,0.36873093247413635,swimmer,FP
15366,15366.jpg,1,swimmer,0.64699,"[1370.22, 257.72, 37.12, 34.68]",35.87926420650234,32-64,localization,0.3571036458015442,swimmer,FP
15366,15366.jpg,1,swimmer,0.62019,"[1313.11, 148.27, 29.94, 36.07]",32.862376663899404,32-64,localization,0.25502505898475647,swimmer,FP
15366,15366.jpg,1,swimmer,0.53601,"[1500.08, 323.41, 27.63, 31.82]",29.651080924647587,16-32,localization,0.13869263231754303,swimmer,FP
15366,15366.jpg,1,swimmer,0.50625,"[959.3, 177.88, 30.81, 29.52]",30.158103388641667,16-32,localization,0.4321158826351166,swimmer,FP
15367,15367.jpg,1,swimmer,0.61846,"[1245.54, 344.39, 32.9, 27.52]",30.08999833831833,16-32,localization,0.3549889028072357,swimmer,FP
15369,15369.jpg,1,swimmer,0.63308,"[1320.81, 419.78, 23.94, 33.36]",28.260191082156542,16-32,localization,0.45680710673332214,swimmer,FP
15371,15371.jpg,1,swimmer,0.5608,"[1152.36, 386.61, 29.88, 21.88]",25.569012495597086,16-32,localization,0.48946550488471985,swimmer,FP
15376,15376.jpg,1,swimmer,0.53762,"[1267.66, 532.87, 27.65, 23.48]",25.479835164301985,16-32,localization,0.43895941972732544,swimmer,FP
15378,15378.jpg,1,swimmer,0.60534,"[1157.81, 415.24, 35.47, 24.05]",29.207079621215126,16-32,localization,0.47998231649398804,swimmer,FP
15380,15380.jpg,1,swimmer,0.53297,"[1212.09, 359.56, 50.87, 34.45]",41.862530979385376,32-64,localization,0.27942439913749695,swimmer,FP
15381,15381.jpg,1,swimmer,0.61666,"[1342.53, 237.22, 78.65, 49.87]",62.62807277890643,32-64,localization,0.4536782503128052,swimmer,FP
15382,15382.jpg,1,swimmer,0.51765,"[851.66, 754.02, 48.31, 61.6]",54.551773573367896,32-64,localization,0.4551697373390198,swimmer,FP
15392,15392.jpg,2,boat,0.801,"[621.66, 304.47, 311.99, 517.47]",401.80276915422075,>64,class_confusion,0.8705304265022278,jetski,FP
15393,15393.jpg,3,jetski,0.81697,"[1250.31, 95.92, 189.77, 136.84]",161.1462900596846,>64,class_confusion,0.8507959246635437,swimmer,FP
15393,15393.jpg,2,boat,0.78814,"[492.35, 172.35, 406.35, 608.49]",497.2523619853404,>64,class_confusion,0.6195824146270752,jetski,FP
15394,15394.jpg,2,boat,0.78947,"[519.34, 194.92, 380.54, 591.93]",474.6083039728656,>64,class_confusion,0.592456579208374,jetski,FP
15395,15395.jpg,2,boat,0.83094,"[536.43, 194.74, 381.75, 617.04]",485.34010755345577,>64,class_confusion,0.5720227360725403,jetski,FP
15396,15396.jpg,2,boat,0.814,"[506.88, 188.66, 423.66, 651.9]",525.532067527758,>64,class_confusion,0.6897304058074951,jetski,FP
15397,15397.jpg,2,boat,0.74694,"[573.35, 160.39, 383.41, 579.64]",471.4231351980936,>64,class_confusion,0.5485329627990723,jetski,FP
15397,15397.jpg,3,jetski,0.57662,"[447.37, 481.66, 351.59, 442.47]",394.42112937823197,>64,localization,0.38757798075675964,jetski,FP
15398,15398.jpg,2,boat,0.7748,"[565.32, 101.84, 409.79, 669.5]",523.7885117105949,>64,class_confusion,0.6452393531799316,jetski,FP
15398,15398.jpg,3,jetski,0.60552,"[1256.15, 14.33, 197.5, 169.81]",183.1323974615087,>64,class_confusion,0.737653374671936,swimmer,FP
15398,15398.jpg,3,jetski,0.59406,"[470.12, 281.75, 443.9, 620.2]",524.6968458071766,>64,duplicate,0.6887082457542419,jetski,FP
15399,15399.jpg,2,boat,0.8003,"[561.94, 59.12, 415.46, 655.02]",521.6652271332641,>64,class_confusion,0.6662007570266724,jetski,FP
15400,15400.jpg,2,boat,0.84516,"[628.5, 47.84, 363.98, 589.62]",463.26006475844645,>64,class_confusion,0.5352120995521545,jetski,FP
15401,15401.jpg,2,boat,0.7706,"[623.59, 120.38, 363.27, 582.34]",459.9420091707214,>64,class_confusion,0.535973310470581,jetski,FP
15402,15402.jpg,2,boat,0.83225,"[579.98, 277.74, 392.62, 609.56]",489.2090015525062,>64,class_confusion,0.561789870262146,jetski,FP
15402,15402.jpg,3,jetski,0.56469,"[1245.45, 166.65, 162.84, 194.75]",178.08169473587117,>64,class_confusion,0.794758141040802,swimmer,FP
15403,15403.jpg,2,boat,0.81898,"[566.32, 437.38, 385.83, 631.59]",493.6459963374564,>64,class_confusion,0.7775038480758667,jetski,FP
15404,15404.jpg,2,boat,0.84977,"[609.43, 531.16, 346.35, 548.84]",435.99396096735103,>64,class_confusion,0.8270028829574585,jetski,FP
15404,15404.jpg,5,buoy,0.53476,"[1697.16, 88.72, 110.95, 174.11]",138.98742569024006,>64,class_confusion,0.5628312230110168,swimmer,FP
15405,15405.jpg,2,boat,0.84211,"[606.26, 550.22, 341.35, 529.78]",425.25333978700274,>64,class_confusion,0.7944639921188354,jetski,FP
15405,15405.jpg,5,buoy,0.66331,"[1639.52, 113.12, 148.81, 147.08]",147.94247125149695,>64,class_confusion,0.5703586339950562,swimmer,FP
15406,15406.jpg,2,boat,0.83092,"[575.69, 543.33, 364.9, 536.67]",442.52783302296365,>64,class_confusion,0.8488205075263977,jetski,FP
15406,15406.jpg,5,buoy,0.62609,"[1676.32, 94.96, 136.86, 130.9]",133.84683036964304,>64,class_confusion,0.5005103945732117,swimmer,FP
15407,15407.jpg,2,boat,0.83728,"[1156.57, 458.74, 166.62, 151.62]",158.94314832668945,>64,class_confusion,0.8678478598594666,swimmer,FP
15407,15407.jpg,2,boat,0.8255,"[601.9, 586.08, 333.17, 493.92]",405.6591258680125,>64,class_confusion,0.7892444133758545,jetski,FP
15407,15407.jpg,5,buoy,0.71726,"[1639.23, 75.2, 111.74, 166.26]",136.30074247780163,>64,class_confusion,0.6624550819396973,swimmer,FP
15408,15408.jpg,2,boat,0.68444,"[567.71, 693.07, 335.44, 386.93]",360.2662892916849,>64,class_confusion,0.8686425089836121,jetski,FP
15408,15408.jpg,3,jetski,0.58073,"[709.73, 203.75, 218.18, 110.68]",155.39679018564058,>64,class_confusion,0.5315541625022888,swimmer,FP
15408,15408.jpg,1,swimmer,0.54429,"[1593.51, 146.49, 173.54, 112.66]",139.82494913283537,>64,duplicate,0.5699300765991211,swimmer,FP
15409,15409.jpg,1,swimmer,0.69893,"[1168.62, 745.06, 158.76, 135.81]",146.83730997263604,>64,localization,0.2745032012462616,swimmer,FP
15409,15409.jpg,1,swimmer,0.55427,"[841.7, 9.9, 187.29, 264.12]",222.4118584967987,>64,duplicate,0.76432865858078,swimmer,FP
15410,15410.jpg,1,swimmer,0.56097,"[1326.59, 496.79, 181.44, 122.14]",148.8659853693919,>64,localization,0.2222764641046524,swimmer,FP
15413,15413.jpg,1,swimmer,0.64091,"[135.4, 273.16, 75.09, 154.44]",107.68890193515765,>64,localization,0.38185128569602966,swimmer,FP
15414,15414.jpg,1,swimmer,0.57604,"[857.97, 989.13, 44.3, 36.04]",39.95712702384895,32-64,localization,0.4497765302658081,swimmer,FP
15415,15415.jpg,1,swimmer,0.57784,"[907.03, 803.72, 21.08, 18.18]",19.576373515030816,16-32,localization,0.49022606015205383,swimmer,FP
15415,15415.jpg,1,swimmer,0.54289,"[868.4, 753.05, 21.79, 20.67]",21.222612939975136,16-32,localization,0.3626394271850586,swimmer,FP
15976,15976.jpg,2,boat,0.76268,"[0.0, 1694.18, 45.93, 149.94]",82.9864097307505,>64,background,0.0,,FP
15977,15977.jpg,2,boat,0.57252,"[0.0, 1698.86, 28.35, 111.46]",56.2129077703689,32-64,background,0.0,,FP
16194,16194.jpg,1,swimmer,0.58064,"[2307.9, 705.59, 28.99, 24.62]",26.715796825099563,16-32,localization,0.36203834414482117,swimmer,FP
16198,16198.jpg,1,swimmer,0.5005,"[2675.81, 462.95, 36.53, 27.95]",31.9533018638137,16-32,localization,0.3733818233013153,swimmer,FP
16201,16201.jpg,1,swimmer,0.56111,"[2567.64, 742.83, 39.12, 35.54]",37.287059417444006,32-64,localization,0.3970295190811157,swimmer,FP
16202,16202.jpg,1,swimmer,0.5747,"[2488.56, 739.04, 46.33, 30.72]",37.72608646546843,32-64,localization,0.3683515191078186,swimmer,FP
16202,16202.jpg,1,swimmer,0.5123,"[2260.77, 494.49, 49.35, 34.08]",41.01034015952562,32-64,localization,0.4648573696613312,swimmer,FP
16202,16202.jpg,1,swimmer,0.50862,"[2630.3, 321.96, 34.75, 33.57]",34.15490447944482,32-64,localization,0.45124584436416626,swimmer,FP
16203,16203.jpg,2,boat,0.70439,"[2263.29, 0.0, 135.34, 48.75]",81.22699674369353,>64,background,0.0,,FP
16203,16203.jpg,1,swimmer,0.60246,"[2417.95, 737.22, 42.56, 38.09]",40.26301528698515,32-64,localization,0.4637830853462219,swimmer,FP
16204,16204.jpg,1,swimmer,0.53796,"[2110.6, 504.41, 37.14, 33.57]",35.30991079003174,32-64,localization,0.35381242632865906,swimmer,FP
16205,16205.jpg,1,swimmer,0.55908,"[2363.02, 229.02, 43.24, 40.02]",41.59885575349399,32-64,localization,0.4288000762462616,swimmer,FP
16741,16741.jpg,1,swimmer,0.65373,"[2309.8, 828.8, 203.88, 162.11]",181.79930362902934,>64,localization,0.22590257227420807,swimmer,FP
16742,16742.jpg,1,swimmer,0.5903,"[2257.79, 810.07, 292.12, 216.58]",251.53001729415914,>64,localization,0.3483695387840271,swimmer,FP
16745,16745.jpg,1,swimmer,0.7042,"[2171.05, 811.43, 333.84, 226.87]",275.20588801840705,>64,localization,0.35039222240448,swimmer,FP
16749,16749.jpg,1,swimmer,0.63042,"[2208.06, 706.57, 280.4, 286.29]",283.329694878599,>64,localization,0.48263636231422424,swimmer,FP
16750,16750.jpg,1,swimmer,0.50684,"[2090.41, 643.34, 508.52, 354.59]",424.63644073489496,>64,duplicate,0.8108493089675903,swimmer,FP
16754,16754.jpg,1,swimmer,0.57901,"[2309.99, 630.62, 356.6, 417.92]",386.044391229817,>64,localization,0.3859297037124634,swimmer,FP
16755,16755.jpg,3,jetski,0.63299,"[2216.59, 673.87, 511.23, 487.18]",499.0601480783654,>64,class_confusion,0.5342180728912354,swimmer,FP
16755,16755.jpg,1,swimmer,0.5064,"[2213.15, 845.14, 524.41, 315.81]",406.9569044751545,>64,localization,0.3906819522380829,swimmer,FP
16756,16756.jpg,1,swimmer,0.53479,"[2382.79, 841.45, 295.17, 325.45]",309.94044024618665,>64,localization,0.29482391476631165,swimmer,FP
16757,16757.jpg,1,swimmer,0.65356,"[2334.14, 809.64, 384.39, 597.33]",479.17395453008504,>64,localization,0.48340505361557007,swimmer,FP
16763,16763.jpg,3,jetski,0.7124,"[2142.09, 976.26, 462.6, 205.98]",308.68486843381226,>64,background,0.34332573413848877,,FP
16765,16765.jpg,3,jetski,0.63143,"[2152.61, 741.96, 505.55, 663.68]",579.2438381200097,>64,class_confusion,0.7800502777099609,swimmer,FP
16767,16767.jpg,3,jetski,0.7458,"[2175.18, 594.52, 380.69, 407.74]",393.9829191729002,>64,class_confusion,0.5825785398483276,swimmer,FP
16768,16768.jpg,3,jetski,0.79235,"[2216.3, 618.52, 330.83, 546.21]",425.0913481829523,>64,background,0.45971769094467163,,FP
16769,16769.jpg,3,jetski,0.68136,"[2141.64, 637.72, 403.57, 398.01]",400.7803584259089,>64,background,0.38255056738853455,,FP
16769,16769.jpg,1,swimmer,0.58608,"[2134.21, 638.78, 414.28, 409.08]",411.67178965773206,>64,localization,0.4036250114440918,swimmer,FP
16769,16769.jpg,1,swimmer,0.53949,"[2207.56, 717.86, 337.88, 408.02]",371.2974516475975,>64,localization,0.32833680510520935,swimmer,FP
16770,16770.jpg,3,jetski,0.68518,"[2091.71, 772.01, 401.57, 305.8]",350.42846060216056,>64,background,0.4265168607234955,,FP
16772,16772.jpg,3,jetski,0.82395,"[2032.21, 693.73, 539.63, 617.5]",577.2534322115374,>64,class_confusion,0.8370418548583984,swimmer,FP
16773,16773.jpg,3,jetski,0.84583,"[2132.81, 853.08, 418.2, 351.83]",383.5822024025619,>64,class_confusion,0.6139923334121704,swimmer,FP
16774,16774.jpg,3,jetski,0.83357,"[2100.52, 1015.34, 378.72, 347.78]",362.9204342552235,>64,class_confusion,0.7619222402572632,swimmer,FP
16776,16776.jpg,3,jetski,0.72258,"[2043.57, 936.46, 434.91, 287.27]",353.4637119988416,>64,class_confusion,0.7879998087882996,swimmer,FP
16777,16777.jpg,3,jetski,0.84287,"[1999.12, 858.1, 510.66, 493.62]",502.06771375980753,>64,class_confusion,0.7615484595298767,swimmer,FP
16778,16778.jpg,3,jetski,0.83115,"[2068.9, 765.01, 439.72, 354.9]",395.0400334143364,>64,class_confusion,0.7357690930366516,swimmer,FP
16780,16780.jpg,3,jetski,0.79457,"[2100.79, 450.32, 492.17, 632.71]",558.033046243679,>64,class_confusion,0.6553650498390198,swimmer,FP
71,71.jpg,1,swimmer,,"[352, 200, 12, 11]",11.489125293076057,<16,,,,FN
124,124.jpg,1,swimmer,,"[588, 97, 12, 11]",11.489125293076057,<16,,,,FN
172,172.jpg,1,swimmer,,"[456, 909, 10, 13]",11.40175425099138,<16,,,,FN
172,172.jpg,1,swimmer,,"[438, 917, 13, 15]",13.96424004376894,<16,,,,FN
187,187.jpg,1,swimmer,,"[294, 674, 10, 11]",10.488088481701515,<16,,,,FN
187,187.jpg,1,swimmer,,"[287, 681, 10, 13]",11.40175425099138,<16,,,,FN
189,189.jpg,1,swimmer,,"[272, 222, 10, 17]",13.038404810405298,<16,,,,FN
267,267.jpg,2,boat,,"[957, 680, 31, 27]",28.930952282978865,16-32,,,,FN
267,267.jpg,1,swimmer,,"[1136, 841, 14, 13]",13.490737563232042,<16,,,,FN
310,310.jpg,1,swimmer,,"[896, 646, 11, 11]",11.0,<16,,,,FN
379,379.jpg,1,swimmer,,"[65, 206, 39, 24]",30.59411708155671,16-32,,,,FN
393,393.jpg,1,swimmer,,"[593, 916, 43, 16]",26.229754097208,16-32,,,,FN
479,479.jpg,1,swimmer,,"[60, 13, 24, 34]",28.5657137141714,16-32,,,,FN
501,501.jpg,2,boat,,"[281, 901, 56, 33]",42.988370520409354,32-64,,,,FN
526,526.jpg,4,life_saving_appliances,,"[113, 373, 13, 14]",13.490737563232042,<16,,,,FN
526,526.jpg,1,swimmer,,"[93, 395, 16, 21]",18.33030277982336,16-32,,,,FN
526,526.jpg,1,swimmer,,"[231, 379, 26, 22]",23.916521486202797,16-32,,,,FN
526,526.jpg,1,swimmer,,"[182, 559, 15, 16]",15.491933384829668,<16,,,,FN
526,526.jpg,1,swimmer,,"[128, 547, 19, 18]",18.49324200890693,16-32,,,,FN
537,537.jpg,1,swimmer,,"[753, 907, 13, 16]",14.422205101855956,<16,,,,FN
550,550.jpg,3,jetski,,"[484, 568, 26, 64]",40.792156108742276,32-64,,,,FN
595,595.jpg,4,life_saving_appliances,,"[661, 582, 12, 13]",12.489995996796797,<16,,,,FN
595,595.jpg,1,swimmer,,"[247, 290, 20, 15]",17.320508075688775,16-32,,,,FN
595,595.jpg,1,swimmer,,"[334, 133, 25, 13]",18.027756377319946,16-32,,,,FN
595,595.jpg,1,swimmer,,"[516, 18, 20, 19]",19.493588689617926,16-32,,,,FN
595,595.jpg,1,swimmer,,"[490, 21, 13, 17]",14.866068747318506,<16,,,,FN
595,595.jpg,1,swimmer,,"[438, 127, 13, 13]",13.0,<16,,,,FN
595,595.jpg,1,swimmer,,"[381, 144, 21, 14]",17.146428199482248,16-32,,,,FN
595,595.jpg,4,life_saving_appliances,,"[380, 155, 14, 12]",12.96148139681572,<16,,,,FN
595,595.jpg,1,swimmer,,"[309, 223, 12, 12]",12.0,<16,,,,FN
595,595.jpg,1,swimmer,,"[186, 169, 16, 15]",15.491933384829668,<16,,,,FN
622,622.jpg,1,swimmer,,"[812, 598, 41, 29]",34.48187929913333,32-64,,,,FN
622,622.jpg,1,swimmer,,"[603, 600, 28, 28]",28.0,16-32,,,,FN
622,622.jpg,1,swimmer,,"[233, 726, 23, 25]",23.979157616563597,16-32,,,,FN
622,622.jpg,1,swimmer,,"[241, 615, 23, 25]",23.979157616563597,16-32,,,,FN
622,622.jpg,1,swimmer,,"[179, 598, 22, 22]",22.0,16-32,,,,FN
622,622.jpg,1,swimmer,,"[196, 640, 30, 20]",24.49489742783178,16-32,,,,FN
655,655.jpg,4,life_saving_appliances,,"[76, 292, 14, 11]",12.409673645990857,<16,,,,FN
655,655.jpg,1,swimmer,,"[68, 178, 24, 31]",27.27636339397171,16-32,,,,FN
655,655.jpg,1,swimmer,,"[91, 197, 20, 19]",19.493588689617926,16-32,,,,FN
669,669.jpg,1,swimmer,,"[276, 158, 25, 21]",22.9128784747792,16-32,,,,FN
780,780.jpg,2,boat,,"[1207, 208, 23, 58]",36.52396473549935,32-64,,,,FN
824,824.jpg,3,jetski,,"[1072, 662, 47, 52]",49.4368283772331,32-64,,,,FN
830,830.jpg,1,swimmer,,"[682, 702, 17, 22]",19.339079605813716,16-32,,,,FN
868,868.jpg,1,swimmer,,"[3684, 1848, 30, 42]",35.4964786985977,32-64,,,,FN
884,884.jpg,2,boat,,"[996, 2959, 160, 169]",164.43843832875572,>64,,,,FN
887,887.jpg,2,boat,,"[628, 1544, 170, 154]",161.80234856144702,>64,,,,FN
887,887.jpg,1,swimmer,,"[5142, 3393, 23, 24]",23.49468024894146,16-32,,,,FN
887,887.jpg,2,boat,,"[5010, 3394, 24, 24]",24.0,16-32,,,,FN
887,887.jpg,1,swimmer,,"[4882, 3201, 38, 26]",31.432467291003423,16-32,,,,FN
984,984.jpg,1,swimmer,,"[120, 2306, 23, 24]",23.49468024894146,16-32,,,,FN
984,984.jpg,1,swimmer,,"[118, 2351, 38, 22]",28.91366458960192,16-32,,,,FN
1018,1018.jpg,1,swimmer,,"[148, 3466, 39, 35]",36.945906403822335,32-64,,,,FN
1018,1018.jpg,1,swimmer,,"[159, 3260, 17, 23]",19.77371993328519,16-32,,,,FN
1018,1018.jpg,1,swimmer,,"[75, 3213, 47, 24]",33.58571124749333,32-64,,,,FN
1018,1018.jpg,2,boat,,"[0, 3182, 57, 85]",69.60603422117941,>64,,,,FN
1036,1036.jpg,1,swimmer,,"[858, 430, 29, 29]",29.0,16-32,,,,FN
1036,1036.jpg,1,swimmer,,"[930, 1117, 21, 21]",21.0,16-32,,,,FN
1036,1036.jpg,1,swimmer,,"[838, 914, 18, 19]",18.49324200890693,16-32,,,,FN
1036,1036.jpg,2,boat,,"[1082, 1095, 120, 106]",112.78297743897348,>64,,,,FN
1037,1037.jpg,1,swimmer,,"[465, 123, 42, 45]",43.474130238568314,32-64,,,,FN
1037,1037.jpg,1,swimmer,,"[672, 382, 25, 21]",22.9128784747792,16-32,,,,FN
1037,1037.jpg,2,boat,,"[846, 560, 81, 135]",104.57055034760026,>64,,,,FN
1037,1037.jpg,1,swimmer,,"[781, 591, 22, 21]",21.494185260204677,16-32,,,,FN
1073,1073.jpg,1,swimmer,,"[4230, 1114, 28, 26]",26.981475126464083,16-32,,,,FN
1073,1073.jpg,1,swimmer,,"[4306, 456, 33, 34]",33.49626844888845,32-64,,,,FN
1073,1073.jpg,1,swimmer,,"[4269, 537, 19, 20]",19.493588689617926,16-32,,,,FN
1073,1073.jpg,1,swimmer,,"[4115, 572, 24, 26]",24.979991993593593,16-32,,,,FN
1073,1073.jpg,1,swimmer,,"[3950, 173, 29, 26]",27.459060435491963,16-32,,,,FN
1073,1073.jpg,1,swimmer,,"[4012, 182, 22, 20]",20.97617696340303,16-32,,,,FN
1073,1073.jpg,1,swimmer,,"[4060, 284, 20, 23]",21.447610589527216,16-32,,,,FN
1096,1096.jpg,2,boat,,"[2569, 2711, 117, 53]",78.74642849044012,>64,,,,FN
1096,1096.jpg,1,swimmer,,"[2431, 3260, 47, 44]",45.47526800360829,32-64,,,,FN
1096,1096.jpg,1,swimmer,,"[2358, 2826, 29, 23]",25.826343140289914,16-32,,,,FN
1096,1096.jpg,1,swimmer,,"[2293, 2856, 27, 45]",34.85685011586675,32-64,,,,FN
1096,1096.jpg,1,swimmer,,"[2423, 3351, 28, 31]",29.46183972531247,16-32,,,,FN
1096,1096.jpg,1,swimmer,,"[2521, 3568, 26, 35]",30.166206257996713,16-32,,,,FN
1096,1096.jpg,1,swimmer,,"[2378, 3393, 20, 21]",20.493901531919196,16-32,,,,FN
1096,1096.jpg,1,swimmer,,"[2315, 3465, 34, 31]",32.46536616149585,32-64,,,,FN
1096,1096.jpg,1,swimmer,,"[2308, 3378, 27, 34]",30.298514815086232,16-32,,,,FN
1096,1096.jpg,1,swimmer,,"[2215, 3343, 16, 16]",16.0,16-32,,,,FN
1109,1109.jpg,1,swimmer,,"[4107, 575, 32, 35]",33.46640106136302,32-64,,,,FN
1123,1123.jpg,1,swimmer,,"[3666, 1626, 26, 24]",24.979991993593593,16-32,,,,FN
1123,1123.jpg,1,swimmer,,"[3205, 751, 20, 27]",23.2379000772445,16-32,,,,FN
1123,1123.jpg,1,swimmer,,"[3186, 759, 14, 28]",19.79898987322333,16-32,,,,FN
1123,1123.jpg,1,swimmer,,"[3271, 839, 31, 36]",33.406586176980134,32-64,,,,FN
1123,1123.jpg,1,swimmer,,"[3187, 866, 31, 28]",29.46183972531247,16-32,,,,FN
1123,1123.jpg,1,swimmer,,"[3688, 918, 21, 34]",26.720778431774775,16-32,,,,FN
1123,1123.jpg,1,swimmer,,"[3457, 1014, 25, 22]",23.45207879911715,16-32,,,,FN
1123,1123.jpg,1,swimmer,,"[3530, 1018, 22, 21]",21.494185260204677,16-32,,,,FN
1123,1123.jpg,1,swimmer,,"[3419, 1025, 24, 16]",19.595917942265423,16-32,,,,FN
1123,1123.jpg,1,swimmer,,"[3581, 1098, 52, 25]",36.05551275463989,32-64,,,,FN
1125,1125.jpg,2,boat,,"[3164, 629, 120, 79]",97.36529155710468,>64,,,,FN
1125,1125.jpg,1,swimmer,,"[3528, 344, 28, 24]",25.92296279363144,16-32,,,,FN
1129,1129.jpg,1,swimmer,,"[154, 2655, 21, 15]",17.74823934929885,16-32,,,,FN
1129,1129.jpg,1,swimmer,,"[279, 2585, 23, 16]",19.183326093250876,16-32,,,,FN
1129,1129.jpg,1,swimmer,,"[451, 2443, 20, 16]",17.88854381999832,16-32,,,,FN
1129,1129.jpg,1,swimmer,,"[549, 2785, 23, 41]",30.708305065568176,16-32,,,,FN
1129,1129.jpg,2,boat,,"[633, 1614, 120, 56]",81.97560612767678,>64,,,,FN
1129,1129.jpg,2,boat,,"[555, 1669, 111, 51]",75.23961722390672,>64,,,,FN
1136,1136.jpg,2,boat,,"[5281, 1505, 114, 79]",94.89994731294638,>64,,,,FN
1136,1136.jpg,2,boat,,"[5274, 1829, 129, 60]",87.97726979169109,>64,,,,FN
1136,1136.jpg,2,boat,,"[5354, 1782, 102, 67]",82.66801074176153,>64,,,,FN
1136,1136.jpg,1,swimmer,,"[5404, 645, 18, 12]",14.696938456699069,<16,,,,FN
1136,1136.jpg,1,swimmer,,"[5435, 668, 17, 13]",14.866068747318506,<16,,,,FN
1136,1136.jpg,1,swimmer,,"[5352, 914, 26, 19]",22.22611077089287,16-32,,,,FN
1144,1144.jpg,1,swimmer,,"[2050, 1990, 28, 42]",34.292856398964496,32-64,,,,FN
1144,1144.jpg,1,swimmer,,"[2018, 1974, 25, 31]",27.83882181415011,16-32,,,,FN
1144,1144.jpg,1,swimmer,,"[1632, 1841, 32, 28]",29.93325909419153,16-32,,,,FN
1144,1144.jpg,1,swimmer,,"[1733, 1745, 18, 31]",23.62202362203543,16-32,,,,FN
1144,1144.jpg,1,swimmer,,"[1892, 1661, 41, 33]",36.78314831549904,32-64,,,,FN
1144,1144.jpg,1,swimmer,,"[1959, 1698, 38, 32]",34.87119154832539,32-64,,,,FN
1144,1144.jpg,1,swimmer,,"[2274, 1521, 40, 47]",43.3589667773576,32-64,,,,FN
1144,1144.jpg,1,swimmer,,"[2158, 1640, 33, 40]",36.3318042491699,32-64,,,,FN
1144,1144.jpg,1,swimmer,,"[1850, 1525, 24, 23]",23.49468024894146,16-32,,,,FN
1144,1144.jpg,1,swimmer,,"[1835, 1421, 16, 17]",16.492422502470642,16-32,,,,FN
1144,1144.jpg,1,swimmer,,"[1690, 1441, 29, 41]",34.48187929913333,32-64,,,,FN
1144,1144.jpg,1,swimmer,,"[1740, 1088, 29, 28]",28.495613697550013,16-32,,,,FN
1157,1157.jpg,1,swimmer,,"[1048, 2428, 23, 21]",21.97726097583591,16-32,,,,FN
1157,1157.jpg,1,swimmer,,"[1036, 2624, 19, 21]",19.974984355438178,16-32,,,,FN
1157,1157.jpg,1,swimmer,,"[1242, 2532, 43, 40]",41.47288270665544,32-64,,,,FN
1157,1157.jpg,1,swimmer,,"[1596, 2553, 42, 42]",42.0,32-64,,,,FN
1157,1157.jpg,1,swimmer,,"[1813, 2613, 48, 48]",48.0,32-64,,,,FN
1157,1157.jpg,1,swimmer,,"[1203, 2732, 23, 14]",17.944358444926362,16-32,,,,FN
1157,1157.jpg,1,swimmer,,"[983, 2864, 21, 22]",21.494185260204677,16-32,,,,FN
1157,1157.jpg,1,swimmer,,"[1131, 3092, 36, 20]",26.832815729997478,16-32,,,,FN
1157,1157.jpg,1,swimmer,,"[1517, 3068, 35, 36]",35.4964786985977,32-64,,,,FN
1157,1157.jpg,1,swimmer,,"[1483, 3020, 47, 26]",34.95711658589707,32-64,,,,FN
1224,1224.jpg,4,life_saving_appliances,,"[2900, 4880, 37, 48]",42.14261501141095,32-64,,,,FN
1230,1230.jpg,4,life_saving_appliances,,"[3769, 1113, 45, 33]",38.535697735995385,32-64,,,,FN
1240,1240.jpg,1,swimmer,,"[2482, 766, 70, 138]",98.28529900244492,>64,,,,FN
1309,1309.jpg,4,life_saving_appliances,,"[5102, 960, 57, 36]",45.2990066116245,32-64,,,,FN
1716,1716.jpg,1,swimmer,,"[3539, 4128, 23, 28]",25.37715508089904,16-32,,,,FN
1724,1724.jpg,1,swimmer,,"[2754, 1161, 19, 58]",33.19638534539566,32-64,,,,FN
1724,1724.jpg,1,swimmer,,"[2654, 1305, 16, 13]",14.422205101855956,<16,,,,FN
1724,1724.jpg,1,swimmer,,"[2727, 728, 15, 20]",17.320508075688775,16-32,,,,FN
1765,1765.jpg,1,swimmer,,"[1638, 491, 18, 23]",20.346989949375804,16-32,,,,FN
1765,1765.jpg,1,swimmer,,"[1587, 556, 17, 24]",20.199009876724155,16-32,,,,FN
1765,1765.jpg,1,swimmer,,"[2124, 163, 39, 33]",35.874782229304195,32-64,,,,FN
1765,1765.jpg,1,swimmer,,"[2047, 295, 21, 24]",22.44994432064365,16-32,,,,FN
1765,1765.jpg,1,swimmer,,"[2051, 318, 18, 28]",22.44994432064365,16-32,,,,FN
1765,1765.jpg,1,swimmer,,"[2080, 329, 24, 37]",29.79932885150268,16-32,,,,FN
1765,1765.jpg,1,swimmer,,"[2168, 353, 42, 19]",28.24889378365107,16-32,,,,FN
1765,1765.jpg,1,swimmer,,"[1993, 476, 33, 43]",37.66961640367472,32-64,,,,FN
1774,1774.jpg,1,swimmer,,"[453, 3422, 24, 34]",28.5657137141714,16-32,,,,FN
1774,1774.jpg,1,swimmer,,"[433, 3404, 25, 28]",26.457513110645905,16-32,,,,FN
1786,1786.jpg,1,swimmer,,"[2118, 3861, 17, 27]",21.42428528562855,16-32,,,,FN
1786,1786.jpg,1,swimmer,,"[1761, 3597, 15, 19]",16.881943016134134,16-32,,,,FN
1786,1786.jpg,1,swimmer,,"[1776, 3619, 13, 15]",13.96424004376894,<16,,,,FN
1786,1786.jpg,1,swimmer,,"[1412, 3752, 15, 17]",15.968719422671311,<16,,,,FN
1786,1786.jpg,1,swimmer,,"[1489, 3841, 25, 24]",24.49489742783178,16-32,,,,FN
1786,1786.jpg,1,swimmer,,"[1530, 3876, 17, 16]",16.492422502470642,16-32,,,,FN
1786,1786.jpg,1,swimmer,,"[1476, 3893, 27, 28]",27.49545416973504,16-32,,,,FN
1821,1821.jpg,1,swimmer,,"[1958, 4907, 28, 36]",31.74901573277509,16-32,,,,FN
1821,1821.jpg,1,swimmer,,"[1968, 4951, 35, 24]",28.982753492378876,16-32,,,,FN
1821,1821.jpg,1,swimmer,,"[2063, 5227, 39, 37]",37.986839826445156,32-64,,,,FN
1821,1821.jpg,1,swimmer,,"[1821, 5181, 14, 18]",15.874507866387544,<16,,,,FN
1824,1824.jpg,1,swimmer,,"[4899, 798, 18, 21]",19.44222209522358,16-32,,,,FN
1824,1824.jpg,1,swimmer,,"[4676, 629, 29, 41]",34.48187929913333,32-64,,,,FN
1824,1824.jpg,1,swimmer,,"[4653, 661, 32, 23]",27.129319932501073,16-32,,,,FN
1824,1824.jpg,1,swimmer,,"[4743, 619, 26, 32]",28.844410203711913,16-32,,,,FN
1824,1824.jpg,2,boat,,"[4073, 469, 55, 100]",74.16198487095663,>64,,,,FN
1835,1835.jpg,1,swimmer,,"[3247, 91, 29, 33]",30.93541659651604,16-32,,,,FN
1835,1835.jpg,1,swimmer,,"[3324, 129, 29, 17]",22.20360331117452,16-32,,,,FN
1835,1835.jpg,1,swimmer,,"[3307, 173, 28, 27]",27.49545416973504,16-32,,,,FN
1845,1845.jpg,1,swimmer,,"[425, 97, 25, 41]",32.01562118716424,32-64,,,,FN
1845,1845.jpg,1,swimmer,,"[450, 184, 27, 23]",24.919871588754223,16-32,,,,FN
1845,1845.jpg,1,swimmer,,"[625, 260, 30, 35]",32.4037034920393,32-64,,,,FN
1845,1845.jpg,1,swimmer,,"[693, 306, 25, 39]",31.22498999199199,16-32,,,,FN
1845,1845.jpg,1,swimmer,,"[661, 0, 25, 22]",23.45207879911715,16-32,,,,FN
1845,1845.jpg,1,swimmer,,"[578, 340, 37, 39]",37.986839826445156,32-64,,,,FN
1869,1869.jpg,1,swimmer,,"[1168, 1633, 37, 29]",32.7566787083184,32-64,,,,FN
1869,1869.jpg,1,swimmer,,"[1184, 1693, 37, 22]",28.53068523537421,16-32,,,,FN
1869,1869.jpg,1,swimmer,,"[1262, 1754, 36, 25]",30.0,16-32,,,,FN
1869,1869.jpg,1,swimmer,,"[737, 1957, 34, 43]",38.23610858861032,32-64,,,,FN
1871,1871.jpg,1,swimmer,,"[1912, 1206, 23, 33]",27.54995462791182,16-32,,,,FN
1871,1871.jpg,1,swimmer,,"[2370, 951, 42, 31]",36.08323710533743,32-64,,,,FN
1871,1871.jpg,1,swimmer,,"[2283, 852, 29, 23]",25.826343140289914,16-32,,,,FN
1871,1871.jpg,1,swimmer,,"[2288, 753, 26, 22]",23.916521486202797,16-32,,,,FN
1871,1871.jpg,1,swimmer,,"[2304, 901, 25, 24]",24.49489742783178,16-32,,,,FN
1871,1871.jpg,1,swimmer,,"[2240, 1054, 27, 23]",24.919871588754223,16-32,,,,FN
1880,1880.jpg,1,swimmer,,"[3301, 0, 50, 18]",30.0,16-32,,,,FN
1880,1880.jpg,1,swimmer,,"[3518, 157, 39, 20]",27.92848008753788,16-32,,,,FN
1880,1880.jpg,1,swimmer,,"[3545, 46, 35, 17]",24.392621835300936,16-32,,,,FN
1896,1896.jpg,2,boat,,"[1459, 4169, 56, 103]",75.9473501841901,>64,,,,FN
1896,1896.jpg,1,swimmer,,"[1951, 5173, 34, 47]",39.97499218261337,32-64,,,,FN
1896,1896.jpg,1,swimmer,,"[2008, 5090, 22, 36]",28.142494558940577,16-32,,,,FN
1900,1900.jpg,1,swimmer,,"[3168, 4698, 27, 44]",34.46737587922817,32-64,,,,FN
1900,1900.jpg,1,swimmer,,"[3134, 5282, 32, 36]",33.94112549695428,32-64,,,,FN
1900,1900.jpg,1,swimmer,,"[3019, 5173, 21, 31]",25.514701644346147,16-32,,,,FN
1908,1908.jpg,1,swimmer,,"[991, 1658, 19, 29]",23.473389188611005,16-32,,,,FN
1908,1908.jpg,1,swimmer,,"[1098, 1783, 14, 30]",20.493901531919196,16-32,,,,FN
1908,1908.jpg,1,swimmer,,"[914, 1679, 28, 48]",36.66060555964672,32-64,,,,FN
1908,1908.jpg,1,swimmer,,"[977, 2192, 24, 42]",31.74901573277509,16-32,,,,FN
1908,1908.jpg,1,swimmer,,"[934, 2336, 22, 52]",33.823069050575526,32-64,,,,FN
1910,1910.jpg,1,swimmer,,"[1737, 1906, 39, 25]",31.22498999199199,16-32,,,,FN
1911,1911.jpg,1,swimmer,,"[1837, 1549, 32, 27]",29.393876913398138,16-32,,,,FN
1911,1911.jpg,1,swimmer,,"[2385, 1521, 36, 27]",31.176914536239792,16-32,,,,FN
1911,1911.jpg,1,swimmer,,"[1883, 1615, 38, 28]",32.61901286060018,32-64,,,,FN
1915,1915.jpg,1,swimmer,,"[3157, 2518, 34, 23]",27.964262908219126,16-32,,,,FN
1931,1931.jpg,1,swimmer,,"[1852, 1082, 32, 20]",25.298221281347036,16-32,,,,FN
1931,1931.jpg,1,swimmer,,"[2030, 960, 34, 26]",29.732137494637012,16-32,,,,FN
1931,1931.jpg,1,swimmer,,"[2542, 979, 21, 14]",17.146428199482248,16-32,,,,FN
1931,1931.jpg,1,swimmer,,"[2637, 834, 40, 24]",30.983866769659336,16-32,,,,FN
1931,1931.jpg,1,swimmer,,"[2576, 775, 33, 24]",28.142494558940577,16-32,,,,FN
1944,1944.jpg,1,swimmer,,"[2570, 1700, 31, 33]",31.984371183438952,16-32,,,,FN
1959,1959.jpg,1,swimmer,,"[2754, 3163, 19, 37]",26.514147167125703,16-32,,,,FN
1959,1959.jpg,1,swimmer,,"[2162, 3207, 19, 22]",20.445048300260872,16-32,,,,FN
1975,1975.jpg,1,swimmer,,"[2888, 223, 41, 19]",27.910571473905726,16-32,,,,FN
1975,1975.jpg,1,swimmer,,"[2940, 263, 37, 29]",32.7566787083184,32-64,,,,FN
1975,1975.jpg,1,swimmer,,"[2332, 304, 18, 28]",22.44994432064365,16-32,,,,FN
1990,1990.jpg,1,swimmer,,"[3800, 2426, 43, 29]",35.31288716601915,32-64,,,,FN
2005,2005.jpg,1,swimmer,,"[1575, 2368, 26, 30]",27.92848008753788,16-32,,,,FN
2005,2005.jpg,1,swimmer,,"[1500, 2505, 23, 27]",24.919871588754223,16-32,,,,FN
2005,2005.jpg,1,swimmer,,"[1512, 2378, 24, 38]",30.199337741083,16-32,,,,FN
2018,2018.jpg,1,swimmer,,"[3534, 2454, 32, 32]",32.0,32-64,,,,FN
2018,2018.jpg,1,swimmer,,"[3531, 2546, 16, 27]",20.784609690826528,16-32,,,,FN
2018,2018.jpg,1,swimmer,,"[3482, 2551, 31, 30]",30.495901363953813,16-32,,,,FN
2018,2018.jpg,1,swimmer,,"[3458, 2670, 22, 21]",21.494185260204677,16-32,,,,FN
2035,2035.jpg,2,boat,,"[4050, 1933, 82, 43]",59.38013135721409,32-64,,,,FN
2035,2035.jpg,1,swimmer,,"[4555, 1878, 16, 18]",16.97056274847714,16-32,,,,FN
2049,2049.jpg,1,swimmer,,"[1990, 2076, 29, 20]",24.08318915758459,16-32,,,,FN
2049,2049.jpg,1,swimmer,,"[1970, 2122, 34, 20]",26.076809620810597,16-32,,,,FN
2049,2049.jpg,1,swimmer,,"[2044, 2150, 27, 28]",27.49545416973504,16-32,,,,FN
2058,2058.jpg,1,swimmer,,"[2962, 1686, 33, 28]",30.397368307141328,16-32,,,,FN
2058,2058.jpg,1,swimmer,,"[2907, 1780, 21, 18]",19.44222209522358,16-32,,,,FN
2058,2058.jpg,1,swimmer,,"[2874, 1701, 17, 14]",15.427248620541512,<16,,,,FN
2060,2060.jpg,1,swimmer,,"[2896, 1096, 39, 28]",33.04542328371661,32-64,,,,FN
2060,2060.jpg,1,swimmer,,"[2848, 1183, 24, 17]",20.199009876724155,16-32,,,,FN
2060,2060.jpg,1,swimmer,,"[2821, 1102, 17, 17]",17.0,16-32,,,,FN
2070,2070.jpg,1,swimmer,,"[1188, 2938, 26, 18]",21.633307652783937,16-32,,,,FN
2070,2070.jpg,1,swimmer,,"[1175, 3039, 27, 21]",23.811761799581316,16-32,,,,FN
2070,2070.jpg,1,swimmer,,"[1128, 2983, 27, 19]",22.64950330581225,16-32,,,,FN
2078,2078.jpg,1,swimmer,,"[2161, 2471, 27, 21]",23.811761799581316,16-32,,,,FN
2078,2078.jpg,1,swimmer,,"[2114, 2606, 33, 26]",29.29163703175362,16-32,,,,FN
2078,2078.jpg,1,swimmer,,"[2205, 2520, 30, 23]",26.267851073127396,16-32,,,,FN
2094,2094.jpg,1,swimmer,,"[2126, 2936, 28, 17]",21.817424229271428,16-32,,,,FN
2109,2109.jpg,1,swimmer,,"[4364, 533, 20, 23]",21.447610589527216,16-32,,,,FN
2110,2110.jpg,2,boat,,"[4520, 242, 81, 56]",67.34983296193094,>64,,,,FN
2114,2114.jpg,2,boat,,"[1892, 3252, 79, 57]",67.10439627923047,>64,,,,FN
2185,2185.jpg,1,swimmer,,"[1085, 3088, 16, 33]",22.978250586152114,16-32,,,,FN
2185,2185.jpg,1,swimmer,,"[1171, 2918, 26, 13]",18.384776310850235,16-32,,,,FN
2198,2198.jpg,1,swimmer,,"[3206, 2424, 20, 20]",20.0,16-32,,,,FN
2198,2198.jpg,1,swimmer,,"[3315, 2402, 18, 21]",19.44222209522358,16-32,,,,FN
2211,2211.jpg,1,swimmer,,"[1984, 2388, 28, 27]",27.49545416973504,16-32,,,,FN
2211,2211.jpg,1,swimmer,,"[2060, 2372, 32, 27]",29.393876913398138,16-32,,,,FN
2228,2228.jpg,1,swimmer,,"[4189, 1033, 24, 23]",23.49468024894146,16-32,,,,FN
2228,2228.jpg,1,swimmer,,"[4220, 1010, 31, 23]",26.70205984563738,16-32,,,,FN
2231,2231.jpg,2,boat,,"[3876, 288, 13, 17]",14.866068747318506,<16,,,,FN
2231,2231.jpg,2,boat,,"[3845, 297, 20, 19]",19.493588689617926,16-32,,,,FN
2234,2234.jpg,1,swimmer,,"[1177, 3133, 17, 21]",18.894443627691185,16-32,,,,FN
2234,2234.jpg,1,swimmer,,"[1167, 3160, 14, 15]",14.491376746189438,<16,,,,FN
2241,2241.jpg,1,swimmer,,"[995, 560, 20, 23]",21.447610589527216,16-32,,,,FN
2241,2241.jpg,1,swimmer,,"[978, 583, 18, 20]",18.973665961010276,16-32,,,,FN
2276,2276.jpg,1,swimmer,,"[995, 2491, 29, 31]",29.9833287011299,16-32,,,,FN
2276,2276.jpg,1,swimmer,,"[952, 2538, 23, 27]",24.919871588754223,16-32,,,,FN
2286,2286.jpg,2,boat,,"[4696, 3359, 94, 47]",66.46803743153546,>64,,,,FN
2286,2286.jpg,2,boat,,"[4957, 3593, 72, 39]",52.99056519796708,32-64,,,,FN
2360,2360.jpg,1,swimmer,,"[2629, 343, 11, 14]",12.409673645990857,<16,,,,FN
2360,2360.jpg,1,swimmer,,"[2695, 361, 15, 25]",19.364916731037084,16-32,,,,FN
2364,2364.jpg,1,swimmer,,"[971, 3349, 17, 11]",13.674794331177344,<16,,,,FN
2364,2364.jpg,1,swimmer,,"[882, 3373, 20, 28]",23.664319132398465,16-32,,,,FN
2366,2366.jpg,1,swimmer,,"[1067, 2790, 17, 14]",15.427248620541512,<16,,,,FN
2366,2366.jpg,1,swimmer,,"[977, 2832, 19, 19]",19.0,16-32,,,,FN
2371,2371.jpg,1,swimmer,,"[2110, 1361, 17, 30]",22.58317958127243,16-32,,,,FN
2371,2371.jpg,1,swimmer,,"[2034, 1275, 24, 19]",21.354156504062622,16-32,,,,FN
2378,2378.jpg,1,swimmer,,"[4614, 1381, 24, 20]",21.908902300206645,16-32,,,,FN
2378,2378.jpg,2,boat,,"[4416, 1572, 27, 23]",24.919871588754223,16-32,,,,FN
2382,2382.jpg,1,swimmer,,"[4199, 445, 25, 26]",25.495097567963924,16-32,,,,FN
2382,2382.jpg,1,swimmer,,"[4414, 241, 23, 21]",21.97726097583591,16-32,,,,FN
2398,2398.jpg,1,swimmer,,"[2076, 1555, 14, 12]",12.96148139681572,<16,,,,FN
2428,2428.jpg,1,swimmer,,"[3467, 2480, 21, 33]",26.324893162176366,16-32,,,,FN
2453,2453.jpg,1,swimmer,,"[4211, 2263, 25, 26]",25.495097567963924,16-32,,,,FN
2453,2453.jpg,1,swimmer,,"[3746, 2783, 20, 18]",18.973665961010276,16-32,,,,FN
2459,2459.jpg,1,swimmer,,"[3964, 801, 25, 25]",25.0,16-32,,,,FN
2459,2459.jpg,1,swimmer,,"[3504, 1349, 26, 22]",23.916521486202797,16-32,,,,FN
2488,2488.jpg,1,swimmer,,"[2972, 2276, 30, 28]",28.982753492378876,16-32,,,,FN
2497,2497.jpg,2,boat,,"[1697, 104, 213, 158]",183.45026573979118,>64,,,,FN
2583,2583.jpg,1,swimmer,,"[5335, 2851, 72, 64]",67.88225099390856,>64,,,,FN
2583,2583.jpg,1,swimmer,,"[5408, 3026, 48, 57]",52.306787322488084,32-64,,,,FN
2610,2610.jpg,1,swimmer,,"[1892, 1056, 50, 64]",56.568542494923804,32-64,,,,FN
2610,2610.jpg,1,swimmer,,"[2165, 993, 27, 29]",27.982137159266443,16-32,,,,FN
2610,2610.jpg,1,swimmer,,"[2086, 1531, 63, 64]",63.49803146555018,32-64,,,,FN
2621,2621.jpg,3,jetski,,"[3610, 2199, 22, 50]",33.166247903554,32-64,,,,FN
2636,2636.jpg,1,swimmer,,"[2281, 4099, 70, 70]",70.0,>64,,,,FN
2636,2636.jpg,1,swimmer,,"[2340, 3935, 51, 47]",48.95916665957459,32-64,,,,FN
2636,2636.jpg,1,swimmer,,"[2429, 3978, 66, 71]",68.45436436049933,>64,,,,FN
2636,2636.jpg,1,swimmer,,"[2474, 3684, 75, 55]",64.22616289332565,>64,,,,FN
2642,2642.jpg,3,jetski,,"[4596, 1613, 63, 186]",108.2497113160123,>64,,,,FN
2655,2655.jpg,1,swimmer,,"[1194, 727, 41, 41]",41.0,32-64,,,,FN
2655,2655.jpg,1,swimmer,,"[1204, 433, 33, 28]",30.397368307141328,16-32,,,,FN
2655,2655.jpg,1,swimmer,,"[1287, 193, 28, 38]",32.61901286060018,32-64,,,,FN
2655,2655.jpg,1,swimmer,,"[999, 22, 35, 35]",35.0,32-64,,,,FN
2698,2698.jpg,1,swimmer,,"[4332, 101, 33, 45]",38.535697735995385,32-64,,,,FN
2716,2716.jpg,1,swimmer,,"[3212, 3423, 58, 49]",53.31041174104736,32-64,,,,FN
2716,2716.jpg,1,swimmer,,"[2795, 3519, 40, 36]",37.94733192202055,32-64,,,,FN
2716,2716.jpg,1,swimmer,,"[2717, 3575, 39, 31]",34.77067730142742,32-64,,,,FN
2718,2718.jpg,1,swimmer,,"[2522, 2399, 47, 59]",52.65928218272634,32-64,,,,FN
2718,2718.jpg,1,swimmer,,"[2614, 2375, 31, 36]",33.406586176980134,32-64,,,,FN
2718,2718.jpg,1,swimmer,,"[2644, 2467, 63, 60]",61.48170459575759,32-64,,,,FN
2718,2718.jpg,1,swimmer,,"[2980, 2327, 42, 77]",56.868268832451726,32-64,,,,FN
2718,2718.jpg,1,swimmer,,"[2992, 2768, 38, 57]",46.54030511288038,32-64,,,,FN
2718,2718.jpg,1,swimmer,,"[2907, 2794, 21, 56]",34.292856398964496,32-64,,,,FN
2718,2718.jpg,1,swimmer,,"[2839, 2831, 28, 33]",30.397368307141328,16-32,,,,FN
2718,2718.jpg,1,swimmer,,"[2717, 2856, 19, 19]",19.0,16-32,,,,FN
2718,2718.jpg,1,swimmer,,"[2802, 2947, 48, 34]",40.39801975344831,32-64,,,,FN
2749,2749.jpg,1,swimmer,,"[2415, 1433, 34, 33]",33.49626844888845,32-64,,,,FN
2749,2749.jpg,1,swimmer,,"[2326, 1530, 22, 30]",25.69046515733026,16-32,,,,FN
2749,2749.jpg,1,swimmer,,"[2227, 1569, 32, 24]",27.712812921102035,16-32,,,,FN
2749,2749.jpg,1,swimmer,,"[1667, 1596, 62, 49]",55.11805511808268,32-64,,,,FN
2749,2749.jpg,4,life_saving_appliances,,"[1698, 1691, 25, 20]",22.360679774997898,16-32,,,,FN
2749,2749.jpg,1,swimmer,,"[1918, 922, 31, 47]",38.17066936798463,32-64,,,,FN
2749,2749.jpg,4,life_saving_appliances,,"[1900, 975, 23, 28]",25.37715508089904,16-32,,,,FN
2749,2749.jpg,1,swimmer,,"[2000, 987, 21, 24]",22.44994432064365,16-32,,,,FN
2749,2749.jpg,1,swimmer,,"[2067, 881, 34, 55]",43.243496620879306,32-64,,,,FN
2749,2749.jpg,1,swimmer,,"[2201, 973, 24, 24]",24.0,16-32,,,,FN
2754,2754.jpg,4,life_saving_appliances,,"[4585, 2148, 27, 28]",27.49545416973504,16-32,,,,FN
2754,2754.jpg,1,swimmer,,"[4584, 2177, 26, 21]",23.366642891095847,16-32,,,,FN
2754,2754.jpg,1,swimmer,,"[4083, 2430, 21, 27]",23.811761799581316,16-32,,,,FN
2754,2754.jpg,1,swimmer,,"[3989, 2471, 35, 19]",25.787593916455254,16-32,,,,FN
2754,2754.jpg,1,swimmer,,"[3724, 2686, 21, 29]",24.677925358506133,16-32,,,,FN
2754,2754.jpg,1,swimmer,,"[4410, 2884, 20, 18]",18.973665961010276,16-32,,,,FN
2754,2754.jpg,1,swimmer,,"[4497, 2948, 25, 21]",22.9128784747792,16-32,,,,FN
2754,2754.jpg,1,swimmer,,"[4477, 3005, 24, 23]",23.49468024894146,16-32,,,,FN
2754,2754.jpg,1,swimmer,,"[4410, 3016, 26, 20]",22.80350850198276,16-32,,,,FN
2754,2754.jpg,1,swimmer,,"[4156, 3041, 22, 18]",19.8997487421324,16-32,,,,FN
2759,2759.jpg,1,swimmer,,"[4167, 4, 17, 19]",17.97220075561143,16-32,,,,FN
2759,2759.jpg,1,swimmer,,"[4117, 73, 45, 39]",41.892720131306824,32-64,,,,FN
2759,2759.jpg,1,swimmer,,"[4078, 59, 25, 35]",29.58039891549808,16-32,,,,FN
2759,2759.jpg,1,swimmer,,"[3815, 106, 24, 25]",24.49489742783178,16-32,,,,FN
2781,2781.jpg,1,swimmer,,"[1694, 130, 52, 64]",57.688820407423826,32-64,,,,FN
2781,2781.jpg,1,swimmer,,"[2103, 273, 16, 37]",24.331050121192877,16-32,,,,FN
2781,2781.jpg,1,swimmer,,"[2332, 177, 19, 39]",27.2213151776324,16-32,,,,FN
2781,2781.jpg,1,swimmer,,"[2567, 178, 23, 33]",27.54995462791182,16-32,,,,FN
2781,2781.jpg,1,swimmer,,"[2598, 227, 18, 33]",24.372115213907882,16-32,,,,FN
2781,2781.jpg,1,swimmer,,"[2586, 107, 21, 33]",26.324893162176366,16-32,,,,FN
2781,2781.jpg,1,swimmer,,"[2619, 62, 24, 30]",26.832815729997478,16-32,,,,FN
2781,2781.jpg,1,swimmer,,"[2651, 131, 23, 31]",26.70205984563738,16-32,,,,FN
2782,2782.jpg,1,swimmer,,"[2491, 306, 47, 45]",45.98912915026767,32-64,,,,FN
2782,2782.jpg,4,life_saving_appliances,,"[2622, 62, 24, 41]",31.368774282716245,16-32,,,,FN
2782,2782.jpg,1,swimmer,,"[2624, 38, 27, 29]",27.982137159266443,16-32,,,,FN
2782,2782.jpg,1,swimmer,,"[2907, 434, 14, 32]",21.166010488516726,16-32,,,,FN
2782,2782.jpg,1,swimmer,,"[3132, 336, 19, 38]",26.870057685088806,16-32,,,,FN
2782,2782.jpg,1,swimmer,,"[3376, 333, 17, 36]",24.73863375370596,16-32,,,,FN
2782,2782.jpg,1,swimmer,,"[3401, 392, 17, 33]",23.68543856465402,16-32,,,,FN
2782,2782.jpg,1,swimmer,,"[3393, 267, 23, 30]",26.267851073127396,16-32,,,,FN
2782,2782.jpg,1,swimmer,,"[3426, 237, 20, 28]",23.664319132398465,16-32,,,,FN
2782,2782.jpg,1,swimmer,,"[3454, 295, 21, 36]",27.49545416973504,16-32,,,,FN
2885,2885.jpg,1,swimmer,,"[4360, 268, 21, 19]",19.974984355438178,16-32,,,,FN
2885,2885.jpg,1,swimmer,,"[4332, 174, 31, 39]",34.77067730142742,32-64,,,,FN
2885,2885.jpg,1,swimmer,,"[4456, 182, 29, 19]",23.473389188611005,16-32,,,,FN
2885,2885.jpg,4,life_saving_appliances,,"[4665, 324, 18, 19]",18.49324200890693,16-32,,,,FN
2885,2885.jpg,1,swimmer,,"[4701, 367, 50, 26]",36.05551275463989,32-64,,,,FN
2885,2885.jpg,1,swimmer,,"[4935, 312, 21, 25]",22.9128784747792,16-32,,,,FN
2885,2885.jpg,1,swimmer,,"[5074, 239, 28, 26]",26.981475126464083,16-32,,,,FN
2885,2885.jpg,1,swimmer,,"[4935, 151, 22, 18]",19.8997487421324,16-32,,,,FN
2885,2885.jpg,1,swimmer,,"[4838, 123, 20, 21]",20.493901531919196,16-32,,,,FN
2887,2887.jpg,5,buoy,,"[5198, 3516, 54, 49]",51.43928459844674,32-64,,,,FN
2890,2890.jpg,1,swimmer,,"[309, 2881, 38, 41]",39.4715087119811,32-64,,,,FN
2890,2890.jpg,4,life_saving_appliances,,"[337, 2919, 19, 25]",21.79449471770337,16-32,,,,FN
2894,2894.jpg,5,buoy,,"[1325, 8, 62, 57]",59.447455790807396,32-64,,,,FN
2894,2894.jpg,1,swimmer,,"[590, 720, 23, 36]",28.77498913987632,16-32,,,,FN
2894,2894.jpg,4,life_saving_appliances,,"[598, 759, 18, 19]",18.49324200890693,16-32,,,,FN
2898,2898.jpg,5,buoy,,"[1657, 5434, 41, 22]",30.033314835362415,16-32,,,,FN
2931,2931.jpg,2,boat,,"[2403, 2918, 206, 113]",152.5712948100002,>64,,,,FN
2931,2931.jpg,1,swimmer,,"[2635, 2888, 80, 44]",59.329587896765304,32-64,,,,FN
2931,2931.jpg,1,swimmer,,"[2611, 2957, 95, 27]",50.6458290484024,32-64,,,,FN
2931,2931.jpg,1,swimmer,,"[2591, 2925, 90, 37]",57.706152185014034,32-64,,,,FN
2931,2931.jpg,1,swimmer,,"[2033, 2587, 37, 39]",37.986839826445156,32-64,,,,FN
2931,2931.jpg,1,swimmer,,"[2073, 2619, 39, 43]",40.95119045888654,32-64,,,,FN
2931,2931.jpg,1,swimmer,,"[2124, 2509, 103, 58]",77.2916554357584,>64,,,,FN
2931,2931.jpg,1,swimmer,,"[2177, 2593, 46, 51]",48.43552415324934,32-64,,,,FN
2931,2931.jpg,1,swimmer,,"[2075, 2445, 51, 47]",48.95916665957459,32-64,,,,FN
2931,2931.jpg,1,swimmer,,"[2045, 2492, 57, 50]",53.38539126015655,32-64,,,,FN
2963,2963.jpg,1,swimmer,,"[521, 1149, 46, 41]",43.42810150121693,32-64,,,,FN
2963,2963.jpg,1,swimmer,,"[111, 1419, 41, 38]",39.4715087119811,32-64,,,,FN
2963,2963.jpg,1,swimmer,,"[193, 1573, 83, 87]",84.97646733066749,>64,,,,FN
2963,2963.jpg,1,swimmer,,"[441, 1960, 44, 51]",47.37087712930804,32-64,,,,FN
2963,2963.jpg,1,swimmer,,"[119, 2495, 40, 45]",42.42640687119285,32-64,,,,FN
3001,3001.jpg,1,swimmer,,"[5382, 1550, 32, 37]",34.40930106817051,32-64,,,,FN
3001,3001.jpg,4,life_saving_appliances,,"[5416, 1715, 40, 43]",41.47288270665544,32-64,,,,FN
3001,3001.jpg,4,life_saving_appliances,,"[4813, 1956, 30, 40]",34.64101615137755,32-64,,,,FN
3001,3001.jpg,4,life_saving_appliances,,"[4735, 1979, 34, 36]",34.9857113690718,32-64,,,,FN
3001,3001.jpg,1,swimmer,,"[4808, 2074, 37, 39]",37.986839826445156,32-64,,,,FN
3001,3001.jpg,4,life_saving_appliances,,"[4843, 2061, 26, 26]",26.0,16-32,,,,FN
3001,3001.jpg,1,swimmer,,"[4090, 2556, 40, 26]",32.2490309931942,32-64,,,,FN
3001,3001.jpg,1,swimmer,,"[4083, 2585, 43, 34]",38.23610858861032,32-64,,,,FN
3001,3001.jpg,1,swimmer,,"[3982, 2708, 25, 51]",35.70714214271425,32-64,,,,FN
3001,3001.jpg,1,swimmer,,"[3766, 2881, 36, 53]",43.68065933568311,32-64,,,,FN
3001,3001.jpg,1,swimmer,,"[4089, 2802, 52, 70]",60.332412515993425,32-64,,,,FN
3004,3004.jpg,1,swimmer,,"[2569, 4396, 74, 66]",69.88562083862459,>64,,,,FN
3004,3004.jpg,1,swimmer,,"[2616, 4353, 49, 44]",46.4327470649756,32-64,,,,FN
3004,3004.jpg,1,swimmer,,"[2855, 4416, 35, 36]",35.4964786985977,32-64,,,,FN
3004,3004.jpg,1,swimmer,,"[2900, 4420, 35, 40]",37.416573867739416,32-64,,,,FN
3004,3004.jpg,4,life_saving_appliances,,"[3519, 5288, 37, 45]",40.80441152620633,32-64,,,,FN
3004,3004.jpg,4,life_saving_appliances,,"[3544, 5407, 47, 48]",47.49736834815167,32-64,,,,FN
3004,3004.jpg,1,swimmer,,"[3419, 5382, 115, 57]",80.96295449154508,>64,,,,FN
3010,3010.jpg,2,boat,,"[4776, 1500, 178, 79]",118.5833040524677,>64,,,,FN
3010,3010.jpg,1,swimmer,,"[4125, 2818, 35, 27]",30.740852297878796,16-32,,,,FN
3010,3010.jpg,1,swimmer,,"[3757, 3006, 32, 29]",30.463092423455635,16-32,,,,FN
3011,3011.jpg,1,swimmer,,"[4383, 2098, 44, 50]",46.9041575982343,32-64,,,,FN
3011,3011.jpg,1,swimmer,,"[3659, 3195, 27, 44]",34.46737587922817,32-64,,,,FN
3011,3011.jpg,1,swimmer,,"[3697, 3272, 26, 56]",38.157568056677825,32-64,,,,FN
3011,3011.jpg,4,life_saving_appliances,,"[3719, 3276, 41, 35]",37.881393849751625,32-64,,,,FN
3011,3011.jpg,1,swimmer,,"[3133, 3600, 31, 29]",29.9833287011299,16-32,,,,FN
3011,3011.jpg,1,swimmer,,"[3194, 3609, 42, 23]",31.080540535840107,16-32,,,,FN
3012,3012.jpg,1,swimmer,,"[4450, 1678, 37, 35]",35.98610843089316,32-64,,,,FN
3012,3012.jpg,1,swimmer,,"[4091, 1845, 35, 39]",36.945906403822335,32-64,,,,FN
3012,3012.jpg,1,swimmer,,"[4178, 1926, 51, 46]",48.43552415324934,32-64,,,,FN
3012,3012.jpg,1,swimmer,,"[3677, 2748, 41, 51]",45.727453460694704,32-64,,,,FN
3012,3012.jpg,1,swimmer,,"[3702, 2842, 27, 48]",36.0,32-64,,,,FN
3012,3012.jpg,4,life_saving_appliances,,"[3722, 2838, 39, 36]",37.469987990390386,32-64,,,,FN
3012,3012.jpg,1,swimmer,,"[3464, 3014, 30, 49]",38.34057902536163,32-64,,,,FN
3012,3012.jpg,1,swimmer,,"[2369, 3364, 77, 44]",58.20652884342099,32-64,,,,FN
3016,3016.jpg,1,swimmer,,"[3366, 184, 24, 49]",34.292856398964496,32-64,,,,FN
3016,3016.jpg,4,life_saving_appliances,,"[3384, 187, 39, 47]",42.81354925721529,32-64,,,,FN
3016,3016.jpg,1,swimmer,,"[2696, 409, 43, 39]",40.95119045888654,32-64,,,,FN
3016,3016.jpg,1,swimmer,,"[2750, 439, 58, 77]",66.82813778641449,>64,,,,FN
3022,3022.jpg,1,swimmer,,"[4734, 889, 24, 34]",28.5657137141714,16-32,,,,FN
3022,3022.jpg,1,swimmer,,"[3874, 465, 58, 62]",59.9666574022598,32-64,,,,FN
3022,3022.jpg,1,swimmer,,"[3716, 1178, 29, 31]",29.9833287011299,16-32,,,,FN
3022,3022.jpg,1,swimmer,,"[3414, 1530, 36, 50]",42.42640687119285,32-64,,,,FN
3022,3022.jpg,1,swimmer,,"[3179, 1503, 55, 36]",44.49719092257398,32-64,,,,FN
3022,3022.jpg,4,life_saving_appliances,,"[3167, 1466, 62, 51]",56.231663678038196,32-64,,,,FN
3022,3022.jpg,1,swimmer,,"[2062, 1734, 39, 39]",39.0,32-64,,,,FN
3023,3023.jpg,1,swimmer,,"[3824, 444, 26, 35]",30.166206257996713,16-32,,,,FN
3023,3023.jpg,1,swimmer,,"[3517, 786, 23, 30]",26.267851073127396,16-32,,,,FN
3023,3023.jpg,1,swimmer,,"[3280, 742, 42, 40]",40.98780306383839,32-64,,,,FN
3023,3023.jpg,4,life_saving_appliances,,"[3288, 711, 46, 44]",44.98888751680797,32-64,,,,FN
3023,3023.jpg,1,swimmer,,"[2167, 980, 27, 33]",29.8496231131986,16-32,,,,FN
3023,3023.jpg,1,swimmer,,"[2767, 1629, 36, 38]",36.98648401781386,32-64,,,,FN
3023,3023.jpg,1,swimmer,,"[2774, 1723, 34, 39]",36.41428291206625,32-64,,,,FN
3023,3023.jpg,1,swimmer,,"[2307, 1572, 32, 40]",35.77708763999664,32-64,,,,FN
3025,3025.jpg,1,swimmer,,"[3061, 88, 32, 36]",33.94112549695428,32-64,,,,FN
3025,3025.jpg,1,swimmer,,"[3058, 0, 35, 26]",30.166206257996713,16-32,,,,FN
3060,3060.jpg,2,boat,,"[766, 381, 524, 617]",568.6017938768748,>64,,,,FN
3070,3070.jpg,1,swimmer,,"[308, 2371, 39, 33]",35.874782229304195,32-64,,,,FN
3071,3071.jpg,1,swimmer,,"[53, 1952, 34, 30]",31.937438845342623,16-32,,,,FN
3102,3102.jpg,1,swimmer,,"[3586, 2673, 50, 27]",36.742346141747674,32-64,,,,FN
3102,3102.jpg,1,swimmer,,"[3405, 2675, 27, 16]",20.784609690826528,16-32,,,,FN
3102,3102.jpg,4,life_saving_appliances,,"[3409, 2654, 29, 24]",26.38181191654584,16-32,,,,FN
3102,3102.jpg,1,swimmer,,"[2995, 2637, 29, 73]",46.010868281309364,32-64,,,,FN
3102,3102.jpg,1,swimmer,,"[3082, 2919, 40, 24]",30.983866769659336,16-32,,,,FN
3102,3102.jpg,4,life_saving_appliances,,"[3081, 2890, 25, 29]",26.92582403567252,16-32,,,,FN
3111,3111.jpg,4,life_saving_appliances,,"[3172, 2643, 27, 30]",28.460498941515414,16-32,,,,FN
3111,3111.jpg,1,swimmer,,"[3188, 2650, 16, 29]",21.540659228538015,16-32,,,,FN
3111,3111.jpg,1,swimmer,,"[3528, 3270, 33, 36]",34.46737587922817,32-64,,,,FN
3111,3111.jpg,1,swimmer,,"[3596, 3264, 44, 30]",36.3318042491699,32-64,,,,FN
3138,3138.jpg,5,buoy,,"[730, 5364, 50, 90]",67.08203932499369,>64,,,,FN
3287,3287.jpg,5,buoy,,"[4920, 0, 72, 29]",45.69463863518345,32-64,,,,FN
3336,3336.jpg,1,swimmer,,"[493, 914, 25, 31]",27.83882181415011,16-32,,,,FN
3336,3336.jpg,3,jetski,,"[1155, 0, 66, 88]",76.2102355330306,>64,,,,FN
3387,3387.jpg,5,buoy,,"[5200, 74, 64, 58]",60.92618484691127,32-64,,,,FN
3467,3467.jpg,1,swimmer,,"[195, 728, 27, 20]",23.2379000772445,16-32,,,,FN
3468,3468.jpg,1,swimmer,,"[396, 741, 17, 13]",14.866068747318506,<16,,,,FN
3468,3468.jpg,1,swimmer,,"[1880, 1399, 246, 141]",186.24177834202507,>64,,,,FN
3469,3469.jpg,1,swimmer,,"[587, 749, 19, 15]",16.881943016134134,16-32,,,,FN
3469,3469.jpg,1,swimmer,,"[1937, 1358, 238, 98]",152.7219696049,>64,,,,FN
3470,3470.jpg,1,swimmer,,"[762, 756, 18, 14]",15.874507866387544,<16,,,,FN
3470,3470.jpg,1,swimmer,,"[2099, 1320, 137, 96]",114.6821694946516,>64,,,,FN
3471,3471.jpg,1,swimmer,,"[879, 771, 19, 15]",16.881943016134134,16-32,,,,FN
3471,3471.jpg,1,swimmer,,"[2121, 1325, 194, 97]",137.17871555019022,>64,,,,FN
3472,3472.jpg,1,swimmer,,"[937, 783, 18, 14]",15.874507866387544,<16,,,,FN
3472,3472.jpg,1,swimmer,,"[2096, 1325, 218, 94]",143.15027069481914,>64,,,,FN
3473,3473.jpg,1,swimmer,,"[958, 791, 19, 15]",16.881943016134134,16-32,,,,FN
3473,3473.jpg,1,swimmer,,"[2147, 1351, 117, 94]",104.8713497576912,>64,,,,FN
3474,3474.jpg,1,swimmer,,"[1010, 790, 20, 16]",17.88854381999832,16-32,,,,FN
3474,3474.jpg,1,swimmer,,"[2098, 1394, 186, 118]",148.14857407346182,>64,,,,FN
3475,3475.jpg,2,boat,,"[1052, 715, 160, 33]",72.6636084983398,>64,,,,FN
3475,3475.jpg,1,swimmer,,"[1082, 771, 19, 15]",16.881943016134134,16-32,,,,FN
3475,3475.jpg,1,swimmer,,"[2021, 1412, 203, 120]",156.07690412101337,>64,,,,FN
3476,3476.jpg,1,swimmer,,"[1161, 764, 20, 16]",17.88854381999832,16-32,,,,FN
3477,3477.jpg,1,swimmer,,"[1241, 757, 20, 15]",17.320508075688775,16-32,,,,FN
3477,3477.jpg,1,swimmer,,"[2059, 1468, 184, 128]",153.466608746007,>64,,,,FN
3478,3478.jpg,2,boat,,"[1312, 678, 159, 33]",72.43617880589781,>64,,,,FN
3478,3478.jpg,1,swimmer,,"[1321, 738, 18, 14]",15.874507866387544,<16,,,,FN
3479,3479.jpg,1,swimmer,,"[1401, 720, 19, 15]",16.881943016134134,16-32,,,,FN
3480,3480.jpg,1,swimmer,,"[1477, 706, 21, 16]",18.33030277982336,16-32,,,,FN
3481,3481.jpg,2,boat,,"[1559, 619, 166, 34]",75.1265598839718,>64,,,,FN
3481,3481.jpg,1,swimmer,,"[1550, 684, 21, 17]",18.894443627691185,16-32,,,,FN
3482,3482.jpg,1,swimmer,,"[1621, 665, 18, 14]",15.874507866387544,<16,,,,FN
3483,3483.jpg,2,boat,,"[1724, 581, 162, 32]",72.0,>64,,,,FN
3483,3483.jpg,1,swimmer,,"[1690, 646, 18, 14]",15.874507866387544,<16,,,,FN
3484,3484.jpg,1,swimmer,,"[1758, 632, 20, 16]",17.88854381999832,16-32,,,,FN
3484,3484.jpg,2,boat,,"[19, 442, 73, 28]",45.21061822182926,32-64,,,,FN
3485,3485.jpg,1,swimmer,,"[1825, 618, 20, 17]",18.439088914585774,16-32,,,,FN
3485,3485.jpg,2,boat,,"[147, 424, 70, 27]",43.474130238568314,32-64,,,,FN
3486,3486.jpg,1,swimmer,,"[1892, 605, 17, 15]",15.968719422671311,<16,,,,FN
3486,3486.jpg,2,boat,,"[271, 406, 67, 26]",41.737273509418415,32-64,,,,FN
3486,3486.jpg,1,swimmer,,"[1390, 1478, 214, 180]",196.2651268055535,>64,,,,FN
3487,3487.jpg,1,swimmer,,"[1955, 592, 18, 16]",16.97056274847714,16-32,,,,FN
3487,3487.jpg,2,boat,,"[390, 388, 65, 25]",40.311288741492746,32-64,,,,FN
3487,3487.jpg,1,swimmer,,"[1306, 1463, 281, 182]",226.1459705588406,>64,,,,FN
3488,3488.jpg,1,swimmer,,"[2018, 574, 20, 17]",18.439088914585774,16-32,,,,FN
3488,3488.jpg,2,boat,,"[506, 367, 63, 24]",38.88444419044716,32-64,,,,FN
3489,3489.jpg,1,swimmer,,"[2081, 554, 17, 15]",15.968719422671311,<16,,,,FN
3489,3489.jpg,2,boat,,"[619, 345, 62, 24]",38.57460304397182,32-64,,,,FN
3490,3490.jpg,1,swimmer,,"[2141, 539, 18, 15]",16.431676725154983,16-32,,,,FN
3490,3490.jpg,2,boat,,"[729, 328, 60, 23]",37.14835124201342,32-64,,,,FN
3491,3491.jpg,1,swimmer,,"[2202, 521, 20, 17]",18.439088914585774,16-32,,,,FN
3491,3491.jpg,2,boat,,"[828, 304, 58, 22]",35.7211421989835,32-64,,,,FN
3492,3492.jpg,1,swimmer,,"[2253, 516, 22, 19]",20.445048300260872,16-32,,,,FN
3492,3492.jpg,2,boat,,"[949, 293, 57, 22]",35.41186241925155,32-64,,,,FN
3493,3493.jpg,1,swimmer,,"[2307, 505, 21, 18]",19.44222209522358,16-32,,,,FN
3493,3493.jpg,2,boat,,"[1052, 273, 56, 26]",38.157568056677825,32-64,,,,FN
3494,3494.jpg,1,swimmer,,"[2363, 482, 23, 17]",19.77371993328519,16-32,,,,FN
3494,3494.jpg,2,boat,,"[1150, 249, 55, 25]",37.080992435478315,32-64,,,,FN
3494,3494.jpg,1,swimmer,,"[487, 1256, 219, 165]",190.09208294929067,>64,,,,FN
3495,3495.jpg,1,swimmer,,"[2415, 469, 23, 17]",19.77371993328519,16-32,,,,FN
3495,3495.jpg,2,boat,,"[1252, 235, 54, 25]",36.742346141747674,32-64,,,,FN
3495,3495.jpg,1,swimmer,,"[366, 1238, 256, 143]",191.33217188962237,>64,,,,FN
3496,3496.jpg,1,swimmer,,"[2465, 459, 21, 15]",17.74823934929885,16-32,,,,FN
3496,3496.jpg,2,boat,,"[1352, 217, 53, 25]",36.40054944640259,32-64,,,,FN
3496,3496.jpg,1,swimmer,,"[255, 1192, 351, 175]",247.8406746278746,>64,,,,FN
3497,3497.jpg,1,swimmer,,"[2515, 450, 21, 16]",18.33030277982336,16-32,,,,FN
3497,3497.jpg,2,boat,,"[1452, 201, 52, 24]",35.32704346531139,32-64,,,,FN
3497,3497.jpg,1,swimmer,,"[207, 1157, 268, 134]",189.50461735799473,>64,,,,FN
3498,3498.jpg,1,swimmer,,"[2564, 437, 23, 17]",19.77371993328519,16-32,,,,FN
3498,3498.jpg,2,boat,,"[1549, 185, 49, 24]",34.292856398964496,32-64,,,,FN
3498,3498.jpg,1,swimmer,,"[123, 1133, 331, 152]",224.30336600238527,>64,,,,FN
3499,3499.jpg,2,boat,,"[1647, 177, 49, 23]",33.57082066318904,32-64,,,,FN
3499,3499.jpg,1,swimmer,,"[75, 1097, 364, 139]",224.9355463238303,>64,,,,FN
3500,3500.jpg,2,boat,,"[1744, 160, 49, 23]",33.57082066318904,32-64,,,,FN
3500,3500.jpg,1,swimmer,,"[77, 1045, 233, 127]",172.02034763364477,>64,,,,FN
3501,3501.jpg,2,boat,,"[1843, 147, 48, 23]",33.2264954516723,32-64,,,,FN
3501,3501.jpg,1,swimmer,,"[165, 1017, 192, 88]",129.98461447417537,>64,,,,FN
3502,3502.jpg,2,boat,,"[1942, 147, 47, 23]",32.87856444554719,32-64,,,,FN
3502,3502.jpg,1,swimmer,,"[73, 956, 328, 120]",198.39354828219592,>64,,,,FN
3503,3503.jpg,1,swimmer,,"[2795, 410, 33, 19]",25.03996805109783,16-32,,,,FN
3503,3503.jpg,2,boat,,"[2039, 134, 48, 23]",33.2264954516723,32-64,,,,FN
3503,3503.jpg,1,swimmer,,"[117, 908, 212, 108]",151.3142425550219,>64,,,,FN
3504,3504.jpg,1,swimmer,,"[2841, 406, 24, 19]",21.354156504062622,16-32,,,,FN
3504,3504.jpg,2,boat,,"[2136, 131, 48, 23]",33.2264954516723,32-64,,,,FN
3504,3504.jpg,1,swimmer,,"[170, 887, 211, 90]",137.8042089342702,>64,,,,FN
3505,3505.jpg,1,swimmer,,"[2891, 406, 26, 21]",23.366642891095847,16-32,,,,FN
3505,3505.jpg,2,boat,,"[2235, 133, 46, 22]",31.811947441173732,16-32,,,,FN
3505,3505.jpg,1,swimmer,,"[125, 858, 302, 84]",159.27334993651638,>64,,,,FN
3506,3506.jpg,1,swimmer,,"[2940, 414, 26, 21]",23.366642891095847,16-32,,,,FN
3506,3506.jpg,2,boat,,"[2335, 134, 47, 22]",32.155870381627054,32-64,,,,FN
3506,3506.jpg,1,swimmer,,"[184, 822, 190, 84]",126.33289357883005,>64,,,,FN
3507,3507.jpg,1,swimmer,,"[2986, 413, 28, 22]",24.819347291981714,16-32,,,,FN
3507,3507.jpg,2,boat,,"[2439, 132, 48, 23]",33.2264954516723,32-64,,,,FN
3507,3507.jpg,2,boat,,"[69, 83, 42, 43]",42.49705872175156,32-64,,,,FN
3507,3507.jpg,1,swimmer,,"[226, 785, 199, 82]",127.74192733789482,>64,,,,FN
3508,3508.jpg,1,swimmer,,"[3028, 422, 26, 21]",23.366642891095847,16-32,,,,FN
3508,3508.jpg,2,boat,,"[2540, 143, 47, 22]",32.155870381627054,32-64,,,,FN
3508,3508.jpg,2,boat,,"[210, 91, 41, 42]",41.49698784249286,32-64,,,,FN
3508,3508.jpg,1,swimmer,,"[282, 769, 227, 77]",132.20816918783802,>64,,,,FN
3509,3509.jpg,1,swimmer,,"[3068, 441, 28, 22]",24.819347291981714,16-32,,,,FN
3509,3509.jpg,2,boat,,"[2644, 159, 49, 23]",33.57082066318904,32-64,,,,FN
3509,3509.jpg,2,boat,,"[340, 106, 41, 42]",41.49698784249286,32-64,,,,FN
3509,3509.jpg,1,swimmer,,"[300, 751, 221, 71]",125.26372180324198,>64,,,,FN
3510,3510.jpg,1,swimmer,,"[3106, 463, 29, 23]",25.826343140289914,16-32,,,,FN
3510,3510.jpg,2,boat,,"[2747, 181, 45, 22]",31.464265445104548,16-32,,,,FN
3510,3510.jpg,2,boat,,"[469, 126, 39, 40]",39.496835316262995,32-64,,,,FN
3510,3510.jpg,1,swimmer,,"[390, 732, 146, 65]",97.41663102366043,>64,,,,FN
3511,3511.jpg,1,swimmer,,"[3148, 476, 31, 25]",27.83882181415011,16-32,,,,FN
3511,3511.jpg,2,boat,,"[2852, 199, 45, 23]",32.17141588429082,32-64,,,,FN
3511,3511.jpg,2,boat,,"[594, 145, 37, 37]",37.0,32-64,,,,FN
3511,3511.jpg,1,swimmer,,"[521, 722, 126, 56]",84.0,>64,,,,FN
3512,3512.jpg,1,swimmer,,"[3187, 497, 34, 22]",27.349588662354687,16-32,,,,FN
3512,3512.jpg,2,boat,,"[2959, 220, 45, 23]",32.17141588429082,32-64,,,,FN
3512,3512.jpg,1,swimmer,,"[505, 718, 209, 53]",105.24732775705044,>64,,,,FN
3513,3513.jpg,1,swimmer,,"[3232, 520, 34, 22]",27.349588662354687,16-32,,,,FN
3513,3513.jpg,2,boat,,"[3068, 239, 46, 23]",32.526911934581186,32-64,,,,FN
3513,3513.jpg,2,boat,,"[835, 180, 36, 37]",36.49657518178932,32-64,,,,FN
3513,3513.jpg,1,swimmer,,"[612, 711, 128, 54]",83.13843876330611,>64,,,,FN
3514,3514.jpg,1,swimmer,,"[3282, 550, 34, 22]",27.349588662354687,16-32,,,,FN
3514,3514.jpg,2,boat,,"[3184, 269, 47, 24]",33.58571124749333,32-64,,,,FN
3514,3514.jpg,2,boat,,"[950, 209, 34, 38]",35.94440151122286,32-64,,,,FN
3514,3514.jpg,1,swimmer,,"[731, 729, 118, 44]",72.05553413860729,>64,,,,FN
3515,3515.jpg,1,swimmer,,"[3307, 581, 34, 23]",27.964262908219126,16-32,,,,FN
3515,3515.jpg,2,boat,,"[3277, 306, 46, 23]",32.526911934581186,32-64,,,,FN
3515,3515.jpg,2,boat,,"[1072, 246, 32, 36]",33.94112549695428,32-64,,,,FN
3515,3515.jpg,1,swimmer,,"[765, 737, 166, 45]",86.4291617453276,>64,,,,FN
3516,3516.jpg,1,swimmer,,"[3374, 586, 34, 23]",27.964262908219126,16-32,,,,FN
3516,3516.jpg,2,boat,,"[3383, 304, 47, 24]",33.58571124749333,32-64,,,,FN
3516,3516.jpg,2,boat,,"[1136, 244, 34, 38]",35.94440151122286,32-64,,,,FN
3516,3516.jpg,1,swimmer,,"[913, 727, 47, 47]",47.0,32-64,,,,FN
3517,3517.jpg,1,swimmer,,"[3414, 597, 35, 24]",28.982753492378876,16-32,,,,FN
3517,3517.jpg,2,boat,,"[3427, 309, 48, 25]",34.64101615137755,32-64,,,,FN
3517,3517.jpg,1,swimmer,,"[959, 741, 102, 40]",63.874877690685246,32-64,,,,FN
3518,3518.jpg,1,swimmer,,"[3443, 598, 32, 21]",25.92296279363144,16-32,,,,FN
3518,3518.jpg,2,boat,,"[3440, 301, 48, 24]",33.94112549695428,32-64,,,,FN
3518,3518.jpg,1,swimmer,,"[899, 754, 169, 48]",90.06664199358161,>64,,,,FN
3519,3519.jpg,1,swimmer,,"[3359, 590, 33, 22]",26.94438717061496,16-32,,,,FN
3519,3519.jpg,2,boat,,"[3342, 283, 46, 24]",33.2264954516723,32-64,,,,FN
3519,3519.jpg,2,boat,,"[1062, 236, 34, 38]",35.94440151122286,32-64,,,,FN
3519,3519.jpg,1,swimmer,,"[808, 769, 124, 56]",83.33066662399864,>64,,,,FN
3520,3520.jpg,1,swimmer,,"[3212, 544, 36, 24]",29.393876913398138,16-32,,,,FN
3520,3520.jpg,2,boat,,"[3180, 234, 47, 24]",33.58571124749333,32-64,,,,FN
3520,3520.jpg,2,boat,,"[886, 193, 35, 40]",37.416573867739416,32-64,,,,FN
3520,3520.jpg,1,swimmer,,"[652, 769, 139, 55]",87.43569065318808,>64,,,,FN
3521,3521.jpg,1,swimmer,,"[3060, 500, 34, 22]",27.349588662354687,16-32,,,,FN
3521,3521.jpg,2,boat,,"[3012, 184, 46, 23]",32.526911934581186,32-64,,,,FN
3521,3521.jpg,2,boat,,"[694, 149, 36, 40]",37.94733192202055,32-64,,,,FN
3521,3521.jpg,1,swimmer,,"[471, 763, 117, 57]",81.6639455328972,>64,,,,FN
3522,3522.jpg,1,swimmer,,"[2908, 446, 34, 22]",27.349588662354687,16-32,,,,FN
3522,3522.jpg,2,boat,,"[2847, 124, 45, 23]",32.17141588429082,32-64,,,,FN
3522,3522.jpg,2,boat,,"[490, 94, 37, 41]",38.948684188300895,32-64,,,,FN
3522,3522.jpg,1,swimmer,,"[279, 755, 64, 55]",59.329587896765304,32-64,,,,FN
3523,3523.jpg,1,swimmer,,"[2761, 394, 34, 23]",27.964262908219126,16-32,,,,FN
3523,3523.jpg,2,boat,,"[2686, 56, 44, 23]",31.811947441173732,16-32,,,,FN
3523,3523.jpg,2,boat,,"[273, 51, 42, 27]",33.67491648096547,32-64,,,,FN
3523,3523.jpg,1,swimmer,,"[68, 745, 142, 56]",89.17398723843182,>64,,,,FN
3716,3716.jpg,1,swimmer,,"[2524, 347, 24, 16]",19.595917942265423,16-32,,,,FN
3717,3717.jpg,1,swimmer,,"[2570, 345, 25, 17]",20.615528128088304,16-32,,,,FN
3718,3718.jpg,1,swimmer,,"[2609, 342, 26, 17]",21.02379604162864,16-32,,,,FN
3719,3719.jpg,1,swimmer,,"[2645, 340, 25, 17]",20.615528128088304,16-32,,,,FN
3720,3720.jpg,1,swimmer,,"[2680, 336, 25, 17]",20.615528128088304,16-32,,,,FN
3721,3721.jpg,1,swimmer,,"[2713, 332, 24, 17]",20.199009876724155,16-32,,,,FN
3722,3722.jpg,1,swimmer,,"[2746, 330, 23, 16]",19.183326093250876,16-32,,,,FN
4013,4013.jpg,5,buoy,,"[2103, 1184, 17, 21]",18.894443627691185,16-32,,,,FN
4013,4013.jpg,5,buoy,,"[2911, 1119, 12, 17]",14.2828568570857,<16,,,,FN
4014,4014.jpg,5,buoy,,"[2103, 1184, 17, 19]",17.97220075561143,16-32,,,,FN
4014,4014.jpg,5,buoy,,"[2912, 1121, 12, 17]",14.2828568570857,<16,,,,FN
4015,4015.jpg,5,buoy,,"[2102, 1184, 16, 20]",17.88854381999832,16-32,,,,FN
4015,4015.jpg,5,buoy,,"[2912, 1121, 11, 16]",13.2664991614216,<16,,,,FN
4016,4016.jpg,5,buoy,,"[2102, 1184, 16, 20]",17.88854381999832,16-32,,,,FN
4016,4016.jpg,5,buoy,,"[2911, 1119, 12, 17]",14.2828568570857,<16,,,,FN
4017,4017.jpg,5,buoy,,"[2101, 1184, 18, 20]",18.973665961010276,16-32,,,,FN
4017,4017.jpg,5,buoy,,"[2911, 1118, 12, 18]",14.696938456699069,<16,,,,FN
4018,4018.jpg,5,buoy,,"[2101, 1184, 17, 20]",18.439088914585774,16-32,,,,FN
4018,4018.jpg,5,buoy,,"[2912, 1119, 11, 17]",13.674794331177344,<16,,,,FN
4019,4019.jpg,5,buoy,,"[2101, 1184, 17, 20]",18.439088914585774,16-32,,,,FN
4019,4019.jpg,5,buoy,,"[2912, 1123, 11, 14]",12.409673645990857,<16,,,,FN
4020,4020.jpg,5,buoy,,"[2101, 1183, 17, 21]",18.894443627691185,16-32,,,,FN
4020,4020.jpg,5,buoy,,"[2913, 1124, 10, 13]",11.40175425099138,<16,,,,FN
4021,4021.jpg,5,buoy,,"[2100, 1183, 17, 21]",18.894443627691185,16-32,,,,FN
4021,4021.jpg,5,buoy,,"[2913, 1122, 11, 15]",12.84523257866513,<16,,,,FN
4022,4022.jpg,5,buoy,,"[2101, 1184, 17, 20]",18.439088914585774,16-32,,,,FN
4022,4022.jpg,5,buoy,,"[2914, 1120, 12, 17]",14.2828568570857,<16,,,,FN
4023,4023.jpg,5,buoy,,"[2102, 1186, 17, 20]",18.439088914585774,16-32,,,,FN
4023,4023.jpg,5,buoy,,"[2914, 1120, 12, 17]",14.2828568570857,<16,,,,FN
4024,4024.jpg,5,buoy,,"[2103, 1187, 17, 20]",18.439088914585774,16-32,,,,FN
4024,4024.jpg,5,buoy,,"[2915, 1120, 12, 17]",14.2828568570857,<16,,,,FN
4025,4025.jpg,5,buoy,,"[2104, 1186, 16, 21]",18.33030277982336,16-32,,,,FN
4025,4025.jpg,5,buoy,,"[2914, 1121, 12, 16]",13.856406460551018,<16,,,,FN
4026,4026.jpg,5,buoy,,"[2105, 1186, 17, 20]",18.439088914585774,16-32,,,,FN
4026,4026.jpg,5,buoy,,"[2914, 1120, 12, 16]",13.856406460551018,<16,,,,FN
4027,4027.jpg,5,buoy,,"[2107, 1187, 16, 20]",17.88854381999832,16-32,,,,FN
4027,4027.jpg,5,buoy,,"[2914, 1120, 12, 16]",13.856406460551018,<16,,,,FN
4028,4028.jpg,2,boat,,"[2997, 1024, 23, 34]",27.964262908219126,16-32,,,,FN
4028,4028.jpg,5,buoy,,"[2106, 1186, 16, 21]",18.33030277982336,16-32,,,,FN
4028,4028.jpg,5,buoy,,"[2915, 1122, 12, 15]",13.416407864998739,<16,,,,FN
4029,4029.jpg,5,buoy,,"[2104, 1183, 17, 20]",18.439088914585774,16-32,,,,FN
4029,4029.jpg,5,buoy,,"[2915, 1124, 11, 15]",12.84523257866513,<16,,,,FN
4030,4030.jpg,5,buoy,,"[2101, 1183, 16, 21]",18.33030277982336,16-32,,,,FN
4030,4030.jpg,5,buoy,,"[2914, 1122, 11, 16]",13.2664991614216,<16,,,,FN
4031,4031.jpg,5,buoy,,"[2100, 1185, 17, 20]",18.439088914585774,16-32,,,,FN
4031,4031.jpg,5,buoy,,"[2914, 1120, 12, 17]",14.2828568570857,<16,,,,FN
4032,4032.jpg,5,buoy,,"[2100, 1188, 18, 19]",18.49324200890693,16-32,,,,FN
4032,4032.jpg,5,buoy,,"[2914, 1122, 11, 17]",13.674794331177344,<16,,,,FN
4033,4033.jpg,5,buoy,,"[2100, 1189, 17, 20]",18.439088914585774,16-32,,,,FN
4033,4033.jpg,5,buoy,,"[2914, 1126, 11, 15]",12.84523257866513,<16,,,,FN
4034,4034.jpg,5,buoy,,"[2101, 1188, 17, 21]",18.894443627691185,16-32,,,,FN
4034,4034.jpg,5,buoy,,"[2915, 1126, 11, 15]",12.84523257866513,<16,,,,FN
4035,4035.jpg,5,buoy,,"[2100, 1188, 17, 21]",18.894443627691185,16-32,,,,FN
4035,4035.jpg,5,buoy,,"[2915, 1126, 12, 17]",14.2828568570857,<16,,,,FN
4036,4036.jpg,5,buoy,,"[2100, 1190, 17, 21]",18.894443627691185,16-32,,,,FN
4036,4036.jpg,5,buoy,,"[2917, 1125, 12, 17]",14.2828568570857,<16,,,,FN
4037,4037.jpg,5,buoy,,"[2101, 1189, 17, 21]",18.894443627691185,16-32,,,,FN
4037,4037.jpg,5,buoy,,"[2918, 1125, 12, 17]",14.2828568570857,<16,,,,FN
4038,4038.jpg,2,boat,,"[2967, 1026, 24, 35]",28.982753492378876,16-32,,,,FN
4038,4038.jpg,5,buoy,,"[2101, 1190, 16, 21]",18.33030277982336,16-32,,,,FN
4038,4038.jpg,5,buoy,,"[2917, 1126, 12, 16]",13.856406460551018,<16,,,,FN
4039,4039.jpg,5,buoy,,"[2101, 1190, 17, 20]",18.439088914585774,16-32,,,,FN
4039,4039.jpg,5,buoy,,"[2918, 1126, 13, 15]",13.96424004376894,<16,,,,FN
4040,4040.jpg,5,buoy,,"[2100, 1188, 17, 21]",18.894443627691185,16-32,,,,FN
4040,4040.jpg,5,buoy,,"[2916, 1124, 12, 16]",13.856406460551018,<16,,,,FN
4041,4041.jpg,5,buoy,,"[2099, 1187, 17, 21]",18.894443627691185,16-32,,,,FN
4041,4041.jpg,5,buoy,,"[2916, 1124, 12, 16]",13.856406460551018,<16,,,,FN
4042,4042.jpg,5,buoy,,"[2098, 1187, 17, 20]",18.439088914585774,16-32,,,,FN
4042,4042.jpg,5,buoy,,"[2916, 1126, 12, 14]",12.96148139681572,<16,,,,FN
4043,4043.jpg,5,buoy,,"[2097, 1187, 17, 21]",18.894443627691185,16-32,,,,FN
4043,4043.jpg,5,buoy,,"[2916, 1126, 11, 14]",12.409673645990857,<16,,,,FN
4044,4044.jpg,5,buoy,,"[2097, 1188, 16, 20]",17.88854381999832,16-32,,,,FN
4044,4044.jpg,5,buoy,,"[2916, 1126, 11, 15]",12.84523257866513,<16,,,,FN
4045,4045.jpg,5,buoy,,"[2096, 1189, 17, 21]",18.894443627691185,16-32,,,,FN
4045,4045.jpg,5,buoy,,"[2917, 1126, 11, 15]",12.84523257866513,<16,,,,FN
4046,4046.jpg,2,boat,,"[2948, 1027, 24, 33]",28.142494558940577,16-32,,,,FN
4046,4046.jpg,5,buoy,,"[2096, 1191, 17, 22]",19.339079605813716,16-32,,,,FN
4046,4046.jpg,5,buoy,,"[2918, 1126, 11, 15]",12.84523257866513,<16,,,,FN
4047,4047.jpg,5,buoy,,"[2098, 1191, 18, 22]",19.8997487421324,16-32,,,,FN
4047,4047.jpg,5,buoy,,"[2917, 1126, 11, 15]",12.84523257866513,<16,,,,FN
4048,4048.jpg,5,buoy,,"[2100, 1190, 17, 22]",19.339079605813716,16-32,,,,FN
4048,4048.jpg,5,buoy,,"[2919, 1124, 12, 15]",13.416407864998739,<16,,,,FN
4049,4049.jpg,5,buoy,,"[2100, 1188, 18, 22]",19.8997487421324,16-32,,,,FN
4049,4049.jpg,5,buoy,,"[2918, 1124, 12, 15]",13.416407864998739,<16,,,,FN
4050,4050.jpg,5,buoy,,"[2100, 1188, 18, 20]",18.973665961010276,16-32,,,,FN
4050,4050.jpg,5,buoy,,"[2919, 1124, 12, 15]",13.416407864998739,<16,,,,FN
4051,4051.jpg,5,buoy,,"[2100, 1185, 17, 22]",19.339079605813716,16-32,,,,FN
4051,4051.jpg,5,buoy,,"[2919, 1126, 12, 14]",12.96148139681572,<16,,,,FN
4052,4052.jpg,5,buoy,,"[2098, 1185, 17, 20]",18.439088914585774,16-32,,,,FN
4052,4052.jpg,5,buoy,,"[2920, 1124, 12, 14]",12.96148139681572,<16,,,,FN
4053,4053.jpg,5,buoy,,"[2098, 1187, 16, 20]",17.88854381999832,16-32,,,,FN
4053,4053.jpg,5,buoy,,"[2920, 1123, 12, 15]",13.416407864998739,<16,,,,FN
4054,4054.jpg,5,buoy,,"[2098, 1184, 15, 22]",18.16590212458495,16-32,,,,FN
4054,4054.jpg,5,buoy,,"[2921, 1122, 12, 15]",13.416407864998739,<16,,,,FN
4237,4237.jpg,1,swimmer,,"[237, 845, 14, 12]",12.96148139681572,<16,,,,FN
4238,4238.jpg,1,swimmer,,"[236, 839, 17, 18]",17.4928556845359,16-32,,,,FN
4239,4239.jpg,2,boat,,"[733, 638, 74, 24]",42.14261501141095,32-64,,,,FN
4239,4239.jpg,1,swimmer,,"[413, 899, 17, 13]",14.866068747318506,<16,,,,FN
4239,4239.jpg,1,swimmer,,"[240, 839, 14, 14]",14.0,<16,,,,FN
4240,4240.jpg,1,swimmer,,"[419, 897, 16, 12]",13.856406460551018,<16,,,,FN
4240,4240.jpg,1,swimmer,,"[244, 836, 15, 16]",15.491933384829668,<16,,,,FN
4241,4241.jpg,1,swimmer,,"[423, 895, 17, 14]",15.427248620541512,<16,,,,FN
4241,4241.jpg,1,swimmer,,"[248, 834, 15, 16]",15.491933384829668,<16,,,,FN
4242,4242.jpg,1,swimmer,,"[424, 893, 18, 15]",16.431676725154983,16-32,,,,FN
4242,4242.jpg,1,swimmer,,"[251, 833, 15, 16]",15.491933384829668,<16,,,,FN
4243,4243.jpg,1,swimmer,,"[427, 892, 19, 16]",17.435595774162696,16-32,,,,FN
4243,4243.jpg,1,swimmer,,"[253, 831, 17, 18]",17.4928556845359,16-32,,,,FN
4436,4436.jpg,1,swimmer,,"[2745, 683, 17, 14]",15.427248620541512,<16,,,,FN
4436,4436.jpg,1,swimmer,,"[2794, 711, 14, 11]",12.409673645990857,<16,,,,FN
4436,4436.jpg,1,swimmer,,"[2896, 689, 14, 12]",12.96148139681572,<16,,,,FN
4436,4436.jpg,1,swimmer,,"[2716, 668, 14, 12]",12.96148139681572,<16,,,,FN
4436,4436.jpg,1,swimmer,,"[3081, 769, 17, 14]",15.427248620541512,<16,,,,FN
4436,4436.jpg,1,swimmer,,"[2960, 683, 12, 12]",12.0,<16,,,,FN
4436,4436.jpg,1,swimmer,,"[2976, 726, 13, 12]",12.489995996796797,<16,,,,FN
4436,4436.jpg,1,swimmer,,"[3141, 715, 18, 17]",17.4928556845359,16-32,,,,FN
4436,4436.jpg,1,swimmer,,"[3122, 791, 18, 13]",15.297058540778355,<16,,,,FN
4436,4436.jpg,1,swimmer,,"[2688, 718, 16, 14]",14.966629547095765,<16,,,,FN
4437,4437.jpg,1,swimmer,,"[2782, 685, 16, 13]",14.422205101855956,<16,,,,FN
4437,4437.jpg,1,swimmer,,"[2829, 713, 14, 11]",12.409673645990857,<16,,,,FN
4437,4437.jpg,1,swimmer,,"[2932, 692, 15, 12]",13.416407864998739,<16,,,,FN
4437,4437.jpg,1,swimmer,,"[2753, 669, 15, 13]",13.96424004376894,<16,,,,FN
4437,4437.jpg,1,swimmer,,"[3116, 773, 17, 14]",15.427248620541512,<16,,,,FN
4437,4437.jpg,1,swimmer,,"[2997, 685, 14, 14]",14.0,<16,,,,FN
4437,4437.jpg,1,swimmer,,"[3018, 729, 16, 11]",13.2664991614216,<16,,,,FN
4437,4437.jpg,1,swimmer,,"[3180, 717, 17, 16]",16.492422502470642,16-32,,,,FN
4437,4437.jpg,1,swimmer,,"[3159, 796, 16, 12]",13.856406460551018,<16,,,,FN
4437,4437.jpg,1,swimmer,,"[2724, 722, 15, 14]",14.491376746189438,<16,,,,FN
4438,4438.jpg,1,swimmer,,"[2819, 687, 16, 13]",14.422205101855956,<16,,,,FN
4438,4438.jpg,1,swimmer,,"[2865, 714, 13, 10]",11.40175425099138,<16,,,,FN
4438,4438.jpg,1,swimmer,,"[2970, 695, 14, 12]",12.96148139681572,<16,,,,FN
4438,4438.jpg,1,swimmer,,"[3014, 773, 23, 17]",19.77371993328519,16-32,,,,FN
4438,4438.jpg,1,swimmer,,"[2791, 671, 14, 12]",12.96148139681572,<16,,,,FN
4438,4438.jpg,1,swimmer,,"[3150, 777, 16, 13]",14.422205101855956,<16,,,,FN
4438,4438.jpg,1,swimmer,,"[3033, 688, 12, 12]",12.0,<16,,,,FN
4438,4438.jpg,1,swimmer,,"[3052, 731, 17, 12]",14.2828568570857,<16,,,,FN
4438,4438.jpg,1,swimmer,,"[3217, 720, 19, 18]",18.49324200890693,16-32,,,,FN
4438,4438.jpg,1,swimmer,,"[2757, 723, 15, 13]",13.96424004376894,<16,,,,FN
4439,4439.jpg,1,swimmer,,"[2857, 693, 17, 14]",15.427248620541512,<16,,,,FN
4439,4439.jpg,1,swimmer,,"[2900, 720, 15, 11]",12.84523257866513,<16,,,,FN
4439,4439.jpg,1,swimmer,,"[3012, 700, 13, 11]",11.958260743101398,<16,,,,FN
4439,4439.jpg,1,swimmer,,"[3051, 782, 20, 16]",17.88854381999832,16-32,,,,FN
4439,4439.jpg,1,swimmer,,"[2830, 677, 15, 13]",13.96424004376894,<16,,,,FN
4439,4439.jpg,1,swimmer,,"[3186, 785, 14, 12]",12.96148139681572,<16,,,,FN
4439,4439.jpg,1,swimmer,,"[3071, 695, 15, 13]",13.96424004376894,<16,,,,FN
4439,4439.jpg,1,swimmer,,"[3092, 740, 17, 12]",14.2828568570857,<16,,,,FN
4439,4439.jpg,1,swimmer,,"[3257, 727, 23, 21]",21.97726097583591,16-32,,,,FN
4439,4439.jpg,1,swimmer,,"[3228, 807, 19, 14]",16.30950643030009,16-32,,,,FN
4439,4439.jpg,1,swimmer,,"[2790, 730, 14, 12]",12.96148139681572,<16,,,,FN
4440,4440.jpg,1,swimmer,,"[2897, 695, 16, 13]",14.422205101855956,<16,,,,FN
4440,4440.jpg,1,swimmer,,"[2938, 723, 14, 11]",12.409673645990857,<16,,,,FN
4440,4440.jpg,1,swimmer,,"[3050, 700, 15, 13]",13.96424004376894,<16,,,,FN
4440,4440.jpg,1,swimmer,,"[3086, 784, 22, 17]",19.339079605813716,16-32,,,,FN
4440,4440.jpg,1,swimmer,,"[2870, 678, 13, 11]",11.958260743101398,<16,,,,FN
4440,4440.jpg,1,swimmer,,"[3220, 789, 16, 13]",14.422205101855956,<16,,,,FN
4440,4440.jpg,1,swimmer,,"[3110, 696, 16, 14]",14.966629547095765,<16,,,,FN
4440,4440.jpg,1,swimmer,,"[3132, 742, 18, 13]",15.297058540778355,<16,,,,FN
4440,4440.jpg,1,swimmer,,"[3300, 729, 20, 15]",17.320508075688775,16-32,,,,FN
4440,4440.jpg,1,swimmer,,"[3269, 814, 15, 11]",12.84523257866513,<16,,,,FN
4440,4440.jpg,1,swimmer,,"[2826, 730, 16, 15]",15.491933384829668,<16,,,,FN
4441,4441.jpg,1,swimmer,,"[2938, 700, 15, 12]",13.416407864998739,<16,,,,FN
4441,4441.jpg,1,swimmer,,"[2978, 727, 15, 11]",12.84523257866513,<16,,,,FN
4441,4441.jpg,1,swimmer,,"[3089, 706, 16, 14]",14.966629547095765,<16,,,,FN
4441,4441.jpg,1,swimmer,,"[3121, 788, 22, 17]",19.339079605813716,16-32,,,,FN
4441,4441.jpg,1,swimmer,,"[2909, 683, 15, 13]",13.96424004376894,<16,,,,FN
4441,4441.jpg,1,swimmer,,"[3255, 796, 16, 13]",14.422205101855956,<16,,,,FN
4441,4441.jpg,1,swimmer,,"[3150, 701, 16, 14]",14.966629547095765,<16,,,,FN
4441,4441.jpg,1,swimmer,,"[3173, 749, 17, 12]",14.2828568570857,<16,,,,FN
4441,4441.jpg,1,swimmer,,"[3343, 735, 19, 14]",16.30950643030009,16-32,,,,FN
4441,4441.jpg,1,swimmer,,"[3305, 820, 19, 14]",16.30950643030009,16-32,,,,FN
4441,4441.jpg,1,swimmer,,"[2860, 735, 16, 15]",15.491933384829668,<16,,,,FN
4442,4442.jpg,1,swimmer,,"[2980, 704, 15, 13]",13.96424004376894,<16,,,,FN
4442,4442.jpg,1,swimmer,,"[3019, 731, 13, 10]",11.40175425099138,<16,,,,FN
4442,4442.jpg,1,swimmer,,"[3132, 711, 14, 12]",12.96148139681572,<16,,,,FN
4442,4442.jpg,1,swimmer,,"[3158, 795, 22, 16]",18.76166303929372,16-32,,,,FN
4442,4442.jpg,1,swimmer,,"[2953, 687, 14, 12]",12.96148139681572,<16,,,,FN
4442,4442.jpg,1,swimmer,,"[3293, 800, 18, 15]",16.431676725154983,16-32,,,,FN
4442,4442.jpg,1,swimmer,,"[3194, 705, 17, 14]",15.427248620541512,<16,,,,FN
4442,4442.jpg,1,swimmer,,"[3214, 755, 18, 13]",15.297058540778355,<16,,,,FN
4442,4442.jpg,1,swimmer,,"[3387, 740, 21, 16]",18.33030277982336,16-32,,,,FN
4442,4442.jpg,1,swimmer,,"[3346, 826, 17, 13]",14.866068747318506,<16,,,,FN
4442,4442.jpg,1,swimmer,,"[2896, 738, 14, 14]",14.0,<16,,,,FN
4482,4482.jpg,1,swimmer,,"[3264, 1397, 270, 202]",233.53800547234277,>64,,,,FN
4483,4483.jpg,1,swimmer,,"[3373, 1544, 191, 202]",196.4230129083657,>64,,,,FN
4486,4486.jpg,1,swimmer,,"[3415, 1385, 301, 247]",272.6664629176093,>64,,,,FN
4486,4486.jpg,1,swimmer,,"[3048, 992, 367, 253]",304.7146205878543,>64,,,,FN
4487,4487.jpg,1,swimmer,,"[667, 2001, 448, 159]",266.8932370817964,>64,,,,FN
4488,4488.jpg,1,swimmer,,"[625, 1995, 509, 164]",288.9221348391293,>64,,,,FN
4875,4875.jpg,1,swimmer,,"[1697, 1201, 115, 97]",105.61723344227494,>64,,,,FN
4875,4875.jpg,1,swimmer,,"[1794, 1450, 53, 82]",65.92419889539804,>64,,,,FN
4876,4876.jpg,1,swimmer,,"[1777, 1042, 51, 87]",66.61080993352356,>64,,,,FN
4886,4886.jpg,1,swimmer,,"[1899, 1502, 35, 39]",36.945906403822335,32-64,,,,FN
4888,4888.jpg,1,swimmer,,"[1905, 1354, 32, 38]",34.87119154832539,32-64,,,,FN
4889,4889.jpg,1,swimmer,,"[1900, 1290, 31, 37]",33.8673884437522,32-64,,,,FN
4894,4894.jpg,1,swimmer,,"[1903, 1023, 68, 31]",45.91296113299599,32-64,,,,FN
4894,4894.jpg,1,swimmer,,"[1954, 1145, 30, 27]",28.460498941515414,16-32,,,,FN
4897,4897.jpg,5,buoy,,"[2101, 782, 76, 105]",89.33084573650918,>64,,,,FN
4897,4897.jpg,1,swimmer,,"[2383, 1174, 33, 30]",31.464265445104548,16-32,,,,FN
4898,4898.jpg,1,swimmer,,"[2570, 1205, 33, 31]",31.984371183438952,16-32,,,,FN
4899,4899.jpg,1,swimmer,,"[2510, 1206, 31, 27]",28.930952282978865,16-32,,,,FN
4900,4900.jpg,1,swimmer,,"[2488, 1207, 34, 26]",29.732137494637012,16-32,,,,FN
4901,4901.jpg,1,swimmer,,"[2446, 1076, 77, 34]",51.16639522186413,32-64,,,,FN
4901,4901.jpg,1,swimmer,,"[2443, 1209, 34, 24]",28.5657137141714,16-32,,,,FN
4902,4902.jpg,1,swimmer,,"[2350, 1057, 79, 46]",60.28266749240614,32-64,,,,FN
4903,4903.jpg,1,swimmer,,"[2240, 1058, 75, 45]",58.09475019311125,32-64,,,,FN
4903,4903.jpg,1,swimmer,,"[2214, 1199, 31, 20]",24.899799195977465,16-32,,,,FN
4904,4904.jpg,1,swimmer,,"[2130, 1068, 52, 32]",40.792156108742276,32-64,,,,FN
4905,4905.jpg,1,swimmer,,"[1956, 1069, 64, 30]",43.81780460041329,32-64,,,,FN
4906,4906.jpg,1,swimmer,,"[1824, 1067, 47, 27]",35.62302626111375,32-64,,,,FN
4907,4907.jpg,1,swimmer,,"[1666, 1069, 46, 25]",33.91164991562634,32-64,,,,FN
4907,4907.jpg,1,swimmer,,"[1568, 1187, 27, 27]",27.0,16-32,,,,FN
4908,4908.jpg,1,swimmer,,"[1539, 1072, 45, 35]",39.68626966596886,32-64,,,,FN
4908,4908.jpg,1,swimmer,,"[1435, 1202, 26, 26]",26.0,16-32,,,,FN
4909,4909.jpg,1,swimmer,,"[1606, 1074, 51, 29]",38.45776904605882,32-64,,,,FN
4909,4909.jpg,1,swimmer,,"[1494, 1201, 27, 26]",26.49528259898354,16-32,,,,FN
4910,4910.jpg,1,swimmer,,"[1707, 1054, 89, 43]",61.862751312886175,32-64,,,,FN
4910,4910.jpg,1,swimmer,,"[1615, 1191, 25, 25]",25.0,16-32,,,,FN
4911,4911.jpg,1,swimmer,,"[1765, 1062, 78, 38]",54.4426303552648,32-64,,,,FN
4912,4912.jpg,1,swimmer,,"[1872, 1061, 72, 36]",50.91168824543142,32-64,,,,FN
4912,4912.jpg,1,swimmer,,"[1755, 1188, 31, 30]",30.495901363953813,16-32,,,,FN
4913,4913.jpg,1,swimmer,,"[1859, 1190, 31, 28]",29.46183972531247,16-32,,,,FN
4914,4914.jpg,1,swimmer,,"[2116, 1076, 83, 45]",61.11464636239009,32-64,,,,FN
4918,4918.jpg,1,swimmer,,"[2094, 1171, 28, 20]",23.664319132398465,16-32,,,,FN
4919,4919.jpg,1,swimmer,,"[2260, 1055, 56, 35]",44.27188724235731,32-64,,,,FN
4919,4919.jpg,1,swimmer,,"[2100, 1163, 29, 22]",25.25866188063018,16-32,,,,FN
4920,4920.jpg,1,swimmer,,"[2251, 1050, 63, 40]",50.19960159204453,32-64,,,,FN
4920,4920.jpg,1,swimmer,,"[2094, 1159, 30, 21]",25.099800796022265,16-32,,,,FN
4921,4921.jpg,1,swimmer,,"[2090, 1164, 30, 23]",26.267851073127396,16-32,,,,FN
4922,4922.jpg,1,swimmer,,"[2264, 1072, 69, 43]",54.47017532558529,32-64,,,,FN
4923,4923.jpg,1,swimmer,,"[2131, 1193, 30, 20]",24.49489742783178,16-32,,,,FN
4924,4924.jpg,1,swimmer,,"[2371, 1100, 73, 45]",57.3149195236284,32-64,,,,FN
4924,4924.jpg,1,swimmer,,"[2218, 1201, 31, 25]",27.83882181415011,16-32,,,,FN
4924,4924.jpg,3,jetski,,"[2899, 25, 57, 47]",51.75905717843013,32-64,,,,FN
5256,5256.jpg,1,swimmer,,"[1999, 544, 68, 33]",47.37087712930804,32-64,,,,FN
5256,5256.jpg,1,swimmer,,"[2074, 552, 20, 42]",28.982753492378876,16-32,,,,FN
5257,5257.jpg,1,swimmer,,"[2083, 685, 21, 35]",27.110883423451916,16-32,,,,FN
5258,5258.jpg,1,swimmer,,"[2032, 806, 53, 47]",49.90991885387112,32-64,,,,FN
5258,5258.jpg,1,swimmer,,"[2093, 825, 21, 33]",26.324893162176366,16-32,,,,FN
5308,5308.jpg,1,swimmer,,"[1761, 1388, 33, 57]",43.37049688440288,32-64,,,,FN
5308,5308.jpg,1,swimmer,,"[1811, 1251, 32, 31]",31.496031496047245,16-32,,,,FN
5308,5308.jpg,1,swimmer,,"[1891, 1156, 23, 33]",27.54995462791182,16-32,,,,FN
5309,5309.jpg,1,swimmer,,"[1895, 1167, 21, 29]",24.677925358506133,16-32,,,,FN
5310,5310.jpg,1,swimmer,,"[2048, 1341, 32, 29]",30.463092423455635,16-32,,,,FN
5311,5311.jpg,1,swimmer,,"[2036, 1345, 46, 38]",41.80908992073375,32-64,,,,FN
5312,5312.jpg,1,swimmer,,"[2043, 1344, 45, 33]",38.535697735995385,32-64,,,,FN
5313,5313.jpg,1,swimmer,,"[1895, 1159, 27, 38]",32.03123475609393,32-64,,,,FN
5314,5314.jpg,1,swimmer,,"[2050, 1317, 33, 28]",30.397368307141328,16-32,,,,FN
5314,5314.jpg,1,swimmer,,"[1960, 1257, 34, 36]",34.9857113690718,32-64,,,,FN
5314,5314.jpg,1,swimmer,,"[1896, 1169, 19, 26]",22.22611077089287,16-32,,,,FN
5543,5543.jpg,1,swimmer,,"[2063, 619, 68, 30]",45.16635916254486,32-64,,,,FN
5543,5543.jpg,1,swimmer,,"[2010, 1006, 62, 65]",63.48228099241551,32-64,,,,FN
5543,5543.jpg,1,swimmer,,"[1734, 674, 91, 26]",48.641546028061235,32-64,,,,FN
5543,5543.jpg,1,swimmer,,"[1595, 745, 56, 39]",46.73328578219169,32-64,,,,FN
5543,5543.jpg,1,swimmer,,"[1404, 662, 70, 39]",52.24940191045253,32-64,,,,FN
5543,5543.jpg,1,swimmer,,"[3160, 522, 47, 49]",47.989582202807306,32-64,,,,FN
5544,5544.jpg,1,swimmer,,"[1731, 721, 50, 44]",46.9041575982343,32-64,,,,FN
5544,5544.jpg,1,swimmer,,"[3206, 472, 52, 47]",49.4368283772331,32-64,,,,FN
5545,5545.jpg,1,swimmer,,"[1910, 695, 50, 45]",47.43416490252569,32-64,,,,FN
5545,5545.jpg,1,swimmer,,"[3324, 441, 61, 54]",57.39337940912697,32-64,,,,FN
5546,5546.jpg,1,swimmer,,"[2029, 676, 46, 42]",43.95452195167182,32-64,,,,FN
5546,5546.jpg,1,swimmer,,"[3421, 420, 46, 44]",44.98888751680797,32-64,,,,FN
5547,5547.jpg,1,swimmer,,"[2097, 669, 42, 45]",43.474130238568314,32-64,,,,FN
5547,5547.jpg,1,swimmer,,"[3467, 411, 52, 45]",48.373546489791295,32-64,,,,FN
5550,5550.jpg,1,swimmer,,"[3468, 393, 41, 43]",41.98809355043403,32-64,,,,FN
5551,5551.jpg,1,swimmer,,"[2559, 538, 90, 30]",51.96152422706632,32-64,,,,FN
5551,5551.jpg,1,swimmer,,"[3454, 386, 47, 51]",48.95916665957459,32-64,,,,FN
5552,5552.jpg,1,swimmer,,"[2568, 536, 72, 31]",47.24404724407086,32-64,,,,FN
5552,5552.jpg,1,swimmer,,"[1897, 609, 84, 40]",57.96550698475775,32-64,,,,FN
5552,5552.jpg,1,swimmer,,"[3437, 382, 62, 50]",55.67764362830022,32-64,,,,FN
5553,5553.jpg,1,swimmer,,"[3449, 378, 47, 44]",45.47526800360829,32-64,,,,FN
5554,5554.jpg,1,swimmer,,"[3440, 365, 51, 54]",52.478567053607705,32-64,,,,FN
5555,5555.jpg,1,swimmer,,"[3418, 365, 62, 51]",56.231663678038196,32-64,,,,FN
5556,5556.jpg,1,swimmer,,"[3433, 359, 41, 41]",41.0,32-64,,,,FN
5557,5557.jpg,1,swimmer,,"[2261, 583, 75, 34]",50.49752469181039,32-64,,,,FN
5558,5558.jpg,1,swimmer,,"[2258, 580, 83, 39]",56.894639466297704,32-64,,,,FN
5558,5558.jpg,1,swimmer,,"[1919, 599, 72, 54]",62.353829072479584,32-64,,,,FN
5558,5558.jpg,1,swimmer,,"[3399, 344, 62, 49]",55.11805511808268,32-64,,,,FN
5559,5559.jpg,1,swimmer,,"[2259, 579, 88, 38]",57.82732917920384,32-64,,,,FN
5559,5559.jpg,1,swimmer,,"[3408, 341, 46, 45]",45.4972526643093,32-64,,,,FN
5560,5560.jpg,1,swimmer,,"[3387, 339, 73, 39]",53.3572862878164,32-64,,,,FN
5561,5561.jpg,1,swimmer,,"[3374, 334, 71, 45]",56.52433104425032,32-64,,,,FN
5562,5562.jpg,1,swimmer,,"[3371, 336, 59, 36]",46.08687448721165,32-64,,,,FN
5563,5563.jpg,1,swimmer,,"[3352, 338, 67, 31]",45.574115460423364,32-64,,,,FN
5564,5564.jpg,1,swimmer,,"[3330, 335, 85, 31]",51.332251070842396,32-64,,,,FN
5565,5565.jpg,1,swimmer,,"[3340, 338, 57, 25]",37.749172176353746,32-64,,,,FN
5566,5566.jpg,1,swimmer,,"[3329, 342, 55, 26]",37.815340802378074,32-64,,,,FN
5567,5567.jpg,1,swimmer,,"[3308, 347, 77, 27]",45.59605246071199,32-64,,,,FN
5568,5568.jpg,1,swimmer,,"[3304, 348, 62, 27]",40.91454509095757,32-64,,,,FN
5569,5569.jpg,1,swimmer,,"[2288, 578, 68, 50]",58.309518948453004,32-64,,,,FN
5569,5569.jpg,1,swimmer,,"[3309, 351, 33, 22]",26.94438717061496,16-32,,,,FN
5570,5570.jpg,1,swimmer,,"[3299, 358, 31, 25]",27.83882181415011,16-32,,,,FN
5571,5571.jpg,1,swimmer,,"[3283, 360, 58, 28]",40.29888335921977,32-64,,,,FN
5572,5572.jpg,1,swimmer,,"[3294, 364, 35, 21]",27.110883423451916,16-32,,,,FN
5573,5573.jpg,1,swimmer,,"[3285, 365, 53, 27]",37.82856063875548,32-64,,,,FN
5574,5574.jpg,1,swimmer,,"[3271, 371, 58, 33]",43.749285708454714,32-64,,,,FN
5575,5575.jpg,1,swimmer,,"[3284, 379, 36, 23]",28.77498913987632,16-32,,,,FN
5576,5576.jpg,1,swimmer,,"[3276, 384, 49, 26]",35.6931365951495,32-64,,,,FN
5577,5577.jpg,1,swimmer,,"[2183, 493, 69, 35]",49.14264950122246,32-64,,,,FN
5577,5577.jpg,1,swimmer,,"[2016, 914, 99, 32]",56.28498911788115,32-64,,,,FN
5577,5577.jpg,1,swimmer,,"[1852, 580, 76, 37]",53.028294334251406,32-64,,,,FN
5577,5577.jpg,1,swimmer,,"[1688, 691, 78, 42]",57.23635208501674,32-64,,,,FN
5577,5577.jpg,1,swimmer,,"[1501, 643, 65, 46]",54.680892457969264,32-64,,,,FN
5577,5577.jpg,1,swimmer,,"[2742, 321, 45, 28]",35.4964786985977,32-64,,,,FN
6039,6039.jpg,1,swimmer,,"[2119, 1497, 43, 32]",37.094473981982816,32-64,,,,FN
6039,6039.jpg,1,swimmer,,"[2163, 1525, 32, 22]",26.5329983228432,16-32,,,,FN
6039,6039.jpg,5,buoy,,"[2098, 191, 14, 27]",19.44222209522358,16-32,,,,FN
6040,6040.jpg,1,swimmer,,"[2122, 1498, 43, 28]",34.698703145794944,32-64,,,,FN
6040,6040.jpg,5,buoy,,"[1968, 38, 15, 22]",18.16590212458495,16-32,,,,FN
6040,6040.jpg,5,buoy,,"[2097, 194, 13, 26]",18.384776310850235,16-32,,,,FN
6041,6041.jpg,1,swimmer,,"[2119, 1503, 42, 31]",36.08323710533743,32-64,,,,FN
6041,6041.jpg,5,buoy,,"[1968, 38, 16, 22]",18.76166303929372,16-32,,,,FN
6041,6041.jpg,5,buoy,,"[2096, 194, 14, 26]",19.078784028338912,16-32,,,,FN
6042,6042.jpg,1,swimmer,,"[1942, 1477, 46, 39]",42.35563716909474,32-64,,,,FN
6042,6042.jpg,1,swimmer,,"[2121, 1504, 40, 28]",33.46640106136302,32-64,,,,FN
6042,6042.jpg,1,swimmer,,"[2149, 1536, 37, 22]",28.53068523537421,16-32,,,,FN
6042,6042.jpg,5,buoy,,"[1965, 38, 14, 22]",17.549928774784245,16-32,,,,FN
6042,6042.jpg,5,buoy,,"[2095, 192, 13, 27]",18.734993995195193,16-32,,,,FN
6043,6043.jpg,1,swimmer,,"[1951, 1482, 30, 40]",34.64101615137755,32-64,,,,FN
6043,6043.jpg,1,swimmer,,"[2116, 1499, 33, 29]",30.93541659651604,16-32,,,,FN
6043,6043.jpg,1,swimmer,,"[1921, 1533, 25, 35]",29.58039891549808,16-32,,,,FN
6043,6043.jpg,1,swimmer,,"[2143, 1534, 38, 22]",28.91366458960192,16-32,,,,FN
6043,6043.jpg,5,buoy,,"[1962, 37, 15, 22]",18.16590212458495,16-32,,,,FN
6044,6044.jpg,1,swimmer,,"[1947, 1481, 30, 44]",36.3318042491699,32-64,,,,FN
6044,6044.jpg,1,swimmer,,"[2113, 1504, 34, 25]",29.154759474226502,16-32,,,,FN
6044,6044.jpg,1,swimmer,,"[1918, 1531, 27, 44]",34.46737587922817,32-64,,,,FN
6044,6044.jpg,1,swimmer,,"[2139, 1531, 38, 22]",28.91366458960192,16-32,,,,FN
6044,6044.jpg,5,buoy,,"[1961, 38, 14, 22]",17.549928774784245,16-32,,,,FN
6044,6044.jpg,5,buoy,,"[2091, 190, 14, 27]",19.44222209522358,16-32,,,,FN
6045,6045.jpg,1,swimmer,,"[1947, 1479, 29, 46]",36.52396473549935,32-64,,,,FN
6045,6045.jpg,1,swimmer,,"[2112, 1512, 33, 25]",28.722813232690143,16-32,,,,FN
6045,6045.jpg,1,swimmer,,"[1914, 1529, 29, 46]",36.52396473549935,32-64,,,,FN
6045,6045.jpg,1,swimmer,,"[2139, 1540, 38, 21]",28.24889378365107,16-32,,,,FN
6045,6045.jpg,5,buoy,,"[1961, 35, 15, 23]",18.57417562100671,16-32,,,,FN
6046,6046.jpg,1,swimmer,,"[1948, 1492, 26, 36]",30.59411708155671,16-32,,,,FN
6046,6046.jpg,1,swimmer,,"[2111, 1513, 31, 24]",27.27636339397171,16-32,,,,FN
6046,6046.jpg,1,swimmer,,"[1913, 1533, 27, 41]",33.27160951922825,32-64,,,,FN
6046,6046.jpg,1,swimmer,,"[2136, 1546, 37, 23]",29.171904291629644,16-32,,,,FN
6046,6046.jpg,5,buoy,,"[1960, 35, 15, 24]",18.973665961010276,16-32,,,,FN
6047,6047.jpg,1,swimmer,,"[1948, 1494, 25, 41]",32.01562118716424,32-64,,,,FN
6047,6047.jpg,1,swimmer,,"[2111, 1508, 32, 26]",28.844410203711913,16-32,,,,FN
6047,6047.jpg,1,swimmer,,"[1910, 1539, 27, 40]",32.863353450309965,32-64,,,,FN
6047,6047.jpg,1,swimmer,,"[2133, 1544, 37, 22]",28.53068523537421,16-32,,,,FN
6047,6047.jpg,5,buoy,,"[1961, 36, 15, 22]",18.16590212458495,16-32,,,,FN
6048,6048.jpg,1,swimmer,,"[1910, 1542, 27, 40]",32.863353450309965,32-64,,,,FN
6048,6048.jpg,1,swimmer,,"[2134, 1541, 39, 22]",29.29163703175362,16-32,,,,FN
6048,6048.jpg,5,buoy,,"[1962, 34, 15, 22]",18.16590212458495,16-32,,,,FN
6049,6049.jpg,1,swimmer,,"[1957, 1484, 27, 44]",34.46737587922817,32-64,,,,FN
6049,6049.jpg,1,swimmer,,"[2120, 1505, 31, 40]",35.21363372331802,32-64,,,,FN
6049,6049.jpg,1,swimmer,,"[1918, 1539, 26, 41]",32.64965543462902,32-64,,,,FN
6049,6049.jpg,1,swimmer,,"[2140, 1543, 42, 23]",31.080540535840107,16-32,,,,FN
6049,6049.jpg,5,buoy,,"[1971, 35, 15, 22]",18.16590212458495,16-32,,,,FN
6049,6049.jpg,5,buoy,,"[2103, 188, 14, 28]",19.79898987322333,16-32,,,,FN
6050,6050.jpg,1,swimmer,,"[1959, 1487, 27, 41]",33.27160951922825,32-64,,,,FN
6050,6050.jpg,1,swimmer,,"[2117, 1498, 31, 40]",35.21363372331802,32-64,,,,FN
6050,6050.jpg,1,swimmer,,"[1919, 1528, 29, 48]",37.30951621235526,32-64,,,,FN
6050,6050.jpg,1,swimmer,,"[2143, 1541, 39, 24]",30.59411708155671,16-32,,,,FN
6050,6050.jpg,5,buoy,,"[1972, 36, 15, 22]",18.16590212458495,16-32,,,,FN
6050,6050.jpg,5,buoy,,"[2103, 188, 14, 26]",19.078784028338912,16-32,,,,FN
6051,6051.jpg,1,swimmer,,"[1958, 1480, 29, 47]",36.91882988394946,32-64,,,,FN
6051,6051.jpg,1,swimmer,,"[2127, 1499, 31, 37]",33.8673884437522,32-64,,,,FN
6051,6051.jpg,1,swimmer,,"[1922, 1532, 28, 44]",35.09985754956849,32-64,,,,FN
6051,6051.jpg,5,buoy,,"[2107, 187, 14, 26]",19.078784028338912,16-32,,,,FN
6052,6052.jpg,1,swimmer,,"[1957, 1475, 29, 51]",38.45776904605882,32-64,,,,FN
6052,6052.jpg,1,swimmer,,"[2131, 1509, 29, 32]",30.463092423455635,16-32,,,,FN
6052,6052.jpg,1,swimmer,,"[1921, 1530, 28, 50]",37.416573867739416,32-64,,,,FN
6052,6052.jpg,1,swimmer,,"[2157, 1533, 34, 24]",28.5657137141714,16-32,,,,FN
6052,6052.jpg,5,buoy,,"[2111, 186, 13, 27]",18.734993995195193,16-32,,,,FN
6053,6053.jpg,1,swimmer,,"[1959, 1485, 26, 42]",33.04542328371661,32-64,,,,FN
6053,6053.jpg,1,swimmer,,"[1919, 1522, 31, 52]",40.149719799769464,32-64,,,,FN
6053,6053.jpg,1,swimmer,,"[2161, 1540, 33, 22]",26.94438717061496,16-32,,,,FN
6053,6053.jpg,5,buoy,,"[2111, 185, 14, 26]",19.078784028338912,16-32,,,,FN
6054,6054.jpg,1,swimmer,,"[1963, 1494, 27, 39]",32.449961479175904,32-64,,,,FN
6054,6054.jpg,1,swimmer,,"[2128, 1499, 32, 38]",34.87119154832539,32-64,,,,FN
6054,6054.jpg,1,swimmer,,"[1922, 1528, 31, 47]",38.17066936798463,32-64,,,,FN
6054,6054.jpg,1,swimmer,,"[2148, 1536, 44, 27]",34.46737587922817,32-64,,,,FN
6055,6055.jpg,1,swimmer,,"[1943, 1490, 27, 45]",34.85685011586675,32-64,,,,FN
6055,6055.jpg,1,swimmer,,"[2109, 1503, 29, 35]",31.85906464414798,16-32,,,,FN
6055,6055.jpg,1,swimmer,,"[1908, 1545, 26, 34]",29.732137494637012,16-32,,,,FN
6055,6055.jpg,1,swimmer,,"[2133, 1532, 35, 25]",29.58039891549808,16-32,,,,FN
6055,6055.jpg,5,buoy,,"[1956, 33, 17, 21]",18.894443627691185,16-32,,,,FN
6055,6055.jpg,5,buoy,,"[2089, 185, 14, 27]",19.44222209522358,16-32,,,,FN
6056,6056.jpg,1,swimmer,,"[2102, 1510, 33, 31]",31.984371183438952,16-32,,,,FN
6056,6056.jpg,1,swimmer,,"[2129, 1535, 33, 23]",27.54995462791182,16-32,,,,FN
6057,6057.jpg,1,swimmer,,"[1952, 1490, 27, 42]",33.67491648096547,32-64,,,,FN
6057,6057.jpg,1,swimmer,,"[1917, 1534, 31, 44]",36.932370625238775,32-64,,,,FN
6057,6057.jpg,1,swimmer,,"[2151, 1544, 30, 23]",26.267851073127396,16-32,,,,FN
6058,6058.jpg,1,swimmer,,"[1944, 1501, 28, 40]",33.46640106136302,32-64,,,,FN
6058,6058.jpg,1,swimmer,,"[1908, 1539, 28, 39]",33.04542328371661,32-64,,,,FN
6058,6058.jpg,1,swimmer,,"[2138, 1549, 35, 22]",27.748873851023216,16-32,,,,FN
6058,6058.jpg,5,buoy,,"[1914, 27, 16, 21]",18.33030277982336,16-32,,,,FN
6058,6058.jpg,5,buoy,,"[2052, 180, 16, 23]",19.183326093250876,16-32,,,,FN
6059,6059.jpg,1,swimmer,,"[2145, 1520, 33, 32]",32.49615361854384,32-64,,,,FN
6059,6059.jpg,1,swimmer,,"[2179, 1552, 37, 21]",27.874719729532707,16-32,,,,FN
6059,6059.jpg,5,buoy,,"[1921, 27, 17, 20]",18.439088914585774,16-32,,,,FN
6059,6059.jpg,5,buoy,,"[2063, 179, 16, 24]",19.595917942265423,16-32,,,,FN
6060,6060.jpg,1,swimmer,,"[2005, 1509, 27, 43]",34.07345007480164,32-64,,,,FN
6060,6060.jpg,1,swimmer,,"[2201, 1559, 38, 23]",29.563490998188964,16-32,,,,FN
6064,6064.jpg,1,swimmer,,"[2203, 1550, 30, 23]",26.267851073127396,16-32,,,,FN
6065,6065.jpg,1,swimmer,,"[2195, 1547, 33, 23]",27.54995462791182,16-32,,,,FN
6066,6066.jpg,1,swimmer,,"[2192, 1551, 35, 25]",29.58039891549808,16-32,,,,FN
6067,6067.jpg,1,swimmer,,"[2199, 1563, 27, 23]",24.919871588754223,16-32,,,,FN
6068,6068.jpg,5,buoy,,"[2083, 179, 16, 25]",20.0,16-32,,,,FN
6069,6069.jpg,1,swimmer,,"[2214, 1573, 43, 21]",30.04995840263344,16-32,,,,FN
6069,6069.jpg,5,buoy,,"[1932, 30, 16, 21]",18.33030277982336,16-32,,,,FN
6069,6069.jpg,5,buoy,,"[2081, 181, 16, 24]",19.595917942265423,16-32,,,,FN
6070,6070.jpg,1,swimmer,,"[2011, 1526, 27, 43]",34.07345007480164,32-64,,,,FN
6070,6070.jpg,5,buoy,,"[1934, 32, 16, 20]",17.88854381999832,16-32,,,,FN
6071,6071.jpg,5,buoy,,"[1936, 28, 16, 20]",17.88854381999832,16-32,,,,FN
6071,6071.jpg,5,buoy,,"[2081, 178, 15, 25]",19.364916731037084,16-32,,,,FN
6072,6072.jpg,5,buoy,,"[1098, 1338, 60, 84]",70.9929573971954,>64,,,,FN
6072,6072.jpg,3,jetski,,"[0, 721, 78, 33]",50.73460357586329,32-64,,,,FN
6072,6072.jpg,2,boat,,"[5, 550, 112, 131]",121.12803143781376,>64,,,,FN
6072,6072.jpg,1,swimmer,,"[1627, 1509, 30, 45]",36.742346141747674,32-64,,,,FN
6072,6072.jpg,1,swimmer,,"[1787, 1473, 27, 37]",31.606961258558215,16-32,,,,FN
6072,6072.jpg,1,swimmer,,"[1591, 1562, 40, 40]",40.0,32-64,,,,FN
6072,6072.jpg,1,swimmer,,"[1823, 1537, 77, 38]",54.092513345194085,32-64,,,,FN
6072,6072.jpg,5,buoy,,"[1439, 19, 16, 25]",20.0,16-32,,,,FN
6072,6072.jpg,5,buoy,,"[1596, 172, 17, 26]",21.02379604162864,16-32,,,,FN
6073,6073.jpg,5,buoy,,"[1095, 19, 15, 23]",18.57417562100671,16-32,,,,FN
6073,6073.jpg,5,buoy,,"[1274, 173, 17, 26]",21.02379604162864,16-32,,,,FN
6075,6075.jpg,1,swimmer,,"[1734, 1446, 30, 34]",31.937438845342623,16-32,,,,FN
6076,6076.jpg,1,swimmer,,"[1677, 1496, 37, 49]",42.579337712087536,32-64,,,,FN
6076,6076.jpg,1,swimmer,,"[1915, 1492, 91, 47]",65.39877674696982,>64,,,,FN
6076,6076.jpg,5,buoy,,"[1147, 21, 14, 21]",17.146428199482248,16-32,,,,FN
6076,6076.jpg,5,buoy,,"[1352, 178, 17, 27]",21.42428528562855,16-32,,,,FN
6077,6077.jpg,1,swimmer,,"[1923, 1436, 34, 33]",33.49626844888845,32-64,,,,FN
6077,6077.jpg,5,buoy,,"[1172, 30, 15, 19]",16.881943016134134,16-32,,,,FN
6077,6077.jpg,5,buoy,,"[1388, 182, 16, 26]",20.396078054371138,16-32,,,,FN
6078,6078.jpg,1,swimmer,,"[1999, 1436, 27, 36]",31.176914536239792,16-32,,,,FN
6078,6078.jpg,5,buoy,,"[1432, 189, 17, 24]",20.199009876724155,16-32,,,,FN
6079,6079.jpg,1,swimmer,,"[1911, 1444, 28, 33]",30.397368307141328,16-32,,,,FN
6079,6079.jpg,5,buoy,,"[1092, 49, 19, 20]",19.493588689617926,16-32,,,,FN
6079,6079.jpg,5,buoy,,"[1318, 199, 17, 23]",19.77371993328519,16-32,,,,FN
6080,6080.jpg,1,swimmer,,"[1790, 1536, 34, 45]",39.11521443121589,32-64,,,,FN
6080,6080.jpg,1,swimmer,,"[1902, 1442, 34, 36]",34.9857113690718,32-64,,,,FN
6080,6080.jpg,1,swimmer,,"[1769, 1574, 37, 43]",39.88734135035826,32-64,,,,FN
6080,6080.jpg,5,buoy,,"[1297, 198, 17, 25]",20.615528128088304,16-32,,,,FN
6081,6081.jpg,1,swimmer,,"[1660, 1549, 39, 46]",42.35563716909474,32-64,,,,FN
6081,6081.jpg,1,swimmer,,"[1947, 1492, 56, 39]",46.73328578219169,32-64,,,,FN
6081,6081.jpg,5,buoy,,"[1103, 205, 18, 29]",22.847319317591726,16-32,,,,FN
6081,6081.jpg,5,buoy,,"[862, 60, 17, 23]",19.77371993328519,16-32,,,,FN
6082,6082.jpg,1,swimmer,,"[1823, 1446, 27, 38]",32.03123475609393,32-64,,,,FN
6082,6082.jpg,5,buoy,,"[1112, 202, 19, 30]",23.874672772626646,16-32,,,,FN
6082,6082.jpg,5,buoy,,"[871, 61, 15, 22]",18.16590212458495,16-32,,,,FN
6083,6083.jpg,1,swimmer,,"[1856, 1444, 29, 40]",34.058772731852805,32-64,,,,FN
6083,6083.jpg,5,buoy,,"[875, 64, 16, 23]",19.183326093250876,16-32,,,,FN
6084,6084.jpg,1,swimmer,,"[1863, 1442, 26, 36]",30.59411708155671,16-32,,,,FN
6084,6084.jpg,1,swimmer,,"[2044, 1476, 72, 50]",60.0,32-64,,,,FN
6084,6084.jpg,5,buoy,,"[1123, 211, 18, 29]",22.847319317591726,16-32,,,,FN
6084,6084.jpg,5,buoy,,"[877, 68, 17, 23]",19.77371993328519,16-32,,,,FN
6085,6085.jpg,1,swimmer,,"[1855, 1431, 30, 39]",34.20526275297414,32-64,,,,FN
6086,6086.jpg,1,swimmer,,"[1841, 1413, 33, 52]",41.42463035441596,32-64,,,,FN
6087,6087.jpg,1,swimmer,,"[1844, 1428, 25, 33]",28.722813232690143,16-32,,,,FN
6088,6088.jpg,1,swimmer,,"[1835, 1408, 27, 47]",35.62302626111375,32-64,,,,FN
6090,6090.jpg,5,buoy,,"[1157, 500, 68, 77]",72.36021006050217,>64,,,,FN
6090,6090.jpg,2,boat,,"[2120, 45, 243, 105]",159.73415414368964,>64,,,,FN
6090,6090.jpg,1,swimmer,,"[1820, 456, 31, 23]",26.70205984563738,16-32,,,,FN
6090,6090.jpg,1,swimmer,,"[1719, 624, 60, 28]",40.98780306383839,32-64,,,,FN
6090,6090.jpg,1,swimmer,,"[1706, 650, 56, 43]",49.07137658554119,32-64,,,,FN
6090,6090.jpg,1,swimmer,,"[2046, 506, 51, 46]",48.43552415324934,32-64,,,,FN
6091,6091.jpg,1,swimmer,,"[1817, 252, 26, 24]",24.979991993593593,16-32,,,,FN
6091,6091.jpg,1,swimmer,,"[1718, 438, 60, 31]",43.12771730569565,32-64,,,,FN
6092,6092.jpg,1,swimmer,,"[1820, 260, 26, 26]",26.0,16-32,,,,FN
6092,6092.jpg,1,swimmer,,"[1722, 449, 59, 32]",43.45112196480086,32-64,,,,FN
6092,6092.jpg,1,swimmer,,"[1709, 484, 48, 37]",42.14261501141095,32-64,,,,FN
6094,6094.jpg,1,swimmer,,"[1725, 488, 72, 44]",56.28498911788115,32-64,,,,FN
6095,6095.jpg,1,swimmer,,"[1811, 300, 28, 25]",26.457513110645905,16-32,,,,FN
6096,6096.jpg,1,swimmer,,"[1804, 323, 42, 23]",31.080540535840107,16-32,,,,FN
6097,6097.jpg,1,swimmer,,"[1802, 343, 42, 23]",31.080540535840107,16-32,,,,FN
6097,6097.jpg,1,swimmer,,"[1743, 581, 38, 38]",38.0,32-64,,,,FN
6098,6098.jpg,1,swimmer,,"[1798, 367, 46, 27]",35.24202037341219,32-64,,,,FN
6641,6641.jpg,1,swimmer,,"[1803, 1104, 30, 25]",27.386127875258307,16-32,,,,FN
6641,6641.jpg,1,swimmer,,"[1495, 1088, 24, 28]",25.92296279363144,16-32,,,,FN
6641,6641.jpg,1,swimmer,,"[1536, 1315, 62, 39]",49.17316341257699,32-64,,,,FN
6641,6641.jpg,1,swimmer,,"[1589, 1403, 34, 31]",32.46536616149585,32-64,,,,FN
6641,6641.jpg,1,swimmer,,"[1484, 1409, 44, 32]",37.52332607858744,32-64,,,,FN
6641,6641.jpg,1,swimmer,,"[1482, 1469, 35, 35]",35.0,32-64,,,,FN
6641,6641.jpg,1,swimmer,,"[1964, 999, 28, 28]",28.0,16-32,,,,FN
6642,6642.jpg,1,swimmer,,"[1827, 1050, 24, 23]",23.49468024894146,16-32,,,,FN
6642,6642.jpg,1,swimmer,,"[1523, 1032, 19, 25]",21.79449471770337,16-32,,,,FN
6642,6642.jpg,1,swimmer,,"[1622, 1316, 34, 34]",34.0,32-64,,,,FN
6642,6642.jpg,1,swimmer,,"[1518, 1329, 44, 31]",36.932370625238775,32-64,,,,FN
6643,6643.jpg,1,swimmer,,"[1525, 1000, 22, 26]",23.916521486202797,16-32,,,,FN
6644,6644.jpg,1,swimmer,,"[1975, 917, 35, 24]",28.982753492378876,16-32,,,,FN
6644,6644.jpg,1,swimmer,,"[1824, 1019, 29, 21]",24.677925358506133,16-32,,,,FN
6644,6644.jpg,1,swimmer,,"[1527, 982, 18, 23]",20.346989949375804,16-32,,,,FN
6645,6645.jpg,1,swimmer,,"[1741, 1094, 53, 25]",36.40054944640259,32-64,,,,FN
6645,6645.jpg,1,swimmer,,"[1979, 920, 32, 22]",26.5329983228432,16-32,,,,FN
6645,6645.jpg,1,swimmer,,"[1826, 1021, 32, 20]",25.298221281347036,16-32,,,,FN
6645,6645.jpg,1,swimmer,,"[1534, 981, 18, 24]",20.784609690826528,16-32,,,,FN
6646,6646.jpg,1,swimmer,,"[1980, 920, 31, 21]",25.514701644346147,16-32,,,,FN
6646,6646.jpg,1,swimmer,,"[1829, 1019, 30, 18]",23.2379000772445,16-32,,,,FN
6646,6646.jpg,1,swimmer,,"[1538, 978, 19, 25]",21.79449471770337,16-32,,,,FN
6647,6647.jpg,1,swimmer,,"[1968, 917, 36, 23]",28.77498913987632,16-32,,,,FN
6647,6647.jpg,1,swimmer,,"[1832, 1017, 27, 19]",22.64950330581225,16-32,,,,FN
6648,6648.jpg,1,swimmer,,"[1955, 917, 40, 23]",30.331501776206203,16-32,,,,FN
6648,6648.jpg,1,swimmer,,"[1815, 1018, 28, 20]",23.664319132398465,16-32,,,,FN
6648,6648.jpg,1,swimmer,,"[1513, 980, 19, 23]",20.904544960366874,16-32,,,,FN
6648,6648.jpg,1,swimmer,,"[1608, 1212, 40, 25]",31.622776601683793,16-32,,,,FN
6648,6648.jpg,1,swimmer,,"[1521, 1287, 36, 47]",41.13392760240627,32-64,,,,FN
6649,6649.jpg,1,swimmer,,"[1843, 1017, 29, 23]",25.826343140289914,16-32,,,,FN
6649,6649.jpg,1,swimmer,,"[1537, 976, 21, 23]",21.97726097583591,16-32,,,,FN
6649,6649.jpg,1,swimmer,,"[1618, 1212, 51, 25]",35.70714214271425,32-64,,,,FN
6650,6650.jpg,1,swimmer,,"[2050, 914, 57, 24]",36.98648401781386,32-64,,,,FN
6650,6650.jpg,1,swimmer,,"[1903, 1018, 33, 24]",28.142494558940577,16-32,,,,FN
6651,6651.jpg,1,swimmer,,"[2163, 920, 56, 22]",35.09985754956849,32-64,,,,FN
6651,6651.jpg,1,swimmer,,"[2003, 1020, 32, 22]",26.5329983228432,16-32,,,,FN
6651,6651.jpg,1,swimmer,,"[1702, 960, 22, 23]",22.494443758403985,16-32,,,,FN
6651,6651.jpg,1,swimmer,,"[1772, 1275, 29, 27]",27.982137159266443,16-32,,,,FN
6652,6652.jpg,1,swimmer,,"[2063, 1024, 27, 19]",22.64950330581225,16-32,,,,FN
6652,6652.jpg,1,swimmer,,"[1815, 1265, 28, 30]",28.982753492378876,16-32,,,,FN
6653,6653.jpg,1,swimmer,,"[2066, 1024, 24, 17]",20.199009876724155,16-32,,,,FN
6653,6653.jpg,1,swimmer,,"[1804, 1256, 26, 32]",28.844410203711913,16-32,,,,FN
6653,6653.jpg,1,swimmer,,"[1703, 1255, 42, 31]",36.08323710533743,32-64,,,,FN
6654,6654.jpg,1,swimmer,,"[2130, 1029, 21, 14]",17.146428199482248,16-32,,,,FN
6654,6654.jpg,1,swimmer,,"[1811, 950, 25, 22]",23.45207879911715,16-32,,,,FN
6654,6654.jpg,1,swimmer,,"[1854, 1252, 27, 28]",27.49545416973504,16-32,,,,FN
6654,6654.jpg,1,swimmer,,"[1757, 1247, 41, 30]",35.07135583350036,32-64,,,,FN
6655,6655.jpg,1,swimmer,,"[2194, 1032, 17, 18]",17.4928556845359,16-32,,,,FN
6655,6655.jpg,1,swimmer,,"[1907, 1244, 27, 28]",27.49545416973504,16-32,,,,FN
6655,6655.jpg,1,swimmer,,"[1808, 1239, 45, 32]",37.94733192202055,32-64,,,,FN
6655,6655.jpg,1,swimmer,,"[1781, 1308, 50, 23]",33.91164991562634,32-64,,,,FN
6657,6657.jpg,1,swimmer,,"[2006, 1174, 25, 24]",24.49489742783178,16-32,,,,FN
6657,6657.jpg,1,swimmer,,"[1954, 1239, 27, 29]",27.982137159266443,16-32,,,,FN
6658,6658.jpg,1,swimmer,,"[2369, 946, 61, 27]",40.58324777540605,32-64,,,,FN
6658,6658.jpg,1,swimmer,,"[1907, 939, 22, 23]",22.494443758403985,16-32,,,,FN
6658,6658.jpg,1,swimmer,,"[1954, 1172, 27, 25]",25.98076211353316,16-32,,,,FN
6658,6658.jpg,1,swimmer,,"[1804, 1223, 39, 30]",34.20526275297414,32-64,,,,FN
6659,6659.jpg,1,swimmer,,"[2141, 1037, 26, 20]",22.80350850198276,16-32,,,,FN
6660,6660.jpg,1,swimmer,,"[2228, 946, 61, 26]",39.824615503479755,32-64,,,,FN
6660,6660.jpg,1,swimmer,,"[1775, 925, 20, 25]",22.360679774997898,16-32,,,,FN
6660,6660.jpg,1,swimmer,,"[1811, 1176, 21, 21]",21.0,16-32,,,,FN
6660,6660.jpg,1,swimmer,,"[2080, 1039, 27, 21]",23.811761799581316,16-32,,,,FN
6661,6661.jpg,1,swimmer,,"[2184, 943, 56, 26]",38.157568056677825,32-64,,,,FN
6661,6661.jpg,1,swimmer,,"[1725, 925, 25, 22]",23.45207879911715,16-32,,,,FN
6661,6661.jpg,1,swimmer,,"[1754, 1182, 17, 20]",18.439088914585774,16-32,,,,FN
6661,6661.jpg,1,swimmer,,"[1671, 1247, 26, 22]",23.916521486202797,16-32,,,,FN
6662,6662.jpg,1,swimmer,,"[1770, 919, 29, 23]",25.826343140289914,16-32,,,,FN
6662,6662.jpg,1,swimmer,,"[1783, 1177, 18, 19]",18.49324200890693,16-32,,,,FN
6663,6663.jpg,1,swimmer,,"[1838, 922, 31, 20]",24.899799195977465,16-32,,,,FN
6663,6663.jpg,1,swimmer,,"[1825, 1170, 23, 19]",20.904544960366874,16-32,,,,FN
6663,6663.jpg,1,swimmer,,"[1667, 1209, 37, 28]",32.18695387886216,32-64,,,,FN
6664,6664.jpg,1,swimmer,,"[2341, 967, 68, 26]",42.04759208325728,32-64,,,,FN
6664,6664.jpg,1,swimmer,,"[1889, 925, 34, 19]",25.41653005427767,16-32,,,,FN
6664,6664.jpg,1,swimmer,,"[1858, 1159, 28, 20]",23.664319132398465,16-32,,,,FN
6665,6665.jpg,1,swimmer,,"[2352, 970, 61, 27]",40.58324777540605,32-64,,,,FN
6665,6665.jpg,1,swimmer,,"[1908, 921, 27, 21]",23.811761799581316,16-32,,,,FN
6665,6665.jpg,1,swimmer,,"[1857, 1150, 26, 17]",21.02379604162864,16-32,,,,FN
6665,6665.jpg,1,swimmer,,"[1616, 1257, 51, 23]",34.249087579087416,32-64,,,,FN
6666,6666.jpg,1,swimmer,,"[1743, 1211, 29, 20]",24.08318915758459,16-32,,,,FN
6666,6666.jpg,5,buoy,,"[11, 133, 26, 29]",27.459060435491963,16-32,,,,FN
6666,6666.jpg,1,swimmer,,"[2188, 1057, 32, 22]",26.5329983228432,16-32,,,,FN
6667,6667.jpg,1,swimmer,,"[2361, 978, 66, 27]",42.21374183841087,32-64,,,,FN
6667,6667.jpg,1,swimmer,,"[1694, 1158, 39, 29]",33.63034344160047,32-64,,,,FN
6667,6667.jpg,1,swimmer,,"[1606, 1223, 48, 22]",32.49615361854384,32-64,,,,FN
6667,6667.jpg,5,buoy,,"[169, 116, 26, 29]",27.459060435491963,16-32,,,,FN
6667,6667.jpg,1,swimmer,,"[2199, 1062, 27, 19]",22.64950330581225,16-32,,,,FN
6668,6668.jpg,1,swimmer,,"[2364, 969, 64, 31]",44.54211490264017,32-64,,,,FN
6668,6668.jpg,1,swimmer,,"[1948, 892, 28, 21]",24.24871130596428,16-32,,,,FN
6668,6668.jpg,1,swimmer,,"[1852, 1122, 31, 17]",22.956480566497994,16-32,,,,FN
6668,6668.jpg,1,swimmer,,"[1599, 1207, 47, 22]",32.155870381627054,32-64,,,,FN
6668,6668.jpg,5,buoy,,"[322, 100, 25, 28]",26.457513110645905,16-32,,,,FN
6669,6669.jpg,1,swimmer,,"[2353, 964, 79, 31]",49.48737212663449,32-64,,,,FN
6669,6669.jpg,1,swimmer,,"[1956, 878, 25, 22]",23.45207879911715,16-32,,,,FN
6669,6669.jpg,1,swimmer,,"[1847, 1113, 25, 17]",20.615528128088304,16-32,,,,FN
6669,6669.jpg,1,swimmer,,"[1711, 1172, 24, 19]",21.354156504062622,16-32,,,,FN
6669,6669.jpg,5,buoy,,"[453, 85, 24, 26]",24.979991993593593,16-32,,,,FN
6670,6670.jpg,1,swimmer,,"[1977, 868, 23, 21]",21.97726097583591,16-32,,,,FN
6670,6670.jpg,1,swimmer,,"[1849, 1105, 26, 18]",21.633307652783937,16-32,,,,FN
6670,6670.jpg,1,swimmer,,"[1702, 1156, 38, 24]",30.199337741083,16-32,,,,FN
6670,6670.jpg,1,swimmer,,"[1680, 1116, 36, 28]",31.74901573277509,16-32,,,,FN
6670,6670.jpg,5,buoy,,"[591, 71, 24, 24]",24.0,16-32,,,,FN
6671,6671.jpg,1,swimmer,,"[2130, 1060, 25, 28]",26.457513110645905,16-32,,,,FN
6671,6671.jpg,1,swimmer,,"[2374, 956, 53, 27]",37.82856063875548,32-64,,,,FN
6671,6671.jpg,1,swimmer,,"[1997, 855, 32, 20]",25.298221281347036,16-32,,,,FN
6671,6671.jpg,1,swimmer,,"[1862, 1092, 23, 15]",18.57417562100671,16-32,,,,FN
6671,6671.jpg,1,swimmer,,"[1706, 1137, 42, 30]",35.4964786985977,32-64,,,,FN
6671,6671.jpg,5,buoy,,"[748, 58, 22, 25]",23.45207879911715,16-32,,,,FN
6672,6672.jpg,1,swimmer,,"[1866, 1072, 25, 15]",19.364916731037084,16-32,,,,FN
6672,6672.jpg,1,swimmer,,"[1700, 1117, 41, 26]",32.64965543462902,32-64,,,,FN
6672,6672.jpg,1,swimmer,,"[1702, 1077, 36, 27]",31.176914536239792,16-32,,,,FN
6672,6672.jpg,5,buoy,,"[893, 44, 21, 24]",22.44994432064365,16-32,,,,FN
6672,6672.jpg,1,swimmer,,"[2210, 1029, 33, 24]",28.142494558940577,16-32,,,,FN
6673,6673.jpg,1,swimmer,,"[2035, 830, 27, 21]",23.811761799581316,16-32,,,,FN
6673,6673.jpg,1,swimmer,,"[1860, 1047, 26, 17]",21.02379604162864,16-32,,,,FN
6673,6673.jpg,1,swimmer,,"[1702, 1057, 31, 25]",27.83882181415011,16-32,,,,FN
6673,6673.jpg,1,swimmer,,"[1571, 1110, 48, 19]",30.199337741083,16-32,,,,FN
6673,6673.jpg,5,buoy,,"[1025, 34, 20, 24]",21.908902300206645,16-32,,,,FN
6673,6673.jpg,1,swimmer,,"[2198, 1020, 34, 23]",27.964262908219126,16-32,,,,FN
6674,6674.jpg,1,swimmer,,"[2113, 1027, 26, 24]",24.979991993593593,16-32,,,,FN
6674,6674.jpg,1,swimmer,,"[2054, 821, 26, 18]",21.633307652783937,16-32,,,,FN
6674,6674.jpg,1,swimmer,,"[1859, 1028, 28, 19]",23.065125189341593,16-32,,,,FN
6674,6674.jpg,1,swimmer,,"[1684, 1075, 47, 23]",32.87856444554719,32-64,,,,FN
6674,6674.jpg,1,swimmer,,"[1702, 1033, 30, 24]",26.832815729997478,16-32,,,,FN
6674,6674.jpg,5,buoy,,"[1157, 26, 20, 23]",21.447610589527216,16-32,,,,FN
6674,6674.jpg,1,swimmer,,"[2194, 1010, 32, 24]",27.712812921102035,16-32,,,,FN
6675,6675.jpg,1,swimmer,,"[2112, 1015, 25, 23]",23.979157616563597,16-32,,,,FN
6675,6675.jpg,1,swimmer,,"[2392, 919, 34, 29]",31.400636936215164,16-32,,,,FN
6675,6675.jpg,1,swimmer,,"[1860, 1012, 38, 15]",23.874672772626646,16-32,,,,FN
6675,6675.jpg,1,swimmer,,"[1682, 1054, 41, 20]",28.635642126552707,16-32,,,,FN
6675,6675.jpg,1,swimmer,,"[1578, 1063, 42, 16]",25.92296279363144,16-32,,,,FN
6675,6675.jpg,5,buoy,,"[1292, 17, 22, 23]",22.494443758403985,16-32,,,,FN
6676,6676.jpg,1,swimmer,,"[2094, 1006, 25, 22]",23.45207879911715,16-32,,,,FN
6676,6676.jpg,1,swimmer,,"[2381, 913, 36, 28]",31.74901573277509,16-32,,,,FN
6676,6676.jpg,1,swimmer,,"[1841, 997, 34, 15]",22.58317958127243,16-32,,,,FN
6676,6676.jpg,1,swimmer,,"[1662, 1027, 39, 21]",28.61817604250837,16-32,,,,FN
6676,6676.jpg,1,swimmer,,"[1690, 981, 34, 23]",27.964262908219126,16-32,,,,FN
6676,6676.jpg,5,buoy,,"[1417, 8, 18, 22]",19.8997487421324,16-32,,,,FN
6676,6676.jpg,1,swimmer,,"[2177, 989, 31, 24]",27.27636339397171,16-32,,,,FN
6677,6677.jpg,1,swimmer,,"[1949, 993, 25, 25]",25.0,16-32,,,,FN
6677,6677.jpg,1,swimmer,,"[2233, 906, 33, 22]",26.94438717061496,16-32,,,,FN
6677,6677.jpg,1,swimmer,,"[1954, 796, 20, 19]",19.493588689617926,16-32,,,,FN
6677,6677.jpg,1,swimmer,,"[1707, 984, 31, 17]",22.956480566497994,16-32,,,,FN
6677,6677.jpg,1,swimmer,,"[1516, 1009, 36, 24]",29.393876913398138,16-32,,,,FN
6677,6677.jpg,1,swimmer,,"[1548, 970, 32, 22]",26.5329983228432,16-32,,,,FN
6677,6677.jpg,5,buoy,,"[1384, 5, 15, 22]",18.16590212458495,16-32,,,,FN
6677,6677.jpg,1,swimmer,,"[2038, 979, 22, 23]",22.494443758403985,16-32,,,,FN
6678,6678.jpg,1,swimmer,,"[1824, 980, 23, 23]",23.0,16-32,,,,FN
6678,6678.jpg,1,swimmer,,"[1842, 780, 19, 21]",19.974984355438178,16-32,,,,FN
6678,6678.jpg,1,swimmer,,"[1590, 974, 33, 16]",22.978250586152114,16-32,,,,FN
6678,6678.jpg,1,swimmer,,"[1430, 965, 30, 20]",24.49489742783178,16-32,,,,FN
6678,6678.jpg,2,boat,,"[1392, 0, 123, 116]",119.44873377311289,>64,,,,FN
6678,6678.jpg,5,buoy,,"[1349, 0, 15, 20]",17.320508075688775,16-32,,,,FN
6678,6678.jpg,1,swimmer,,"[1916, 968, 17, 20]",18.439088914585774,16-32,,,,FN
6679,6679.jpg,1,swimmer,,"[1740, 967, 24, 23]",23.49468024894146,16-32,,,,FN
6679,6679.jpg,1,swimmer,,"[1764, 770, 22, 20]",20.97617696340303,16-32,,,,FN
6679,6679.jpg,1,swimmer,,"[1507, 962, 25, 18]",21.213203435596427,16-32,,,,FN
6679,6679.jpg,1,swimmer,,"[1305, 986, 29, 26]",27.459060435491963,16-32,,,,FN
6679,6679.jpg,5,buoy,,"[1328, 0, 12, 16]",13.856406460551018,<16,,,,FN
6679,6679.jpg,1,swimmer,,"[1828, 956, 15, 19]",16.881943016134134,16-32,,,,FN
6680,6680.jpg,1,swimmer,,"[1972, 877, 34, 23]",27.964262908219126,16-32,,,,FN
6680,6680.jpg,1,swimmer,,"[1719, 762, 20, 19]",19.493588689617926,16-32,,,,FN
6680,6680.jpg,1,swimmer,,"[1468, 954, 21, 15]",17.74823934929885,16-32,,,,FN
6680,6680.jpg,1,swimmer,,"[1776, 949, 15, 17]",15.968719422671311,<16,,,,FN
6681,6681.jpg,1,swimmer,,"[1673, 952, 25, 22]",23.45207879911715,16-32,,,,FN
6681,6681.jpg,1,swimmer,,"[1950, 872, 36, 23]",28.77498913987632,16-32,,,,FN
6681,6681.jpg,1,swimmer,,"[1242, 985, 22, 23]",22.494443758403985,16-32,,,,FN
6681,6681.jpg,1,swimmer,,"[1286, 945, 32, 21]",25.92296279363144,16-32,,,,FN
6682,6682.jpg,1,swimmer,,"[1673, 952, 24, 22]",22.978250586152114,16-32,,,,FN
6682,6682.jpg,1,swimmer,,"[1949, 861, 32, 24]",27.712812921102035,16-32,,,,FN
6682,6682.jpg,1,swimmer,,"[1243, 980, 22, 22]",22.0,16-32,,,,FN
6682,6682.jpg,1,swimmer,,"[1279, 943, 31, 21]",25.514701644346147,16-32,,,,FN
6683,6683.jpg,1,swimmer,,"[1950, 855, 34, 24]",28.5657137141714,16-32,,,,FN
6683,6683.jpg,1,swimmer,,"[1690, 744, 22, 17]",19.339079605813716,16-32,,,,FN
6683,6683.jpg,1,swimmer,,"[1456, 956, 24, 17]",20.199009876724155,16-32,,,,FN
6683,6683.jpg,1,swimmer,,"[1242, 973, 23, 26]",24.454038521274967,16-32,,,,FN
6683,6683.jpg,1,swimmer,,"[1279, 941, 33, 22]",26.94438717061496,16-32,,,,FN
6683,6683.jpg,1,swimmer,,"[1757, 949, 18, 18]",18.0,16-32,,,,FN
6684,6684.jpg,1,swimmer,,"[1950, 850, 30, 23]",26.267851073127396,16-32,,,,FN
6684,6684.jpg,1,swimmer,,"[1688, 746, 22, 16]",18.76166303929372,16-32,,,,FN
6684,6684.jpg,1,swimmer,,"[1456, 952, 24, 16]",19.595917942265423,16-32,,,,FN
6684,6684.jpg,1,swimmer,,"[1241, 971, 26, 25]",25.495097567963924,16-32,,,,FN
6684,6684.jpg,1,swimmer,,"[1282, 942, 32, 21]",25.92296279363144,16-32,,,,FN
6684,6684.jpg,1,swimmer,,"[1759, 949, 19, 17]",17.97220075561143,16-32,,,,FN
6685,6685.jpg,1,swimmer,,"[1682, 742, 22, 17]",19.339079605813716,16-32,,,,FN
6685,6685.jpg,1,swimmer,,"[1461, 952, 21, 15]",17.74823934929885,16-32,,,,FN
6685,6685.jpg,1,swimmer,,"[1242, 975, 25, 26]",25.495097567963924,16-32,,,,FN
6685,6685.jpg,1,swimmer,,"[1281, 940, 30, 21]",25.099800796022265,16-32,,,,FN
6685,6685.jpg,1,swimmer,,"[1760, 949, 21, 20]",20.493901531919196,16-32,,,,FN
6686,6686.jpg,1,swimmer,,"[1674, 741, 22, 16]",18.76166303929372,16-32,,,,FN
6686,6686.jpg,1,swimmer,,"[1464, 950, 16, 16]",16.0,16-32,,,,FN
6686,6686.jpg,1,swimmer,,"[1245, 975, 24, 23]",23.49468024894146,16-32,,,,FN
6686,6686.jpg,1,swimmer,,"[1282, 939, 30, 21]",25.099800796022265,16-32,,,,FN
6686,6686.jpg,1,swimmer,,"[1758, 949, 21, 19]",19.974984355438178,16-32,,,,FN
6687,6687.jpg,1,swimmer,,"[1669, 736, 21, 15]",17.74823934929885,16-32,,,,FN
6687,6687.jpg,1,swimmer,,"[1464, 946, 16, 19]",17.435595774162696,16-32,,,,FN
6687,6687.jpg,1,swimmer,,"[1246, 972, 23, 24]",23.49468024894146,16-32,,,,FN
6687,6687.jpg,1,swimmer,,"[1280, 940, 27, 19]",22.64950330581225,16-32,,,,FN
6688,6688.jpg,1,swimmer,,"[1686, 947, 21, 22]",21.494185260204677,16-32,,,,FN
6688,6688.jpg,1,swimmer,,"[1664, 736, 21, 16]",18.33030277982336,16-32,,,,FN
6688,6688.jpg,1,swimmer,,"[1470, 947, 18, 17]",17.4928556845359,16-32,,,,FN
6688,6688.jpg,1,swimmer,,"[1246, 969, 25, 25]",25.0,16-32,,,,FN
6688,6688.jpg,1,swimmer,,"[1278, 941, 26, 19]",22.22611077089287,16-32,,,,FN
6688,6688.jpg,1,swimmer,,"[1747, 943, 22, 19]",20.445048300260872,16-32,,,,FN
6689,6689.jpg,1,swimmer,,"[1683, 945, 21, 21]",21.0,16-32,,,,FN
6689,6689.jpg,1,swimmer,,"[1663, 735, 21, 15]",17.74823934929885,16-32,,,,FN
6689,6689.jpg,1,swimmer,,"[1469, 947, 17, 15]",15.968719422671311,<16,,,,FN
6689,6689.jpg,1,swimmer,,"[1247, 974, 25, 24]",24.49489742783178,16-32,,,,FN
6689,6689.jpg,1,swimmer,,"[1278, 942, 26, 19]",22.22611077089287,16-32,,,,FN
6690,6690.jpg,1,swimmer,,"[1679, 944, 20, 21]",20.493901531919196,16-32,,,,FN
6690,6690.jpg,1,swimmer,,"[1904, 843, 29, 23]",25.826343140289914,16-32,,,,FN
6690,6690.jpg,1,swimmer,,"[1659, 732, 21, 16]",18.33030277982336,16-32,,,,FN
6690,6690.jpg,1,swimmer,,"[1469, 950, 18, 14]",15.874507866387544,<16,,,,FN
6690,6690.jpg,1,swimmer,,"[1278, 939, 28, 20]",23.664319132398465,16-32,,,,FN
6690,6690.jpg,1,swimmer,,"[1738, 939, 22, 21]",21.494185260204677,16-32,,,,FN
6691,6691.jpg,1,swimmer,,"[1672, 948, 20, 21]",20.493901531919196,16-32,,,,FN
6691,6691.jpg,1,swimmer,,"[1901, 843, 31, 21]",25.514701644346147,16-32,,,,FN
6691,6691.jpg,1,swimmer,,"[1653, 728, 21, 16]",18.33030277982336,16-32,,,,FN
6691,6691.jpg,1,swimmer,,"[1467, 950, 22, 15]",18.16590212458495,16-32,,,,FN
6691,6691.jpg,1,swimmer,,"[1252, 971, 24, 23]",23.49468024894146,16-32,,,,FN
6691,6691.jpg,1,swimmer,,"[1275, 939, 32, 21]",25.92296279363144,16-32,,,,FN
6692,6692.jpg,1,swimmer,,"[1668, 951, 19, 20]",19.493588689617926,16-32,,,,FN
6692,6692.jpg,1,swimmer,,"[1897, 838, 29, 22]",25.25866188063018,16-32,,,,FN
6692,6692.jpg,1,swimmer,,"[1647, 727, 23, 17]",19.77371993328519,16-32,,,,FN
6692,6692.jpg,1,swimmer,,"[1460, 948, 28, 18]",22.44994432064365,16-32,,,,FN
6692,6692.jpg,1,swimmer,,"[1251, 968, 25, 24]",24.49489742783178,16-32,,,,FN
6692,6692.jpg,1,swimmer,,"[1271, 941, 32, 21]",25.92296279363144,16-32,,,,FN
6693,6693.jpg,1,swimmer,,"[1667, 951, 19, 19]",19.0,16-32,,,,FN
6693,6693.jpg,1,swimmer,,"[1643, 729, 22, 16]",18.76166303929372,16-32,,,,FN
6693,6693.jpg,1,swimmer,,"[1460, 946, 27, 17]",21.42428528562855,16-32,,,,FN
6693,6693.jpg,1,swimmer,,"[1250, 966, 26, 25]",25.495097567963924,16-32,,,,FN
6693,6693.jpg,1,swimmer,,"[1269, 939, 31, 21]",25.514701644346147,16-32,,,,FN
6693,6693.jpg,1,swimmer,,"[1128, 981, 51, 21]",32.72613634390714,32-64,,,,FN
6694,6694.jpg,1,swimmer,,"[1663, 950, 20, 21]",20.493901531919196,16-32,,,,FN
6694,6694.jpg,1,swimmer,,"[1889, 830, 29, 23]",25.826343140289914,16-32,,,,FN
6694,6694.jpg,1,swimmer,,"[1636, 732, 22, 16]",18.76166303929372,16-32,,,,FN
6694,6694.jpg,1,swimmer,,"[1447, 951, 33, 18]",24.372115213907882,16-32,,,,FN
6694,6694.jpg,1,swimmer,,"[1248, 966, 26, 24]",24.979991993593593,16-32,,,,FN
6694,6694.jpg,1,swimmer,,"[1264, 936, 31, 20]",24.899799195977465,16-32,,,,FN
6695,6695.jpg,1,swimmer,,"[1659, 949, 20, 21]",20.493901531919196,16-32,,,,FN
6695,6695.jpg,1,swimmer,,"[1883, 833, 29, 22]",25.25866188063018,16-32,,,,FN
6695,6695.jpg,1,swimmer,,"[1630, 733, 21, 16]",18.33030277982336,16-32,,,,FN
6695,6695.jpg,1,swimmer,,"[1446, 950, 37, 18]",25.80697580112788,16-32,,,,FN
6695,6695.jpg,1,swimmer,,"[1249, 966, 23, 23]",23.0,16-32,,,,FN
6695,6695.jpg,1,swimmer,,"[1263, 940, 29, 21]",24.677925358506133,16-32,,,,FN
6695,6695.jpg,1,swimmer,,"[1123, 979, 53, 23]",34.91418050019218,32-64,,,,FN
6696,6696.jpg,1,swimmer,,"[1626, 729, 22, 16]",18.76166303929372,16-32,,,,FN
6696,6696.jpg,1,swimmer,,"[1251, 968, 23, 22]",22.494443758403985,16-32,,,,FN
6696,6696.jpg,1,swimmer,,"[1258, 947, 33, 20]",25.69046515733026,16-32,,,,FN
6697,6697.jpg,1,swimmer,,"[1624, 729, 20, 16]",17.88854381999832,16-32,,,,FN
6697,6697.jpg,1,swimmer,,"[1249, 973, 23, 28]",25.37715508089904,16-32,,,,FN
6697,6697.jpg,1,swimmer,,"[1254, 950, 29, 20]",24.08318915758459,16-32,,,,FN
6698,6698.jpg,1,swimmer,,"[1623, 726, 17, 18]",17.4928556845359,16-32,,,,FN
6698,6698.jpg,1,swimmer,,"[1454, 960, 23, 16]",19.183326093250876,16-32,,,,FN
6698,6698.jpg,1,swimmer,,"[1250, 980, 22, 22]",22.0,16-32,,,,FN
6699,6699.jpg,1,swimmer,,"[1620, 725, 18, 18]",18.0,16-32,,,,FN
6699,6699.jpg,1,swimmer,,"[1450, 967, 25, 16]",20.0,16-32,,,,FN
6699,6699.jpg,1,swimmer,,"[1253, 953, 30, 22]",25.69046515733026,16-32,,,,FN
6700,6700.jpg,1,swimmer,,"[1652, 963, 38, 20]",27.568097504180443,16-32,,,,FN
6700,6700.jpg,1,swimmer,,"[1855, 839, 29, 23]",25.826343140289914,16-32,,,,FN
6700,6700.jpg,1,swimmer,,"[1621, 724, 15, 18]",16.431676725154983,16-32,,,,FN
6700,6700.jpg,1,swimmer,,"[1451, 970, 26, 15]",19.748417658131498,16-32,,,,FN
7172,7172.jpg,5,buoy,,"[1730, 1128, 16, 21]",18.33030277982336,16-32,,,,FN
7172,7172.jpg,2,boat,,"[1909, 892, 23, 62]",37.76241517699841,32-64,,,,FN
7172,7172.jpg,2,boat,,"[1588, 824, 15, 39]",24.186773244895647,16-32,,,,FN
7172,7172.jpg,2,boat,,"[1541, 830, 23, 45]",32.17141588429082,32-64,,,,FN
7172,7172.jpg,5,buoy,,"[2781, 1016, 14, 22]",17.549928774784245,16-32,,,,FN
7173,7173.jpg,5,buoy,,"[1731, 1127, 16, 21]",18.33030277982336,16-32,,,,FN
7173,7173.jpg,2,boat,,"[1909, 892, 23, 61]",37.456641600656084,32-64,,,,FN
7173,7173.jpg,2,boat,,"[1588, 826, 13, 35]",21.330729007701542,16-32,,,,FN
7173,7173.jpg,2,boat,,"[1540, 830, 23, 45]",32.17141588429082,32-64,,,,FN
7173,7173.jpg,5,buoy,,"[2781, 1016, 13, 22]",16.911534525287763,16-32,,,,FN
7174,7174.jpg,5,buoy,,"[1731, 1124, 17, 21]",18.894443627691185,16-32,,,,FN
7174,7174.jpg,2,boat,,"[1907, 892, 23, 61]",37.456641600656084,32-64,,,,FN
7174,7174.jpg,2,boat,,"[1589, 825, 13, 36]",21.633307652783937,16-32,,,,FN
7174,7174.jpg,2,boat,,"[1539, 829, 24, 44]",32.49615361854384,32-64,,,,FN
7174,7174.jpg,5,buoy,,"[2779, 1015, 14, 22]",17.549928774784245,16-32,,,,FN
7175,7175.jpg,5,buoy,,"[1733, 1123, 16, 20]",17.88854381999832,16-32,,,,FN
7175,7175.jpg,2,boat,,"[1590, 823, 12, 38]",21.354156504062622,16-32,,,,FN
7175,7175.jpg,2,boat,,"[1541, 830, 23, 42]",31.080540535840107,16-32,,,,FN
7175,7175.jpg,5,buoy,,"[2777, 1014, 15, 23]",18.57417562100671,16-32,,,,FN
7176,7176.jpg,5,buoy,,"[1733, 1121, 16, 21]",18.33030277982336,16-32,,,,FN
7176,7176.jpg,2,boat,,"[1588, 824, 13, 37]",21.93171219946131,16-32,,,,FN
7176,7176.jpg,2,boat,,"[1539, 827, 22, 46]",31.811947441173732,16-32,,,,FN
7176,7176.jpg,5,buoy,,"[2774, 1013, 14, 23]",17.944358444926362,16-32,,,,FN
7177,7177.jpg,5,buoy,,"[1734, 1121, 16, 21]",18.33030277982336,16-32,,,,FN
7177,7177.jpg,2,boat,,"[1587, 823, 14, 38]",23.065125189341593,16-32,,,,FN
7177,7177.jpg,2,boat,,"[1537, 828, 23, 44]",31.811947441173732,16-32,,,,FN
7177,7177.jpg,5,buoy,,"[2773, 1013, 15, 22]",18.16590212458495,16-32,,,,FN
7178,7178.jpg,5,buoy,,"[1735, 1121, 17, 21]",18.894443627691185,16-32,,,,FN
7178,7178.jpg,2,boat,,"[1588, 823, 13, 38]",22.22611077089287,16-32,,,,FN
7178,7178.jpg,2,boat,,"[1535, 829, 23, 43]",31.448370387032774,16-32,,,,FN
7178,7178.jpg,5,buoy,,"[2771, 1013, 15, 23]",18.57417562100671,16-32,,,,FN
7179,7179.jpg,5,buoy,,"[1735, 1120, 17, 20]",18.439088914585774,16-32,,,,FN
7179,7179.jpg,2,boat,,"[1588, 825, 13, 37]",21.93171219946131,16-32,,,,FN
7179,7179.jpg,2,boat,,"[1533, 828, 22, 45]",31.464265445104548,16-32,,,,FN
7179,7179.jpg,5,buoy,,"[2770, 1012, 14, 23]",17.944358444926362,16-32,,,,FN
7180,7180.jpg,2,boat,,"[1407, 1218, 40, 24]",30.983866769659336,16-32,,,,FN
7180,7180.jpg,5,buoy,,"[1735, 1119, 18, 20]",18.973665961010276,16-32,,,,FN
7180,7180.jpg,2,boat,,"[1587, 829, 13, 33]",20.71231517720798,16-32,,,,FN
7180,7180.jpg,2,boat,,"[1534, 827, 21, 46]",31.080540535840107,16-32,,,,FN
7180,7180.jpg,5,buoy,,"[2767, 1011, 15, 24]",18.973665961010276,16-32,,,,FN
7181,7181.jpg,2,boat,,"[1407, 1218, 36, 22]",28.142494558940577,16-32,,,,FN
7181,7181.jpg,5,buoy,,"[1735, 1119, 16, 19]",17.435595774162696,16-32,,,,FN
7181,7181.jpg,2,boat,,"[1587, 830, 13, 30]",19.748417658131498,16-32,,,,FN
7181,7181.jpg,2,boat,,"[1535, 826, 21, 46]",31.080540535840107,16-32,,,,FN
7181,7181.jpg,5,buoy,,"[2765, 1009, 16, 26]",20.396078054371138,16-32,,,,FN
7182,7182.jpg,2,boat,,"[1403, 1213, 35, 21]",27.110883423451916,16-32,,,,FN
7182,7182.jpg,5,buoy,,"[1734, 1111, 16, 19]",17.435595774162696,16-32,,,,FN
7182,7182.jpg,2,boat,,"[1585, 822, 13, 33]",20.71231517720798,16-32,,,,FN
7182,7182.jpg,2,boat,,"[1533, 824, 20, 45]",30.0,16-32,,,,FN
7182,7182.jpg,5,buoy,,"[2763, 1004, 14, 25]",18.708286933869708,16-32,,,,FN
7183,7183.jpg,2,boat,,"[1397, 1215, 34, 22]",27.349588662354687,16-32,,,,FN
7183,7183.jpg,5,buoy,,"[1733, 1113, 15, 17]",15.968719422671311,<16,,,,FN
7183,7183.jpg,2,boat,,"[1582, 825, 13, 32]",20.396078054371138,16-32,,,,FN
7183,7183.jpg,2,boat,,"[1531, 825, 21, 44]",30.397368307141328,16-32,,,,FN
7183,7183.jpg,5,buoy,,"[2761, 1006, 14, 23]",17.944358444926362,16-32,,,,FN
7184,7184.jpg,2,boat,,"[1392, 1219, 35, 22]",27.748873851023216,16-32,,,,FN
7184,7184.jpg,5,buoy,,"[1731, 1115, 16, 18]",16.97056274847714,16-32,,,,FN
7184,7184.jpg,2,boat,,"[1580, 826, 14, 34]",21.817424229271428,16-32,,,,FN
7184,7184.jpg,2,boat,,"[1529, 829, 22, 42]",30.397368307141328,16-32,,,,FN
7184,7184.jpg,5,buoy,,"[2761, 1009, 14, 22]",17.549928774784245,16-32,,,,FN
7185,7185.jpg,2,boat,,"[1395, 1220, 32, 22]",26.5329983228432,16-32,,,,FN
7185,7185.jpg,5,buoy,,"[1731, 1114, 16, 19]",17.435595774162696,16-32,,,,FN
7185,7185.jpg,2,boat,,"[1581, 825, 13, 34]",21.02379604162864,16-32,,,,FN
7185,7185.jpg,2,boat,,"[1527, 832, 23, 41]",30.708305065568176,16-32,,,,FN
7185,7185.jpg,5,buoy,,"[2761, 1006, 16, 22]",18.76166303929372,16-32,,,,FN
7186,7186.jpg,2,boat,,"[1391, 1222, 35, 23]",28.372521918222215,16-32,,,,FN
7186,7186.jpg,5,buoy,,"[1730, 1117, 17, 20]",18.439088914585774,16-32,,,,FN
7186,7186.jpg,2,boat,,"[1579, 827, 13, 33]",20.71231517720798,16-32,,,,FN
7186,7186.jpg,2,boat,,"[1526, 832, 23, 41]",30.708305065568176,16-32,,,,FN
7186,7186.jpg,5,buoy,,"[2760, 1007, 15, 25]",19.364916731037084,16-32,,,,FN
7187,7187.jpg,2,boat,,"[1391, 1225, 37, 23]",29.171904291629644,16-32,,,,FN
7187,7187.jpg,5,buoy,,"[1732, 1121, 15, 21]",17.74823934929885,16-32,,,,FN
7187,7187.jpg,2,boat,,"[1578, 831, 13, 31]",20.074859899884732,16-32,,,,FN
7187,7187.jpg,2,boat,,"[1525, 833, 22, 41]",30.033314835362415,16-32,,,,FN
7187,7187.jpg,5,buoy,,"[2760, 1011, 14, 22]",17.549928774784245,16-32,,,,FN
7188,7188.jpg,2,boat,,"[1389, 1227, 39, 24]",30.59411708155671,16-32,,,,FN
7188,7188.jpg,5,buoy,,"[1732, 1123, 14, 19]",16.30950643030009,16-32,,,,FN
7188,7188.jpg,2,boat,,"[1576, 832, 13, 30]",19.748417658131498,16-32,,,,FN
7188,7188.jpg,2,boat,,"[1524, 834, 20, 42]",28.982753492378876,16-32,,,,FN
7188,7188.jpg,5,buoy,,"[2761, 1014, 13, 20]",16.1245154965971,16-32,,,,FN
7189,7189.jpg,2,boat,,"[1388, 1229, 41, 24]",31.368774282716245,16-32,,,,FN
7189,7189.jpg,5,buoy,,"[1733, 1124, 14, 20]",16.73320053068151,16-32,,,,FN
7189,7189.jpg,2,boat,,"[1575, 828, 13, 35]",21.330729007701542,16-32,,,,FN
7189,7189.jpg,2,boat,,"[1522, 836, 20, 41]",28.635642126552707,16-32,,,,FN
7189,7189.jpg,5,buoy,,"[2762, 1015, 13, 21]",16.522711641858304,16-32,,,,FN
7190,7190.jpg,2,boat,,"[1385, 1231, 45, 25]",33.54101966249684,32-64,,,,FN
7190,7190.jpg,5,buoy,,"[1734, 1125, 15, 20]",17.320508075688775,16-32,,,,FN
7190,7190.jpg,2,boat,,"[1574, 831, 14, 35]",22.135943621178654,16-32,,,,FN
7190,7190.jpg,2,boat,,"[1520, 840, 22, 38]",28.91366458960192,16-32,,,,FN
7190,7190.jpg,5,buoy,,"[2760, 1013, 15, 23]",18.57417562100671,16-32,,,,FN
7191,7191.jpg,2,boat,,"[1382, 1235, 51, 26]",36.41428291206625,32-64,,,,FN
7191,7191.jpg,5,buoy,,"[1734, 1126, 15, 21]",17.74823934929885,16-32,,,,FN
7191,7191.jpg,2,boat,,"[1573, 835, 13, 32]",20.396078054371138,16-32,,,,FN
7191,7191.jpg,2,boat,,"[1518, 843, 23, 36]",28.77498913987632,16-32,,,,FN
7191,7191.jpg,5,buoy,,"[2760, 1014, 14, 24]",18.33030277982336,16-32,,,,FN
7192,7192.jpg,5,buoy,,"[1733, 1127, 14, 22]",17.549928774784245,16-32,,,,FN
7192,7192.jpg,2,boat,,"[1571, 838, 12, 29]",18.65475810617763,16-32,,,,FN
7192,7192.jpg,2,boat,,"[1517, 843, 22, 37]",28.53068523537421,16-32,,,,FN
7192,7192.jpg,5,buoy,,"[2758, 1015, 13, 23]",17.291616465790582,16-32,,,,FN
7193,7193.jpg,5,buoy,,"[1732, 1127, 14, 19]",16.30950643030009,16-32,,,,FN
7193,7193.jpg,2,boat,,"[1570, 834, 14, 36]",22.44994432064365,16-32,,,,FN
7193,7193.jpg,2,boat,,"[1515, 842, 22, 40]",29.664793948382652,16-32,,,,FN
7193,7193.jpg,5,buoy,,"[2757, 1018, 13, 21]",16.522711641858304,16-32,,,,FN
7194,7194.jpg,5,buoy,,"[1731, 1128, 15, 20]",17.320508075688775,16-32,,,,FN
7194,7194.jpg,2,boat,,"[1567, 836, 14, 33]",21.494185260204677,16-32,,,,FN
7194,7194.jpg,2,boat,,"[1513, 838, 23, 45]",32.17141588429082,32-64,,,,FN
7194,7194.jpg,5,buoy,,"[2756, 1019, 14, 20]",16.73320053068151,16-32,,,,FN
7195,7195.jpg,5,buoy,,"[1730, 1129, 15, 19]",16.881943016134134,16-32,,,,FN
7195,7195.jpg,2,boat,,"[1566, 840, 13, 31]",20.074859899884732,16-32,,,,FN
7195,7195.jpg,2,boat,,"[1512, 837, 24, 47]",33.58571124749333,32-64,,,,FN
7195,7195.jpg,5,buoy,,"[2757, 1020, 15, 22]",18.16590212458495,16-32,,,,FN
7196,7196.jpg,5,buoy,,"[1731, 1132, 14, 21]",17.146428199482248,16-32,,,,FN
7196,7196.jpg,2,boat,,"[1567, 841, 14, 33]",21.494185260204677,16-32,,,,FN
7196,7196.jpg,2,boat,,"[1512, 843, 24, 43]",32.12475680841802,32-64,,,,FN
7196,7196.jpg,5,buoy,,"[2757, 1024, 15, 23]",18.57417562100671,16-32,,,,FN
7197,7197.jpg,5,buoy,,"[1731, 1132, 14, 19]",16.30950643030009,16-32,,,,FN
7197,7197.jpg,2,boat,,"[1568, 840, 14, 36]",22.44994432064365,16-32,,,,FN
7197,7197.jpg,2,boat,,"[1512, 848, 24, 40]",30.983866769659336,16-32,,,,FN
7197,7197.jpg,5,buoy,,"[2756, 1026, 15, 22]",18.16590212458495,16-32,,,,FN
7198,7198.jpg,5,buoy,,"[1731, 1132, 15, 21]",17.74823934929885,16-32,,,,FN
7198,7198.jpg,2,boat,,"[1569, 843, 14, 36]",22.44994432064365,16-32,,,,FN
7198,7198.jpg,2,boat,,"[1513, 851, 23, 40]",30.331501776206203,16-32,,,,FN
7198,7198.jpg,5,buoy,,"[2754, 1029, 14, 21]",17.146428199482248,16-32,,,,FN
7199,7199.jpg,5,buoy,,"[1732, 1134, 15, 20]",17.320508075688775,16-32,,,,FN
7199,7199.jpg,2,boat,,"[1570, 846, 14, 35]",22.135943621178654,16-32,,,,FN
7199,7199.jpg,2,boat,,"[1515, 854, 23, 40]",30.331501776206203,16-32,,,,FN
7199,7199.jpg,5,buoy,,"[2752, 1031, 13, 21]",16.522711641858304,16-32,,,,FN
7200,7200.jpg,5,buoy,,"[1732, 1135, 15, 20]",17.320508075688775,16-32,,,,FN
7200,7200.jpg,2,boat,,"[1571, 851, 13, 33]",20.71231517720798,16-32,,,,FN
7200,7200.jpg,2,boat,,"[1516, 857, 21, 38]",28.24889378365107,16-32,,,,FN
7200,7200.jpg,5,buoy,,"[2747, 1031, 14, 23]",17.944358444926362,16-32,,,,FN
7201,7201.jpg,5,buoy,,"[1733, 1133, 15, 19]",16.881943016134134,16-32,,,,FN
7201,7201.jpg,2,boat,,"[1570, 851, 13, 33]",20.71231517720798,16-32,,,,FN
7201,7201.jpg,2,boat,,"[1500, 858, 20, 37]",27.202941017470888,16-32,,,,FN
7201,7201.jpg,5,buoy,,"[2740, 1030, 14, 25]",18.708286933869708,16-32,,,,FN
7202,7202.jpg,5,buoy,,"[1634, 1131, 13, 19]",15.716233645501712,<16,,,,FN
7202,7202.jpg,2,boat,,"[1466, 855, 17, 28]",21.817424229271428,16-32,,,,FN
7202,7202.jpg,2,boat,,"[1411, 854, 21, 36]",27.49545416973504,16-32,,,,FN
7203,7203.jpg,5,buoy,,"[1615, 1126, 14, 19]",16.30950643030009,16-32,,,,FN
7203,7203.jpg,2,boat,,"[1728, 905, 22, 54]",34.46737587922817,32-64,,,,FN
7203,7203.jpg,2,boat,,"[1447, 853, 19, 29]",23.473389188611005,16-32,,,,FN
7203,7203.jpg,2,boat,,"[1392, 848, 20, 42]",28.982753492378876,16-32,,,,FN
7203,7203.jpg,5,buoy,,"[2601, 1025, 17, 19]",17.97220075561143,16-32,,,,FN
7204,7204.jpg,2,boat,,"[336, 1076, 105, 32]",57.96550698475775,32-64,,,,FN
7204,7204.jpg,2,boat,,"[665, 916, 30, 61]",42.77849927241488,32-64,,,,FN
7204,7204.jpg,2,boat,,"[195, 1283, 74, 26]",43.86342439892262,32-64,,,,FN
7204,7204.jpg,5,buoy,,"[540, 1152, 17, 24]",20.199009876724155,16-32,,,,FN
7204,7204.jpg,5,buoy,,"[1588, 1018, 15, 18]",16.431676725154983,16-32,,,,FN
7205,7205.jpg,2,boat,,"[208, 1077, 97, 34]",57.42821606144492,32-64,,,,FN
7205,7205.jpg,2,boat,,"[529, 917, 27, 59]",39.91240408695021,32-64,,,,FN
7205,7205.jpg,2,boat,,"[92, 1280, 72, 32]",48.0,32-64,,,,FN
7205,7205.jpg,5,buoy,,"[421, 1155, 20, 23]",21.447610589527216,16-32,,,,FN
7205,7205.jpg,5,buoy,,"[1471, 1016, 16, 18]",16.97056274847714,16-32,,,,FN
7206,7206.jpg,5,buoy,,"[1238, 1118, 16, 20]",17.88854381999832,16-32,,,,FN
7206,7206.jpg,5,buoy,,"[2195, 1007, 14, 19]",16.30950643030009,16-32,,,,FN
7207,7207.jpg,5,buoy,,"[1245, 1113, 16, 19]",17.435595774162696,16-32,,,,FN
7207,7207.jpg,5,buoy,,"[2193, 1003, 13, 19]",15.716233645501712,<16,,,,FN
7208,7208.jpg,5,buoy,,"[1257, 1103, 15, 19]",16.881943016134134,16-32,,,,FN
7208,7208.jpg,5,buoy,,"[2194, 995, 12, 18]",14.696938456699069,<16,,,,FN
7209,7209.jpg,5,buoy,,"[1275, 1093, 16, 21]",18.33030277982336,16-32,,,,FN
7209,7209.jpg,5,buoy,,"[2199, 987, 14, 19]",16.30950643030009,16-32,,,,FN
7210,7210.jpg,5,buoy,,"[1297, 1084, 15, 19]",16.881943016134134,16-32,,,,FN
7210,7210.jpg,5,buoy,,"[2210, 979, 14, 19]",16.30950643030009,16-32,,,,FN
7211,7211.jpg,2,boat,,"[1379, 873, 19, 51]",31.12876483254676,16-32,,,,FN
7211,7211.jpg,5,buoy,,"[1323, 1076, 15, 19]",16.881943016134134,16-32,,,,FN
7211,7211.jpg,5,buoy,,"[2223, 973, 13, 19]",15.716233645501712,<16,,,,FN
7212,7212.jpg,5,buoy,,"[1352, 1069, 15, 18]",16.431676725154983,16-32,,,,FN
7212,7212.jpg,5,buoy,,"[2242, 966, 13, 17]",14.866068747318506,<16,,,,FN
7213,7213.jpg,5,buoy,,"[1384, 1060, 15, 18]",16.431676725154983,16-32,,,,FN
7213,7213.jpg,5,buoy,,"[2260, 958, 13, 17]",14.866068747318506,<16,,,,FN
7214,7214.jpg,2,boat,,"[1427, 855, 22, 51]",33.49626844888845,32-64,,,,FN
7214,7214.jpg,5,buoy,,"[1416, 1053, 16, 18]",16.97056274847714,16-32,,,,FN
7214,7214.jpg,5,buoy,,"[2279, 950, 15, 19]",16.881943016134134,16-32,,,,FN
7215,7215.jpg,5,buoy,,"[1449, 1046, 16, 19]",17.435595774162696,16-32,,,,FN
7215,7215.jpg,5,buoy,,"[2301, 944, 16, 20]",17.88854381999832,16-32,,,,FN
7216,7216.jpg,5,buoy,,"[1483, 1041, 15, 19]",16.881943016134134,16-32,,,,FN
7216,7216.jpg,5,buoy,,"[2324, 941, 14, 18]",15.874507866387544,<16,,,,FN
7217,7217.jpg,5,buoy,,"[1519, 1037, 15, 18]",16.431676725154983,16-32,,,,FN
7217,7217.jpg,5,buoy,,"[2348, 935, 15, 18]",16.431676725154983,16-32,,,,FN
7218,7218.jpg,5,buoy,,"[1555, 1033, 14, 17]",15.427248620541512,<16,,,,FN
7218,7218.jpg,5,buoy,,"[2373, 932, 16, 17]",16.492422502470642,16-32,,,,FN
7219,7219.jpg,5,buoy,,"[1590, 1029, 14, 16]",14.966629547095765,<16,,,,FN
7219,7219.jpg,2,boat,,"[1387, 972, 76, 23]",41.80908992073375,32-64,,,,FN
7219,7219.jpg,5,buoy,,"[2396, 928, 15, 18]",16.431676725154983,16-32,,,,FN
7220,7220.jpg,5,buoy,,"[1625, 1025, 14, 16]",14.966629547095765,<16,,,,FN
7220,7220.jpg,5,buoy,,"[2419, 925, 15, 17]",15.968719422671311,<16,,,,FN
7747,7747.jpg,1,swimmer,,"[2912, 1450, 38, 42]",39.949968710876355,32-64,,,,FN
7747,7747.jpg,1,swimmer,,"[3444, 1815, 30, 25]",27.386127875258307,16-32,,,,FN
7747,7747.jpg,1,swimmer,,"[3765, 1949, 39, 31]",34.77067730142742,32-64,,,,FN
7748,7748.jpg,1,swimmer,,"[2747, 1585, 40, 39]",39.496835316262995,32-64,,,,FN
7748,7748.jpg,1,swimmer,,"[3111, 1318, 22, 22]",22.0,16-32,,,,FN
7748,7748.jpg,1,swimmer,,"[3129, 1345, 21, 23]",21.97726097583591,16-32,,,,FN
7748,7748.jpg,1,swimmer,,"[3397, 1817, 32, 21]",25.92296279363144,16-32,,,,FN
7748,7748.jpg,1,swimmer,,"[3713, 1946, 38, 30]",33.76388603226827,32-64,,,,FN
7749,7749.jpg,1,swimmer,,"[3047, 1422, 26, 25]",25.495097567963924,16-32,,,,FN
7749,7749.jpg,1,swimmer,,"[2750, 1592, 34, 34]",34.0,32-64,,,,FN
7749,7749.jpg,1,swimmer,,"[3109, 1322, 23, 20]",21.447610589527216,16-32,,,,FN
7749,7749.jpg,1,swimmer,,"[3129, 1347, 18, 22]",19.8997487421324,16-32,,,,FN
7749,7749.jpg,1,swimmer,,"[3034, 1340, 19, 22]",20.445048300260872,16-32,,,,FN
7749,7749.jpg,1,swimmer,,"[2867, 1439, 40, 48]",43.81780460041329,32-64,,,,FN
7749,7749.jpg,1,swimmer,,"[3396, 1823, 29, 19]",23.473389188611005,16-32,,,,FN
7750,7750.jpg,1,swimmer,,"[3091, 1324, 25, 17]",20.615528128088304,16-32,,,,FN
7750,7750.jpg,1,swimmer,,"[3113, 1347, 17, 21]",18.894443627691185,16-32,,,,FN
7750,7750.jpg,1,swimmer,,"[3022, 1341, 21, 19]",19.974984355438178,16-32,,,,FN
7750,7750.jpg,1,swimmer,,"[2850, 1439, 38, 56]",46.130250378683186,32-64,,,,FN
7750,7750.jpg,1,swimmer,,"[3683, 1963, 28, 23]",25.37715508089904,16-32,,,,FN
7751,7751.jpg,1,swimmer,,"[3042, 1317, 26, 21]",23.366642891095847,16-32,,,,FN
7751,7751.jpg,1,swimmer,,"[3063, 1348, 17, 20]",18.439088914585774,16-32,,,,FN
7751,7751.jpg,1,swimmer,,"[2974, 1341, 23, 21]",21.97726097583591,16-32,,,,FN
7751,7751.jpg,1,swimmer,,"[2811, 1464, 36, 54]",44.090815370097204,32-64,,,,FN
7751,7751.jpg,1,swimmer,,"[3625, 1974, 35, 26]",30.166206257996713,16-32,,,,FN
7751,7751.jpg,1,swimmer,,"[3325, 1832, 30, 20]",24.49489742783178,16-32,,,,FN
7752,7752.jpg,1,swimmer,,"[2899, 1438, 30, 30]",30.0,16-32,,,,FN
7752,7752.jpg,1,swimmer,,"[2630, 1634, 37, 28]",32.18695387886216,32-64,,,,FN
7752,7752.jpg,1,swimmer,,"[2968, 1325, 25, 22]",23.45207879911715,16-32,,,,FN
7752,7752.jpg,1,swimmer,,"[2987, 1356, 19, 20]",19.493588689617926,16-32,,,,FN
7752,7752.jpg,1,swimmer,,"[2896, 1344, 22, 23]",22.494443758403985,16-32,,,,FN
7752,7752.jpg,1,swimmer,,"[2730, 1485, 37, 43]",39.88734135035826,32-64,,,,FN
7752,7752.jpg,1,swimmer,,"[3552, 1985, 26, 23]",24.454038521274967,16-32,,,,FN
7752,7752.jpg,1,swimmer,,"[3238, 1844, 31, 19]",24.269322199023193,16-32,,,,FN
7752,7752.jpg,1,swimmer,,"[2948, 1768, 32, 21]",25.92296279363144,16-32,,,,FN
7753,7753.jpg,1,swimmer,,"[2796, 1448, 31, 28]",29.46183972531247,16-32,,,,FN
7753,7753.jpg,1,swimmer,,"[2527, 1649, 38, 28]",32.61901286060018,32-64,,,,FN
7753,7753.jpg,1,swimmer,,"[2866, 1334, 26, 25]",25.495097567963924,16-32,,,,FN
7753,7753.jpg,1,swimmer,,"[2888, 1370, 17, 22]",19.339079605813716,16-32,,,,FN
7753,7753.jpg,1,swimmer,,"[2794, 1359, 27, 21]",23.811761799581316,16-32,,,,FN
7753,7753.jpg,1,swimmer,,"[2640, 1497, 34, 36]",34.9857113690718,32-64,,,,FN
7753,7753.jpg,1,swimmer,,"[3439, 1996, 33, 28]",30.397368307141328,16-32,,,,FN
7753,7753.jpg,1,swimmer,,"[3125, 1856, 32, 20]",25.298221281347036,16-32,,,,FN
7753,7753.jpg,1,swimmer,,"[2838, 1775, 32, 20]",25.298221281347036,16-32,,,,FN
7754,7754.jpg,1,swimmer,,"[2674, 1455, 30, 27]",28.460498941515414,16-32,,,,FN
7754,7754.jpg,1,swimmer,,"[2746, 1346, 23, 23]",23.0,16-32,,,,FN
7754,7754.jpg,1,swimmer,,"[2766, 1380, 17, 21]",18.894443627691185,16-32,,,,FN
7754,7754.jpg,1,swimmer,,"[2676, 1371, 25, 23]",23.979157616563597,16-32,,,,FN
7754,7754.jpg,1,swimmer,,"[2523, 1522, 32, 34]",32.984845004941285,32-64,,,,FN
7754,7754.jpg,1,swimmer,,"[3295, 2012, 34, 28]",30.854497241083024,16-32,,,,FN
7754,7754.jpg,1,swimmer,,"[2993, 1876, 31, 19]",24.269322199023193,16-32,,,,FN
7754,7754.jpg,1,swimmer,,"[2682, 1767, 53, 58]",55.44366510251645,32-64,,,,FN
7755,7755.jpg,1,swimmer,,"[2526, 1453, 28, 32]",29.93325909419153,16-32,,,,FN
7755,7755.jpg,1,swimmer,,"[2247, 1690, 41, 26]",32.64965543462902,32-64,,,,FN
7755,7755.jpg,1,swimmer,,"[2608, 1353, 23, 22]",22.494443758403985,16-32,,,,FN
7755,7755.jpg,1,swimmer,,"[2623, 1384, 21, 25]",22.9128784747792,16-32,,,,FN
7755,7755.jpg,1,swimmer,,"[2379, 1518, 25, 37]",30.4138126514911,16-32,,,,FN
7755,7755.jpg,1,swimmer,,"[3123, 2026, 38, 23]",29.563490998188964,16-32,,,,FN
7755,7755.jpg,1,swimmer,,"[2841, 1893, 30, 19]",23.874672772626646,16-32,,,,FN
7756,7756.jpg,1,swimmer,,"[2434, 1444, 29, 28]",28.495613697550013,16-32,,,,FN
7756,7756.jpg,1,swimmer,,"[2516, 1345, 22, 22]",22.0,16-32,,,,FN
7756,7756.jpg,1,swimmer,,"[2533, 1378, 19, 25]",21.79449471770337,16-32,,,,FN
7756,7756.jpg,1,swimmer,,"[2276, 1503, 26, 51]",36.41428291206625,32-64,,,,FN
7756,7756.jpg,1,swimmer,,"[3016, 2024, 32, 20]",25.298221281347036,16-32,,,,FN
7756,7756.jpg,1,swimmer,,"[2737, 1893, 30, 19]",23.874672772626646,16-32,,,,FN
7756,7756.jpg,1,swimmer,,"[2431, 1791, 47, 50]",48.47679857416329,32-64,,,,FN
7757,7757.jpg,1,swimmer,,"[2391, 1433, 29, 31]",29.9833287011299,16-32,,,,FN
7757,7757.jpg,1,swimmer,,"[2099, 1690, 35, 34]",34.49637662132068,32-64,,,,FN
7757,7757.jpg,1,swimmer,,"[2472, 1334, 21, 20]",20.493901531919196,16-32,,,,FN
7757,7757.jpg,1,swimmer,,"[2490, 1370, 19, 22]",20.445048300260872,16-32,,,,FN
7757,7757.jpg,1,swimmer,,"[2404, 1355, 30, 26]",27.92848008753788,16-32,,,,FN
7757,7757.jpg,1,swimmer,,"[2966, 2013, 36, 22]",28.142494558940577,16-32,,,,FN
7757,7757.jpg,1,swimmer,,"[2698, 1884, 31, 22]",26.115129714401192,16-32,,,,FN
7758,7758.jpg,1,swimmer,,"[2389, 1435, 27, 36]",31.176914536239792,16-32,,,,FN
7758,7758.jpg,1,swimmer,,"[2099, 1691, 35, 30]",32.4037034920393,32-64,,,,FN
7758,7758.jpg,1,swimmer,,"[2471, 1331, 22, 18]",19.8997487421324,16-32,,,,FN
7758,7758.jpg,1,swimmer,,"[2498, 1367, 16, 25]",20.0,16-32,,,,FN
7758,7758.jpg,1,swimmer,,"[2407, 1351, 24, 20]",21.908902300206645,16-32,,,,FN
7758,7758.jpg,1,swimmer,,"[2224, 1515, 27, 51]",37.107950630558946,32-64,,,,FN
7758,7758.jpg,1,swimmer,,"[2973, 2008, 36, 24]",29.393876913398138,16-32,,,,FN
7758,7758.jpg,1,swimmer,,"[2699, 1879, 33, 22]",26.94438717061496,16-32,,,,FN
7758,7758.jpg,1,swimmer,,"[2394, 1786, 31, 36]",33.406586176980134,32-64,,,,FN
7759,7759.jpg,1,swimmer,,"[2389, 1442, 25, 31]",27.83882181415011,16-32,,,,FN
7759,7759.jpg,1,swimmer,,"[2101, 1690, 39, 33]",35.874782229304195,32-64,,,,FN
7759,7759.jpg,1,swimmer,,"[2474, 1328, 26, 19]",22.22611077089287,16-32,,,,FN
7759,7759.jpg,1,swimmer,,"[2506, 1367, 15, 23]",18.57417562100671,16-32,,,,FN
7759,7759.jpg,1,swimmer,,"[2409, 1351, 26, 21]",23.366642891095847,16-32,,,,FN
7759,7759.jpg,1,swimmer,,"[2978, 2016, 39, 25]",31.22498999199199,16-32,,,,FN
7759,7759.jpg,1,swimmer,,"[2707, 1885, 34, 22]",27.349588662354687,16-32,,,,FN
7760,7760.jpg,1,swimmer,,"[2481, 1333, 26, 18]",21.633307652783937,16-32,,,,FN
7760,7760.jpg,1,swimmer,,"[2516, 1368, 17, 25]",20.615528128088304,16-32,,,,FN
7760,7760.jpg,1,swimmer,,"[2418, 1358, 25, 20]",22.360679774997898,16-32,,,,FN
7760,7760.jpg,1,swimmer,,"[2994, 2023, 39, 25]",31.22498999199199,16-32,,,,FN
7760,7760.jpg,1,swimmer,,"[2724, 1899, 36, 43]",39.344631145812,32-64,,,,FN
7760,7760.jpg,1,swimmer,,"[2391, 1796, 39, 33]",35.874782229304195,32-64,,,,FN
7761,7761.jpg,1,swimmer,,"[2486, 1339, 23, 16]",19.183326093250876,16-32,,,,FN
7761,7761.jpg,1,swimmer,,"[2523, 1374, 17, 23]",19.77371993328519,16-32,,,,FN
7761,7761.jpg,1,swimmer,,"[2422, 1361, 22, 19]",20.445048300260872,16-32,,,,FN
7761,7761.jpg,1,swimmer,,"[2229, 1530, 58, 38]",46.94677837722201,32-64,,,,FN
7761,7761.jpg,1,swimmer,,"[3005, 2032, 35, 23]",28.372521918222215,16-32,,,,FN
7762,7762.jpg,1,swimmer,,"[2481, 1342, 28, 17]",21.817424229271428,16-32,,,,FN
7762,7762.jpg,1,swimmer,,"[2529, 1376, 15, 21]",17.74823934929885,16-32,,,,FN
7762,7762.jpg,1,swimmer,,"[2422, 1356, 25, 20]",22.360679774997898,16-32,,,,FN
7762,7762.jpg,1,swimmer,,"[2228, 1531, 56, 40]",47.32863826479693,32-64,,,,FN
7762,7762.jpg,1,swimmer,,"[3012, 2033, 32, 22]",26.5329983228432,16-32,,,,FN
7762,7762.jpg,1,swimmer,,"[2404, 1809, 33, 35]",33.98529093593286,32-64,,,,FN
7763,7763.jpg,1,swimmer,,"[2483, 1339, 27, 18]",22.045407685048602,16-32,,,,FN
7763,7763.jpg,1,swimmer,,"[2530, 1369, 15, 19]",16.881943016134134,16-32,,,,FN
7763,7763.jpg,1,swimmer,,"[2422, 1348, 31, 22]",26.115129714401192,16-32,,,,FN
7763,7763.jpg,1,swimmer,,"[2246, 1530, 29, 46]",36.52396473549935,32-64,,,,FN
7763,7763.jpg,1,swimmer,,"[3006, 2028, 35, 28]",31.304951684997057,16-32,,,,FN
7764,7764.jpg,1,swimmer,,"[2485, 1336, 26, 18]",21.633307652783937,16-32,,,,FN
7764,7764.jpg,1,swimmer,,"[2528, 1359, 19, 24]",21.354156504062622,16-32,,,,FN
7764,7764.jpg,1,swimmer,,"[2423, 1345, 31, 22]",26.115129714401192,16-32,,,,FN
7764,7764.jpg,1,swimmer,,"[2251, 1533, 26, 51]",36.41428291206625,32-64,,,,FN
7764,7764.jpg,1,swimmer,,"[3000, 2033, 36, 27]",31.176914536239792,16-32,,,,FN
7764,7764.jpg,1,swimmer,,"[2759, 1923, 29, 35]",31.85906464414798,16-32,,,,FN
7764,7764.jpg,1,swimmer,,"[2414, 1815, 30, 34]",31.937438845342623,16-32,,,,FN
7765,7765.jpg,1,swimmer,,"[2496, 1333, 28, 19]",23.065125189341593,16-32,,,,FN
7765,7765.jpg,1,swimmer,,"[2540, 1356, 19, 27]",22.64950330581225,16-32,,,,FN
7765,7765.jpg,1,swimmer,,"[2439, 1344, 28, 21]",24.24871130596428,16-32,,,,FN
7765,7765.jpg,1,swimmer,,"[3017, 2045, 33, 27]",29.8496231131986,16-32,,,,FN
7765,7765.jpg,1,swimmer,,"[2771, 1918, 30, 37]",33.31666249791537,32-64,,,,FN
7765,7765.jpg,1,swimmer,,"[2426, 1816, 28, 31]",29.46183972531247,16-32,,,,FN
7766,7766.jpg,1,swimmer,,"[2487, 1337, 30, 21]",25.099800796022265,16-32,,,,FN
7766,7766.jpg,1,swimmer,,"[2531, 1362, 21, 27]",23.811761799581316,16-32,,,,FN
7766,7766.jpg,1,swimmer,,"[2430, 1345, 29, 23]",25.826343140289914,16-32,,,,FN
7766,7766.jpg,1,swimmer,,"[2256, 1545, 34, 49]",40.8166632639171,32-64,,,,FN
7766,7766.jpg,1,swimmer,,"[3013, 2053, 28, 24]",25.92296279363144,16-32,,,,FN
7766,7766.jpg,1,swimmer,,"[2766, 1923, 30, 36]",32.863353450309965,32-64,,,,FN
7767,7767.jpg,1,swimmer,,"[2373, 1437, 22, 26]",23.916521486202797,16-32,,,,FN
7767,7767.jpg,1,swimmer,,"[2454, 1347, 26, 19]",22.22611077089287,16-32,,,,FN
7767,7767.jpg,1,swimmer,,"[2499, 1372, 18, 24]",20.784609690826528,16-32,,,,FN
7767,7767.jpg,1,swimmer,,"[2392, 1352, 32, 22]",26.5329983228432,16-32,,,,FN
7767,7767.jpg,1,swimmer,,"[2228, 1540, 31, 54]",40.91454509095757,32-64,,,,FN
7767,7767.jpg,1,swimmer,,"[2976, 2053, 25, 23]",23.979157616563597,16-32,,,,FN
7767,7767.jpg,1,swimmer,,"[2730, 1935, 29, 37]",32.7566787083184,32-64,,,,FN
7767,7767.jpg,1,swimmer,,"[2379, 1812, 32, 35]",33.46640106136302,32-64,,,,FN
7768,7768.jpg,1,swimmer,,"[2333, 1437, 28, 21]",24.24871130596428,16-32,,,,FN
7768,7768.jpg,1,swimmer,,"[2415, 1356, 24, 17]",20.199009876724155,16-32,,,,FN
7768,7768.jpg,1,swimmer,,"[2457, 1377, 18, 23]",20.346989949375804,16-32,,,,FN
7768,7768.jpg,1,swimmer,,"[2358, 1357, 28, 24]",25.92296279363144,16-32,,,,FN
7768,7768.jpg,1,swimmer,,"[2191, 1555, 35, 38]",36.46916505762094,32-64,,,,FN
7768,7768.jpg,1,swimmer,,"[2927, 2064, 38, 29]",33.19638534539566,32-64,,,,FN
7768,7768.jpg,1,swimmer,,"[2329, 1825, 31, 34]",32.46536616149585,32-64,,,,FN
7769,7769.jpg,1,swimmer,,"[2259, 1436, 26, 23]",24.454038521274967,16-32,,,,FN
7769,7769.jpg,1,swimmer,,"[1994, 1737, 41, 38]",39.4715087119811,32-64,,,,FN
7769,7769.jpg,1,swimmer,,"[2346, 1358, 25, 18]",21.213203435596427,16-32,,,,FN
7769,7769.jpg,1,swimmer,,"[2385, 1378, 19, 23]",20.904544960366874,16-32,,,,FN
7769,7769.jpg,1,swimmer,,"[2289, 1358, 28, 20]",23.664319132398465,16-32,,,,FN
7769,7769.jpg,1,swimmer,,"[2117, 1557, 29, 36]",32.31098884280702,32-64,,,,FN
7769,7769.jpg,1,swimmer,,"[2847, 2076, 36, 29]",32.31098884280702,32-64,,,,FN
7769,7769.jpg,1,swimmer,,"[2246, 1840, 30, 36]",32.863353450309965,32-64,,,,FN
7770,7770.jpg,1,swimmer,,"[1953, 1736, 37, 33]",34.942810419312295,32-64,,,,FN
7770,7770.jpg,1,swimmer,,"[2315, 1348, 25, 18]",21.213203435596427,16-32,,,,FN
7770,7770.jpg,1,swimmer,,"[2355, 1369, 17, 21]",18.894443627691185,16-32,,,,FN
7770,7770.jpg,1,swimmer,,"[2256, 1347, 29, 21]",24.677925358506133,16-32,,,,FN
7770,7770.jpg,1,swimmer,,"[2078, 1566, 33, 31]",31.984371183438952,16-32,,,,FN
7770,7770.jpg,1,swimmer,,"[2814, 2077, 27, 24]",25.45584412271571,16-32,,,,FN
7770,7770.jpg,1,swimmer,,"[2573, 1958, 35, 25]",29.58039891549808,16-32,,,,FN
7771,7771.jpg,1,swimmer,,"[1950, 1741, 35, 33]",33.98529093593286,32-64,,,,FN
7771,7771.jpg,1,swimmer,,"[2311, 1346, 25, 17]",20.615528128088304,16-32,,,,FN
7771,7771.jpg,1,swimmer,,"[2352, 1365, 17, 25]",20.615528128088304,16-32,,,,FN
7771,7771.jpg,1,swimmer,,"[2248, 1342, 33, 23]",27.54995462791182,16-32,,,,FN
7771,7771.jpg,1,swimmer,,"[2075, 1567, 29, 31]",29.9833287011299,16-32,,,,FN
7771,7771.jpg,1,swimmer,,"[2816, 2070, 30, 21]",25.099800796022265,16-32,,,,FN
7771,7771.jpg,1,swimmer,,"[2574, 1963, 35, 29]",31.85906464414798,16-32,,,,FN
7771,7771.jpg,1,swimmer,,"[2192, 1837, 33, 36]",34.46737587922817,32-64,,,,FN
7772,7772.jpg,1,swimmer,,"[1953, 1740, 39, 29]",33.63034344160047,32-64,,,,FN
7772,7772.jpg,1,swimmer,,"[2311, 1349, 25, 18]",21.213203435596427,16-32,,,,FN
7772,7772.jpg,1,swimmer,,"[2351, 1364, 16, 26]",20.396078054371138,16-32,,,,FN
7772,7772.jpg,1,swimmer,,"[2246, 1345, 33, 25]",28.722813232690143,16-32,,,,FN
7772,7772.jpg,1,swimmer,,"[2080, 1573, 26, 31]",28.39013913315678,16-32,,,,FN
7772,7772.jpg,1,swimmer,,"[2814, 2063, 37, 24]",29.79932885150268,16-32,,,,FN
7773,7773.jpg,1,swimmer,,"[2228, 1437, 25, 23]",23.979157616563597,16-32,,,,FN
7773,7773.jpg,1,swimmer,,"[1965, 1731, 42, 26]",33.04542328371661,32-64,,,,FN
7773,7773.jpg,1,swimmer,,"[2336, 1361, 23, 19]",20.904544960366874,16-32,,,,FN
7773,7773.jpg,1,swimmer,,"[2372, 1381, 19, 26]",22.22611077089287,16-32,,,,FN
7773,7773.jpg,1,swimmer,,"[2268, 1352, 38, 23]",29.563490998188964,16-32,,,,FN
7773,7773.jpg,1,swimmer,,"[2100, 1585, 24, 27]",25.45584412271571,16-32,,,,FN
7773,7773.jpg,1,swimmer,,"[2824, 2084, 34, 27]",30.298514815086232,16-32,,,,FN
7773,7773.jpg,1,swimmer,,"[2595, 1987, 39, 28]",33.04542328371661,32-64,,,,FN
7774,7774.jpg,1,swimmer,,"[2283, 1447, 24, 22]",22.978250586152114,16-32,,,,FN
7774,7774.jpg,1,swimmer,,"[2387, 1349, 36, 38]",36.98648401781386,32-64,,,,FN
7774,7774.jpg,1,swimmer,,"[2326, 1356, 32, 21]",25.92296279363144,16-32,,,,FN
7774,7774.jpg,1,swimmer,,"[2152, 1585, 26, 25]",25.495097567963924,16-32,,,,FN
7774,7774.jpg,1,swimmer,,"[2863, 2111, 39, 24]",30.59411708155671,16-32,,,,FN
7774,7774.jpg,1,swimmer,,"[2421, 1390, 21, 29]",24.677925358506133,16-32,,,,FN
7775,7775.jpg,1,swimmer,,"[2322, 1451, 21, 22]",21.494185260204677,16-32,,,,FN
7775,7775.jpg,1,swimmer,,"[2425, 1364, 30, 36]",32.863353450309965,32-64,,,,FN
7775,7775.jpg,1,swimmer,,"[2361, 1364, 32, 23]",27.129319932501073,16-32,,,,FN
7775,7775.jpg,1,swimmer,,"[2190, 1575, 36, 19]",26.153393661244042,16-32,,,,FN
7775,7775.jpg,1,swimmer,,"[2893, 2135, 41, 24]",31.368774282716245,16-32,,,,FN
7775,7775.jpg,1,swimmer,,"[2675, 2016, 40, 27]",32.863353450309965,32-64,,,,FN
7775,7775.jpg,1,swimmer,,"[2460, 1401, 21, 26]",23.366642891095847,16-32,,,,FN
7776,7776.jpg,1,swimmer,,"[2891, 1933, 30, 28]",28.982753492378876,16-32,,,,FN
7776,7776.jpg,1,swimmer,,"[2677, 1825, 35, 34]",34.49637662132068,32-64,,,,FN
7776,7776.jpg,1,swimmer,,"[2427, 1180, 28, 42]",34.292856398964496,32-64,,,,FN
7776,7776.jpg,1,swimmer,,"[2325, 1262, 26, 21]",23.366642891095847,16-32,,,,FN
7777,7777.jpg,1,swimmer,,"[2375, 1000, 32, 21]",25.92296279363144,16-32,,,,FN
7777,7777.jpg,1,swimmer,,"[2898, 1739, 31, 28]",29.46183972531247,16-32,,,,FN
7777,7777.jpg,1,swimmer,,"[2687, 1641, 37, 38]",37.49666651850535,32-64,,,,FN
7777,7777.jpg,1,swimmer,,"[2292, 1462, 32, 32]",32.0,32-64,,,,FN
7777,7777.jpg,1,swimmer,,"[2467, 1027, 22, 30]",25.69046515733026,16-32,,,,FN
7777,7777.jpg,1,swimmer,,"[2436, 997, 29, 44]",35.7211421989835,32-64,,,,FN
7777,7777.jpg,1,swimmer,,"[2334, 1066, 26, 24]",24.979991993593593,16-32,,,,FN
7778,7778.jpg,1,swimmer,,"[2383, 984, 29, 22]",25.25866188063018,16-32,,,,FN
7778,7778.jpg,1,swimmer,,"[2909, 1730, 31, 25]",27.83882181415011,16-32,,,,FN
7778,7778.jpg,1,swimmer,,"[2708, 1644, 34, 27]",30.298514815086232,16-32,,,,FN
7778,7778.jpg,1,swimmer,,"[2345, 1055, 25, 27]",25.98076211353316,16-32,,,,FN
7778,7778.jpg,1,swimmer,,"[2442, 979, 29, 42]",34.899856733230294,32-64,,,,FN
7778,7778.jpg,1,swimmer,,"[2470, 1019, 26, 25]",25.495097567963924,16-32,,,,FN
7779,7779.jpg,1,swimmer,,"[2462, 987, 30, 24]",26.832815729997478,16-32,,,,FN
7779,7779.jpg,1,swimmer,,"[2367, 1476, 32, 33]",32.49615361854384,32-64,,,,FN
7779,7779.jpg,1,swimmer,,"[2520, 989, 28, 43]",34.698703145794944,32-64,,,,FN
7779,7779.jpg,1,swimmer,,"[2547, 1027, 32, 28]",29.93325909419153,16-32,,,,FN
7779,7779.jpg,1,swimmer,,"[2422, 1065, 24, 25]",24.49489742783178,16-32,,,,FN
7780,7780.jpg,1,swimmer,,"[2420, 985, 37, 26]",31.016124838541646,16-32,,,,FN
7780,7780.jpg,1,swimmer,,"[2317, 1478, 30, 43]",35.91656999213594,32-64,,,,FN
7780,7780.jpg,1,swimmer,,"[2480, 990, 32, 41]",36.22154055254967,32-64,,,,FN
7780,7780.jpg,1,swimmer,,"[2507, 1029, 28, 25]",26.457513110645905,16-32,,,,FN
7780,7780.jpg,1,swimmer,,"[2377, 1067, 27, 26]",26.49528259898354,16-32,,,,FN
7781,7781.jpg,1,swimmer,,"[2426, 993, 35, 26]",30.166206257996713,16-32,,,,FN
7781,7781.jpg,1,swimmer,,"[2245, 1217, 60, 29]",41.71330722922842,32-64,,,,FN
7781,7781.jpg,1,swimmer,,"[2910, 1784, 35, 30]",32.4037034920393,32-64,,,,FN
7781,7781.jpg,1,swimmer,,"[2717, 1701, 35, 24]",28.982753492378876,16-32,,,,FN
7781,7781.jpg,1,swimmer,,"[2310, 1497, 24, 35]",28.982753492378876,16-32,,,,FN
7781,7781.jpg,1,swimmer,,"[2484, 1007, 35, 33]",33.98529093593286,32-64,,,,FN
7781,7781.jpg,1,swimmer,,"[2380, 1079, 24, 29]",26.38181191654584,16-32,,,,FN
7781,7781.jpg,1,swimmer,,"[2504, 1042, 35, 24]",28.982753492378876,16-32,,,,FN
7782,7782.jpg,1,swimmer,,"[2025, 1387, 42, 40]",40.98780306383839,32-64,,,,FN
7782,7782.jpg,1,swimmer,,"[2358, 1001, 39, 27]",32.449961479175904,32-64,,,,FN
7782,7782.jpg,1,swimmer,,"[2166, 1209, 60, 47]",53.103672189407014,32-64,,,,FN
7782,7782.jpg,1,swimmer,,"[2820, 1798, 37, 30]",33.31666249791537,32-64,,,,FN
7782,7782.jpg,1,swimmer,,"[2216, 1507, 26, 26]",26.0,16-32,,,,FN
7782,7782.jpg,1,swimmer,,"[2412, 1018, 31, 33]",31.984371183438952,16-32,,,,FN
7782,7782.jpg,1,swimmer,,"[2436, 1050, 35, 23]",28.372521918222215,16-32,,,,FN
7783,7783.jpg,1,swimmer,,"[2254, 1015, 52, 28]",38.157568056677825,32-64,,,,FN
7783,7783.jpg,1,swimmer,,"[2510, 1718, 32, 38]",34.87119154832539,32-64,,,,FN
7783,7783.jpg,1,swimmer,,"[2102, 1507, 22, 26]",23.916521486202797,16-32,,,,FN
7783,7783.jpg,1,swimmer,,"[2314, 1031, 28, 32]",29.93325909419153,16-32,,,,FN
7783,7783.jpg,1,swimmer,,"[2202, 1088, 28, 28]",28.0,16-32,,,,FN
7783,7783.jpg,1,swimmer,,"[2337, 1056, 36, 26]",30.59411708155671,16-32,,,,FN
7784,7784.jpg,1,swimmer,,"[1800, 1395, 44, 37]",40.34848200366403,32-64,,,,FN
7784,7784.jpg,1,swimmer,,"[2149, 1018, 46, 25]",33.91164991562634,32-64,,,,FN
7784,7784.jpg,1,swimmer,,"[2571, 1829, 34, 38]",35.94440151122286,32-64,,,,FN
7784,7784.jpg,1,swimmer,,"[2379, 1734, 34, 31]",32.46536616149585,32-64,,,,FN
7784,7784.jpg,1,swimmer,,"[2198, 1028, 32, 34]",32.984845004941285,32-64,,,,FN
7784,7784.jpg,1,swimmer,,"[2091, 1088, 28, 30]",28.982753492378876,16-32,,,,FN
7784,7784.jpg,1,swimmer,,"[2228, 1059, 32, 22]",26.5329983228432,16-32,,,,FN
7785,7785.jpg,1,swimmer,,"[2195, 1014, 33, 28]",30.397368307141328,16-32,,,,FN
7785,7785.jpg,1,swimmer,,"[2238, 1030, 36, 44]",39.7994974842648,32-64,,,,FN
7785,7785.jpg,1,swimmer,,"[2135, 1092, 28, 28]",28.0,16-32,,,,FN
7785,7785.jpg,1,swimmer,,"[2258, 1065, 36, 27]",31.176914536239792,16-32,,,,FN
7786,7786.jpg,1,swimmer,,"[2155, 1014, 43, 25]",32.78719262151,32-64,,,,FN
7786,7786.jpg,1,swimmer,,"[1965, 1216, 36, 50]",42.42640687119285,32-64,,,,FN
7786,7786.jpg,1,swimmer,,"[2519, 1852, 34, 29]",31.400636936215164,16-32,,,,FN
7786,7786.jpg,1,swimmer,,"[2187, 1041, 35, 28]",31.304951684997057,16-32,,,,FN
7786,7786.jpg,1,swimmer,,"[2225, 1068, 34, 22]",27.349588662354687,16-32,,,,FN
7787,7787.jpg,1,swimmer,,"[2139, 1011, 46, 26]",34.583232931581165,32-64,,,,FN
7787,7787.jpg,1,swimmer,,"[2510, 1847, 33, 29]",30.93541659651604,16-32,,,,FN
7787,7787.jpg,1,swimmer,,"[2210, 1064, 34, 29]",31.400636936215164,16-32,,,,FN
7788,7788.jpg,1,swimmer,,"[2143, 1009, 37, 27]",31.606961258558215,16-32,,,,FN
7788,7788.jpg,1,swimmer,,"[1953, 1203, 36, 50]",42.42640687119285,32-64,,,,FN
7788,7788.jpg,1,swimmer,,"[2084, 1071, 22, 28]",24.819347291981714,16-32,,,,FN
7788,7788.jpg,1,swimmer,,"[2212, 1055, 31, 28]",29.46183972531247,16-32,,,,FN
7789,7789.jpg,1,swimmer,,"[2152, 1000, 41, 22]",30.033314835362415,16-32,,,,FN
7789,7789.jpg,1,swimmer,,"[2527, 1845, 28, 30]",28.982753492378876,16-32,,,,FN
7789,7789.jpg,1,swimmer,,"[1952, 1508, 31, 30]",30.495901363953813,16-32,,,,FN
7789,7789.jpg,1,swimmer,,"[2183, 1026, 26, 30]",27.92848008753788,16-32,,,,FN
7789,7789.jpg,1,swimmer,,"[2217, 1045, 31, 32]",31.496031496047245,16-32,,,,FN
7790,7790.jpg,1,swimmer,,"[1983, 1235, 27, 28]",27.49545416973504,16-32,,,,FN
7790,7790.jpg,1,swimmer,,"[2543, 1849, 29, 28]",28.495613697550013,16-32,,,,FN
7790,7790.jpg,1,swimmer,,"[2191, 1018, 28, 36]",31.74901573277509,16-32,,,,FN
7790,7790.jpg,1,swimmer,,"[2224, 1044, 36, 28]",31.74901573277509,16-32,,,,FN
7791,7791.jpg,1,swimmer,,"[1994, 1236, 27, 30]",28.460498941515414,16-32,,,,FN
7791,7791.jpg,1,swimmer,,"[2546, 1856, 38, 27]",32.03123475609393,32-64,,,,FN
7791,7791.jpg,1,swimmer,,"[1976, 1509, 27, 33]",29.8496231131986,16-32,,,,FN
7791,7791.jpg,1,swimmer,,"[2199, 1022, 26, 37]",31.016124838541646,16-32,,,,FN
7791,7791.jpg,1,swimmer,,"[2236, 1048, 39, 29]",33.63034344160047,32-64,,,,FN
7792,7792.jpg,1,swimmer,,"[2001, 1227, 34, 39]",36.41428291206625,32-64,,,,FN
7792,7792.jpg,1,swimmer,,"[2376, 1765, 37, 23]",29.171904291629644,16-32,,,,FN
7792,7792.jpg,1,swimmer,,"[2210, 1032, 26, 34]",29.732137494637012,16-32,,,,FN
7792,7792.jpg,1,swimmer,,"[2244, 1054, 34, 28]",30.854497241083024,16-32,,,,FN
7793,7793.jpg,1,swimmer,,"[1842, 1397, 35, 34]",34.49637662132068,32-64,,,,FN
7793,7793.jpg,1,swimmer,,"[2014, 1216, 33, 51]",41.02438299353203,32-64,,,,FN
7793,7793.jpg,1,swimmer,,"[2571, 1872, 42, 45]",43.474130238568314,32-64,,,,FN
7793,7793.jpg,1,swimmer,,"[2390, 1770, 34, 23]",27.964262908219126,16-32,,,,FN
7793,7793.jpg,1,swimmer,,"[2217, 1036, 26, 33]",29.29163703175362,16-32,,,,FN
7793,7793.jpg,1,swimmer,,"[2118, 1061, 26, 26]",26.0,16-32,,,,FN
7793,7793.jpg,1,swimmer,,"[2250, 1058, 37, 24]",29.79932885150268,16-32,,,,FN
7794,7794.jpg,1,swimmer,,"[2193, 995, 34, 23]",27.964262908219126,16-32,,,,FN
7794,7794.jpg,1,swimmer,,"[2590, 1874, 37, 39]",37.986839826445156,32-64,,,,FN
7794,7794.jpg,1,swimmer,,"[2225, 1040, 25, 35]",29.58039891549808,16-32,,,,FN
7794,7794.jpg,1,swimmer,,"[2259, 1057, 34, 23]",27.964262908219126,16-32,,,,FN
7795,7795.jpg,1,swimmer,,"[2017, 1222, 36, 53]",43.68065933568311,32-64,,,,FN
7795,7795.jpg,1,swimmer,,"[2416, 1781, 37, 24]",29.79932885150268,16-32,,,,FN
7795,7795.jpg,1,swimmer,,"[2235, 1038, 24, 35]",28.982753492378876,16-32,,,,FN
7795,7795.jpg,1,swimmer,,"[2268, 1058, 33, 21]",26.324893162176366,16-32,,,,FN
7796,7796.jpg,1,swimmer,,"[2431, 1779, 37, 23]",29.171904291629644,16-32,,,,FN
7796,7796.jpg,1,swimmer,,"[2246, 1037, 24, 37]",29.79932885150268,16-32,,,,FN
7796,7796.jpg,1,swimmer,,"[2277, 1054, 33, 22]",26.94438717061496,16-32,,,,FN
7797,7797.jpg,1,swimmer,,"[2605, 1855, 50, 48]",48.98979485566356,32-64,,,,FN
7797,7797.jpg,1,swimmer,,"[2028, 1492, 31, 35]",32.93933818400121,32-64,,,,FN
7797,7797.jpg,1,swimmer,,"[2253, 1036, 24, 42]",31.74901573277509,16-32,,,,FN
7797,7797.jpg,1,swimmer,,"[2283, 1051, 36, 26]",30.59411708155671,16-32,,,,FN
7798,7798.jpg,1,swimmer,,"[2043, 1224, 31, 50]",39.370039370059054,32-64,,,,FN
7798,7798.jpg,1,swimmer,,"[2620, 1849, 42, 42]",42.0,32-64,,,,FN
7798,7798.jpg,1,swimmer,,"[2032, 1485, 32, 45]",37.94733192202055,32-64,,,,FN
7798,7798.jpg,1,swimmer,,"[2255, 1042, 24, 34]",28.5657137141714,16-32,,,,FN
7798,7798.jpg,1,swimmer,,"[2144, 1055, 25, 25]",25.0,16-32,,,,FN
7798,7798.jpg,1,swimmer,,"[2282, 1056, 35, 29]",31.85906464414798,16-32,,,,FN
7799,7799.jpg,1,swimmer,,"[2047, 1218, 33, 55]",42.60281680828159,32-64,,,,FN
7799,7799.jpg,1,swimmer,,"[2259, 1047, 22, 35]",27.748873851023216,16-32,,,,FN
7799,7799.jpg,1,swimmer,,"[2144, 1050, 25, 27]",25.98076211353316,16-32,,,,FN
7799,7799.jpg,1,swimmer,,"[2283, 1057, 30, 26]",27.92848008753788,16-32,,,,FN
7800,7800.jpg,1,swimmer,,"[2223, 988, 30, 21]",25.099800796022265,16-32,,,,FN
7800,7800.jpg,1,swimmer,,"[2631, 1853, 55, 39]",46.314144707637645,32-64,,,,FN
7800,7800.jpg,1,swimmer,,"[2260, 1047, 22, 35]",27.748873851023216,16-32,,,,FN
7800,7800.jpg,1,swimmer,,"[2145, 1044, 24, 25]",24.49489742783178,16-32,,,,FN
7800,7800.jpg,1,swimmer,,"[2286, 1055, 30, 30]",30.0,16-32,,,,FN
7801,7801.jpg,1,swimmer,,"[2223, 986, 31, 23]",26.70205984563738,16-32,,,,FN
7801,7801.jpg,1,swimmer,,"[2633, 1859, 62, 44]",52.230259428802384,32-64,,,,FN
7801,7801.jpg,1,swimmer,,"[2461, 1765, 32, 25]",28.284271247461902,16-32,,,,FN
7801,7801.jpg,1,swimmer,,"[2262, 1047, 24, 30]",26.832815729997478,16-32,,,,FN
7801,7801.jpg,1,swimmer,,"[2145, 1038, 26, 27]",26.49528259898354,16-32,,,,FN
7801,7801.jpg,1,swimmer,,"[2288, 1051, 27, 27]",27.0,16-32,,,,FN
7802,7802.jpg,1,swimmer,,"[2644, 1870, 55, 36]",44.49719092257398,32-64,,,,FN
7802,7802.jpg,1,swimmer,,"[2267, 1044, 26, 26]",26.0,16-32,,,,FN
7802,7802.jpg,1,swimmer,,"[2149, 1039, 28, 26]",26.981475126464083,16-32,,,,FN
7802,7802.jpg,1,swimmer,,"[2293, 1046, 23, 26]",24.454038521274967,16-32,,,,FN
7803,7803.jpg,1,swimmer,,"[1900, 1378, 38, 36]",36.98648401781386,32-64,,,,FN
7803,7803.jpg,1,swimmer,,"[2228, 975, 34, 24]",28.5657137141714,16-32,,,,FN
7803,7803.jpg,1,swimmer,,"[2468, 1777, 32, 24]",27.712812921102035,16-32,,,,FN
7803,7803.jpg,1,swimmer,,"[2270, 1046, 25, 27]",25.98076211353316,16-32,,,,FN
7803,7803.jpg,1,swimmer,,"[2149, 1036, 26, 25]",25.495097567963924,16-32,,,,FN
7803,7803.jpg,1,swimmer,,"[2295, 1040, 26, 35]",30.166206257996713,16-32,,,,FN
7804,7804.jpg,1,swimmer,,"[1902, 1374, 37, 33]",34.942810419312295,32-64,,,,FN
7804,7804.jpg,1,swimmer,,"[2652, 1872, 61, 39]",48.774993593028796,32-64,,,,FN
7804,7804.jpg,1,swimmer,,"[2480, 1785, 34, 24]",28.5657137141714,16-32,,,,FN
7804,7804.jpg,1,swimmer,,"[2279, 1052, 21, 23]",21.97726097583591,16-32,,,,FN
7804,7804.jpg,1,swimmer,,"[2308, 1042, 22, 31]",26.115129714401192,16-32,,,,FN
7805,7805.jpg,1,swimmer,,"[2661, 1886, 58, 40]",48.16637831516918,32-64,,,,FN
7805,7805.jpg,1,swimmer,,"[2050, 1485, 43, 37]",39.88734135035826,32-64,,,,FN
7805,7805.jpg,1,swimmer,,"[2288, 1051, 22, 22]",22.0,16-32,,,,FN
7805,7805.jpg,1,swimmer,,"[2322, 1046, 21, 30]",25.099800796022265,16-32,,,,FN
7806,7806.jpg,1,swimmer,,"[2034, 1220, 39, 60]",48.373546489791295,32-64,,,,FN
7806,7806.jpg,1,swimmer,,"[2624, 1896, 50, 31]",39.370039370059054,32-64,,,,FN
7806,7806.jpg,1,swimmer,,"[2250, 1052, 21, 23]",21.97726097583591,16-32,,,,FN
7806,7806.jpg,1,swimmer,,"[2288, 1047, 21, 24]",22.44994432064365,16-32,,,,FN
8115,8115.jpg,1,swimmer,,"[2064, 231, 187, 83]",124.58330546265017,>64,,,,FN
8115,8115.jpg,1,swimmer,,"[2287, 761, 29, 25]",26.92582403567252,16-32,,,,FN
8115,8115.jpg,1,swimmer,,"[2205, 767, 20, 23]",21.447610589527216,16-32,,,,FN
8115,8115.jpg,1,swimmer,,"[2567, 1253, 42, 43]",42.49705872175156,32-64,,,,FN
8116,8116.jpg,1,swimmer,,"[2080, 0, 190, 76]",120.16655108639841,>64,,,,FN
8116,8116.jpg,5,buoy,,"[2479, 128, 52, 69]",59.89991652748775,32-64,,,,FN
8116,8116.jpg,3,jetski,,"[1942, 337, 130, 55]",84.55767262643882,>64,,,,FN
8116,8116.jpg,1,swimmer,,"[2384, 489, 20, 26]",22.80350850198276,16-32,,,,FN
8116,8116.jpg,1,swimmer,,"[2452, 599, 33, 23]",27.54995462791182,16-32,,,,FN
8116,8116.jpg,1,swimmer,,"[2292, 501, 29, 23]",25.826343140289914,16-32,,,,FN
8116,8116.jpg,1,swimmer,,"[2208, 506, 27, 24]",25.45584412271571,16-32,,,,FN
8116,8116.jpg,1,swimmer,,"[1985, 541, 53, 30]",39.87480407475377,32-64,,,,FN
8116,8116.jpg,1,swimmer,,"[2981, 985, 49, 62]",55.11805511808268,32-64,,,,FN
8116,8116.jpg,1,swimmer,,"[2678, 1019, 31, 31]",31.0,16-32,,,,FN
8116,8116.jpg,1,swimmer,,"[3132, 1156, 100, 73]",85.44003745317531,>64,,,,FN
8116,8116.jpg,1,swimmer,,"[2564, 983, 37, 33]",34.942810419312295,32-64,,,,FN
8117,8117.jpg,1,swimmer,,"[2472, 74, 27, 27]",27.0,16-32,,,,FN
8117,8117.jpg,1,swimmer,,"[1982, 6, 58, 40]",48.16637831516918,32-64,,,,FN
8117,8117.jpg,1,swimmer,,"[2685, 528, 33, 30]",31.464265445104548,16-32,,,,FN
8117,8117.jpg,1,swimmer,,"[2571, 486, 39, 40]",39.496835316262995,32-64,,,,FN
8618,8618.jpg,1,swimmer,,"[2344, 908, 31, 42]",36.08323710533743,32-64,,,,FN
8618,8618.jpg,1,swimmer,,"[2282, 1392, 30, 34]",31.937438845342623,16-32,,,,FN
8618,8618.jpg,1,swimmer,,"[2040, 1034, 54, 50]",51.96152422706632,32-64,,,,FN
8618,8618.jpg,4,life_saving_appliances,,"[2220, 1012, 15, 19]",16.881943016134134,16-32,,,,FN
8618,8618.jpg,4,life_saving_appliances,,"[2260, 1417, 27, 17]",21.42428528562855,16-32,,,,FN
8619,8619.jpg,1,swimmer,,"[2343, 910, 30, 35]",32.4037034920393,32-64,,,,FN
8619,8619.jpg,1,swimmer,,"[2276, 1393, 31, 35]",32.93933818400121,32-64,,,,FN
8619,8619.jpg,4,life_saving_appliances,,"[2216, 1014, 15, 18]",16.431676725154983,16-32,,,,FN
8619,8619.jpg,4,life_saving_appliances,,"[2257, 1419, 28, 18]",22.44994432064365,16-32,,,,FN
8620,8620.jpg,1,swimmer,,"[2046, 807, 39, 29]",33.63034344160047,32-64,,,,FN
8620,8620.jpg,1,swimmer,,"[2341, 924, 30, 35]",32.4037034920393,32-64,,,,FN
8620,8620.jpg,1,swimmer,,"[2060, 1016, 36, 29]",32.31098884280702,32-64,,,,FN
8620,8620.jpg,1,swimmer,,"[2273, 1412, 29, 28]",28.495613697550013,16-32,,,,FN
8620,8620.jpg,1,swimmer,,"[2006, 1062, 62, 49]",55.11805511808268,32-64,,,,FN
8620,8620.jpg,4,life_saving_appliances,,"[2215, 1027, 15, 18]",16.431676725154983,16-32,,,,FN
8620,8620.jpg,4,life_saving_appliances,,"[2256, 1430, 25, 18]",21.213203435596427,16-32,,,,FN
8621,8621.jpg,1,swimmer,,"[2045, 827, 39, 29]",33.63034344160047,32-64,,,,FN
8621,8621.jpg,1,swimmer,,"[1818, 1585, 48, 42]",44.8998886412873,32-64,,,,FN
8621,8621.jpg,1,swimmer,,"[2270, 1435, 28, 27]",27.49545416973504,16-32,,,,FN
8621,8621.jpg,4,life_saving_appliances,,"[2207, 1053, 17, 17]",17.0,16-32,,,,FN
8621,8621.jpg,4,life_saving_appliances,,"[2249, 1454, 26, 18]",21.633307652783937,16-32,,,,FN
8622,8622.jpg,1,swimmer,,"[1869, 1400, 37, 45]",40.80441152620633,32-64,,,,FN
8622,8622.jpg,1,swimmer,,"[2046, 848, 39, 29]",33.63034344160047,32-64,,,,FN
8622,8622.jpg,1,swimmer,,"[2060, 1065, 35, 34]",34.49637662132068,32-64,,,,FN
8622,8622.jpg,1,swimmer,,"[2266, 1455, 32, 31]",31.496031496047245,16-32,,,,FN
8622,8622.jpg,4,life_saving_appliances,,"[2209, 1074, 18, 17]",17.4928556845359,16-32,,,,FN
8622,8622.jpg,4,life_saving_appliances,,"[2245, 1472, 29, 19]",23.473389188611005,16-32,,,,FN
8623,8623.jpg,1,swimmer,,"[2328, 1011, 33, 39]",35.874782229304195,32-64,,,,FN
8623,8623.jpg,1,swimmer,,"[2062, 1114, 31, 31]",31.0,16-32,,,,FN
8623,8623.jpg,1,swimmer,,"[2267, 1499, 32, 33]",32.49615361854384,32-64,,,,FN
8623,8623.jpg,4,life_saving_appliances,,"[2210, 1121, 18, 18]",18.0,16-32,,,,FN
8624,8624.jpg,1,swimmer,,"[1865, 1487, 37, 45]",40.80441152620633,32-64,,,,FN
8624,8624.jpg,1,swimmer,,"[2061, 1161, 28, 28]",28.0,16-32,,,,FN
8624,8624.jpg,1,swimmer,,"[2268, 1542, 31, 29]",29.9833287011299,16-32,,,,FN
8624,8624.jpg,4,life_saving_appliances,,"[2208, 1169, 18, 17]",17.4928556845359,16-32,,,,FN
8625,8625.jpg,1,swimmer,,"[2325, 1059, 33, 39]",35.874782229304195,32-64,,,,FN
8625,8625.jpg,1,swimmer,,"[2059, 1165, 26, 31]",28.39013913315678,16-32,,,,FN
8625,8625.jpg,1,swimmer,,"[2268, 1545, 33, 34]",33.49626844888845,32-64,,,,FN
8625,8625.jpg,4,life_saving_appliances,,"[2207, 1180, 18, 17]",17.4928556845359,16-32,,,,FN
8626,8626.jpg,1,swimmer,,"[2392, 1088, 24, 34]",28.5657137141714,16-32,,,,FN
8626,8626.jpg,1,swimmer,,"[2314, 1565, 31, 35]",32.93933818400121,32-64,,,,FN
8626,8626.jpg,4,life_saving_appliances,,"[2263, 1201, 18, 17]",17.4928556845359,16-32,,,,FN
8626,8626.jpg,4,life_saving_appliances,,"[2292, 1590, 28, 23]",25.37715508089904,16-32,,,,FN
8627,8627.jpg,1,swimmer,,"[2185, 974, 39, 29]",33.63034344160047,32-64,,,,FN
8627,8627.jpg,1,swimmer,,"[2345, 1596, 36, 40]",37.94733192202055,32-64,,,,FN
8627,8627.jpg,1,swimmer,,"[1961, 1401, 40, 32]",35.77708763999664,32-64,,,,FN
8627,8627.jpg,4,life_saving_appliances,,"[2320, 1228, 20, 18]",18.973665961010276,16-32,,,,FN
8627,8627.jpg,4,life_saving_appliances,,"[2325, 1618, 28, 20]",23.664319132398465,16-32,,,,FN
8628,8628.jpg,1,swimmer,,"[2239, 993, 39, 29]",33.63034344160047,32-64,,,,FN
8628,8628.jpg,1,swimmer,,"[2217, 1211, 24, 25]",24.49489742783178,16-32,,,,FN
8628,8628.jpg,1,swimmer,,"[2496, 1164, 22, 29]",25.25866188063018,16-32,,,,FN
8628,8628.jpg,1,swimmer,,"[2357, 1624, 33, 30]",31.464265445104548,16-32,,,,FN
8628,8628.jpg,4,life_saving_appliances,,"[2355, 1254, 22, 17]",19.339079605813716,16-32,,,,FN
8628,8628.jpg,4,life_saving_appliances,,"[2332, 1643, 29, 20]",24.08318915758459,16-32,,,,FN
8629,8629.jpg,1,swimmer,,"[1842, 1657, 48, 42]",44.8998886412873,32-64,,,,FN
8629,8629.jpg,1,swimmer,,"[2239, 1220, 24, 25]",24.49489742783178,16-32,,,,FN
8629,8629.jpg,1,swimmer,,"[2522, 1200, 20, 25]",22.360679774997898,16-32,,,,FN
8629,8629.jpg,1,swimmer,,"[2348, 1652, 29, 25]",26.92582403567252,16-32,,,,FN
8629,8629.jpg,1,swimmer,,"[2088, 1250, 46, 42]",43.95452195167182,32-64,,,,FN
8629,8629.jpg,4,life_saving_appliances,,"[2374, 1280, 23, 17]",19.77371993328519,16-32,,,,FN
8629,8629.jpg,4,life_saving_appliances,,"[2319, 1660, 30, 20]",24.49489742783178,16-32,,,,FN
8630,8630.jpg,1,swimmer,,"[2307, 1012, 37, 32]",34.40930106817051,32-64,,,,FN
8630,8630.jpg,1,swimmer,,"[1813, 1630, 48, 42]",44.8998886412873,32-64,,,,FN
8630,8630.jpg,1,swimmer,,"[2251, 1227, 26, 27]",26.49528259898354,16-32,,,,FN
8630,8630.jpg,1,swimmer,,"[2537, 1231, 23, 29]",25.826343140289914,16-32,,,,FN
8630,8630.jpg,1,swimmer,,"[2003, 1734, 43, 29]",35.31288716601915,32-64,,,,FN
8630,8630.jpg,1,swimmer,,"[2324, 1663, 31, 26]",28.39013913315678,16-32,,,,FN
8630,8630.jpg,4,life_saving_appliances,,"[2383, 1301, 22, 16]",18.76166303929372,16-32,,,,FN
8630,8630.jpg,4,life_saving_appliances,,"[2296, 1672, 29, 19]",23.473389188611005,16-32,,,,FN
8631,8631.jpg,1,swimmer,,"[2535, 1254, 31, 31]",31.0,16-32,,,,FN
8631,8631.jpg,1,swimmer,,"[2260, 1233, 29, 30]",29.49576240750525,16-32,,,,FN
8631,8631.jpg,1,swimmer,,"[2293, 1667, 41, 29]",34.48187929913333,32-64,,,,FN
8631,8631.jpg,4,life_saving_appliances,,"[2386, 1319, 22, 16]",18.76166303929372,16-32,,,,FN
8631,8631.jpg,4,life_saving_appliances,,"[2266, 1673, 31, 22]",26.115129714401192,16-32,,,,FN
8632,8632.jpg,1,swimmer,,"[1929, 1680, 40, 39]",39.496835316262995,32-64,,,,FN
8632,8632.jpg,1,swimmer,,"[2269, 1670, 33, 25]",28.722813232690143,16-32,,,,FN
8632,8632.jpg,1,swimmer,,"[1899, 1386, 56, 48]",51.84592558726288,32-64,,,,FN
8632,8632.jpg,5,buoy,,"[2908, 915, 52, 48]",49.95998398718719,32-64,,,,FN
8632,8632.jpg,4,life_saving_appliances,,"[2389, 1334, 22, 16]",18.76166303929372,16-32,,,,FN
8632,8632.jpg,4,life_saving_appliances,,"[2238, 1670, 30, 23]",26.267851073127396,16-32,,,,FN
8633,8633.jpg,1,swimmer,,"[2288, 1243, 31, 32]",31.496031496047245,16-32,,,,FN
8633,8633.jpg,1,swimmer,,"[2242, 1668, 30, 25]",27.386127875258307,16-32,,,,FN
8633,8633.jpg,4,life_saving_appliances,,"[2391, 1345, 22, 16]",18.76166303929372,16-32,,,,FN
8633,8633.jpg,4,life_saving_appliances,,"[2210, 1666, 31, 24]",27.27636339397171,16-32,,,,FN
8634,8634.jpg,1,swimmer,,"[1735, 1441, 36, 32]",33.94112549695428,32-64,,,,FN
8634,8634.jpg,1,swimmer,,"[2301, 1245, 28, 31]",29.46183972531247,16-32,,,,FN
8634,8634.jpg,1,swimmer,,"[2205, 1663, 37, 22]",28.53068523537421,16-32,,,,FN
8634,8634.jpg,5,buoy,,"[2995, 1038, 53, 48]",50.438080851673966,32-64,,,,FN
8634,8634.jpg,4,life_saving_appliances,,"[2395, 1357, 22, 15]",18.16590212458495,16-32,,,,FN
8634,8634.jpg,4,life_saving_appliances,,"[2183, 1653, 30, 24]",26.832815729997478,16-32,,,,FN
8635,8635.jpg,1,swimmer,,"[1733, 1373, 44, 44]",44.0,32-64,,,,FN
8635,8635.jpg,1,swimmer,,"[2317, 1249, 28, 31]",29.46183972531247,16-32,,,,FN
8635,8635.jpg,1,swimmer,,"[2185, 1649, 35, 21]",27.110883423451916,16-32,,,,FN
8635,8635.jpg,4,life_saving_appliances,,"[2402, 1368, 22, 15]",18.16590212458495,16-32,,,,FN
8635,8635.jpg,4,life_saving_appliances,,"[2160, 1637, 31, 24]",27.27636339397171,16-32,,,,FN
8636,8636.jpg,1,swimmer,,"[1743, 1315, 44, 44]",44.0,32-64,,,,FN
8636,8636.jpg,1,swimmer,,"[2331, 1256, 27, 27]",27.0,16-32,,,,FN
8636,8636.jpg,1,swimmer,,"[2167, 1634, 35, 21]",27.110883423451916,16-32,,,,FN
8636,8636.jpg,5,buoy,,"[3075, 1173, 55, 50]",52.44044240850758,32-64,,,,FN
8636,8636.jpg,4,life_saving_appliances,,"[2406, 1379, 22, 16]",18.76166303929372,16-32,,,,FN
8636,8636.jpg,4,life_saving_appliances,,"[2143, 1620, 30, 24]",26.832815729997478,16-32,,,,FN
8637,8637.jpg,1,swimmer,,"[1776, 1265, 44, 44]",44.0,32-64,,,,FN
8637,8637.jpg,1,swimmer,,"[2597, 1424, 34, 39]",36.41428291206625,32-64,,,,FN
8637,8637.jpg,1,swimmer,,"[2356, 1262, 32, 26]",28.844410203711913,16-32,,,,FN
8637,8637.jpg,1,swimmer,,"[2161, 1623, 34, 20]",26.076809620810597,16-32,,,,FN
8637,8637.jpg,1,swimmer,,"[1955, 1199, 38, 47]",42.261093218230876,32-64,,,,FN
8637,8637.jpg,4,life_saving_appliances,,"[2419, 1394, 20, 17]",18.439088914585774,16-32,,,,FN
8637,8637.jpg,4,life_saving_appliances,,"[2137, 1605, 29, 23]",25.826343140289914,16-32,,,,FN
8638,8638.jpg,1,swimmer,,"[1814, 1213, 44, 44]",44.0,32-64,,,,FN
8638,8638.jpg,1,swimmer,,"[2386, 1269, 31, 27]",28.930952282978865,16-32,,,,FN
8638,8638.jpg,1,swimmer,,"[2158, 1607, 36, 21]",27.49545416973504,16-32,,,,FN
8638,8638.jpg,4,life_saving_appliances,,"[2435, 1405, 21, 18]",19.44222209522358,16-32,,,,FN
8638,8638.jpg,4,life_saving_appliances,,"[2138, 1584, 24, 28]",25.92296279363144,16-32,,,,FN
8639,8639.jpg,1,swimmer,,"[2625, 1494, 40, 40]",40.0,32-64,,,,FN
8639,8639.jpg,1,swimmer,,"[2424, 1280, 33, 28]",30.397368307141328,16-32,,,,FN
8639,8639.jpg,1,swimmer,,"[2162, 1592, 44, 22]",31.11269837220809,16-32,,,,FN
8639,8639.jpg,4,life_saving_appliances,,"[2457, 1420, 21, 19]",19.974984355438178,16-32,,,,FN
8639,8639.jpg,4,life_saving_appliances,,"[2144, 1565, 22, 28]",24.819347291981714,16-32,,,,FN
8640,8640.jpg,1,swimmer,,"[1931, 1130, 35, 43]",38.79432948254165,32-64,,,,FN
8640,8640.jpg,1,swimmer,,"[2638, 1538, 40, 40]",40.0,32-64,,,,FN
8640,8640.jpg,1,swimmer,,"[2476, 1302, 28, 26]",26.981475126464083,16-32,,,,FN
8640,8640.jpg,1,swimmer,,"[1931, 1330, 33, 34]",33.49626844888845,32-64,,,,FN
8640,8640.jpg,1,swimmer,,"[2176, 1578, 46, 25]",33.91164991562634,32-64,,,,FN
8640,8640.jpg,4,life_saving_appliances,,"[2485, 1440, 21, 20]",20.493901531919196,16-32,,,,FN
8640,8640.jpg,4,life_saving_appliances,,"[2158, 1550, 21, 29]",24.677925358506133,16-32,,,,FN
8641,8641.jpg,1,swimmer,,"[2766, 1300, 37, 36]",36.49657518178932,32-64,,,,FN
8641,8641.jpg,1,swimmer,,"[2008, 1101, 31, 33]",31.984371183438952,16-32,,,,FN
8641,8641.jpg,1,swimmer,,"[2531, 1332, 26, 25]",25.495097567963924,16-32,,,,FN
8641,8641.jpg,1,swimmer,,"[2192, 1568, 48, 24]",33.94112549695428,32-64,,,,FN
8641,8641.jpg,4,life_saving_appliances,,"[2518, 1467, 21, 21]",21.0,16-32,,,,FN
8641,8641.jpg,4,life_saving_appliances,,"[2178, 1537, 22, 29]",25.25866188063018,16-32,,,,FN
8642,8642.jpg,1,swimmer,,"[2583, 1368, 27, 26]",26.49528259898354,16-32,,,,FN
8642,8642.jpg,1,swimmer,,"[2218, 1551, 29, 27]",27.982137159266443,16-32,,,,FN
8642,8642.jpg,1,swimmer,,"[2429, 1227, 38, 25]",30.822070014844883,16-32,,,,FN
8642,8642.jpg,4,life_saving_appliances,,"[2552, 1502, 21, 21]",21.0,16-32,,,,FN
8642,8642.jpg,4,life_saving_appliances,,"[2203, 1529, 22, 26]",23.916521486202797,16-32,,,,FN
8643,8643.jpg,1,swimmer,,"[2183, 1057, 31, 33]",31.984371183438952,16-32,,,,FN
8643,8643.jpg,1,swimmer,,"[2635, 1417, 23, 22]",22.494443758403985,16-32,,,,FN
8643,8643.jpg,1,swimmer,,"[2245, 1549, 29, 32]",30.463092423455635,16-32,,,,FN
8643,8643.jpg,5,buoy,,"[3258, 1998, 60, 57]",58.48076606885378,32-64,,,,FN
8643,8643.jpg,4,life_saving_appliances,,"[2584, 1540, 20, 21]",20.493901531919196,16-32,,,,FN
8643,8643.jpg,4,life_saving_appliances,,"[2233, 1524, 22, 27]",24.372115213907882,16-32,,,,FN
8643,8643.jpg,3,jetski,,"[0, 411, 34, 93]",56.231663678038196,32-64,,,,FN
8644,8644.jpg,1,swimmer,,"[2678, 1473, 27, 24]",25.45584412271571,16-32,,,,FN
8644,8644.jpg,1,swimmer,,"[2277, 1550, 33, 41]",36.78314831549904,32-64,,,,FN
8644,8644.jpg,1,swimmer,,"[2567, 1295, 34, 36]",34.9857113690718,32-64,,,,FN
8644,8644.jpg,4,life_saving_appliances,,"[2610, 1585, 19, 20]",19.493588689617926,16-32,,,,FN
8644,8644.jpg,4,life_saving_appliances,,"[2266, 1527, 22, 28]",24.819347291981714,16-32,,,,FN
8644,8644.jpg,3,jetski,,"[232, 169, 39, 92]",59.89991652748775,32-64,,,,FN
8644,8644.jpg,5,buoy,,"[3233, 2127, 62, 33]",45.232731511594565,32-64,,,,FN
8645,8645.jpg,1,swimmer,,"[2715, 1533, 28, 25]",26.457513110645905,16-32,,,,FN
8645,8645.jpg,1,swimmer,,"[2309, 1556, 33, 47]",39.382737335030434,32-64,,,,FN
8645,8645.jpg,4,life_saving_appliances,,"[2634, 1633, 19, 20]",19.493588689617926,16-32,,,,FN
8645,8645.jpg,4,life_saving_appliances,,"[2302, 1532, 22, 28]",24.819347291981714,16-32,,,,FN
8645,8645.jpg,3,jetski,,"[488, 0, 44, 91]",63.2771680782255,32-64,,,,FN
8646,8646.jpg,1,swimmer,,"[2743, 1598, 35, 25]",29.58039891549808,16-32,,,,FN
8646,8646.jpg,1,swimmer,,"[2341, 1569, 26, 41]",32.64965543462902,32-64,,,,FN
8646,8646.jpg,1,swimmer,,"[2700, 1399, 37, 35]",35.98610843089316,32-64,,,,FN
8646,8646.jpg,4,life_saving_appliances,,"[2653, 1683, 19, 21]",19.974984355438178,16-32,,,,FN
8646,8646.jpg,4,life_saving_appliances,,"[2338, 1544, 23, 28]",25.37715508089904,16-32,,,,FN
8647,8647.jpg,1,swimmer,,"[2568, 1114, 32, 33]",32.49615361854384,32-64,,,,FN
8647,8647.jpg,1,swimmer,,"[2747, 1452, 44, 41]",42.473521163190604,32-64,,,,FN
8647,8647.jpg,4,life_saving_appliances,,"[2665, 1734, 21, 21]",21.0,16-32,,,,FN
8647,8647.jpg,4,life_saving_appliances,,"[2371, 1561, 25, 28]",26.457513110645905,16-32,,,,FN
8648,8648.jpg,1,swimmer,,"[2660, 1162, 35, 33]",33.98529093593286,32-64,,,,FN
8648,8648.jpg,1,swimmer,,"[2692, 1973, 27, 41]",33.27160951922825,32-64,,,,FN
8648,8648.jpg,1,swimmer,,"[2392, 1602, 28, 51]",37.78888725538237,32-64,,,,FN
8648,8648.jpg,1,swimmer,,"[2804, 1524, 45, 25]",33.54101966249684,32-64,,,,FN
8648,8648.jpg,4,life_saving_appliances,,"[2670, 1787, 23, 21]",21.97726097583591,16-32,,,,FN
8648,8648.jpg,4,life_saving_appliances,,"[2400, 1580, 27, 27]",27.0,16-32,,,,FN
8649,8649.jpg,1,swimmer,,"[2804, 1798, 31, 25]",27.83882181415011,16-32,,,,FN
8649,8649.jpg,1,swimmer,,"[2665, 2028, 28, 42]",34.292856398964496,32-64,,,,FN
8649,8649.jpg,1,swimmer,,"[2421, 1622, 23, 38]",29.563490998188964,16-32,,,,FN
8649,8649.jpg,1,swimmer,,"[2848, 1605, 45, 32]",37.94733192202055,32-64,,,,FN
8649,8649.jpg,4,life_saving_appliances,,"[2673, 1839, 22, 21]",21.494185260204677,16-32,,,,FN
8649,8649.jpg,4,life_saving_appliances,,"[2429, 1601, 29, 26]",27.459060435491963,16-32,,,,FN
8649,8649.jpg,1,swimmer,,"[2752, 1219, 34, 35]",34.49637662132068,32-64,,,,FN
8650,8650.jpg,1,swimmer,,"[2801, 1847, 33, 26]",29.29163703175362,16-32,,,,FN
8650,8650.jpg,1,swimmer,,"[2426, 1634, 26, 46]",34.583232931581165,32-64,,,,FN
8650,8650.jpg,4,life_saving_appliances,,"[2666, 1873, 24, 21]",22.44994432064365,16-32,,,,FN
8650,8650.jpg,4,life_saving_appliances,,"[2439, 1616, 29, 25]",26.92582403567252,16-32,,,,FN
8651,8651.jpg,1,swimmer,,"[2408, 1629, 27, 49]",36.373066958946424,32-64,,,,FN
8651,8651.jpg,4,life_saving_appliances,,"[2639, 1873, 24, 20]",21.908902300206645,16-32,,,,FN
8651,8651.jpg,4,life_saving_appliances,,"[2421, 1610, 30, 26]",27.92848008753788,16-32,,,,FN
8651,8651.jpg,1,swimmer,,"[2810, 1281, 32, 22]",26.5329983228432,16-32,,,,FN
8652,8652.jpg,1,swimmer,,"[2714, 1838, 35, 29]",31.85906464414798,16-32,,,,FN
8652,8652.jpg,1,swimmer,,"[2356, 1609, 27, 38]",32.03123475609393,32-64,,,,FN
8652,8652.jpg,4,life_saving_appliances,,"[2581, 1851, 25, 20]",22.360679774997898,16-32,,,,FN
8652,8652.jpg,4,life_saving_appliances,,"[2371, 1592, 31, 24]",27.27636339397171,16-32,,,,FN
8653,8653.jpg,1,swimmer,,"[2306, 1584, 31, 33]",31.984371183438952,16-32,,,,FN
8653,8653.jpg,4,life_saving_appliances,,"[2532, 1825, 26, 20]",22.80350850198276,16-32,,,,FN
8653,8653.jpg,4,life_saving_appliances,,"[2323, 1567, 29, 25]",26.92582403567252,16-32,,,,FN
8654,8654.jpg,1,swimmer,,"[2270, 1563, 28, 40]",33.46640106136302,32-64,,,,FN
8654,8654.jpg,1,swimmer,,"[2709, 1641, 30, 32]",30.983866769659336,16-32,,,,FN
8654,8654.jpg,4,life_saving_appliances,,"[2489, 1801, 25, 20]",22.360679774997898,16-32,,,,FN
8654,8654.jpg,4,life_saving_appliances,,"[2287, 1544, 29, 26]",27.459060435491963,16-32,,,,FN
8655,8655.jpg,1,swimmer,,"[2605, 1788, 31, 30]",30.495901363953813,16-32,,,,FN
8655,8655.jpg,1,swimmer,,"[2439, 1973, 25, 51]",35.70714214271425,32-64,,,,FN
8655,8655.jpg,1,swimmer,,"[2258, 1549, 27, 50]",36.742346141747674,32-64,,,,FN
8655,8655.jpg,1,swimmer,,"[2671, 1212, 28, 24]",25.92296279363144,16-32,,,,FN
8655,8655.jpg,4,life_saving_appliances,,"[2473, 1789, 22, 19]",20.445048300260872,16-32,,,,FN
8655,8655.jpg,4,life_saving_appliances,,"[2273, 1532, 28, 24]",25.92296279363144,16-32,,,,FN
8656,8656.jpg,1,swimmer,,"[2434, 1968, 26, 40]",32.2490309931942,32-64,,,,FN
8656,8656.jpg,1,swimmer,,"[2252, 1540, 31, 37]",33.8673884437522,32-64,,,,FN
8656,8656.jpg,1,swimmer,,"[2694, 1633, 31, 23]",26.70205984563738,16-32,,,,FN
8656,8656.jpg,1,swimmer,,"[2944, 1506, 65, 28]",42.661458015403085,32-64,,,,FN
8656,8656.jpg,1,swimmer,,"[2671, 1206, 23, 25]",23.979157616563597,16-32,,,,FN
8656,8656.jpg,4,life_saving_appliances,,"[2470, 1780, 22, 20]",20.97617696340303,16-32,,,,FN
8656,8656.jpg,4,life_saving_appliances,,"[2271, 1525, 28, 24]",25.92296279363144,16-32,,,,FN
8657,8657.jpg,1,swimmer,,"[2432, 1969, 28, 36]",31.74901573277509,16-32,,,,FN
8657,8657.jpg,1,swimmer,,"[2250, 1538, 32, 34]",32.984845004941285,32-64,,,,FN
8657,8657.jpg,1,swimmer,,"[2954, 1500, 60, 36]",46.475800154489,32-64,,,,FN
8657,8657.jpg,1,swimmer,,"[2671, 1205, 34, 30]",31.937438845342623,16-32,,,,FN
8657,8657.jpg,4,life_saving_appliances,,"[2466, 1774, 23, 19]",20.904544960366874,16-32,,,,FN
8657,8657.jpg,4,life_saving_appliances,,"[2270, 1518, 28, 26]",26.981475126464083,16-32,,,,FN
8658,8658.jpg,1,swimmer,,"[2431, 1961, 36, 49]",42.0,32-64,,,,FN
8658,8658.jpg,1,swimmer,,"[2247, 1538, 32, 42]",36.66060555964672,32-64,,,,FN
8658,8658.jpg,1,swimmer,,"[2957, 1495, 66, 34]",47.37087712930804,32-64,,,,FN
8658,8658.jpg,4,life_saving_appliances,,"[2464, 1769, 22, 19]",20.445048300260872,16-32,,,,FN
8658,8658.jpg,4,life_saving_appliances,,"[2265, 1518, 28, 26]",26.981475126464083,16-32,,,,FN
8659,8659.jpg,1,swimmer,,"[2244, 1540, 32, 48]",39.191835884530846,32-64,,,,FN
8659,8659.jpg,1,swimmer,,"[2966, 1500, 69, 28]",43.95452195167182,32-64,,,,FN
8659,8659.jpg,1,swimmer,,"[2671, 1215, 29, 26]",27.459060435491963,16-32,,,,FN
8659,8659.jpg,4,life_saving_appliances,,"[2463, 1765, 22, 20]",20.97617696340303,16-32,,,,FN
8659,8659.jpg,4,life_saving_appliances,,"[2264, 1522, 27, 25]",25.98076211353316,16-32,,,,FN
8660,8660.jpg,1,swimmer,,"[2245, 1528, 25, 38]",30.822070014844883,16-32,,,,FN
8660,8660.jpg,1,swimmer,,"[2697, 1627, 26, 31]",28.39013913315678,16-32,,,,FN
8660,8660.jpg,1,swimmer,,"[2675, 1209, 23, 25]",23.979157616563597,16-32,,,,FN
8660,8660.jpg,4,life_saving_appliances,,"[2458, 1745, 21, 19]",19.974984355438178,16-32,,,,FN
8660,8660.jpg,4,life_saving_appliances,,"[2262, 1512, 28, 22]",24.819347291981714,16-32,,,,FN
8661,8661.jpg,1,swimmer,,"[2228, 1496, 24, 36]",29.393876913398138,16-32,,,,FN
8661,8661.jpg,1,swimmer,,"[2963, 1446, 58, 30]",41.71330722922842,32-64,,,,FN
8661,8661.jpg,4,life_saving_appliances,,"[2440, 1704, 22, 19]",20.445048300260872,16-32,,,,FN
8661,8661.jpg,4,life_saving_appliances,,"[2244, 1481, 28, 21]",24.24871130596428,16-32,,,,FN
8662,8662.jpg,1,swimmer,,"[2527, 1643, 28, 25]",26.457513110645905,16-32,,,,FN
8662,8662.jpg,1,swimmer,,"[2202, 1440, 22, 33]",26.94438717061496,16-32,,,,FN
8662,8662.jpg,1,swimmer,,"[2961, 1395, 36, 26]",30.59411708155671,16-32,,,,FN
8662,8662.jpg,4,life_saving_appliances,,"[2410, 1637, 21, 18]",19.44222209522358,16-32,,,,FN
8662,8662.jpg,4,life_saving_appliances,,"[2216, 1424, 28, 21]",24.24871130596428,16-32,,,,FN
8663,8663.jpg,1,swimmer,,"[2508, 1602, 27, 24]",25.45584412271571,16-32,,,,FN
8663,8663.jpg,1,swimmer,,"[2186, 1404, 20, 31]",24.899799195977465,16-32,,,,FN
8663,8663.jpg,4,life_saving_appliances,,"[2392, 1594, 21, 18]",19.44222209522358,16-32,,,,FN
8663,8663.jpg,4,life_saving_appliances,,"[2199, 1387, 26, 19]",22.22611077089287,16-32,,,,FN
8663,8663.jpg,1,swimmer,,"[2634, 1503, 25, 26]",25.495097567963924,16-32,,,,FN
8664,8664.jpg,1,swimmer,,"[2507, 1595, 27, 24]",25.45584412271571,16-32,,,,FN
8664,8664.jpg,1,swimmer,,"[2184, 1400, 21, 32]",25.92296279363144,16-32,,,,FN
8664,8664.jpg,4,life_saving_appliances,,"[2393, 1587, 21, 18]",19.44222209522358,16-32,,,,FN
8664,8664.jpg,4,life_saving_appliances,,"[2198, 1388, 25, 18]",21.213203435596427,16-32,,,,FN
8664,8664.jpg,1,swimmer,,"[2637, 1501, 20, 32]",25.298221281347036,16-32,,,,FN
8665,8665.jpg,1,swimmer,,"[2501, 1594, 34, 27]",30.298514815086232,16-32,,,,FN
8665,8665.jpg,1,swimmer,,"[2181, 1405, 25, 37]",30.4138126514911,16-32,,,,FN
8665,8665.jpg,4,life_saving_appliances,,"[2390, 1586, 21, 18]",19.44222209522358,16-32,,,,FN
8665,8665.jpg,4,life_saving_appliances,,"[2192, 1390, 25, 20]",22.360679774997898,16-32,,,,FN
8666,8666.jpg,1,swimmer,,"[2496, 1596, 37, 30]",33.31666249791537,32-64,,,,FN
8666,8666.jpg,1,swimmer,,"[2177, 1411, 25, 52]",36.05551275463989,32-64,,,,FN
8666,8666.jpg,4,life_saving_appliances,,"[2389, 1590, 20, 18]",18.973665961010276,16-32,,,,FN
8666,8666.jpg,4,life_saving_appliances,,"[2188, 1395, 25, 19]",21.79449471770337,16-32,,,,FN
8666,8666.jpg,1,swimmer,,"[2621, 1518, 37, 24]",29.79932885150268,16-32,,,,FN
8667,8667.jpg,1,swimmer,,"[2176, 1415, 22, 44]",31.11269837220809,16-32,,,,FN
8667,8667.jpg,4,life_saving_appliances,,"[2390, 1594, 21, 18]",19.44222209522358,16-32,,,,FN
8667,8667.jpg,4,life_saving_appliances,,"[2187, 1398, 25, 20]",22.360679774997898,16-32,,,,FN
8667,8667.jpg,1,swimmer,,"[2624, 1528, 30, 22]",25.69046515733026,16-32,,,,FN
8668,8668.jpg,1,swimmer,,"[2173, 1415, 24, 46]",33.2264954516723,32-64,,,,FN
8668,8668.jpg,4,life_saving_appliances,,"[2182, 1399, 26, 22]",23.916521486202797,16-32,,,,FN
8668,8668.jpg,1,swimmer,,"[2627, 1531, 21, 39]",28.61817604250837,16-32,,,,FN
8669,8669.jpg,4,life_saving_appliances,,"[2176, 1399, 28, 23]",25.37715508089904,16-32,,,,FN
8670,8670.jpg,1,swimmer,,"[2166, 1403, 25, 49]",35.0,32-64,,,,FN
8670,8670.jpg,1,swimmer,,"[2591, 1071, 35, 27]",30.740852297878796,16-32,,,,FN
8670,8670.jpg,4,life_saving_appliances,,"[2170, 1384, 29, 26]",27.459060435491963,16-32,,,,FN
8671,8671.jpg,1,swimmer,,"[2453, 1573, 35, 31]",32.93933818400121,32-64,,,,FN
8671,8671.jpg,1,swimmer,,"[2331, 1102, 34, 24]",28.5657137141714,16-32,,,,FN
8671,8671.jpg,1,swimmer,,"[2134, 1381, 24, 47]",33.58571124749333,32-64,,,,FN
8671,8671.jpg,4,life_saving_appliances,,"[2139, 1360, 28, 26]",26.981475126464083,16-32,,,,FN
8672,8672.jpg,1,swimmer,,"[2393, 1533, 30, 29]",29.49576240750525,16-32,,,,FN
8672,8672.jpg,1,swimmer,,"[2276, 1071, 34, 20]",26.076809620810597,16-32,,,,FN
8672,8672.jpg,1,swimmer,,"[2081, 1349, 21, 45]",30.740852297878796,16-32,,,,FN
8672,8672.jpg,1,swimmer,,"[2515, 1021, 24, 29]",26.38181191654584,16-32,,,,FN
8672,8672.jpg,4,life_saving_appliances,,"[2084, 1329, 27, 27]",27.0,16-32,,,,FN
8673,8673.jpg,1,swimmer,,"[2344, 1497, 32, 30]",30.983866769659336,16-32,,,,FN
8673,8673.jpg,1,swimmer,,"[2037, 1321, 22, 50]",33.166247903554,32-64,,,,FN
8673,8673.jpg,4,life_saving_appliances,,"[2040, 1300, 26, 27]",26.49528259898354,16-32,,,,FN
8674,8674.jpg,1,swimmer,,"[2331, 1482, 36, 28]",31.74901573277509,16-32,,,,FN
8674,8674.jpg,1,swimmer,,"[2026, 1310, 25, 35]",29.58039891549808,16-32,,,,FN
8674,8674.jpg,4,life_saving_appliances,,"[2033, 1288, 25, 27]",25.98076211353316,16-32,,,,FN
8675,8675.jpg,1,swimmer,,"[2241, 1025, 40, 31]",35.21363372331802,32-64,,,,FN
8675,8675.jpg,1,swimmer,,"[2050, 1304, 27, 37]",31.606961258558215,16-32,,,,FN
8675,8675.jpg,1,swimmer,,"[2480, 971, 25, 27]",25.98076211353316,16-32,,,,FN
8675,8675.jpg,4,life_saving_appliances,,"[2058, 1283, 23, 26]",24.454038521274967,16-32,,,,FN
8676,8676.jpg,1,swimmer,,"[2080, 1306, 25, 41]",32.01562118716424,32-64,,,,FN
8676,8676.jpg,1,swimmer,,"[2510, 973, 23, 28]",25.37715508089904,16-32,,,,FN
8676,8676.jpg,4,life_saving_appliances,,"[2091, 1285, 23, 26]",24.454038521274967,16-32,,,,FN
8677,8677.jpg,1,swimmer,,"[2114, 1309, 23, 44]",31.811947441173732,16-32,,,,FN
8677,8677.jpg,1,swimmer,,"[2534, 976, 32, 27]",29.393876913398138,16-32,,,,FN
8677,8677.jpg,4,life_saving_appliances,,"[2121, 1288, 22, 26]",23.916521486202797,16-32,,,,FN
8677,8677.jpg,1,swimmer,,"[2555, 1442, 29, 22]",25.25866188063018,16-32,,,,FN
9216,9216.jpg,4,life_saving_appliances,,"[2369, 1060, 31, 19]",24.269322199023193,16-32,,,,FN
9216,9216.jpg,1,swimmer,,"[1943, 671, 88, 38]",57.82732917920384,32-64,,,,FN
9217,9217.jpg,1,swimmer,,"[1873, 737, 37, 28]",32.18695387886216,32-64,,,,FN
9217,9217.jpg,1,swimmer,,"[1955, 737, 38, 26]",31.432467291003423,16-32,,,,FN
9217,9217.jpg,4,life_saving_appliances,,"[2367, 1090, 32, 20]",25.298221281347036,16-32,,,,FN
9218,9218.jpg,1,swimmer,,"[1954, 772, 39, 28]",33.04542328371661,32-64,,,,FN
9218,9218.jpg,4,life_saving_appliances,,"[2366, 1137, 31, 18]",23.62202362203543,16-32,,,,FN
9218,9218.jpg,1,swimmer,,"[1935, 743, 83, 29]",49.06118628814432,32-64,,,,FN
9219,9219.jpg,4,life_saving_appliances,,"[2365, 1177, 32, 20]",25.298221281347036,16-32,,,,FN
9219,9219.jpg,1,swimmer,,"[1922, 779, 77, 30]",48.062459362791664,32-64,,,,FN
9219,9219.jpg,4,life_saving_appliances,,"[2455, 997, 35, 22]",27.748873851023216,16-32,,,,FN
9219,9219.jpg,1,swimmer,,"[2465, 959, 61, 49]",54.67174773134658,32-64,,,,FN
9220,9220.jpg,1,swimmer,,"[1952, 835, 35, 26]",30.166206257996713,16-32,,,,FN
9220,9220.jpg,1,swimmer,,"[1939, 816, 41, 28]",33.88214869219483,32-64,,,,FN
9220,9220.jpg,1,swimmer,,"[2461, 1003, 51, 48]",49.47726750741192,32-64,,,,FN
9220,9220.jpg,4,life_saving_appliances,,"[2451, 1039, 32, 23]",27.129319932501073,16-32,,,,FN
9221,9221.jpg,1,swimmer,,"[1859, 871, 40, 30]",34.64101615137755,32-64,,,,FN
9221,9221.jpg,1,swimmer,,"[1953, 867, 37, 29]",32.7566787083184,32-64,,,,FN
9221,9221.jpg,1,swimmer,,"[1924, 850, 39, 30]",34.20526275297414,32-64,,,,FN
9221,9221.jpg,1,swimmer,,"[2453, 1051, 51, 42]",46.281745861624536,32-64,,,,FN
9221,9221.jpg,4,life_saving_appliances,,"[2440, 1084, 34, 22]",27.349588662354687,16-32,,,,FN
9222,9222.jpg,1,swimmer,,"[1952, 899, 40, 25]",31.622776601683793,16-32,,,,FN
9222,9222.jpg,4,life_saving_appliances,,"[2350, 1344, 45, 29]",36.124783736376884,32-64,,,,FN
9222,9222.jpg,4,life_saving_appliances,,"[2355, 1301, 30, 19]",23.874672772626646,16-32,,,,FN
9222,9222.jpg,1,swimmer,,"[1918, 886, 43, 33]",37.66961640367472,32-64,,,,FN
9222,9222.jpg,4,life_saving_appliances,,"[2428, 1130, 33, 20]",25.69046515733026,16-32,,,,FN
9222,9222.jpg,1,swimmer,,"[2385, 1261, 37, 37]",37.0,32-64,,,,FN
9223,9223.jpg,1,swimmer,,"[1960, 936, 30, 30]",30.0,16-32,,,,FN
9223,9223.jpg,4,life_saving_appliances,,"[2344, 1386, 47, 29]",36.91882988394946,32-64,,,,FN
9223,9223.jpg,4,life_saving_appliances,,"[2351, 1338, 29, 24]",26.38181191654584,16-32,,,,FN
9223,9223.jpg,1,swimmer,,"[1921, 926, 32, 31]",31.496031496047245,16-32,,,,FN
9223,9223.jpg,4,life_saving_appliances,,"[2422, 1171, 32, 23]",27.129319932501073,16-32,,,,FN
9223,9223.jpg,1,swimmer,,"[2360, 1306, 54, 43]",48.187135212627034,32-64,,,,FN
9224,9224.jpg,1,swimmer,,"[1863, 1143, 29, 24]",26.38181191654584,16-32,,,,FN
9224,9224.jpg,1,swimmer,,"[1953, 1134, 33, 28]",30.397368307141328,16-32,,,,FN
9224,9224.jpg,4,life_saving_appliances,,"[2341, 1588, 45, 30]",36.742346141747674,32-64,,,,FN
9224,9224.jpg,1,swimmer,,"[1905, 1125, 45, 32]",37.94733192202055,32-64,,,,FN
9224,9224.jpg,4,life_saving_appliances,,"[2407, 1371, 36, 25]",30.0,16-32,,,,FN
9224,9224.jpg,1,swimmer,,"[2372, 1504, 35, 41]",37.881393849751625,32-64,,,,FN
9224,9224.jpg,4,life_saving_appliances,,"[2345, 1539, 32, 23]",27.129319932501073,16-32,,,,FN
9225,9225.jpg,1,swimmer,,"[1857, 1145, 34, 23]",27.964262908219126,16-32,,,,FN
9225,9225.jpg,1,swimmer,,"[1952, 1133, 34, 28]",30.854497241083024,16-32,,,,FN
9225,9225.jpg,4,life_saving_appliances,,"[2340, 1588, 45, 30]",36.742346141747674,32-64,,,,FN
9225,9225.jpg,1,swimmer,,"[1914, 1131, 30, 25]",27.386127875258307,16-32,,,,FN
9225,9225.jpg,1,swimmer,,"[2416, 1335, 56, 47]",51.30302135352264,32-64,,,,FN
9225,9225.jpg,4,life_saving_appliances,,"[2403, 1371, 37, 25]",30.4138126514911,16-32,,,,FN
9225,9225.jpg,1,swimmer,,"[2372, 1510, 36, 31]",33.406586176980134,32-64,,,,FN
9225,9225.jpg,4,life_saving_appliances,,"[2344, 1536, 31, 25]",27.83882181415011,16-32,,,,FN
9226,9226.jpg,1,swimmer,,"[1845, 1047, 46, 23]",32.526911934581186,32-64,,,,FN
9226,9226.jpg,1,swimmer,,"[1952, 1032, 31, 31]",31.0,16-32,,,,FN
9226,9226.jpg,4,life_saving_appliances,,"[2333, 1482, 43, 29]",35.31288716601915,32-64,,,,FN
9226,9226.jpg,1,swimmer,,"[1908, 1032, 31, 29]",29.9833287011299,16-32,,,,FN
9226,9226.jpg,1,swimmer,,"[2412, 1241, 58, 39]",47.56048780237646,32-64,,,,FN
9226,9226.jpg,4,life_saving_appliances,,"[2398, 1269, 36, 23]",28.77498913987632,16-32,,,,FN
9226,9226.jpg,1,swimmer,,"[2366, 1404, 36, 27]",31.176914536239792,16-32,,,,FN
9226,9226.jpg,4,life_saving_appliances,,"[2339, 1428, 29, 23]",25.826343140289914,16-32,,,,FN
9227,9227.jpg,1,swimmer,,"[1946, 987, 32, 27]",29.393876913398138,16-32,,,,FN
9227,9227.jpg,4,life_saving_appliances,,"[2322, 1441, 44, 29]",35.7211421989835,32-64,,,,FN
9227,9227.jpg,1,swimmer,,"[1895, 993, 40, 31]",35.21363372331802,32-64,,,,FN
9227,9227.jpg,4,life_saving_appliances,,"[2393, 1236, 36, 23]",28.77498913987632,16-32,,,,FN
9227,9227.jpg,1,swimmer,,"[2361, 1369, 33, 31]",31.984371183438952,16-32,,,,FN
9227,9227.jpg,4,life_saving_appliances,,"[2330, 1387, 29, 22]",25.25866188063018,16-32,,,,FN
9228,9228.jpg,1,swimmer,,"[1837, 1003, 40, 21]",28.982753492378876,16-32,,,,FN
9228,9228.jpg,4,life_saving_appliances,,"[2314, 1431, 43, 29]",35.31288716601915,32-64,,,,FN
9228,9228.jpg,1,swimmer,,"[1887, 987, 46, 32]",38.36665218650175,32-64,,,,FN
9228,9228.jpg,1,swimmer,,"[1945, 981, 26, 32]",28.844410203711913,16-32,,,,FN
9228,9228.jpg,4,life_saving_appliances,,"[2385, 1238, 36, 24]",29.393876913398138,16-32,,,,FN
9228,9228.jpg,4,life_saving_appliances,,"[2322, 1379, 30, 23]",26.267851073127396,16-32,,,,FN
9229,9229.jpg,4,life_saving_appliances,,"[2309, 1428, 44, 28]",35.09985754956849,32-64,,,,FN
9229,9229.jpg,1,swimmer,,"[1883, 985, 37, 33]",34.942810419312295,32-64,,,,FN
9229,9229.jpg,1,swimmer,,"[1938, 972, 28, 31]",29.46183972531247,16-32,,,,FN
9229,9229.jpg,4,life_saving_appliances,,"[2374, 1238, 37, 24]",29.79932885150268,16-32,,,,FN
9229,9229.jpg,1,swimmer,,"[2342, 1357, 43, 33]",37.66961640367472,32-64,,,,FN
9229,9229.jpg,4,life_saving_appliances,,"[2315, 1376, 28, 22]",24.819347291981714,16-32,,,,FN
9230,9230.jpg,4,life_saving_appliances,,"[2305, 1429, 44, 28]",35.09985754956849,32-64,,,,FN
9230,9230.jpg,1,swimmer,,"[1930, 965, 30, 35]",32.4037034920393,32-64,,,,FN
9230,9230.jpg,1,swimmer,,"[2383, 1204, 51, 48]",49.47726750741192,32-64,,,,FN
9230,9230.jpg,4,life_saving_appliances,,"[2368, 1241, 35, 23]",28.372521918222215,16-32,,,,FN
9230,9230.jpg,1,swimmer,,"[1883, 980, 26, 30]",27.92848008753788,16-32,,,,FN
9230,9230.jpg,1,swimmer,,"[2342, 1363, 34, 36]",34.9857113690718,32-64,,,,FN
9230,9230.jpg,4,life_saving_appliances,,"[2310, 1375, 30, 23]",26.267851073127396,16-32,,,,FN
9231,9231.jpg,4,life_saving_appliances,,"[2305, 1432, 45, 28]",35.4964786985977,32-64,,,,FN
9231,9231.jpg,1,swimmer,,"[2375, 1211, 53, 47]",49.90991885387112,32-64,,,,FN
9231,9231.jpg,4,life_saving_appliances,,"[2361, 1247, 37, 24]",29.79932885150268,16-32,,,,FN
9231,9231.jpg,1,swimmer,,"[1928, 957, 30, 33]",31.464265445104548,16-32,,,,FN
9231,9231.jpg,1,swimmer,,"[1871, 973, 33, 30]",31.464265445104548,16-32,,,,FN
9231,9231.jpg,4,life_saving_appliances,,"[2310, 1377, 29, 22]",25.25866188063018,16-32,,,,FN
9232,9232.jpg,4,life_saving_appliances,,"[2309, 1432, 44, 28]",35.09985754956849,32-64,,,,FN
9232,9232.jpg,4,life_saving_appliances,,"[2359, 1254, 37, 23]",29.171904291629644,16-32,,,,FN
9232,9232.jpg,1,swimmer,,"[1924, 947, 27, 35]",30.740852297878796,16-32,,,,FN
9232,9232.jpg,1,swimmer,,"[1874, 973, 28, 33]",30.397368307141328,16-32,,,,FN
9232,9232.jpg,4,life_saving_appliances,,"[2313, 1373, 31, 24]",27.27636339397171,16-32,,,,FN
9233,9233.jpg,4,life_saving_appliances,,"[2313, 1432, 43, 29]",35.31288716601915,32-64,,,,FN
9233,9233.jpg,4,life_saving_appliances,,"[2359, 1261, 37, 22]",28.53068523537421,16-32,,,,FN
9233,9233.jpg,1,swimmer,,"[1877, 970, 27, 31]",28.930952282978865,16-32,,,,FN
9233,9233.jpg,1,swimmer,,"[2344, 1369, 35, 37]",35.98610843089316,32-64,,,,FN
9233,9233.jpg,4,life_saving_appliances,,"[2313, 1373, 31, 23]",26.70205984563738,16-32,,,,FN
9234,9234.jpg,4,life_saving_appliances,,"[2313, 1433, 43, 29]",35.31288716601915,32-64,,,,FN
9234,9234.jpg,4,life_saving_appliances,,"[2355, 1265, 38, 23]",29.563490998188964,16-32,,,,FN
9234,9234.jpg,1,swimmer,,"[1869, 969, 28, 30]",28.982753492378876,16-32,,,,FN
9234,9234.jpg,1,swimmer,,"[2330, 1382, 46, 41]",43.42810150121693,32-64,,,,FN
9234,9234.jpg,4,life_saving_appliances,,"[2309, 1377, 30, 22]",25.69046515733026,16-32,,,,FN
9235,9235.jpg,1,swimmer,,"[1813, 969, 36, 25]",30.0,16-32,,,,FN
9235,9235.jpg,4,life_saving_appliances,,"[2313, 1436, 42, 28]",34.292856398964496,32-64,,,,FN
9235,9235.jpg,4,life_saving_appliances,,"[2353, 1269, 38, 23]",29.563490998188964,16-32,,,,FN
9235,9235.jpg,1,swimmer,,"[1872, 968, 24, 32]",27.712812921102035,16-32,,,,FN
9235,9235.jpg,1,swimmer,,"[2339, 1383, 44, 40]",41.95235392680606,32-64,,,,FN
9235,9235.jpg,4,life_saving_appliances,,"[2307, 1380, 31, 23]",26.70205984563738,16-32,,,,FN
9236,9236.jpg,1,swimmer,,"[1810, 965, 39, 23]",29.949958263743873,16-32,,,,FN
9236,9236.jpg,1,swimmer,,"[1919, 921, 37, 30]",33.31666249791537,32-64,,,,FN
9236,9236.jpg,4,life_saving_appliances,,"[2311, 1440, 44, 28]",35.09985754956849,32-64,,,,FN
9236,9236.jpg,4,life_saving_appliances,,"[2348, 1271, 38, 23]",29.563490998188964,16-32,,,,FN
9236,9236.jpg,1,swimmer,,"[1870, 959, 24, 33]",28.142494558940577,16-32,,,,FN
9236,9236.jpg,1,swimmer,,"[2343, 1386, 36, 36]",36.0,32-64,,,,FN
9236,9236.jpg,2,boat,,"[1759, 2090, 183, 70]",113.18127053536729,>64,,,,FN
9236,9236.jpg,4,life_saving_appliances,,"[2307, 1377, 31, 23]",26.70205984563738,16-32,,,,FN
9237,9237.jpg,1,swimmer,,"[1812, 958, 35, 25]",29.58039891549808,16-32,,,,FN
9237,9237.jpg,1,swimmer,,"[1913, 916, 44, 28]",35.09985754956849,32-64,,,,FN
9237,9237.jpg,4,life_saving_appliances,,"[2313, 1439, 43, 30]",35.91656999213594,32-64,,,,FN
9237,9237.jpg,4,life_saving_appliances,,"[2344, 1274, 37, 23]",29.171904291629644,16-32,,,,FN
9237,9237.jpg,1,swimmer,,"[1863, 955, 30, 26]",27.92848008753788,16-32,,,,FN
9237,9237.jpg,1,swimmer,,"[2325, 1391, 49, 43]",45.902069670114,32-64,,,,FN
9237,9237.jpg,4,life_saving_appliances,,"[2304, 1374, 29, 22]",25.25866188063018,16-32,,,,FN
9238,9238.jpg,1,swimmer,,"[1812, 954, 31, 23]",26.70205984563738,16-32,,,,FN
9238,9238.jpg,4,life_saving_appliances,,"[2312, 1437, 43, 30]",35.91656999213594,32-64,,,,FN
9238,9238.jpg,1,swimmer,,"[2350, 1237, 55, 50]",52.44044240850758,32-64,,,,FN
9238,9238.jpg,4,life_saving_appliances,,"[2335, 1277, 40, 24]",30.983866769659336,16-32,,,,FN
9238,9238.jpg,1,swimmer,,"[1859, 954, 30, 26]",27.92848008753788,16-32,,,,FN
9238,9238.jpg,1,swimmer,,"[2333, 1388, 43, 39]",40.95119045888654,32-64,,,,FN
9238,9238.jpg,4,life_saving_appliances,,"[2298, 1372, 30, 22]",25.69046515733026,16-32,,,,FN
9239,9239.jpg,4,life_saving_appliances,,"[2306, 1438, 44, 30]",36.3318042491699,32-64,,,,FN
9239,9239.jpg,4,life_saving_appliances,,"[2293, 1371, 28, 20]",23.664319132398465,16-32,,,,FN
9239,9239.jpg,4,life_saving_appliances,,"[2330, 1282, 38, 23]",29.563490998188964,16-32,,,,FN
9239,9239.jpg,1,swimmer,,"[1851, 954, 44, 27]",34.46737587922817,32-64,,,,FN
9239,9239.jpg,1,swimmer,,"[1808, 952, 45, 29]",36.124783736376884,32-64,,,,FN
9239,9239.jpg,1,swimmer,,"[2330, 1395, 39, 36]",37.469987990390386,32-64,,,,FN
9240,9240.jpg,3,jetski,,"[1515, 1082, 52, 114]",76.99350621968063,>64,,,,FN
9240,9240.jpg,4,life_saving_appliances,,"[2093, 1428, 44, 26]",33.823069050575526,32-64,,,,FN
9240,9240.jpg,1,swimmer,,"[2118, 1241, 54, 44]",48.744230427815765,32-64,,,,FN
9240,9240.jpg,4,life_saving_appliances,,"[2104, 1274, 38, 24]",30.199337741083,16-32,,,,FN
9240,9240.jpg,1,swimmer,,"[1689, 914, 29, 35]",31.85906464414798,16-32,,,,FN
9240,9240.jpg,1,swimmer,,"[1637, 962, 32, 28]",29.93325909419153,16-32,,,,FN
9240,9240.jpg,1,swimmer,,"[1580, 966, 32, 28]",29.93325909419153,16-32,,,,FN
9240,9240.jpg,1,swimmer,,"[2097, 1383, 52, 41]",46.17358552246078,32-64,,,,FN
9240,9240.jpg,4,life_saving_appliances,,"[2073, 1356, 30, 23]",26.267851073127396,16-32,,,,FN
9241,9241.jpg,4,life_saving_appliances,,"[1897, 1423, 45, 29]",36.124783736376884,32-64,,,,FN
9241,9241.jpg,4,life_saving_appliances,,"[1903, 1279, 37, 23]",29.171904291629644,16-32,,,,FN
9241,9241.jpg,1,swimmer,,"[1469, 933, 31, 37]",33.8673884437522,32-64,,,,FN
9241,9241.jpg,1,swimmer,,"[1408, 987, 38, 26]",31.432467291003423,16-32,,,,FN
9241,9241.jpg,4,life_saving_appliances,,"[1876, 1356, 32, 24]",27.712812921102035,16-32,,,,FN
9241,9241.jpg,1,swimmer,,"[1898, 1373, 55, 52]",53.47896782848375,32-64,,,,FN
9242,9242.jpg,4,life_saving_appliances,,"[1985, 1429, 44, 27]",34.46737587922817,32-64,,,,FN
9242,9242.jpg,1,swimmer,,"[2008, 1244, 53, 52]",52.49761899362675,32-64,,,,FN
9242,9242.jpg,4,life_saving_appliances,,"[1992, 1285, 39, 24]",30.59411708155671,16-32,,,,FN
9242,9242.jpg,1,swimmer,,"[1572, 933, 29, 31]",29.9833287011299,16-32,,,,FN
9242,9242.jpg,1,swimmer,,"[1492, 980, 46, 30]",37.14835124201342,32-64,,,,FN
9242,9242.jpg,1,swimmer,,"[1447, 985, 39, 27]",32.449961479175904,32-64,,,,FN
9242,9242.jpg,4,life_saving_appliances,,"[1966, 1358, 31, 23]",26.70205984563738,16-32,,,,FN
9242,9242.jpg,1,swimmer,,"[1988, 1373, 48, 37]",42.14261501141095,32-64,,,,FN
9243,9243.jpg,4,life_saving_appliances,,"[2196, 1439, 44, 27]",34.46737587922817,32-64,,,,FN
9243,9243.jpg,1,swimmer,,"[2220, 1263, 54, 47]",50.37856687124,32-64,,,,FN
9243,9243.jpg,4,life_saving_appliances,,"[2206, 1298, 39, 24]",30.59411708155671,16-32,,,,FN
9243,9243.jpg,1,swimmer,,"[1802, 921, 28, 33]",30.397368307141328,16-32,,,,FN
9243,9243.jpg,1,swimmer,,"[1715, 966, 41, 32]",36.22154055254967,32-64,,,,FN
9243,9243.jpg,1,swimmer,,"[1676, 973, 34, 27]",30.298514815086232,16-32,,,,FN
9243,9243.jpg,4,life_saving_appliances,,"[2187, 1372, 28, 22]",24.819347291981714,16-32,,,,FN
9243,9243.jpg,1,swimmer,,"[2209, 1392, 33, 41]",36.78314831549904,32-64,,,,FN
9244,9244.jpg,3,jetski,,"[1809, 1085, 66, 111]",85.59205570612264,>64,,,,FN
9244,9244.jpg,4,life_saving_appliances,,"[2383, 1459, 45, 26]",34.20526275297414,32-64,,,,FN
9244,9244.jpg,1,swimmer,,"[2417, 1280, 59, 54]",56.444663166680336,32-64,,,,FN
9244,9244.jpg,4,life_saving_appliances,,"[2400, 1322, 39, 24]",30.59411708155671,16-32,,,,FN
9244,9244.jpg,1,swimmer,,"[2009, 919, 25, 37]",30.4138126514911,16-32,,,,FN
9244,9244.jpg,1,swimmer,,"[1909, 965, 53, 30]",39.87480407475377,32-64,,,,FN
9244,9244.jpg,1,swimmer,,"[1864, 965, 45, 27]",34.85685011586675,32-64,,,,FN
9244,9244.jpg,4,life_saving_appliances,,"[2386, 1391, 27, 24]",25.45584412271571,16-32,,,,FN
9244,9244.jpg,1,swimmer,,"[2394, 1412, 34, 34]",34.0,32-64,,,,FN
9245,9245.jpg,4,life_saving_appliances,,"[2927, 1561, 45, 32]",37.94733192202055,32-64,,,,FN
9245,9245.jpg,4,life_saving_appliances,,"[2961, 1431, 41, 27]",33.27160951922825,32-64,,,,FN
9245,9245.jpg,1,swimmer,,"[2458, 983, 41, 27]",33.27160951922825,32-64,,,,FN
9245,9245.jpg,4,life_saving_appliances,,"[2945, 1492, 29, 23]",25.826343140289914,16-32,,,,FN
9246,9246.jpg,3,jetski,,"[2131, 1076, 60, 116]",83.42661445845684,>64,,,,FN
9246,9246.jpg,4,life_saving_appliances,,"[2680, 1511, 48, 31]",38.57460304397182,32-64,,,,FN
9246,9246.jpg,1,swimmer,,"[2726, 1352, 62, 51]",56.231663678038196,32-64,,,,FN
9246,9246.jpg,4,life_saving_appliances,,"[2707, 1390, 40, 27]",32.863353450309965,32-64,,,,FN
9246,9246.jpg,1,swimmer,,"[2371, 929, 26, 32]",28.844410203711913,16-32,,,,FN
9246,9246.jpg,1,swimmer,,"[2266, 955, 50, 44]",46.9041575982343,32-64,,,,FN
9246,9246.jpg,1,swimmer,,"[2224, 959, 35, 29]",31.85906464414798,16-32,,,,FN
9246,9246.jpg,4,life_saving_appliances,,"[2701, 1444, 27, 25]",25.98076211353316,16-32,,,,FN
9246,9246.jpg,1,swimmer,,"[2682, 1466, 48, 46]",46.98936049788292,32-64,,,,FN
9247,9247.jpg,4,life_saving_appliances,,"[2353, 1346, 35, 27]",30.740852297878796,16-32,,,,FN
9247,9247.jpg,1,swimmer,,"[1990, 901, 36, 31]",33.406586176980134,32-64,,,,FN
9247,9247.jpg,1,swimmer,,"[1876, 930, 43, 38]",40.422765862815474,32-64,,,,FN
9247,9247.jpg,1,swimmer,,"[1851, 945, 34, 27]",30.298514815086232,16-32,,,,FN
9248,9248.jpg,1,swimmer,,"[1869, 897, 30, 24]",26.832815729997478,16-32,,,,FN
9248,9248.jpg,4,life_saving_appliances,,"[2212, 1457, 46, 28]",35.888716889852724,32-64,,,,FN
9248,9248.jpg,4,life_saving_appliances,,"[2217, 1346, 34, 25]",29.154759474226502,16-32,,,,FN
9248,9248.jpg,1,swimmer,,"[1722, 946, 27, 26]",26.49528259898354,16-32,,,,FN
9249,9249.jpg,1,swimmer,,"[1815, 886, 29, 29]",29.0,16-32,,,,FN
9249,9249.jpg,1,swimmer,,"[2191, 1314, 57, 46]",51.20546845796843,32-64,,,,FN
9249,9249.jpg,4,life_saving_appliances,,"[2177, 1349, 34, 25]",29.154759474226502,16-32,,,,FN
9249,9249.jpg,1,swimmer,,"[1699, 916, 49, 48]",48.49742261192856,32-64,,,,FN
9249,9249.jpg,1,swimmer,,"[1674, 941, 31, 25]",27.83882181415011,16-32,,,,FN
9250,9250.jpg,4,life_saving_appliances,,"[2930, 1475, 37, 26]",31.016124838541646,16-32,,,,FN
9250,9250.jpg,1,swimmer,,"[2631, 926, 27, 35]",30.740852297878796,16-32,,,,FN
9250,9250.jpg,1,swimmer,,"[2490, 933, 53, 45]",48.83646178829912,32-64,,,,FN
9250,9250.jpg,1,swimmer,,"[2473, 958, 30, 25]",27.386127875258307,16-32,,,,FN
9251,9251.jpg,4,life_saving_appliances,,"[3008, 1489, 38, 27]",32.03123475609393,32-64,,,,FN
9251,9251.jpg,1,swimmer,,"[2550, 939, 31, 26]",28.39013913315678,16-32,,,,FN
9251,9251.jpg,1,swimmer,,"[2543, 960, 33, 28]",30.397368307141328,16-32,,,,FN
9252,9252.jpg,4,life_saving_appliances,,"[3037, 1495, 40, 28]",33.46640106136302,32-64,,,,FN
9252,9252.jpg,1,swimmer,,"[2581, 946, 32, 20]",25.298221281347036,16-32,,,,FN
9252,9252.jpg,1,swimmer,,"[2563, 962, 43, 29]",35.31288716601915,32-64,,,,FN
9253,9253.jpg,4,life_saving_appliances,,"[3039, 1495, 39, 27]",32.449961479175904,32-64,,,,FN
9253,9253.jpg,1,swimmer,,"[2726, 931, 34, 33]",33.49626844888845,32-64,,,,FN
9253,9253.jpg,1,swimmer,,"[2586, 947, 28, 24]",25.92296279363144,16-32,,,,FN
9253,9253.jpg,1,swimmer,,"[2569, 968, 50, 25]",35.35533905932738,32-64,,,,FN
9254,9254.jpg,4,life_saving_appliances,,"[3019, 1497, 39, 27]",32.449961479175904,32-64,,,,FN
9254,9254.jpg,1,swimmer,,"[2712, 937, 24, 30]",26.832815729997478,16-32,,,,FN
9254,9254.jpg,1,swimmer,,"[2552, 969, 39, 27]",32.449961479175904,32-64,,,,FN
9255,9255.jpg,4,life_saving_appliances,,"[2965, 1502, 38, 27]",32.03123475609393,32-64,,,,FN
9255,9255.jpg,1,swimmer,,"[2660, 941, 25, 29]",26.92582403567252,16-32,,,,FN
9255,9255.jpg,1,swimmer,,"[2492, 972, 42, 28]",34.292856398964496,32-64,,,,FN
9256,9256.jpg,4,life_saving_appliances,,"[2874, 1502, 38, 27]",32.03123475609393,32-64,,,,FN
9256,9256.jpg,1,swimmer,,"[2577, 941, 25, 29]",26.92582403567252,16-32,,,,FN
9256,9256.jpg,1,swimmer,,"[2405, 969, 61, 30]",42.77849927241488,32-64,,,,FN
9256,9256.jpg,4,life_saving_appliances,,"[2768, 1669, 44, 32]",37.52332607858744,32-64,,,,FN
9257,9257.jpg,4,life_saving_appliances,,"[2706, 1669, 35, 25]",29.58039891549808,16-32,,,,FN
9257,9257.jpg,4,life_saving_appliances,,"[2813, 1500, 39, 27]",32.449961479175904,32-64,,,,FN
9257,9257.jpg,1,swimmer,,"[2523, 943, 29, 28]",28.495613697550013,16-32,,,,FN
9257,9257.jpg,1,swimmer,,"[2364, 968, 41, 28]",33.88214869219483,32-64,,,,FN
9258,9258.jpg,4,life_saving_appliances,,"[2660, 1640, 38, 27]",32.03123475609393,32-64,,,,FN
9258,9258.jpg,4,life_saving_appliances,,"[2771, 1480, 38, 24]",30.199337741083,16-32,,,,FN
9258,9258.jpg,1,swimmer,,"[2492, 926, 23, 26]",24.454038521274967,16-32,,,,FN
9258,9258.jpg,1,swimmer,,"[2331, 941, 32, 30]",30.983866769659336,16-32,,,,FN
9259,9259.jpg,4,life_saving_appliances,,"[2627, 1609, 38, 27]",32.03123475609393,32-64,,,,FN
9259,9259.jpg,4,life_saving_appliances,,"[2734, 1458, 37, 24]",29.79932885150268,16-32,,,,FN
9259,9259.jpg,1,swimmer,,"[2469, 916, 24, 27]",25.45584412271571,16-32,,,,FN
9259,9259.jpg,1,swimmer,,"[2316, 921, 35, 33]",33.98529093593286,32-64,,,,FN
9260,9260.jpg,4,life_saving_appliances,,"[2601, 1573, 35, 34]",34.49637662132068,32-64,,,,FN
9260,9260.jpg,4,life_saving_appliances,,"[2702, 1438, 38, 27]",32.03123475609393,32-64,,,,FN
9261,9261.jpg,4,life_saving_appliances,,"[2562, 1544, 34, 31]",32.46536616149585,32-64,,,,FN
9261,9261.jpg,4,life_saving_appliances,,"[2663, 1422, 36, 25]",30.0,16-32,,,,FN
9262,9262.jpg,4,life_saving_appliances,,"[2508, 1500, 34, 32]",32.984845004941285,32-64,,,,FN
9262,9262.jpg,4,life_saving_appliances,,"[2609, 1390, 34, 22]",27.349588662354687,16-32,,,,FN
9263,9263.jpg,4,life_saving_appliances,,"[2445, 1478, 35, 30]",32.4037034920393,32-64,,,,FN
9263,9263.jpg,4,life_saving_appliances,,"[2540, 1369, 35, 25]",29.58039891549808,16-32,,,,FN
9263,9263.jpg,1,swimmer,,"[2556, 1346, 50, 35]",41.83300132670378,32-64,,,,FN
9264,9264.jpg,4,life_saving_appliances,,"[2473, 1359, 33, 24]",28.142494558940577,16-32,,,,FN
9264,9264.jpg,1,swimmer,,"[2488, 1339, 57, 33]",43.37049688440288,32-64,,,,FN
9264,9264.jpg,4,life_saving_appliances,,"[2381, 1466, 36, 34]",34.9857113690718,32-64,,,,FN
9264,9264.jpg,1,swimmer,,"[2486, 1419, 38, 34]",35.94440151122286,32-64,,,,FN
9264,9264.jpg,4,life_saving_appliances,,"[2488, 1399, 47, 26]",34.95711658589707,32-64,,,,FN
9265,9265.jpg,4,life_saving_appliances,,"[2997, 1456, 37, 27]",31.606961258558215,16-32,,,,FN
9265,9265.jpg,1,swimmer,,"[3016, 1443, 70, 28]",44.27188724235731,32-64,,,,FN
9265,9265.jpg,4,life_saving_appliances,,"[2880, 1556, 40, 32]",35.77708763999664,32-64,,,,FN
9265,9265.jpg,1,swimmer,,"[2987, 1525, 56, 34]",43.634848458542855,32-64,,,,FN
9265,9265.jpg,4,life_saving_appliances,,"[3021, 1500, 44, 34]",38.67815921162743,32-64,,,,FN
9266,9266.jpg,4,life_saving_appliances,,"[2788, 1545, 38, 28]",32.61901286060018,32-64,,,,FN
9266,9266.jpg,4,life_saving_appliances,,"[2908, 1444, 37, 28]",32.18695387886216,32-64,,,,FN
9266,9266.jpg,1,swimmer,,"[2927, 1430, 64, 28]",42.33202097703345,32-64,,,,FN
9266,9266.jpg,1,swimmer,,"[2884, 1515, 65, 38]",49.69909455915671,32-64,,,,FN
9266,9266.jpg,4,life_saving_appliances,,"[2928, 1487, 47, 36]",41.13392760240627,32-64,,,,FN
9267,9267.jpg,4,life_saving_appliances,,"[2721, 1542, 41, 29]",34.48187929913333,32-64,,,,FN
9267,9267.jpg,4,life_saving_appliances,,"[2842, 1441, 36, 26]",30.59411708155671,16-32,,,,FN
9267,9267.jpg,1,swimmer,,"[2837, 1514, 49, 37]",42.579337712087536,32-64,,,,FN
9267,9267.jpg,4,life_saving_appliances,,"[2871, 1488, 41, 34]",37.33630940518894,32-64,,,,FN
9268,9268.jpg,4,life_saving_appliances,,"[2665, 1542, 40, 29]",34.058772731852805,32-64,,,,FN
9268,9268.jpg,4,life_saving_appliances,,"[2782, 1445, 37, 27]",31.606961258558215,16-32,,,,FN
9268,9268.jpg,1,swimmer,,"[2766, 1514, 64, 38]",49.31531202375181,32-64,,,,FN
9268,9268.jpg,4,life_saving_appliances,,"[2815, 1492, 40, 33]",36.3318042491699,32-64,,,,FN
9269,9269.jpg,4,life_saving_appliances,,"[2616, 1542, 42, 28]",34.292856398964496,32-64,,,,FN
9269,9269.jpg,4,life_saving_appliances,,"[2733, 1448, 35, 25]",29.58039891549808,16-32,,,,FN
9270,9270.jpg,3,jetski,,"[3012, 1052, 75, 109]",90.41570660012562,>64,,,,FN
9270,9270.jpg,4,life_saving_appliances,,"[3338, 1614, 40, 29]",34.058772731852805,32-64,,,,FN
9270,9270.jpg,4,life_saving_appliances,,"[3200, 1693, 50, 31]",39.370039370059054,32-64,,,,FN
9270,9270.jpg,4,life_saving_appliances,,"[3248, 1698, 49, 47]",47.989582202807306,32-64,,,,FN
9270,9270.jpg,1,swimmer,,"[3312, 1697, 81, 34]",52.478567053607705,32-64,,,,FN
9270,9270.jpg,1,swimmer,,"[3359, 1606, 96, 29]",52.76362383309168,32-64,,,,FN
9271,9271.jpg,4,life_saving_appliances,,"[3303, 1615, 39, 32]",35.32704346531139,32-64,,,,FN
9271,9271.jpg,4,life_saving_appliances,,"[3163, 1692, 56, 28]",39.59797974644666,32-64,,,,FN
9271,9271.jpg,4,life_saving_appliances,,"[3162, 1728, 54, 35]",43.474130238568314,32-64,,,,FN
9271,9271.jpg,1,swimmer,,"[3323, 1606, 96, 30]",53.665631459994955,32-64,,,,FN
9272,9272.jpg,4,life_saving_appliances,,"[3252, 1609, 40, 33]",36.3318042491699,32-64,,,,FN
9272,9272.jpg,4,life_saving_appliances,,"[3116, 1685, 55, 27]",38.535697735995385,32-64,,,,FN
9272,9272.jpg,4,life_saving_appliances,,"[3110, 1724, 53, 34]",42.44997055358225,32-64,,,,FN
9272,9272.jpg,1,swimmer,,"[3275, 1599, 97, 29]",53.03772242470448,32-64,,,,FN
9273,9273.jpg,4,life_saving_appliances,,"[3024, 1680, 54, 24]",36.0,32-64,,,,FN
9273,9273.jpg,4,life_saving_appliances,,"[3163, 1612, 39, 31]",34.77067730142742,32-64,,,,FN
9273,9273.jpg,4,life_saving_appliances,,"[3017, 1719, 52, 34]",42.04759208325728,32-64,,,,FN
9273,9273.jpg,1,swimmer,,"[3182, 1591, 95, 38]",60.08327554319921,32-64,,,,FN
9274,9274.jpg,4,life_saving_appliances,,"[2899, 1667, 57, 24]",36.98648401781386,32-64,,,,FN
9274,9274.jpg,4,life_saving_appliances,,"[2893, 1703, 51, 36]",42.8485705712571,32-64,,,,FN
9812,9812.jpg,3,jetski,,"[2224, 250, 80, 48]",61.96773353931867,32-64,,,,FN
9812,9812.jpg,1,swimmer,,"[1942, 1243, 55, 39]",46.314144707637645,32-64,,,,FN
9813,9813.jpg,3,jetski,,"[2200, 274, 88, 47]",64.31174076325411,>64,,,,FN
9813,9813.jpg,1,swimmer,,"[2771, 1351, 96, 39]",61.18823416311342,32-64,,,,FN
9813,9813.jpg,1,swimmer,,"[1946, 1243, 47, 37]",41.701318923986086,32-64,,,,FN
9814,9814.jpg,3,jetski,,"[2179, 292, 91, 45]",63.99218702310463,32-64,,,,FN
9814,9814.jpg,1,swimmer,,"[1940, 1325, 52, 37]",43.86342439892262,32-64,,,,FN
9817,9817.jpg,1,swimmer,,"[1978, 1258, 43, 32]",37.094473981982816,32-64,,,,FN
9818,9818.jpg,3,jetski,,"[2125, 371, 109, 41]",66.85057965343307,>64,,,,FN
9819,9819.jpg,3,jetski,,"[2129, 383, 119, 39]",68.1248853210044,>64,,,,FN
9819,9819.jpg,1,swimmer,,"[1942, 1343, 49, 37]",42.579337712087536,32-64,,,,FN
9819,9819.jpg,4,life_saving_appliances,,"[943, 1241, 29, 31]",29.9833287011299,16-32,,,,FN
9820,9820.jpg,1,swimmer,,"[878, 1493, 26, 31]",28.39013913315678,16-32,,,,FN
9822,9822.jpg,1,swimmer,,"[884, 1445, 26, 32]",28.844410203711913,16-32,,,,FN
9825,9825.jpg,4,life_saving_appliances,,"[1070, 1120, 28, 33]",30.397368307141328,16-32,,,,FN
9828,9828.jpg,4,life_saving_appliances,,"[1110, 1086, 36, 29]",32.31098884280702,32-64,,,,FN
9829,9829.jpg,1,swimmer,,"[945, 1268, 25, 29]",26.92582403567252,16-32,,,,FN
9829,9829.jpg,1,swimmer,,"[1710, 1256, 34, 63]",46.281745861624536,32-64,,,,FN
9830,9830.jpg,1,swimmer,,"[2794, 1786, 103, 72]",86.11620056644394,>64,,,,FN
9830,9830.jpg,1,swimmer,,"[949, 1248, 24, 29]",26.38181191654584,16-32,,,,FN
9832,9832.jpg,1,swimmer,,"[966, 1207, 22, 27]",24.372115213907882,16-32,,,,FN
9834,9834.jpg,1,swimmer,,"[998, 1156, 22, 28]",24.819347291981714,16-32,,,,FN
9835,9835.jpg,1,swimmer,,"[1711, 1241, 39, 68]",51.49757275833493,32-64,,,,FN
9836,9836.jpg,1,swimmer,,"[1040, 1118, 21, 26]",23.366642891095847,16-32,,,,FN
9836,9836.jpg,1,swimmer,,"[2035, 1295, 52, 39]",45.033320996790806,32-64,,,,FN
9837,9837.jpg,1,swimmer,,"[2023, 1302, 62, 38]",48.53864439804639,32-64,,,,FN
9840,9840.jpg,1,swimmer,,"[1131, 1056, 22, 26]",23.916521486202797,16-32,,,,FN
9841,9841.jpg,1,swimmer,,"[1150, 1040, 23, 28]",25.37715508089904,16-32,,,,FN
9842,9842.jpg,1,swimmer,,"[2024, 1337, 70, 36]",50.19960159204453,32-64,,,,FN
9842,9842.jpg,2,boat,,"[0, 797, 92, 72]",81.38795979750321,>64,,,,FN
9843,9843.jpg,1,swimmer,,"[1199, 1009, 23, 28]",25.37715508089904,16-32,,,,FN
9843,9843.jpg,1,swimmer,,"[2033, 1337, 66, 42]",52.64978632435273,32-64,,,,FN
9843,9843.jpg,1,swimmer,,"[1864, 1353, 59, 36]",46.08687448721165,32-64,,,,FN
9843,9843.jpg,4,life_saving_appliances,,"[1410, 902, 32, 26]",28.844410203711913,16-32,,,,FN
9843,9843.jpg,2,boat,,"[0, 762, 154, 72]",105.29957264870546,>64,,,,FN
9844,9844.jpg,1,swimmer,,"[1227, 992, 23, 28]",25.37715508089904,16-32,,,,FN
9844,9844.jpg,1,swimmer,,"[2046, 1341, 56, 42]",48.49742261192856,32-64,,,,FN
9844,9844.jpg,2,boat,,"[0, 728, 216, 69]",122.08193969625482,>64,,,,FN
9845,9845.jpg,4,life_saving_appliances,,"[1464, 882, 33, 25]",28.722813232690143,16-32,,,,FN
9846,9846.jpg,1,swimmer,,"[1284, 957, 21, 24]",22.44994432064365,16-32,,,,FN
9846,9846.jpg,4,life_saving_appliances,,"[1494, 869, 33, 26]",29.29163703175362,16-32,,,,FN
9847,9847.jpg,1,swimmer,,"[1314, 937, 20, 24]",21.908902300206645,16-32,,,,FN
9847,9847.jpg,4,life_saving_appliances,,"[1522, 859, 33, 25]",28.722813232690143,16-32,,,,FN
9847,9847.jpg,2,boat,,"[189, 633, 208, 62]",113.56055653262712,>64,,,,FN
9848,9848.jpg,1,swimmer,,"[1346, 921, 21, 25]",22.9128784747792,16-32,,,,FN
9848,9848.jpg,2,boat,,"[261, 604, 201, 60]",109.81803130633877,>64,,,,FN
9849,9849.jpg,1,swimmer,,"[1380, 909, 20, 24]",21.908902300206645,16-32,,,,FN
9850,9850.jpg,1,swimmer,,"[1413, 896, 19, 23]",20.904544960366874,16-32,,,,FN
9850,9850.jpg,2,boat,,"[409, 545, 195, 66]",113.44602240713422,>64,,,,FN
9851,9851.jpg,1,swimmer,,"[1445, 881, 21, 26]",23.366642891095847,16-32,,,,FN
9851,9851.jpg,1,swimmer,,"[2046, 1365, 70, 38]",51.57518783291051,32-64,,,,FN
9851,9851.jpg,2,boat,,"[486, 517, 193, 68]",114.56002793295748,>64,,,,FN
9852,9852.jpg,1,swimmer,,"[1477, 871, 20, 24]",21.908902300206645,16-32,,,,FN
9852,9852.jpg,4,life_saving_appliances,,"[1649, 824, 37, 23]",29.171904291629644,16-32,,,,FN
9852,9852.jpg,2,boat,,"[561, 490, 191, 67]",113.1238259607586,>64,,,,FN
9853,9853.jpg,1,swimmer,,"[1507, 862, 20, 24]",21.908902300206645,16-32,,,,FN
9853,9853.jpg,2,boat,,"[635, 468, 186, 64]",109.10545357588684,>64,,,,FN
9854,9854.jpg,1,swimmer,,"[1537, 854, 20, 24]",21.908902300206645,16-32,,,,FN
9854,9854.jpg,1,swimmer,,"[2036, 1371, 56, 39]",46.73328578219169,32-64,,,,FN
9854,9854.jpg,4,life_saving_appliances,,"[1707, 818, 32, 22]",26.5329983228432,16-32,,,,FN
9854,9854.jpg,2,boat,,"[707, 448, 183, 63]",107.37318100903968,>64,,,,FN
9855,9855.jpg,1,swimmer,,"[1569, 846, 20, 24]",21.908902300206645,16-32,,,,FN
9855,9855.jpg,2,boat,,"[782, 432, 179, 61]",104.4940189675945,>64,,,,FN
9856,9856.jpg,1,swimmer,,"[1603, 841, 19, 24]",21.354156504062622,16-32,,,,FN
9856,9856.jpg,2,boat,,"[855, 415, 174, 60]",102.17631819555841,>64,,,,FN
9857,9857.jpg,2,boat,,"[926, 397, 172, 59]",100.73728207570423,>64,,,,FN
9858,9858.jpg,1,swimmer,,"[1678, 822, 21, 22]",21.494185260204677,16-32,,,,FN
9858,9858.jpg,4,life_saving_appliances,,"[1849, 788, 37, 23]",29.171904291629644,16-32,,,,FN
9858,9858.jpg,2,boat,,"[997, 375, 168, 61]",101.23240587875011,>64,,,,FN
9859,9859.jpg,1,swimmer,,"[1719, 809, 21, 22]",21.494185260204677,16-32,,,,FN
9859,9859.jpg,4,life_saving_appliances,,"[1887, 781, 37, 22]",28.53068523537421,16-32,,,,FN
9859,9859.jpg,2,boat,,"[1065, 355, 165, 63]",101.95587280779857,>64,,,,FN
9860,9860.jpg,1,swimmer,,"[1755, 799, 21, 22]",21.494185260204677,16-32,,,,FN
9860,9860.jpg,4,life_saving_appliances,,"[1922, 774, 37, 21]",27.874719729532707,16-32,,,,FN
9860,9860.jpg,2,boat,,"[1131, 338, 162, 62]",100.2197585309404,>64,,,,FN
9861,9861.jpg,1,swimmer,,"[1790, 793, 21, 20]",20.493901531919196,16-32,,,,FN
9861,9861.jpg,1,swimmer,,"[1900, 1314, 40, 35]",37.416573867739416,32-64,,,,FN
9861,9861.jpg,2,boat,,"[1195, 322, 161, 62]",99.90995946350894,>64,,,,FN
9862,9862.jpg,1,swimmer,,"[1825, 787, 21, 21]",21.0,16-32,,,,FN
9862,9862.jpg,1,swimmer,,"[2035, 1381, 38, 37]",37.49666651850535,32-64,,,,FN
9862,9862.jpg,4,life_saving_appliances,,"[1976, 766, 37, 23]",29.171904291629644,16-32,,,,FN
9862,9862.jpg,2,boat,,"[1262, 308, 160, 65]",101.9803902718557,>64,,,,FN
10416,10416.jpg,1,swimmer,,"[3092, 1114, 57, 61]",58.966091951222275,32-64,,,,FN
10416,10416.jpg,1,swimmer,,"[2881, 1234, 55, 35]",43.87482193696061,32-64,,,,FN
10416,10416.jpg,1,swimmer,,"[3588, 1680, 55, 108]",77.07139547199077,>64,,,,FN
10416,10416.jpg,1,swimmer,,"[3333, 1891, 47, 45]",45.98912915026767,32-64,,,,FN
10416,10416.jpg,1,swimmer,,"[3711, 1829, 77, 81]",78.9746794865291,>64,,,,FN
10416,10416.jpg,1,swimmer,,"[3738, 1766, 45, 51]",47.90615826801394,32-64,,,,FN
10417,10417.jpg,1,swimmer,,"[2891, 1001, 55, 59]",56.96490147450446,32-64,,,,FN
10417,10417.jpg,1,swimmer,,"[2677, 1118, 52, 29]",38.8329756778952,32-64,,,,FN
10417,10417.jpg,1,swimmer,,"[3344, 1552, 53, 102]",73.5255057786072,>64,,,,FN
10417,10417.jpg,1,swimmer,,"[3091, 1753, 41, 38]",39.4715087119811,32-64,,,,FN
10417,10417.jpg,1,swimmer,,"[3486, 1632, 43, 49]",45.902069670114,32-64,,,,FN
10418,10418.jpg,1,swimmer,,"[3265, 1540, 39, 45]",41.892720131306824,32-64,,,,FN
10418,10418.jpg,1,swimmer,,"[3437, 880, 134, 55]",85.84870412533901,>64,,,,FN
10419,10419.jpg,1,swimmer,,"[3040, 983, 53, 52]",52.49761899362675,32-64,,,,FN
10419,10419.jpg,1,swimmer,,"[3361, 1600, 43, 101]",65.90144156238162,>64,,,,FN
10419,10419.jpg,1,swimmer,,"[3055, 1732, 47, 43]",44.955533585978046,32-64,,,,FN
10419,10419.jpg,1,swimmer,,"[2791, 1062, 44, 30]",36.3318042491699,32-64,,,,FN
10419,10419.jpg,1,swimmer,,"[3451, 1774, 79, 70]",74.36396977031282,>64,,,,FN
10419,10419.jpg,1,swimmer,,"[3498, 1714, 47, 48]",47.49736834815167,32-64,,,,FN
10419,10419.jpg,1,swimmer,,"[3719, 1699, 71, 116]",90.75241043630741,>64,,,,FN
10419,10419.jpg,1,swimmer,,"[3491, 1601, 95, 91]",92.97849213662265,>64,,,,FN
10419,10419.jpg,1,swimmer,,"[2996, 1970, 93, 103]",97.87236586493657,>64,,,,FN
10421,10421.jpg,1,swimmer,,"[3652, 2039, 84, 66]",74.45804187594514,>64,,,,FN
10421,10421.jpg,1,swimmer,,"[3699, 1965, 75, 91]",82.61355820929153,>64,,,,FN
10422,10422.jpg,1,swimmer,,"[3559, 2036, 94, 64]",77.56287771866127,>64,,,,FN
10422,10422.jpg,1,swimmer,,"[3643, 1961, 48, 92]",66.4529909033446,>64,,,,FN
10423,10423.jpg,1,swimmer,,"[3181, 1228, 57, 44]",50.07993610219566,32-64,,,,FN
10423,10423.jpg,1,swimmer,,"[3188, 1976, 49, 45]",46.95742752749558,32-64,,,,FN
10424,10424.jpg,1,swimmer,,"[2964, 1911, 48, 46]",46.98936049788292,32-64,,,,FN
10424,10424.jpg,1,swimmer,,"[2755, 2111, 67, 49]",57.29746940310715,32-64,,,,FN
10425,10425.jpg,1,swimmer,,"[3055, 1169, 48, 42]",44.8998886412873,32-64,,,,FN
10425,10425.jpg,1,swimmer,,"[2671, 1842, 47, 45]",45.98912915026767,32-64,,,,FN
10425,10425.jpg,1,swimmer,,"[2918, 1247, 51, 56]",53.44155686354955,32-64,,,,FN
10425,10425.jpg,1,swimmer,,"[3237, 1896, 47, 79]",60.93439094632849,32-64,,,,FN
10425,10425.jpg,1,swimmer,,"[3133, 1990, 67, 55]",60.70420084310476,32-64,,,,FN
10425,10425.jpg,1,swimmer,,"[3046, 2041, 100, 64]",80.0,>64,,,,FN
10425,10425.jpg,1,swimmer,,"[3359, 2049, 105, 86]",95.0263121456368,>64,,,,FN
10425,10425.jpg,1,swimmer,,"[2452, 2040, 59, 81]",69.13031173081747,>64,,,,FN
10426,10426.jpg,1,swimmer,,"[2752, 1080, 52, 54]",52.99056519796708,32-64,,,,FN
10426,10426.jpg,1,swimmer,,"[2339, 1746, 46, 46]",46.0,32-64,,,,FN
10426,10426.jpg,1,swimmer,,"[2616, 1158, 46, 63]",53.83307533477908,32-64,,,,FN
10426,10426.jpg,1,swimmer,,"[2887, 1804, 40, 101]",63.56099432828282,32-64,,,,FN
10426,10426.jpg,1,swimmer,,"[2787, 1879, 64, 68]",65.96969000988257,>64,,,,FN
10426,10426.jpg,1,swimmer,,"[2694, 1942, 97, 60]",76.28892449104261,>64,,,,FN
10426,10426.jpg,1,swimmer,,"[2998, 1953, 93, 77]",84.62269199216011,>64,,,,FN
10426,10426.jpg,1,swimmer,,"[2122, 1934, 55, 74]",63.796551630946325,32-64,,,,FN
10427,10427.jpg,1,swimmer,,"[2530, 1003, 41, 46]",43.42810150121693,32-64,,,,FN
10427,10427.jpg,1,swimmer,,"[2083, 1642, 43, 43]",43.0,32-64,,,,FN
10427,10427.jpg,1,swimmer,,"[2376, 1058, 48, 59]",53.21653878260028,32-64,,,,FN
10427,10427.jpg,1,swimmer,,"[2514, 1770, 65, 76]",70.28513356322232,>64,,,,FN
10427,10427.jpg,1,swimmer,,"[2432, 1838, 81, 57]",67.94850991743675,>64,,,,FN
10427,10427.jpg,1,swimmer,,"[1859, 1820, 52, 70]",60.332412515993425,32-64,,,,FN
10429,10429.jpg,1,swimmer,,"[2851, 1806, 39, 80]",55.85696017507576,32-64,,,,FN
10430,10430.jpg,1,swimmer,,"[2628, 1904, 84, 57]",69.19537556802477,>64,,,,FN
10430,10430.jpg,1,swimmer,,"[2746, 1867, 56, 71]",63.05553108173778,32-64,,,,FN
10432,10432.jpg,1,swimmer,,"[2851, 1780, 37, 88]",57.06137047074842,32-64,,,,FN
10433,10433.jpg,1,swimmer,,"[2092, 1780, 40, 68]",52.15361924162119,32-64,,,,FN
10435,10435.jpg,1,swimmer,,"[3105, 1420, 99, 58]",75.77598564189053,>64,,,,FN
10444,10444.jpg,1,swimmer,,"[2606, 1053, 50, 39]",44.15880433163923,32-64,,,,FN
10444,10444.jpg,1,swimmer,,"[2316, 1643, 39, 40]",39.496835316262995,32-64,,,,FN
10444,10444.jpg,1,swimmer,,"[2555, 1944, 74, 50]",60.8276253029822,32-64,,,,FN
10444,10444.jpg,1,swimmer,,"[2636, 1905, 56, 94]",72.55342858886821,>64,,,,FN
10444,10444.jpg,1,swimmer,,"[2819, 1970, 69, 72]",70.48404074682438,>64,,,,FN
10445,10445.jpg,1,swimmer,,"[2574, 1690, 45, 77]",58.86425061104575,32-64,,,,FN
10446,10446.jpg,1,swimmer,,"[2446, 1539, 72, 47]",58.172158288995945,32-64,,,,FN
10446,10446.jpg,1,swimmer,,"[2519, 1493, 56, 74]",64.37390775772433,>64,,,,FN
10447,10447.jpg,1,swimmer,,"[2425, 1424, 63, 39]",49.56813492557492,32-64,,,,FN
10447,10447.jpg,1,swimmer,,"[2492, 1392, 55, 54]",54.49770637375485,32-64,,,,FN
10448,10448.jpg,1,swimmer,,"[2470, 721, 40, 28]",33.46640106136302,32-64,,,,FN
10448,10448.jpg,1,swimmer,,"[2402, 1381, 69, 43]",54.47017532558529,32-64,,,,FN
10448,10448.jpg,1,swimmer,,"[2487, 1356, 40, 49]",44.27188724235731,32-64,,,,FN
10449,10449.jpg,1,swimmer,,"[2474, 1347, 39, 48]",43.266615305567875,32-64,,,,FN
10450,10450.jpg,1,swimmer,,"[2384, 1380, 62, 42]",51.02940328869229,32-64,,,,FN
10450,10450.jpg,1,swimmer,,"[2461, 1351, 42, 46]",43.95452195167182,32-64,,,,FN
10451,10451.jpg,1,swimmer,,"[2455, 721, 38, 28]",32.61901286060018,32-64,,,,FN
10451,10451.jpg,1,swimmer,,"[2367, 1415, 68, 44]",54.699177324709375,32-64,,,,FN
10451,10451.jpg,1,swimmer,,"[2434, 1375, 56, 57]",56.49778756730214,32-64,,,,FN
10452,10452.jpg,1,swimmer,,"[2448, 774, 33, 27]",29.8496231131986,16-32,,,,FN
10452,10452.jpg,1,swimmer,,"[2354, 1472, 66, 39]",50.73460357586329,32-64,,,,FN
10452,10452.jpg,1,swimmer,,"[2436, 1440, 40, 46]",42.89522117905443,32-64,,,,FN
10453,10453.jpg,1,swimmer,,"[2441, 814, 32, 25]",28.284271247461902,16-32,,,,FN
10455,10455.jpg,1,swimmer,,"[2281, 1502, 54, 36]",44.090815370097204,32-64,,,,FN
10455,10455.jpg,1,swimmer,,"[2341, 1456, 48, 50]",48.98979485566356,32-64,,,,FN
10456,10456.jpg,1,swimmer,,"[2074, 1212, 28, 30]",28.982753492378876,16-32,,,,FN
10456,10456.jpg,1,swimmer,,"[1835, 1305, 64, 44]",53.0659966456864,32-64,,,,FN
10456,10456.jpg,1,swimmer,,"[2253, 1449, 52, 37]",43.86342439892262,32-64,,,,FN
10456,10456.jpg,1,swimmer,,"[2311, 1411, 42, 39]",40.47221268969612,32-64,,,,FN
10457,10457.jpg,1,swimmer,,"[2241, 1292, 54, 37]",44.69899327725402,32-64,,,,FN
10457,10457.jpg,1,swimmer,,"[2293, 1254, 41, 35]",37.881393849751625,32-64,,,,FN
10458,10458.jpg,1,swimmer,,"[2044, 1063, 28, 31]",29.46183972531247,16-32,,,,FN
10458,10458.jpg,1,swimmer,,"[2232, 1289, 55, 37]",45.110974274559844,32-64,,,,FN
10458,10458.jpg,1,swimmer,,"[2282, 1253, 38, 33]",35.41186241925155,32-64,,,,FN
10459,10459.jpg,1,swimmer,,"[2223, 1293, 57, 37]",45.92385001282014,32-64,,,,FN
10459,10459.jpg,1,swimmer,,"[2278, 1258, 37, 32]",34.40930106817051,32-64,,,,FN
10460,10460.jpg,1,swimmer,,"[2220, 1301, 59, 38]",47.34976240700686,32-64,,,,FN
10460,10460.jpg,1,swimmer,,"[2272, 1266, 41, 35]",37.881393849751625,32-64,,,,FN
10461,10461.jpg,1,swimmer,,"[2268, 1269, 40, 34]",36.87817782917155,32-64,,,,FN
10462,10462.jpg,1,swimmer,,"[2261, 1251, 46, 49]",47.47630988187688,32-64,,,,FN
10463,10463.jpg,1,swimmer,,"[2218, 1254, 48, 59]",53.21653878260028,32-64,,,,FN
10464,10464.jpg,1,swimmer,,"[1935, 1098, 29, 29]",29.0,16-32,,,,FN
10464,10464.jpg,1,swimmer,,"[2108, 1321, 66, 44]",53.88877434122992,32-64,,,,FN
10464,10464.jpg,1,swimmer,,"[792, 1298, 78, 53]",64.29618962271404,>64,,,,FN
10464,10464.jpg,1,swimmer,,"[2172, 1281, 32, 45]",37.94733192202055,32-64,,,,FN
10464,10464.jpg,1,swimmer,,"[3368, 1328, 144, 75]",103.92304845413264,>64,,,,FN
10464,10464.jpg,1,swimmer,,"[2413, 820, 56, 50]",52.91502622129181,32-64,,,,FN
10465,10465.jpg,1,swimmer,,"[2353, 1157, 119, 93]",105.19980988575978,>64,,,,FN
10465,10465.jpg,1,swimmer,,"[2886, 1443, 64, 73]",68.35202996254024,>64,,,,FN
10465,10465.jpg,1,swimmer,,"[1523, 934, 85, 40]",58.309518948453004,32-64,,,,FN
10465,10465.jpg,2,boat,,"[3394, 651, 189, 282]",230.86359609085187,>64,,,,FN
10465,10465.jpg,1,swimmer,,"[2877, 1586, 69, 74]",71.45628033979938,>64,,,,FN
10465,10465.jpg,3,jetski,,"[3331, 622, 70, 191]",115.62871615649809,>64,,,,FN
10465,10465.jpg,1,swimmer,,"[2762, 1361, 92, 57]",72.41546796092669,>64,,,,FN
10465,10465.jpg,1,swimmer,,"[2767, 1463, 45, 37]",40.80441152620633,32-64,,,,FN
10465,10465.jpg,1,swimmer,,"[2703, 1473, 60, 52]",55.85696017507576,32-64,,,,FN
10465,10465.jpg,1,swimmer,,"[3241, 1136, 58, 53]",55.44366510251645,32-64,,,,FN
10753,10753.jpg,1,swimmer,,"[1615, 1116, 46, 36]",40.69397989875161,32-64,,,,FN
10753,10753.jpg,1,swimmer,,"[1752, 877, 36, 40]",37.94733192202055,32-64,,,,FN
10754,10754.jpg,1,swimmer,,"[1609, 1116, 47, 37]",41.701318923986086,32-64,,,,FN
10754,10754.jpg,1,swimmer,,"[1755, 867, 35, 54]",43.474130238568314,32-64,,,,FN
10755,10755.jpg,1,swimmer,,"[1620, 1115, 39, 34]",36.41428291206625,32-64,,,,FN
10755,10755.jpg,1,swimmer,,"[1745, 867, 44, 45]",44.49719092257398,32-64,,,,FN
10756,10756.jpg,1,swimmer,,"[1612, 1120, 37, 29]",32.7566787083184,32-64,,,,FN
10756,10756.jpg,1,swimmer,,"[1752, 864, 38, 39]",38.49675310984031,32-64,,,,FN
10757,10757.jpg,1,swimmer,,"[1598, 1110, 39, 30]",34.20526275297414,32-64,,,,FN
10758,10758.jpg,1,swimmer,,"[1601, 1106, 38, 35]",36.46916505762094,32-64,,,,FN
10759,10759.jpg,1,swimmer,,"[1599, 1107, 31, 27]",28.930952282978865,16-32,,,,FN
10760,10760.jpg,1,swimmer,,"[1588, 1105, 30, 22]",25.69046515733026,16-32,,,,FN
10761,10761.jpg,1,swimmer,,"[1573, 1099, 38, 29]",33.19638534539566,32-64,,,,FN
10762,10762.jpg,1,swimmer,,"[1579, 1105, 36, 29]",32.31098884280702,32-64,,,,FN
10763,10763.jpg,1,swimmer,,"[1574, 1101, 29, 22]",25.25866188063018,16-32,,,,FN
10764,10764.jpg,1,swimmer,,"[1565, 1092, 32, 22]",26.5329983228432,16-32,,,,FN
10765,10765.jpg,1,swimmer,,"[1558, 1086, 41, 33]",36.78314831549904,32-64,,,,FN
10765,10765.jpg,1,swimmer,,"[1708, 839, 46, 31]",37.76241517699841,32-64,,,,FN
10766,10766.jpg,1,swimmer,,"[1568, 1089, 32, 31]",31.496031496047245,16-32,,,,FN
10767,10767.jpg,1,swimmer,,"[1562, 1089, 29, 21]",24.677925358506133,16-32,,,,FN
10768,10768.jpg,1,swimmer,,"[1553, 1082, 35, 24]",28.982753492378876,16-32,,,,FN
10768,10768.jpg,1,swimmer,,"[1681, 830, 59, 28]",40.64480286580315,32-64,,,,FN
10769,10769.jpg,1,swimmer,,"[1551, 1078, 39, 32]",35.32704346531139,32-64,,,,FN
10769,10769.jpg,1,swimmer,,"[1683, 828, 44, 29]",35.7211421989835,32-64,,,,FN
10770,10770.jpg,1,swimmer,,"[1559, 1077, 27, 24]",25.45584412271571,16-32,,,,FN
10770,10770.jpg,1,swimmer,,"[1660, 824, 67, 31]",45.574115460423364,32-64,,,,FN
10771,10771.jpg,1,swimmer,,"[1551, 1074, 28, 20]",23.664319132398465,16-32,,,,FN
10771,10771.jpg,1,swimmer,,"[1647, 821, 74, 31]",47.89572005931219,32-64,,,,FN
10772,10772.jpg,1,swimmer,,"[1542, 1068, 34, 27]",30.298514815086232,16-32,,,,FN
10773,10773.jpg,1,swimmer,,"[1541, 1070, 40, 32]",35.77708763999664,32-64,,,,FN
10774,10774.jpg,1,swimmer,,"[1550, 1070, 27, 24]",25.45584412271571,16-32,,,,FN
10774,10774.jpg,1,swimmer,,"[1638, 821, 52, 33]",41.42463035441596,32-64,,,,FN
10775,10775.jpg,1,swimmer,,"[1544, 1066, 28, 20]",23.664319132398465,16-32,,,,FN
10776,10776.jpg,1,swimmer,,"[1533, 1059, 39, 27]",32.449961479175904,32-64,,,,FN
10777,10777.jpg,1,swimmer,,"[1622, 968, 44, 30]",36.3318042491699,32-64,,,,FN
10777,10777.jpg,1,swimmer,,"[1619, 819, 51, 25]",35.70714214271425,32-64,,,,FN
10778,10778.jpg,1,swimmer,,"[1542, 1064, 37, 25]",30.4138126514911,16-32,,,,FN
10778,10778.jpg,1,swimmer,,"[1625, 968, 40, 26]",32.2490309931942,32-64,,,,FN
10778,10778.jpg,1,swimmer,,"[1607, 819, 57, 25]",37.749172176353746,32-64,,,,FN
10779,10779.jpg,1,swimmer,,"[1619, 965, 45, 33]",38.535697735995385,32-64,,,,FN
10780,10780.jpg,1,swimmer,,"[1589, 823, 69, 25]",41.53311931459037,32-64,,,,FN
10781,10781.jpg,1,swimmer,,"[1625, 969, 36, 27]",31.176914536239792,16-32,,,,FN
10782,10782.jpg,1,swimmer,,"[1621, 965, 39, 34]",36.41428291206625,32-64,,,,FN
10783,10783.jpg,1,swimmer,,"[1629, 967, 31, 38]",34.322004603461025,32-64,,,,FN
10784,10784.jpg,1,swimmer,,"[1633, 967, 28, 33]",30.397368307141328,16-32,,,,FN
10784,10784.jpg,1,swimmer,,"[1554, 824, 76, 26]",44.45222154178574,32-64,,,,FN
10785,10785.jpg,1,swimmer,,"[1563, 829, 60, 26]",39.496835316262995,32-64,,,,FN
10786,10786.jpg,1,swimmer,,"[1627, 966, 31, 37]",33.8673884437522,32-64,,,,FN
10786,10786.jpg,1,swimmer,,"[1558, 827, 48, 22]",32.49615361854384,32-64,,,,FN
10787,10787.jpg,1,swimmer,,"[1622, 968, 36, 27]",31.176914536239792,16-32,,,,FN
10787,10787.jpg,1,swimmer,,"[1548, 826, 56, 24]",36.66060555964672,32-64,,,,FN
10788,10788.jpg,1,swimmer,,"[1538, 829, 63, 26]",40.47221268969612,32-64,,,,FN
10789,10789.jpg,1,swimmer,,"[1531, 830, 67, 29]",44.07947368106838,32-64,,,,FN
10790,10790.jpg,1,swimmer,,"[1540, 829, 49, 23]",33.57082066318904,32-64,,,,FN
10791,10791.jpg,1,swimmer,,"[1534, 830, 44, 23]",31.811947441173732,16-32,,,,FN
10793,10793.jpg,1,swimmer,,"[1621, 959, 28, 34]",30.854497241083024,16-32,,,,FN
10795,10795.jpg,1,swimmer,,"[1620, 957, 28, 35]",31.304951684997057,16-32,,,,FN
10795,10795.jpg,1,swimmer,,"[1519, 842, 39, 22]",29.29163703175362,16-32,,,,FN
10796,10796.jpg,1,swimmer,,"[1615, 952, 31, 37]",33.8673884437522,32-64,,,,FN
10797,10797.jpg,1,swimmer,,"[1615, 951, 31, 39]",34.77067730142742,32-64,,,,FN
10807,10807.jpg,1,swimmer,,"[1468, 869, 42, 32]",36.66060555964672,32-64,,,,FN
10808,10808.jpg,1,swimmer,,"[1470, 874, 38, 27]",32.03123475609393,32-64,,,,FN
10817,10817.jpg,1,swimmer,,"[1695, 1018, 77, 39]",54.79963503528103,32-64,,,,FN
10820,10820.jpg,1,swimmer,,"[1424, 916, 46, 40]",42.89522117905443,32-64,,,,FN
10833,10833.jpg,1,swimmer,,"[1425, 967, 49, 36]",42.0,32-64,,,,FN
11580,11580.jpg,1,swimmer,,"[1920, 1503, 112, 76]",92.26050075736637,>64,,,,FN
11581,11581.jpg,1,swimmer,,"[1933, 1504, 122, 77]",96.92264957170744,>64,,,,FN
11585,11585.jpg,1,swimmer,,"[1952, 1488, 73, 85]",78.77182237323191,>64,,,,FN
11589,11589.jpg,1,swimmer,,"[2121, 1629, 85, 80]",82.46211251235322,>64,,,,FN
11590,11590.jpg,1,swimmer,,"[2113, 1659, 100, 82]",90.55385138137417,>64,,,,FN
11591,11591.jpg,1,swimmer,,"[2126, 1648, 94, 84]",88.85943956609225,>64,,,,FN
11592,11592.jpg,1,swimmer,,"[2130, 1556, 84, 81]",82.48636250920512,>64,,,,FN
11592,11592.jpg,1,swimmer,,"[1770, 1524, 77, 100]",87.74964387392122,>64,,,,FN
11593,11593.jpg,1,swimmer,,"[1789, 1476, 78, 90]",83.78544026261365,>64,,,,FN
11594,11594.jpg,1,swimmer,,"[1803, 1398, 75, 77]",75.99342076785332,>64,,,,FN
11595,11595.jpg,1,swimmer,,"[1819, 1289, 92, 86]",88.94942383174835,>64,,,,FN
11596,11596.jpg,1,swimmer,,"[1835, 1184, 96, 94]",94.99473669630333,>64,,,,FN
11610,11610.jpg,1,swimmer,,"[1889, 1247, 62, 54]",57.86190456595773,32-64,,,,FN
11611,11611.jpg,1,swimmer,,"[1881, 1247, 62, 61]",61.497967446087195,32-64,,,,FN
11612,11612.jpg,1,swimmer,,"[1876, 1247, 65, 64]",64.4980619863884,>64,,,,FN
11614,11614.jpg,1,swimmer,,"[1873, 1271, 71, 65]",67.93379129711516,>64,,,,FN
11619,11619.jpg,1,swimmer,,"[1593, 1228, 78, 68]",72.8285658241325,>64,,,,FN
11620,11620.jpg,1,swimmer,,"[1804, 1225, 68, 68]",68.0,>64,,,,FN
11621,11621.jpg,1,swimmer,,"[1548, 1209, 87, 71]",78.59389289251423,>64,,,,FN
11623,11623.jpg,1,swimmer,,"[1686, 1200, 76, 81]",78.46018098373213,>64,,,,FN
12006,12006.jpg,1,swimmer,,"[3774, 776, 35, 28]",31.304951684997057,16-32,,,,FN
12008,12008.jpg,1,swimmer,,"[3628, 768, 36, 27]",31.176914536239792,16-32,,,,FN
12009,12009.jpg,1,swimmer,,"[3490, 776, 33, 31]",31.984371183438952,16-32,,,,FN
12009,12009.jpg,1,swimmer,,"[3635, 779, 117, 34]",63.071388124885914,32-64,,,,FN
12010,12010.jpg,1,swimmer,,"[3310, 782, 33, 29]",30.93541659651604,16-32,,,,FN
12010,12010.jpg,1,swimmer,,"[3459, 792, 115, 37]",65.23036102920173,>64,,,,FN
12011,12011.jpg,1,swimmer,,"[3096, 789, 31, 33]",31.984371183438952,16-32,,,,FN
12012,12012.jpg,1,swimmer,,"[2850, 786, 29, 32]",30.463092423455635,16-32,,,,FN
12012,12012.jpg,1,swimmer,,"[2991, 799, 111, 39]",65.79513659838392,>64,,,,FN
12013,12013.jpg,1,swimmer,,"[2606, 764, 28, 29]",28.495613697550013,16-32,,,,FN
12014,12014.jpg,1,swimmer,,"[2383, 725, 29, 32]",30.463092423455635,16-32,,,,FN
12015,12015.jpg,1,swimmer,,"[2192, 675, 29, 32]",30.463092423455635,16-32,,,,FN
12016,12016.jpg,1,swimmer,,"[2028, 626, 29, 29]",29.0,16-32,,,,FN
12016,12016.jpg,1,swimmer,,"[2135, 649, 91, 31]",53.113086899558006,32-64,,,,FN
12017,12017.jpg,1,swimmer,,"[1889, 590, 28, 32]",29.93325909419153,16-32,,,,FN
12017,12017.jpg,1,swimmer,,"[1995, 602, 90, 27]",49.29503017546495,32-64,,,,FN
12018,12018.jpg,1,swimmer,,"[1775, 552, 25, 29]",26.92582403567252,16-32,,,,FN
12018,12018.jpg,1,swimmer,,"[1884, 560, 75, 24]",42.42640687119285,32-64,,,,FN
12019,12019.jpg,1,swimmer,,"[1682, 507, 23, 27]",24.919871588754223,16-32,,,,FN
12019,12019.jpg,1,swimmer,,"[1778, 516, 83, 24]",44.63182720884279,32-64,,,,FN
12020,12020.jpg,3,jetski,,"[1927, 235, 44, 51]",47.37087712930804,32-64,,,,FN
12020,12020.jpg,1,swimmer,,"[1704, 633, 81, 23]",43.162483709814474,32-64,,,,FN
12020,12020.jpg,1,swimmer,,"[1615, 627, 24, 23]",23.49468024894146,16-32,,,,FN
12021,12021.jpg,3,jetski,,"[1884, 432, 49, 50]",49.49747468305833,32-64,,,,FN
12021,12021.jpg,1,swimmer,,"[1662, 781, 69, 22]",38.961519477556315,32-64,,,,FN
12021,12021.jpg,1,swimmer,,"[1575, 772, 20, 26]",22.80350850198276,16-32,,,,FN
12022,12022.jpg,1,swimmer,,"[1637, 744, 70, 22]",39.242833740697165,32-64,,,,FN
12022,12022.jpg,1,swimmer,,"[1552, 735, 21, 22]",21.494185260204677,16-32,,,,FN
12023,12023.jpg,1,swimmer,,"[1619, 717, 68, 22]",38.67815921162743,32-64,,,,FN
12023,12023.jpg,1,swimmer,,"[1540, 702, 20, 20]",20.0,16-32,,,,FN
12024,12024.jpg,1,swimmer,,"[1611, 688, 66, 21]",37.22902093797257,32-64,,,,FN
12024,12024.jpg,1,swimmer,,"[1538, 676, 17, 19]",17.97220075561143,16-32,,,,FN
12025,12025.jpg,1,swimmer,,"[1603, 660, 61, 20]",34.92849839314596,32-64,,,,FN
12025,12025.jpg,1,swimmer,,"[1530, 651, 18, 20]",18.973665961010276,16-32,,,,FN
12026,12026.jpg,3,jetski,,"[1759, 372, 31, 35]",32.93933818400121,32-64,,,,FN
12026,12026.jpg,1,swimmer,,"[1567, 629, 63, 19]",34.597687784012386,32-64,,,,FN
12026,12026.jpg,1,swimmer,,"[1490, 629, 17, 17]",17.0,16-32,,,,FN
12027,12027.jpg,1,swimmer,,"[1370, 615, 51, 19]",31.12876483254676,16-32,,,,FN
12027,12027.jpg,1,swimmer,,"[1292, 609, 22, 20]",20.97617696340303,16-32,,,,FN
12028,12028.jpg,1,swimmer,,"[1842, 585, 33, 19]",25.03996805109783,16-32,,,,FN
12028,12028.jpg,1,swimmer,,"[1749, 573, 21, 17]",18.894443627691185,16-32,,,,FN
12029,12029.jpg,1,swimmer,,"[1870, 562, 22, 17]",19.339079605813716,16-32,,,,FN
12029,12029.jpg,1,swimmer,,"[1780, 549, 18, 17]",17.4928556845359,16-32,,,,FN
12031,12031.jpg,3,jetski,,"[2021, 329, 26, 40]",32.2490309931942,32-64,,,,FN
12032,12032.jpg,3,jetski,,"[2019, 326, 24, 38]",30.199337741083,16-32,,,,FN
12034,12034.jpg,3,jetski,,"[2019, 428, 23, 38]",29.563490998188964,16-32,,,,FN
12045,12045.jpg,3,jetski,,"[2029, 469, 31, 47]",38.17066936798463,32-64,,,,FN
12047,12047.jpg,3,jetski,,"[2031, 481, 30, 42]",35.4964786985977,32-64,,,,FN
12048,12048.jpg,3,jetski,,"[2020, 481, 30, 44]",36.3318042491699,32-64,,,,FN
12049,12049.jpg,3,jetski,,"[1999, 483, 30, 45]",36.742346141747674,32-64,,,,FN
12050,12050.jpg,3,jetski,,"[1966, 486, 32, 45]",37.94733192202055,32-64,,,,FN
12554,12554.jpg,1,swimmer,,"[1901, 1066, 49, 73]",59.80802621722272,32-64,,,,FN
12557,12557.jpg,1,swimmer,,"[1941, 1344, 50, 44]",46.9041575982343,32-64,,,,FN
12557,12557.jpg,1,swimmer,,"[1996, 1130, 41, 69]",53.1883445878888,32-64,,,,FN
12559,12559.jpg,1,swimmer,,"[1948, 1395, 44, 43]",43.497126341863094,32-64,,,,FN
12559,12559.jpg,1,swimmer,,"[1998, 1159, 42, 80]",57.96550698475775,32-64,,,,FN
12567,12567.jpg,1,swimmer,,"[1957, 1677, 65, 58]",61.40032573203501,32-64,,,,FN
12567,12567.jpg,1,swimmer,,"[1982, 1411, 58, 68]",62.80127387243033,32-64,,,,FN
12574,12574.jpg,1,swimmer,,"[2346, 576, 57, 87]",70.42016756583301,>64,,,,FN
12574,12574.jpg,1,swimmer,,"[2225, 784, 102, 70]",84.49852069711044,>64,,,,FN
12578,12578.jpg,1,swimmer,,"[2117, 684, 85, 99]",91.73330910852393,>64,,,,FN
12580,12580.jpg,1,swimmer,,"[1770, 685, 75, 99]",86.16843969807043,>64,,,,FN
12583,12583.jpg,1,swimmer,,"[1593, 1781, 67, 121]",90.03888049059695,>64,,,,FN
12583,12583.jpg,1,swimmer,,"[1527, 2025, 117, 98]",107.07940978544848,>64,,,,FN
12592,12592.jpg,5,buoy,,"[614, 1617, 20, 26]",22.80350850198276,16-32,,,,FN
12593,12593.jpg,5,buoy,,"[1552, 1572, 19, 29]",23.473389188611005,16-32,,,,FN
12594,12594.jpg,5,buoy,,"[2392, 1563, 20, 28]",23.664319132398465,16-32,,,,FN
12594,12594.jpg,2,boat,,"[1241, 1683, 222, 94]",144.45760623795482,>64,,,,FN
12595,12595.jpg,5,buoy,,"[3649, 1607, 21, 26]",23.366642891095847,16-32,,,,FN
13910,13910.jpg,1,swimmer,,"[403, 779, 36, 33]",34.46737587922817,32-64,,,,FN
13911,13911.jpg,1,swimmer,,"[392, 867, 34, 34]",34.0,32-64,,,,FN
13914,13914.jpg,1,swimmer,,"[703, 408, 33, 30]",31.464265445104548,16-32,,,,FN
13915,13915.jpg,1,swimmer,,"[698, 565, 37, 39]",37.986839826445156,32-64,,,,FN
13920,13920.jpg,1,swimmer,,"[646, 666, 27, 41]",33.27160951922825,32-64,,,,FN
13921,13921.jpg,1,swimmer,,"[647, 665, 30, 40]",34.64101615137755,32-64,,,,FN
13922,13922.jpg,1,swimmer,,"[650, 659, 31, 48]",38.57460304397182,32-64,,,,FN
13935,13935.jpg,1,swimmer,,"[1093, 590, 37, 44]",40.34848200366403,32-64,,,,FN
13935,13935.jpg,1,swimmer,,"[993, 448, 53, 52]",52.49761899362675,32-64,,,,FN
13935,13935.jpg,1,swimmer,,"[1029, 307, 40, 44]",41.95235392680606,32-64,,,,FN
13938,13938.jpg,1,swimmer,,"[938, 678, 34, 46]",39.54743986657038,32-64,,,,FN
13938,13938.jpg,1,swimmer,,"[642, 557, 56, 44]",49.63869458396343,32-64,,,,FN
13938,13938.jpg,1,swimmer,,"[860, 533, 43, 44]",43.497126341863094,32-64,,,,FN
13938,13938.jpg,1,swimmer,,"[891, 418, 99, 45]",66.74578638386096,>64,,,,FN
13938,13938.jpg,1,swimmer,,"[481, 429, 41, 43]",41.98809355043403,32-64,,,,FN
13938,13938.jpg,1,swimmer,,"[1233, 1007, 55, 64]",59.329587896765304,32-64,,,,FN
13948,13948.jpg,1,swimmer,,"[1030, 882, 92, 64]",76.7333043730035,>64,,,,FN
13953,13953.jpg,1,swimmer,,"[1018, 560, 35, 39]",36.945906403822335,32-64,,,,FN
13953,13953.jpg,1,swimmer,,"[734, 243, 57, 41]",48.342527861087284,32-64,,,,FN
13954,13954.jpg,1,swimmer,,"[1353, 431, 30, 29]",29.49576240750525,16-32,,,,FN
13954,13954.jpg,1,swimmer,,"[1037, 228, 47, 40]",43.3589667773576,32-64,,,,FN
13955,13955.jpg,1,swimmer,,"[1424, 684, 45, 40]",42.42640687119285,32-64,,,,FN
13955,13955.jpg,1,swimmer,,"[1368, 491, 45, 35]",39.68626966596886,32-64,,,,FN
13955,13955.jpg,1,swimmer,,"[1595, 538, 33, 30]",31.464265445104548,16-32,,,,FN
13959,13959.jpg,1,swimmer,,"[1615, 550, 31, 35]",32.93933818400121,32-64,,,,FN
13964,13964.jpg,1,swimmer,,"[1308, 68, 40, 44]",41.95235392680606,32-64,,,,FN
13972,13972.jpg,1,swimmer,,"[1177, 215, 24, 28]",25.92296279363144,16-32,,,,FN
13974,13974.jpg,1,swimmer,,"[1189, 207, 28, 29]",28.495613697550013,16-32,,,,FN
13975,13975.jpg,1,swimmer,,"[375, 634, 45, 55]",49.749371855331,32-64,,,,FN
13978,13978.jpg,1,swimmer,,"[1247, 4, 35, 49]",41.41255848169731,32-64,,,,FN
13982,13982.jpg,1,swimmer,,"[1246, 1, 33, 47]",39.382737335030434,32-64,,,,FN
13983,13983.jpg,1,swimmer,,"[1245, 1, 36, 49]",42.0,32-64,,,,FN
13984,13984.jpg,1,swimmer,,"[1244, 2, 39, 49]",43.71498598878879,32-64,,,,FN
13985,13985.jpg,1,swimmer,,"[1238, 1, 44, 51]",47.37087712930804,32-64,,,,FN
13986,13986.jpg,1,swimmer,,"[1245, 4, 37, 51]",43.439613257946945,32-64,,,,FN
13987,13987.jpg,1,swimmer,,"[1251, 4, 37, 52]",43.86342439892262,32-64,,,,FN
13989,13989.jpg,1,swimmer,,"[1264, 7, 39, 49]",43.71498598878879,32-64,,,,FN
13989,13989.jpg,1,swimmer,,"[759, 792, 83, 38]",56.16048432839589,32-64,,,,FN
13991,13991.jpg,1,swimmer,,"[1264, 4, 42, 50]",45.8257569495584,32-64,,,,FN
13991,13991.jpg,1,swimmer,,"[1258, 192, 24, 29]",26.38181191654584,16-32,,,,FN
13992,13992.jpg,1,swimmer,,"[1255, 2, 60, 50]",54.772255750516614,32-64,,,,FN
13992,13992.jpg,1,swimmer,,"[1124, 519, 28, 29]",28.495613697550013,16-32,,,,FN
13993,13993.jpg,1,swimmer,,"[1261, 6, 59, 45]",51.526692111953004,32-64,,,,FN
13994,13994.jpg,1,swimmer,,"[1261, 3, 62, 49]",55.11805511808268,32-64,,,,FN
13995,13995.jpg,1,swimmer,,"[1249, 1, 65, 47]",55.27205442174191,32-64,,,,FN
13995,13995.jpg,1,swimmer,,"[1259, 191, 25, 28]",26.457513110645905,16-32,,,,FN
13996,13996.jpg,1,swimmer,,"[1238, 0, 68, 46]",55.92852581643825,32-64,,,,FN
13996,13996.jpg,1,swimmer,,"[1255, 187, 27, 31]",28.930952282978865,16-32,,,,FN
14000,14000.jpg,1,swimmer,,"[1417, 299, 37, 25]",30.4138126514911,16-32,,,,FN
14001,14001.jpg,1,swimmer,,"[1258, 0, 64, 33]",45.95650117230423,32-64,,,,FN
14002,14002.jpg,1,swimmer,,"[1233, 525, 54, 51]",52.478567053607705,32-64,,,,FN
14003,14003.jpg,1,swimmer,,"[1268, 7, 60, 42]",50.19960159204453,32-64,,,,FN
14004,14004.jpg,1,swimmer,,"[1270, 10, 65, 44]",53.47896782848375,32-64,,,,FN
14005,14005.jpg,1,swimmer,,"[1279, 12, 61, 43]",51.21523210920751,32-64,,,,FN
14009,14009.jpg,1,swimmer,,"[362, 596, 33, 27]",29.8496231131986,16-32,,,,FN
14010,14010.jpg,1,swimmer,,"[1312, 15, 63, 44]",52.64978632435273,32-64,,,,FN
14010,14010.jpg,1,swimmer,,"[359, 595, 67, 47]",56.1159513863928,32-64,,,,FN
14011,14011.jpg,1,swimmer,,"[357, 591, 47, 40]",43.3589667773576,32-64,,,,FN
14012,14012.jpg,1,swimmer,,"[1319, 10, 64, 47]",54.84523680320835,32-64,,,,FN
14013,14013.jpg,1,swimmer,,"[1306, 167, 25, 35]",29.58039891549808,16-32,,,,FN
14015,14015.jpg,1,swimmer,,"[1331, 15, 62, 43]",51.633322573702344,32-64,,,,FN
14018,14018.jpg,1,swimmer,,"[1339, 16, 67, 44]",54.29548784199291,32-64,,,,FN
14020,14020.jpg,1,swimmer,,"[1343, 22, 73, 48]",59.19459434779497,32-64,,,,FN
14022,14022.jpg,1,swimmer,,"[1367, 33, 62, 37]",47.89572005931219,32-64,,,,FN
14023,14023.jpg,1,swimmer,,"[1375, 28, 59, 38]",47.34976240700686,32-64,,,,FN
14027,14027.jpg,1,swimmer,,"[846, 674, 24, 27]",25.45584412271571,16-32,,,,FN
14028,14028.jpg,1,swimmer,,"[852, 664, 24, 26]",24.979991993593593,16-32,,,,FN
14033,14033.jpg,1,swimmer,,"[1403, 127, 44, 23]",31.811947441173732,16-32,,,,FN
14034,14034.jpg,1,swimmer,,"[1424, 81, 16, 23]",19.183326093250876,16-32,,,,FN
14034,14034.jpg,1,swimmer,,"[1189, 435, 23, 24]",23.49468024894146,16-32,,,,FN
14035,14035.jpg,1,swimmer,,"[1419, 87, 21, 16]",18.33030277982336,16-32,,,,FN
14036,14036.jpg,1,swimmer,,"[1421, 87, 21, 16]",18.33030277982336,16-32,,,,FN
14037,14037.jpg,1,swimmer,,"[1426, 81, 19, 16]",17.435595774162696,16-32,,,,FN
14038,14038.jpg,1,swimmer,,"[1430, 76, 19, 14]",16.30950643030009,16-32,,,,FN
14040,14040.jpg,1,swimmer,,"[1429, 65, 20, 23]",21.447610589527216,16-32,,,,FN
14041,14041.jpg,1,swimmer,,"[1428, 63, 21, 15]",17.74823934929885,16-32,,,,FN
14052,14052.jpg,1,swimmer,,"[1388, 175, 23, 29]",25.826343140289914,16-32,,,,FN
14055,14055.jpg,1,swimmer,,"[1449, 37, 19, 17]",17.97220075561143,16-32,,,,FN
14058,14058.jpg,1,swimmer,,"[1461, 40, 19, 13]",15.716233645501712,<16,,,,FN
14061,14061.jpg,1,swimmer,,"[1464, 34, 35, 24]",28.982753492378876,16-32,,,,FN
14062,14062.jpg,1,swimmer,,"[1387, 174, 44, 39]",41.42463035441596,32-64,,,,FN
14063,14063.jpg,1,swimmer,,"[1455, 25, 45, 38]",41.352146256270665,32-64,,,,FN
14065,14065.jpg,1,swimmer,,"[1212, 339, 34, 46]",39.54743986657038,32-64,,,,FN
14066,14066.jpg,1,swimmer,,"[1465, 36, 24, 18]",20.784609690826528,16-32,,,,FN
14066,14066.jpg,1,swimmer,,"[1381, 169, 44, 43]",43.497126341863094,32-64,,,,FN
14067,14067.jpg,1,swimmer,,"[1464, 40, 27, 19]",22.64950330581225,16-32,,,,FN
14068,14068.jpg,1,swimmer,,"[1465, 42, 30, 20]",24.49489742783178,16-32,,,,FN
14070,14070.jpg,1,swimmer,,"[1474, 35, 24, 17]",20.199009876724155,16-32,,,,FN
14073,14073.jpg,1,swimmer,,"[1489, 24, 19, 23]",20.904544960366874,16-32,,,,FN
14074,14074.jpg,1,swimmer,,"[1377, 170, 34, 40]",36.87817782917155,32-64,,,,FN
14075,14075.jpg,1,swimmer,,"[1486, 22, 20, 23]",21.447610589527216,16-32,,,,FN
14076,14076.jpg,1,swimmer,,"[1484, 23, 18, 24]",20.784609690826528,16-32,,,,FN
14079,14079.jpg,1,swimmer,,"[1486, 24, 20, 22]",20.97617696340303,16-32,,,,FN
14080,14080.jpg,1,swimmer,,"[1488, 26, 23, 23]",23.0,16-32,,,,FN
14081,14081.jpg,1,swimmer,,"[1490, 23, 23, 22]",22.494443758403985,16-32,,,,FN
14081,14081.jpg,1,swimmer,,"[1221, 318, 49, 53]",50.96076922496363,32-64,,,,FN
14082,14082.jpg,1,swimmer,,"[1239, 333, 17, 22]",19.339079605813716,16-32,,,,FN
14084,14084.jpg,1,swimmer,,"[1239, 335, 19, 21]",19.974984355438178,16-32,,,,FN
15338,15338.jpg,1,swimmer,,"[258, 649, 36, 43]",39.344631145812,32-64,,,,FN
15338,15338.jpg,1,swimmer,,"[1253, 234, 51, 36]",42.8485705712571,32-64,,,,FN
15338,15338.jpg,1,swimmer,,"[533, 232, 37, 36]",36.49657518178932,32-64,,,,FN
15339,15339.jpg,1,swimmer,,"[1424, 1, 145, 46]",81.67006795638167,>64,,,,FN
15339,15339.jpg,1,swimmer,,"[217, 1, 51, 48]",49.47726750741192,32-64,,,,FN
15340,15340.jpg,1,swimmer,,"[417, 0, 94, 70]",81.11719916269298,>64,,,,FN
15340,15340.jpg,1,swimmer,,"[657, 903, 228, 165]",193.95875850293535,>64,,,,FN
15341,15341.jpg,1,swimmer,,"[1643, 384, 141, 104]",121.09500402576482,>64,,,,FN
15341,15341.jpg,1,swimmer,,"[428, 0, 103, 63]",80.55432949258531,>64,,,,FN
15342,15342.jpg,1,swimmer,,"[347, 0, 153, 69]",102.74726273726225,>64,,,,FN
15342,15342.jpg,1,swimmer,,"[634, 883, 235, 181]",206.2401512800066,>64,,,,FN
15343,15343.jpg,1,swimmer,,"[227, 0, 181, 65]",108.4665847162157,>64,,,,FN
15346,15346.jpg,1,swimmer,,"[620, 398, 74, 96]",84.2852300228219,>64,,,,FN
15348,15348.jpg,1,swimmer,,"[16, 804, 117, 97]",106.53168542738823,>64,,,,FN
15354,15354.jpg,1,swimmer,,"[1277, 482, 48, 62]",54.55272678794342,32-64,,,,FN
15354,15354.jpg,1,swimmer,,"[91, 528, 159, 142]",150.25977505640023,>64,,,,FN
15355,15355.jpg,1,swimmer,,"[1453, 554, 45, 67]",54.909015653169384,32-64,,,,FN
15355,15355.jpg,1,swimmer,,"[260, 633, 145, 68]",99.29753269845128,>64,,,,FN
15356,15356.jpg,1,swimmer,,"[1583, 596, 54, 66]",59.6992462263972,32-64,,,,FN
15356,15356.jpg,1,swimmer,,"[413, 679, 108, 61]",81.1664955508121,>64,,,,FN
15356,15356.jpg,1,swimmer,,"[16, 632, 128, 88]",106.1319932913728,>64,,,,FN
15357,15357.jpg,1,swimmer,,"[1681, 507, 51, 68]",58.88972745734183,32-64,,,,FN
15357,15357.jpg,1,swimmer,,"[157, 543, 157, 94]",121.48250902907793,>64,,,,FN
15358,15358.jpg,1,swimmer,,"[295, 305, 130, 104]",116.27553482998907,>64,,,,FN
15359,15359.jpg,1,swimmer,,"[405, 0, 134, 100]",115.75836902790225,>64,,,,FN
15359,15359.jpg,1,swimmer,,"[1046, 862, 92, 123]",106.3766891757776,>64,,,,FN
15360,15360.jpg,1,swimmer,,"[1097, 550, 141, 137]",138.985610766007,>64,,,,FN
15361,15361.jpg,1,swimmer,,"[93, 182, 54, 91]",70.09992867328754,>64,,,,FN
15362,15362.jpg,1,swimmer,,"[722, 349, 145, 98]",119.20570456148481,>64,,,,FN
15363,15363.jpg,1,swimmer,,"[80, 101, 50, 67]",57.879184513951124,32-64,,,,FN
15364,15364.jpg,1,swimmer,,"[75, 103, 50, 60]",54.772255750516614,32-64,,,,FN
15365,15365.jpg,1,swimmer,,"[455, 296, 35, 49]",41.41255848169731,32-64,,,,FN
15365,15365.jpg,1,swimmer,,"[1530, 162, 71, 76]",73.45747068882783,>64,,,,FN
15365,15365.jpg,1,swimmer,,"[1583, 103, 43, 37]",39.88734135035826,32-64,,,,FN
15365,15365.jpg,1,swimmer,,"[1760, 205, 41, 55]",47.486840282335066,32-64,,,,FN
15366,15366.jpg,1,swimmer,,"[1027, 436, 53, 51]",51.99038372622383,32-64,,,,FN
15366,15366.jpg,1,swimmer,,"[654, 397, 19, 26]",22.22611077089287,16-32,,,,FN
15366,15366.jpg,1,swimmer,,"[964, 189, 26, 26]",26.0,16-32,,,,FN
15366,15366.jpg,1,swimmer,,"[1368, 269, 23, 23]",23.0,16-32,,,,FN
15366,15366.jpg,1,swimmer,,"[1484, 329, 23, 26]",24.454038521274967,16-32,,,,FN
15366,15366.jpg,1,swimmer,,"[1306, 162, 23, 29]",25.826343140289914,16-32,,,,FN
15366,15366.jpg,1,swimmer,,"[837, 176, 30, 23]",26.267851073127396,16-32,,,,FN
15367,15367.jpg,1,swimmer,,"[925, 501, 40, 32]",35.77708763999664,32-64,,,,FN
15367,15367.jpg,1,swimmer,,"[1261, 344, 20, 20]",20.0,16-32,,,,FN
15367,15367.jpg,1,swimmer,,"[1016, 481, 24, 33]",28.142494558940577,16-32,,,,FN
15367,15367.jpg,1,swimmer,,"[1334, 386, 21, 22]",21.494185260204677,16-32,,,,FN
15367,15367.jpg,1,swimmer,,"[971, 295, 21, 14]",17.146428199482248,16-32,,,,FN
15367,15367.jpg,1,swimmer,,"[878, 286, 28, 21]",24.24871130596428,16-32,,,,FN
15368,15368.jpg,1,swimmer,,"[927, 518, 29, 29]",29.0,16-32,,,,FN
15368,15368.jpg,1,swimmer,,"[741, 456, 17, 20]",18.439088914585774,16-32,,,,FN
15368,15368.jpg,1,swimmer,,"[1011, 497, 20, 32]",25.298221281347036,16-32,,,,FN
15368,15368.jpg,1,swimmer,,"[1211, 289, 15, 19]",16.881943016134134,16-32,,,,FN
15369,15369.jpg,1,swimmer,,"[1320, 416, 20, 25]",22.360679774997898,16-32,,,,FN
15369,15369.jpg,1,swimmer,,"[1000, 526, 20, 27]",23.2379000772445,16-32,,,,FN
15369,15369.jpg,1,swimmer,,"[726, 482, 16, 19]",17.435595774162696,16-32,,,,FN
15370,15370.jpg,1,swimmer,,"[830, 354, 21, 18]",19.44222209522358,16-32,,,,FN
15370,15370.jpg,1,swimmer,,"[1218, 407, 19, 25]",21.79449471770337,16-32,,,,FN
15370,15370.jpg,1,swimmer,,"[1207, 457, 20, 23]",21.447610589527216,16-32,,,,FN
15370,15370.jpg,1,swimmer,,"[969, 572, 21, 24]",22.44994432064365,16-32,,,,FN
15370,15370.jpg,1,swimmer,,"[881, 602, 27, 23]",24.919871588754223,16-32,,,,FN
15370,15370.jpg,1,swimmer,,"[689, 530, 18, 19]",18.49324200890693,16-32,,,,FN
15371,15371.jpg,1,swimmer,,"[1157, 387, 20, 16]",17.88854381999832,16-32,,,,FN
15371,15371.jpg,1,swimmer,,"[803, 399, 18, 17]",17.4928556845359,16-32,,,,FN
15371,15371.jpg,1,swimmer,,"[1184, 505, 33, 26]",29.29163703175362,16-32,,,,FN
15371,15371.jpg,1,swimmer,,"[655, 582, 19, 21]",19.974984355438178,16-32,,,,FN
15372,15372.jpg,1,swimmer,,"[898, 404, 16, 21]",18.33030277982336,16-32,,,,FN
15372,15372.jpg,1,swimmer,,"[1173, 526, 25, 24]",24.49489742783178,16-32,,,,FN
15372,15372.jpg,1,swimmer,,"[924, 654, 21, 32]",25.92296279363144,16-32,,,,FN
15372,15372.jpg,1,swimmer,,"[639, 604, 20, 23]",21.447610589527216,16-32,,,,FN
15373,15373.jpg,1,swimmer,,"[898, 407, 21, 22]",21.494185260204677,16-32,,,,FN
15373,15373.jpg,1,swimmer,,"[786, 423, 20, 17]",18.439088914585774,16-32,,,,FN
15373,15373.jpg,1,swimmer,,"[920, 662, 20, 29]",24.08318915758459,16-32,,,,FN
15373,15373.jpg,1,swimmer,,"[823, 688, 41, 31]",35.651086939951774,32-64,,,,FN
15374,15374.jpg,1,swimmer,,"[894, 411, 21, 28]",24.24871130596428,16-32,,,,FN
15374,15374.jpg,1,swimmer,,"[784, 431, 18, 16]",16.97056274847714,16-32,,,,FN
15374,15374.jpg,1,swimmer,,"[1262, 532, 27, 55]",38.535697735995385,32-64,,,,FN
15374,15374.jpg,1,swimmer,,"[917, 668, 21, 28]",24.24871130596428,16-32,,,,FN
15374,15374.jpg,1,swimmer,,"[824, 695, 39, 27]",32.449961479175904,32-64,,,,FN
15375,15375.jpg,1,swimmer,,"[897, 395, 16, 20]",17.88854381999832,16-32,,,,FN
15375,15375.jpg,1,swimmer,,"[785, 433, 16, 16]",16.0,16-32,,,,FN
15375,15375.jpg,1,swimmer,,"[913, 666, 21, 28]",24.24871130596428,16-32,,,,FN
15375,15375.jpg,1,swimmer,,"[828, 696, 32, 23]",27.129319932501073,16-32,,,,FN
15376,15376.jpg,1,swimmer,,"[784, 433, 16, 15]",15.491933384829668,<16,,,,FN
15376,15376.jpg,1,swimmer,,"[1169, 481, 23, 19]",20.904544960366874,16-32,,,,FN
15376,15376.jpg,1,swimmer,,"[1268, 528, 26, 52]",36.76955262170047,32-64,,,,FN
15376,15376.jpg,1,swimmer,,"[821, 686, 35, 27]",30.740852297878796,16-32,,,,FN
15377,15377.jpg,1,swimmer,,"[891, 384, 25, 27]",25.98076211353316,16-32,,,,FN
15377,15377.jpg,1,swimmer,,"[778, 431, 19, 15]",16.881943016134134,16-32,,,,FN
15378,15378.jpg,1,swimmer,,"[1158, 414, 27, 17]",21.42428528562855,16-32,,,,FN
15378,15378.jpg,1,swimmer,,"[892, 370, 21, 24]",22.44994432064365,16-32,,,,FN
15378,15378.jpg,1,swimmer,,"[768, 426, 17, 17]",17.0,16-32,,,,FN
15379,15379.jpg,1,swimmer,,"[887, 347, 25, 32]",28.284271247461902,16-32,,,,FN
15380,15380.jpg,1,swimmer,,"[1218, 354, 38, 20]",27.568097504180443,16-32,,,,FN
15380,15380.jpg,1,swimmer,,"[863, 276, 23, 40]",30.331501776206203,16-32,,,,FN
15380,15380.jpg,1,swimmer,,"[697, 371, 28, 22]",24.819347291981714,16-32,,,,FN
15380,15380.jpg,1,swimmer,,"[1252, 504, 35, 32]",33.46640106136302,32-64,,,,FN
15380,15380.jpg,1,swimmer,,"[760, 723, 39, 35]",36.945906403822335,32-64,,,,FN
15380,15380.jpg,1,swimmer,,"[483, 616, 27, 29]",27.982137159266443,16-32,,,,FN
15381,15381.jpg,1,swimmer,,"[1345, 237, 58, 31]",42.40283009422838,32-64,,,,FN
15381,15381.jpg,1,swimmer,,"[785, 108, 54, 87]",68.54195795277518,>64,,,,FN
15381,15381.jpg,1,swimmer,,"[539, 258, 78, 55]",65.49809157525127,>64,,,,FN
15381,15381.jpg,1,swimmer,,"[1581, 432, 88, 89]",88.49858755935034,>64,,,,FN
15381,15381.jpg,1,swimmer,,"[1400, 474, 48, 50]",48.98979485566356,32-64,,,,FN
15381,15381.jpg,1,swimmer,,"[237, 644, 31, 34]",32.46536616149585,32-64,,,,FN
15382,15382.jpg,1,swimmer,,"[791, 83, 48, 75]",60.0,32-64,,,,FN
15382,15382.jpg,1,swimmer,,"[539, 255, 80, 54]",65.72670690061993,>64,,,,FN
15382,15382.jpg,1,swimmer,,"[1607, 427, 68, 82]",74.67261881037788,>64,,,,FN
15382,15382.jpg,1,swimmer,,"[848, 740, 81, 70]",75.2994023880668,>64,,,,FN
15382,15382.jpg,1,swimmer,,"[246, 652, 33, 38]",35.41186241925155,32-64,,,,FN
15383,15383.jpg,1,swimmer,,"[787, 56, 42, 88]",60.794736614282655,32-64,,,,FN
15383,15383.jpg,1,swimmer,,"[524, 261, 77, 51]",62.66578013557319,32-64,,,,FN
15383,15383.jpg,1,swimmer,,"[1349, 330, 51, 36]",42.8485705712571,32-64,,,,FN
15383,15383.jpg,1,swimmer,,"[1606, 419, 62, 83]",71.73562573784382,>64,,,,FN
15383,15383.jpg,1,swimmer,,"[1423, 462, 56, 56]",56.0,32-64,,,,FN
15383,15383.jpg,1,swimmer,,"[236, 653, 36, 34]",34.9857113690718,32-64,,,,FN
15384,15384.jpg,1,swimmer,,"[690, 47, 51, 89]",67.3721010508059,>64,,,,FN
15384,15384.jpg,1,swimmer,,"[125, 638, 38, 42]",39.949968710876355,32-64,,,,FN
15385,15385.jpg,1,swimmer,,"[511, 19, 67, 98]",81.03085831953157,>64,,,,FN
15385,15385.jpg,1,swimmer,,"[259, 249, 75, 47]",59.371710435189584,32-64,,,,FN
15385,15385.jpg,1,swimmer,,"[1338, 377, 60, 75]",67.08203932499369,>64,,,,FN
15386,15386.jpg,1,swimmer,,"[129, 232, 74, 49]",60.21627686929839,32-64,,,,FN
15386,15386.jpg,1,swimmer,,"[942, 266, 47, 48]",47.49736834815167,32-64,,,,FN
15386,15386.jpg,1,swimmer,,"[1211, 345, 60, 71]",65.26867548832288,>64,,,,FN
15386,15386.jpg,1,swimmer,,"[396, 681, 65, 49]",56.43580423808985,32-64,,,,FN
15386,15386.jpg,1,swimmer,,"[148, 762, 94, 43]",63.57672530100933,32-64,,,,FN
15387,15387.jpg,1,swimmer,,"[87, 215, 76, 48]",60.398675482166,32-64,,,,FN
15387,15387.jpg,1,swimmer,,"[903, 255, 59, 44]",50.950956811427986,32-64,,,,FN
15387,15387.jpg,1,swimmer,,"[1009, 377, 65, 45]",54.08326913195984,32-64,,,,FN
15387,15387.jpg,1,swimmer,,"[91, 741, 115, 54]",78.80355321938218,>64,,,,FN
15388,15388.jpg,1,swimmer,,"[90, 214, 56, 45]",50.19960159204453,32-64,,,,FN
15388,15388.jpg,1,swimmer,,"[1189, 302, 63, 83]",72.3118247591637,>64,,,,FN
15388,15388.jpg,1,swimmer,,"[97, 736, 101, 52]",72.47068372797375,>64,,,,FN
15389,15389.jpg,1,swimmer,,"[93, 209, 57, 48]",52.306787322488084,32-64,,,,FN
15389,15389.jpg,1,swimmer,,"[899, 228, 54, 44]",48.744230427815765,32-64,,,,FN
15389,15389.jpg,1,swimmer,,"[364, 657, 43, 55]",48.63126566315131,32-64,,,,FN
15390,15390.jpg,1,swimmer,,"[95, 210, 35, 39]",36.945906403822335,32-64,,,,FN
15390,15390.jpg,1,swimmer,,"[900, 221, 63, 45]",53.24471804789655,32-64,,,,FN
15390,15390.jpg,1,swimmer,,"[1190, 280, 68, 86]",76.47221717722064,>64,,,,FN
15390,15390.jpg,1,swimmer,,"[101, 745, 95, 46]",66.10597552415364,>64,,,,FN
15391,15391.jpg,1,swimmer,,"[966, 175, 45, 44]",44.49719092257398,32-64,,,,FN
15391,15391.jpg,1,swimmer,,"[91, 222, 37, 38]",37.49666651850535,32-64,,,,FN
15391,15391.jpg,1,swimmer,,"[934, 241, 69, 48]",57.54997827975264,32-64,,,,FN
15391,15391.jpg,1,swimmer,,"[1253, 302, 65, 81]",72.56031973468694,>64,,,,FN
15391,15391.jpg,1,swimmer,,"[369, 695, 51, 57]",53.91660226683428,32-64,,,,FN
15391,15391.jpg,1,swimmer,,"[108, 789, 80, 46]",60.663003552412405,32-64,,,,FN
15392,15392.jpg,1,swimmer,,"[900, 24, 76, 59]",66.96267617113283,>64,,,,FN
15392,15392.jpg,1,swimmer,,"[1447, 127, 97, 127]",110.99099062536563,>64,,,,FN
15392,15392.jpg,1,swimmer,,"[1108, 235, 174, 94]",127.89057822998534,>64,,,,FN
15392,15392.jpg,3,jetski,,"[604, 308, 313, 502]",396.3912208916842,>64,,,,FN
15393,15393.jpg,1,swimmer,,"[1253, 99, 172, 140]",155.1773179301666,>64,,,,FN
15396,15396.jpg,3,jetski,,"[419, 207, 514, 742]",617.5661907844373,>64,,,,FN
15397,15397.jpg,3,jetski,,"[433, 171, 527, 747]",627.4304742359906,>64,,,,FN
15398,15398.jpg,1,swimmer,,"[1283, 33, 166, 154]",159.88746042138513,>64,,,,FN
15402,15402.jpg,1,swimmer,,"[1228, 168, 179, 217]",197.0862755241978,>64,,,,FN
15403,15403.jpg,3,jetski,,"[490, 469, 458, 611]",528.9971644536481,>64,,,,FN
15404,15404.jpg,1,swimmer,,"[1684, 87, 131, 262]",185.26197667087544,>64,,,,FN
15404,15404.jpg,3,jetski,,"[539, 534, 417, 546]",477.16035040644357,>64,,,,FN
15404,15404.jpg,1,swimmer,,"[728, 73, 215, 162]",186.6279721799495,>64,,,,FN
15405,15405.jpg,1,swimmer,,"[1646, 85, 143, 250]",189.07670401189037,>64,,,,FN
15405,15405.jpg,1,swimmer,,"[1162, 445, 168, 146]",156.61417560361514,>64,,,,FN
15405,15405.jpg,3,jetski,,"[528, 548, 413, 532]",468.7387331979298,>64,,,,FN
15405,15405.jpg,1,swimmer,,"[782, 105, 181, 146]",162.5607578722491,>64,,,,FN
15406,15406.jpg,1,swimmer,,"[1672, 70, 123, 233]",169.28969253915017,>64,,,,FN
15406,15406.jpg,1,swimmer,,"[1168, 435, 173, 143]",157.28636304524306,>64,,,,FN
15407,15407.jpg,1,swimmer,,"[1629, 59, 123, 228]",167.46342884343434,>64,,,,FN
15407,15407.jpg,1,swimmer,,"[1153, 460, 178, 161]",169.28673899629587,>64,,,,FN
15407,15407.jpg,3,jetski,,"[531, 592, 393, 488]",437.9315014930988,>64,,,,FN
15407,15407.jpg,1,swimmer,,"[705, 78, 210, 151]",178.07301873108122,>64,,,,FN
15408,15408.jpg,1,swimmer,,"[662, 209, 279, 151]",205.25350179716787,>64,,,,FN
15409,15409.jpg,1,swimmer,,"[1474, 250, 138, 227]",176.99152522084214,>64,,,,FN
15409,15409.jpg,1,swimmer,,"[1028, 762, 297, 218]",254.4523531036803,>64,,,,FN
15409,15409.jpg,1,swimmer,,"[592, 403, 220, 133]",171.0555465338672,>64,,,,FN
15410,15410.jpg,1,swimmer,,"[496, 667, 166, 166]",166.0,>64,,,,FN
15411,15411.jpg,1,swimmer,,"[1223, 775, 213, 305]",254.8823257897652,>64,,,,FN
15413,15413.jpg,1,swimmer,,"[162, 291, 71, 111]",88.77499647986475,>64,,,,FN
15414,15414.jpg,1,swimmer,,"[936, 724, 64, 72]",67.88225099390856,>64,,,,FN
15414,15414.jpg,1,swimmer,,"[872, 762, 37, 61]",47.50789408087881,32-64,,,,FN
15414,15414.jpg,1,swimmer,,"[859, 975, 41, 38]",39.4715087119811,32-64,,,,FN
15415,15415.jpg,1,swimmer,,"[917, 662, 24, 36]",29.393876913398138,16-32,,,,FN
15415,15415.jpg,1,swimmer,,"[633, 417, 51, 71]",60.174745533321534,32-64,,,,FN
15415,15415.jpg,1,swimmer,,"[865, 742, 27, 46]",35.24202037341219,32-64,,,,FN
15415,15415.jpg,1,swimmer,,"[901, 798, 30, 22]",25.69046515733026,16-32,,,,FN
15415,15415.jpg,1,swimmer,,"[402, 862, 35, 35]",35.0,32-64,,,,FN
15415,15415.jpg,1,swimmer,,"[522, 1057, 27, 19]",22.64950330581225,16-32,,,,FN
15977,15977.jpg,1,swimmer,,"[110, 2103, 75, 57]",65.3834841531101,>64,,,,FN
15978,15978.jpg,1,swimmer,,"[101, 2102, 55, 58]",56.480084985771754,32-64,,,,FN
15979,15979.jpg,1,swimmer,,"[89, 2092, 72, 68]",69.9714227381436,>64,,,,FN
15980,15980.jpg,1,swimmer,,"[87, 2100, 71, 60]",65.26867548832288,>64,,,,FN
15981,15981.jpg,1,swimmer,,"[70, 2099, 74, 61]",67.1863081289633,>64,,,,FN
15982,15982.jpg,1,swimmer,,"[71, 2089, 83, 71]",76.76587783644501,>64,,,,FN
15983,15983.jpg,1,swimmer,,"[69, 2094, 79, 66]",72.20803279414278,>64,,,,FN
16193,16193.jpg,1,swimmer,,"[2449, 415, 19, 19]",19.0,16-32,,,,FN
16193,16193.jpg,1,swimmer,,"[2270, 647, 20, 22]",20.97617696340303,16-32,,,,FN
16194,16194.jpg,1,swimmer,,"[2493, 467, 19, 18]",18.49324200890693,16-32,,,,FN
16194,16194.jpg,1,swimmer,,"[2316, 714, 17, 19]",17.97220075561143,16-32,,,,FN
16195,16195.jpg,1,swimmer,,"[2538, 528, 21, 20]",20.493901531919196,16-32,,,,FN
16195,16195.jpg,1,swimmer,,"[2360, 789, 21, 20]",20.493901531919196,16-32,,,,FN
16196,16196.jpg,1,swimmer,,"[2585, 590, 19, 20]",19.493588689617926,16-32,,,,FN
16196,16196.jpg,1,swimmer,,"[2409, 867, 22, 22]",22.0,16-32,,,,FN
16197,16197.jpg,1,swimmer,,"[2634, 517, 20, 20]",20.0,16-32,,,,FN
16198,16198.jpg,1,swimmer,,"[2685, 459, 23, 22]",22.494443758403985,16-32,,,,FN
16198,16198.jpg,1,swimmer,,"[2516, 772, 23, 24]",23.49468024894146,16-32,,,,FN
16200,16200.jpg,1,swimmer,,"[2759, 385, 23, 23]",23.0,16-32,,,,FN
16200,16200.jpg,1,swimmer,,"[2517, 550, 75, 56]",64.8074069840786,>64,,,,FN
16200,16200.jpg,1,swimmer,,"[2378, 498, 44, 38]",40.890096600521744,32-64,,,,FN
16201,16201.jpg,1,swimmer,,"[2720, 356, 23, 27]",24.919871588754223,16-32,,,,FN
16201,16201.jpg,1,swimmer,,"[2575, 750, 24, 23]",23.49468024894146,16-32,,,,FN
16201,16201.jpg,1,swimmer,,"[2492, 551, 64, 40]",50.59644256269407,32-64,,,,FN
16201,16201.jpg,1,swimmer,,"[2339, 486, 54, 53]",53.49766350038102,32-64,,,,FN
16202,16202.jpg,1,swimmer,,"[2630, 321, 21, 27]",23.811761799581316,16-32,,,,FN
16202,16202.jpg,1,swimmer,,"[2455, 723, 79, 46]",60.28266749240614,32-64,,,,FN
16202,16202.jpg,1,swimmer,,"[2441, 551, 39, 29]",33.63034344160047,32-64,,,,FN
16202,16202.jpg,1,swimmer,,"[2248, 480, 67, 54]",60.149812967290266,32-64,,,,FN
16203,16203.jpg,1,swimmer,,"[2531, 286, 24, 34]",28.5657137141714,16-32,,,,FN
16203,16203.jpg,1,swimmer,,"[2402, 721, 54, 54]",54.0,32-64,,,,FN
16203,16203.jpg,1,swimmer,,"[2361, 542, 39, 42]",40.47221268969612,32-64,,,,FN
16203,16203.jpg,1,swimmer,,"[2574, 663, 48, 41]",44.36214602563767,32-64,,,,FN
16203,16203.jpg,1,swimmer,,"[2160, 480, 44, 48]",45.95650117230423,32-64,,,,FN
16204,16204.jpg,1,swimmer,,"[2308, 536, 27, 35]",30.740852297878796,16-32,,,,FN
16204,16204.jpg,1,swimmer,,"[2534, 664, 46, 39]",42.35563716909474,32-64,,,,FN
16204,16204.jpg,1,swimmer,,"[2088, 487, 55, 53]",53.99073994677235,32-64,,,,FN
16205,16205.jpg,1,swimmer,,"[2345, 227, 52, 32]",40.792156108742276,32-64,,,,FN
16205,16205.jpg,1,swimmer,,"[2237, 528, 42, 33]",37.22902093797257,32-64,,,,FN
16206,16206.jpg,1,swimmer,,"[2260, 182, 56, 43]",49.07137658554119,32-64,,,,FN
16206,16206.jpg,1,swimmer,,"[2405, 621, 71, 63]",66.88049042882386,>64,,,,FN
16741,16741.jpg,1,swimmer,,"[2129, 832, 578, 247]",377.84388310517875,>64,,,,FN
16742,16742.jpg,1,swimmer,,"[2131, 773, 635, 286]",426.1572479730927,>64,,,,FN
16744,16744.jpg,1,swimmer,,"[1979, 766, 672, 309]",455.6841011051406,>64,,,,FN
16745,16745.jpg,1,swimmer,,"[2094, 714, 657, 329]",464.92257419918855,>64,,,,FN
16748,16748.jpg,1,swimmer,,"[2068, 762, 505, 232]",342.28642976314444,>64,,,,FN
16749,16749.jpg,1,swimmer,,"[2167, 739, 488, 215]",323.91356871857033,>64,,,,FN
16751,16751.jpg,1,swimmer,,"[2191, 667, 517, 322]",408.012254717919,>64,,,,FN
16753,16753.jpg,1,swimmer,,"[2145, 666, 678, 364]",496.78164217289674,>64,,,,FN
16754,16754.jpg,1,swimmer,,"[2038, 657, 837, 421]",593.6135106279169,>64,,,,FN
16755,16755.jpg,1,swimmer,,"[2114, 708, 893, 433]",621.8271464000265,>64,,,,FN
16756,16756.jpg,1,swimmer,,"[2163, 871, 775, 371]",536.2135768516124,>64,,,,FN
16759,16759.jpg,1,swimmer,,"[2349, 914, 519, 327]",411.9623769229418,>64,,,,FN
16760,16760.jpg,1,swimmer,,"[2186, 987, 566, 369]",457.00547042677726,>64,,,,FN
16763,16763.jpg,1,swimmer,,"[2206, 893, 554, 408]",475.428228021854,>64,,,,FN
16765,16765.jpg,1,swimmer,,"[2147, 812, 530, 538]",533.9850185164374,>64,,,,FN
16766,16766.jpg,1,swimmer,,"[2045, 659, 707, 536]",615.590773160222,>64,,,,FN
16768,16768.jpg,1,swimmer,,"[1991, 549, 613, 580]",596.2717501274062,>64,,,,FN
16769,16769.jpg,1,swimmer,,"[2019, 535, 653, 643]",647.9807095894137,>64,,,,FN
16770,16770.jpg,1,swimmer,,"[2071, 748, 569, 506]",536.5761828482513,>64,,,,FN
16772,16772.jpg,1,swimmer,,"[2047, 737, 546, 550]",547.9963503528103,>64,,,,FN
16773,16773.jpg,1,swimmer,,"[2101, 807, 529, 453]",489.52732303723354,>64,,,,FN
16774,16774.jpg,1,swimmer,,"[2058, 1016, 457, 377]",415.07710127155894,>64,,,,FN
16776,16776.jpg,1,swimmer,,"[2022, 929, 479, 331]",398.18211913645746,>64,,,,FN
16778,16778.jpg,1,swimmer,,"[2047, 761, 525, 404]",460.5431575867782,>64,,,,FN
16783,16783.jpg,1,swimmer,,"[1700, 0, 1144, 904]",1016.9444429269477,>64,,,,FN
16784,16784.jpg,1,swimmer,,"[1796, 36, 803, 856]",829.0765947727629,>64,,,,FN
16785,16785.jpg,1,swimmer,,"[1816, 84, 661, 1079]",844.5229422579354,>64,,,,FN
