image_id,file_name,category_id,category,score,bbox,edge_len,size_band,fp_type,best_iou,confused_with,error_kind
510,510.jpg,2,boat,0.26427,"[0.0, 144.63, 117.32, 181.79]",146.03973021065192,>64,localization,0.4388679265975952,boat,FP
595,595.jpg,5,buoy,0.35451,"[624.35, 513.75, 72.85, 55.6]",63.643224305498535,32-64,class_confusion,0.9069534540176392,boat,FP
1003,1003.jpg,5,buoy,0.30504,"[3648.63, 41.14, 73.42, 161.66]",108.94529452895155,>64,class_confusion,0.8061926960945129,boat,FP
1032,1032.jpg,5,buoy,0.26487,"[1143.39, 3129.65, 93.03, 121.55]",106.33812345532527,>64,class_confusion,0.9067463874816895,boat,FP
1032,1032.jpg,5,buoy,0.26028,"[1012.71, 3366.86, 90.72, 121.11]",104.81936462314586,>64,class_confusion,0.8680912256240845,boat,FP
1036,1036.jpg,5,buoy,0.29009,"[786.74, 435.67, 104.16, 135.13]",118.63869857681345,>64,class_confusion,0.9205129146575928,boat,FP
1073,1073.jpg,5,buoy,0.28711,"[3698.32, 544.2, 89.52, 137.23]",110.83695051741545,>64,class_confusion,0.9063724279403687,boat,FP
1073,1073.jpg,5,buoy,0.25464,"[4266.36, 532.7, 24.72, 29.55]",27.027319511930887,16-32,class_confusion,0.5202087759971619,swimmer,FP
1096,1096.jpg,2,boat,0.60135,"[2564.93, 2648.69, 162.19, 120.29]",139.677611305463,>64,localization,0.40085166692733765,boat,FP
1096,1096.jpg,5,buoy,0.33759,"[2949.53, 3336.81, 77.81, 123.47]",98.01632874169486,>64,class_confusion,0.8282330632209778,boat,FP
1096,1096.jpg,5,buoy,0.33513,"[2425.73, 3348.42, 26.19, 32.44]",29.14796047753599,16-32,class_confusion,0.7835147380828857,swimmer,FP
1109,1109.jpg,2,boat,0.3395,"[3759.29, 733.74, 162.51, 136.52]",148.94920342183775,>64,localization,0.40890899300575256,boat,FP
1123,1123.jpg,5,buoy,0.33803,"[3288.18, 1940.13, 194.86, 165.16]",179.39642582838712,>64,background,0.30817437171936035,,FP
1125,1125.jpg,3,jetski,0.29761,"[3069.73, 629.41, 216.68, 148.82]",179.57259701858743,>64,background,0.29201585054397583,,FP
1560,1560.jpg,5,buoy,0.43023,"[4506.05, 1426.65, 149.89, 172.5]",160.79808767519594,>64,class_confusion,0.9070227146148682,boat,FP
1724,1724.jpg,5,buoy,0.2654,"[2474.37, 1299.24, 65.74, 116.56]",87.5365889214333,>64,class_confusion,0.878476619720459,boat,FP
1765,1765.jpg,5,buoy,0.44514,"[1326.96, 134.39, 49.81, 116.19]",76.07512011163702,>64,class_confusion,0.8917678594589233,boat,FP
1765,1765.jpg,5,buoy,0.31298,"[1398.34, 268.35, 43.28, 114.84]",70.50017872317771,>64,class_confusion,0.9171019792556763,boat,FP
1765,1765.jpg,5,buoy,0.2687,"[1585.76, 555.37, 20.72, 26.73]",23.533924449611035,16-32,class_confusion,0.7366674542427063,swimmer,FP
1786,1786.jpg,5,buoy,0.35628,"[946.82, 4158.75, 96.84, 72.52]",83.80236750832282,>64,class_confusion,0.9037162065505981,boat,FP
1786,1786.jpg,5,buoy,0.29261,"[1758.15, 3593.69, 32.42, 40.87]",36.40062362103155,32-64,background,0.2150934934616089,,FP
1786,1786.jpg,5,buoy,0.25701,"[2090.89, 3868.34, 48.43, 125.48]",77.95509220057404,>64,class_confusion,0.7810935974121094,boat,FP
1824,1824.jpg,5,buoy,0.40706,"[4938.61, 522.82, 28.62, 31.69]",30.115906096280753,16-32,class_confusion,0.7144129872322083,swimmer,FP
1824,1824.jpg,5,buoy,0.28216,"[4678.34, 1013.59, 71.99, 106.52]",87.56925716254534,>64,class_confusion,0.8034296631813049,boat,FP
1835,1835.jpg,5,buoy,0.33323,"[3313.65, 477.86, 64.25, 100.18]",80.22820576330996,>64,class_confusion,0.9054288268089294,boat,FP
1871,1871.jpg,5,buoy,0.33655,"[1907.74, 1209.93, 25.03, 33.2]",28.82700123148435,16-32,class_confusion,0.6122242212295532,swimmer,FP
1910,1910.jpg,5,buoy,0.3692,"[1750.28, 1500.22, 65.18, 93.57]",78.0954070352412,>64,class_confusion,0.8842176198959351,boat,FP
1911,1911.jpg,5,buoy,0.3643,"[1843.45, 1137.71, 60.22, 100.52]",77.80304878345063,>64,class_confusion,0.8295561671257019,boat,FP
1915,1915.jpg,5,buoy,0.31664,"[3927.18, 2793.42, 62.98, 92.07]",76.14833287735195,>64,class_confusion,0.9139077663421631,boat,FP
1931,1931.jpg,5,buoy,0.25499,"[2651.03, 1152.84, 70.52, 83.03]",76.51977260813051,>64,class_confusion,0.9068077802658081,boat,FP
1944,1944.jpg,5,buoy,0.4396,"[2381.6, 2169.44, 72.68, 86.03]",79.07376556102537,>64,class_confusion,0.8755761384963989,boat,FP
1975,1975.jpg,5,buoy,0.49241,"[3007.65, 436.4, 45.39, 94.38]",65.45157140970719,>64,class_confusion,0.9050647616386414,boat,FP
1975,1975.jpg,5,buoy,0.29495,"[2198.78, 276.3, 71.77, 90.74]",80.69950309636361,>64,class_confusion,0.8899931907653809,boat,FP
1990,1990.jpg,5,buoy,0.45444,"[3548.03, 2442.42, 68.47, 83.09]",75.42660207115259,>64,class_confusion,0.9425461292266846,boat,FP
2049,2049.jpg,5,buoy,0.41317,"[1532.13, 1697.19, 53.94, 91.13]",70.11099913708262,>64,class_confusion,0.8733906149864197,boat,FP
2058,2058.jpg,5,buoy,0.26976,"[3451.25, 1985.71, 51.16, 94.09]",69.38043239992095,>64,class_confusion,0.918007493019104,boat,FP
2060,2060.jpg,5,buoy,0.25641,"[3399.54, 1387.1, 50.1, 91.9]",67.85418189028589,>64,class_confusion,0.8986359238624573,boat,FP
2070,2070.jpg,5,buoy,0.39954,"[1289.24, 2800.64, 60.72, 90.23]",74.01868412772548,>64,class_confusion,0.8696694374084473,boat,FP
2078,2078.jpg,5,buoy,0.27726,"[2032.77, 2656.85, 54.5, 86.08]",68.49350334155787,>64,class_confusion,0.9077887535095215,boat,FP
2109,2109.jpg,5,buoy,0.28224,"[4723.48, 271.73, 57.42, 90.41]",72.05096945912665,>64,class_confusion,0.8850474953651428,boat,FP
2109,2109.jpg,2,boat,0.25311,"[4510.98, 472.58, 156.09, 117.8]",135.6001548671682,>64,localization,0.2870328724384308,boat,FP
2110,2110.jpg,2,boat,0.25662,"[4451.34, 180.26, 153.6, 119.01]",135.20331356886192,>64,localization,0.28162020444869995,boat,FP
2160,2160.jpg,5,buoy,0.35349,"[2699.51, 2220.2, 41.15, 94.04]",62.20728253187082,32-64,class_confusion,0.8222761750221252,boat,FP
2198,2198.jpg,5,buoy,0.29317,"[3094.58, 2394.33, 39.93, 88.57]",59.46932066200185,32-64,class_confusion,0.8828670978546143,boat,FP
2211,2211.jpg,5,buoy,0.46387,"[2336.61, 1909.78, 43.39, 83.55]",60.20992027897064,32-64,class_confusion,0.8968030214309692,boat,FP
2211,2211.jpg,5,buoy,0.31542,"[2207.25, 2331.85, 43.71, 82.34]",59.99234451161248,32-64,class_confusion,0.8177648186683655,boat,FP
2211,2211.jpg,5,buoy,0.26731,"[2058.33, 2373.73, 29.95, 28.82]",29.379567729971793,16-32,class_confusion,0.705798864364624,swimmer,FP
2228,2228.jpg,5,buoy,0.26671,"[3987.39, 1470.57, 41.29, 89.59]",60.820811405307644,32-64,class_confusion,0.8954043984413147,boat,FP
2228,2228.jpg,5,buoy,0.25782,"[4085.01, 1041.2, 55.25, 83.65]",67.98281032731731,>64,class_confusion,0.9464127421379089,boat,FP
2231,2231.jpg,5,buoy,0.41562,"[3644.88, 711.4, 41.36, 87.11]",60.02390856983574,32-64,class_confusion,0.9337058067321777,boat,FP
2231,2231.jpg,5,buoy,0.29427,"[3744.04, 292.82, 54.86, 86.31]",68.81109358235778,>64,class_confusion,0.8485804200172424,boat,FP
2234,2234.jpg,5,buoy,0.25581,"[1294.44, 2671.87, 55.56, 81.91]",67.46050400048905,>64,class_confusion,0.9595101475715637,boat,FP
2241,2241.jpg,5,buoy,0.30904,"[1203.8, 97.94, 55.29, 90.35]",70.67850804876967,>64,class_confusion,0.7739920616149902,boat,FP
2241,2241.jpg,5,buoy,0.27077,"[1054.86, 520.14, 55.23, 84.17]",68.18144248987403,>64,class_confusion,0.8694576025009155,boat,FP
2276,2276.jpg,5,buoy,0.49778,"[1435.75, 2748.5, 51.25, 81.22]",64.51763324859336,>64,class_confusion,0.8355505466461182,boat,FP
2360,2360.jpg,5,buoy,0.33689,"[2689.85, 355.87, 22.67, 43.22]",31.301715607934337,16-32,background,0.38273221254348755,,FP
2366,2366.jpg,5,buoy,0.50911,"[851.89, 3007.55, 58.26, 77.61]",67.2425356452298,>64,class_confusion,0.8165326118469238,boat,FP
2398,2398.jpg,5,buoy,0.27597,"[2027.82, 1549.65, 62.54, 73.99]",68.02451469874666,>64,class_confusion,0.7686790823936462,boat,FP
2428,2428.jpg,5,buoy,0.54225,"[2755.45, 3314.62, 38.01, 73.51]",52.85938989432247,32-64,class_confusion,0.8867679238319397,boat,FP
2453,2453.jpg,5,buoy,0.43288,"[3273.37, 2730.17, 34.55, 70.98]",49.521298448243456,32-64,class_confusion,0.8076966404914856,boat,FP
2453,2453.jpg,5,buoy,0.39491,"[3547.46, 2268.84, 44.41, 66.87]",54.49492361679205,32-64,class_confusion,0.9098331332206726,boat,FP
2459,2459.jpg,5,buoy,0.51311,"[3567.1, 1575.31, 44.44, 73.11]",57.0000736841629,32-64,class_confusion,0.9551380276679993,boat,FP
2486,2486.jpg,5,buoy,0.4723,"[2392.63, 3163.7, 31.37, 67.37]",45.971696727443074,32-64,class_confusion,0.8676462173461914,boat,FP
2486,2486.jpg,5,buoy,0.29154,"[1969.61, 2625.47, 58.08, 68.32]",62.99226619196995,32-64,class_confusion,0.8937495350837708,boat,FP
2488,2488.jpg,5,buoy,0.38507,"[2930.83, 2667.58, 34.71, 77.02]",51.70458587011407,32-64,class_confusion,0.8341535925865173,boat,FP
2497,2497.jpg,2,boat,0.70162,"[1716.59, 5180.96, 216.75, 156.59]",184.23051457345497,>64,background,0.0,,FP
2684,2684.jpg,2,boat,0.27229,"[1889.56, 4632.32, 496.83, 382.69]",436.04113647682374,>64,localization,0.4958452880382538,boat,FP
3001,3001.jpg,5,buoy,0.37012,"[4811.61, 1954.46, 31.57, 42.56]",36.65541160592799,32-64,class_confusion,0.8931102156639099,life_saving_appliances,FP
3012,3012.jpg,2,boat,0.28739,"[5196.85, 175.42, 221.42, 71.15]",125.51507080824996,>64,class_confusion,0.9429611563682556,jetski,FP
3060,3060.jpg,2,boat,0.34126,"[768.6, 431.88, 506.5, 556.52]",530.9212559316118,>64,duplicate,0.8718540072441101,boat,FP
3102,3102.jpg,5,buoy,0.305,"[3748.66, 1544.92, 178.59, 183.84]",181.19598671052293,>64,class_confusion,0.7898198962211609,boat,FP
3220,3220.jpg,3,jetski,0.31096,"[2026.7, 2718.92, 348.67, 373.03]",360.64438176685906,>64,class_confusion,0.9597721695899963,boat,FP
3304,3304.jpg,2,boat,0.48764,"[3467.53, 1918.47, 163.73, 117.04]",138.43034060494108,>64,class_confusion,0.9507510662078857,jetski,FP
3318,3318.jpg,3,jetski,0.25324,"[2956.46, 378.34, 220.68, 699.43]",392.87429592682696,>64,class_confusion,0.9605700373649597,boat,FP
3466,3466.jpg,2,boat,0.38656,"[0.03, 603.88, 117.77, 87.57]",101.55352726518169,>64,localization,0.3956789970397949,boat,FP
3467,3467.jpg,2,boat,0.60627,"[128.69, 633.76, 190.54, 75.67]",120.07565032095391,>64,localization,0.469826877117157,boat,FP
3468,3468.jpg,2,boat,0.48823,"[330.23, 648.12, 181.09, 72.51]",114.58985949899757,>64,localization,0.47904181480407715,boat,FP
3469,3469.jpg,2,boat,0.70849,"[523.81, 657.96, 171.88, 75.62]",114.00686645987601,>64,localization,0.42123284935951233,boat,FP
3470,3470.jpg,2,boat,0.57591,"[702.46, 665.57, 163.07, 71.6]",108.05467134742486,>64,localization,0.4241761565208435,boat,FP
3471,3471.jpg,2,boat,0.6265,"[826.29, 681.33, 160.23, 74.71]",109.41107485076635,>64,localization,0.4114806652069092,boat,FP
3472,3472.jpg,2,boat,0.43949,"[888.36, 699.77, 154.56, 64.52]",99.86095933847221,>64,localization,0.4529891014099121,boat,FP
3473,3473.jpg,2,boat,0.54663,"[914.79, 704.83, 155.6, 68.57]",103.29323307942296,>64,localization,0.4608222246170044,boat,FP
3474,3474.jpg,2,boat,0.64826,"[973.09, 704.9, 153.06, 67.99]",102.01249629334633,>64,localization,0.47369256615638733,boat,FP
3475,3475.jpg,2,boat,0.59925,"[1049.11, 685.07, 157.29, 65.88]",101.7952120681518,>64,localization,0.4830918312072754,boat,FP
3476,3476.jpg,2,boat,0.54289,"[1135.24, 674.59, 154.75, 65.38]",100.58605768196703,>64,localization,0.46243816614151,boat,FP
3477,3477.jpg,2,boat,0.62124,"[1222.63, 664.42, 155.66, 67.92]",102.82230886339792,>64,localization,0.4700900614261627,boat,FP
3478,3478.jpg,2,boat,0.61659,"[1310.0, 646.93, 155.95, 66.87]",102.11942273632377,>64,localization,0.4795030653476715,boat,FP
3479,3479.jpg,2,boat,0.53074,"[1394.11, 626.54, 158.58, 70.8]",105.9597281989719,>64,localization,0.47388285398483276,boat,FP
3480,3480.jpg,2,boat,0.60118,"[1479.25, 608.88, 157.07, 70.65]",105.34227783753302,>64,localization,0.46983057260513306,boat,FP
3481,3481.jpg,2,boat,0.63174,"[1560.01, 586.3, 159.51, 71.92]",107.10723224880755,>64,localization,0.4638259708881378,boat,FP
3482,3482.jpg,2,boat,0.60671,"[1643.08, 564.57, 158.09, 73.03]",107.4491167948811,>64,localization,0.42713597416877747,boat,FP
3483,3483.jpg,2,boat,0.56075,"[1721.23, 548.65, 160.35, 70.28]",106.1574208428219,>64,localization,0.4419094920158386,boat,FP
3484,3484.jpg,2,boat,0.59021,"[1798.86, 533.88, 165.19, 69.42]",107.08636607897384,>64,localization,0.4733577370643616,boat,FP
3485,3485.jpg,2,boat,0.61992,"[1881.31, 514.69, 161.73, 74.37]",109.67160115544954,>64,localization,0.44892898201942444,boat,FP
3486,3486.jpg,2,boat,0.68432,"[1957.57, 502.73, 164.63, 69.44]",106.92009726894192,>64,localization,0.49241742491722107,boat,FP
3487,3487.jpg,2,boat,0.66754,"[2034.09, 486.15, 167.09, 74.31]",111.4291609050342,>64,localization,0.45103105902671814,boat,FP
3488,3488.jpg,2,boat,0.66193,"[2111.88, 465.49, 169.93, 76.35]",113.9041504950544,>64,localization,0.4717426300048828,boat,FP
3489,3489.jpg,2,boat,0.71814,"[2187.69, 445.49, 172.99, 80.41]",117.94119678890833,>64,localization,0.435397744178772,boat,FP
3490,3490.jpg,2,boat,0.6298,"[2265.55, 431.15, 173.63, 80.97]",118.56989963730256,>64,localization,0.4366258382797241,boat,FP
3491,3491.jpg,2,boat,0.72229,"[2346.04, 411.06, 177.67, 81.76]",120.52509780124636,>64,localization,0.4595690369606018,boat,FP
3492,3492.jpg,2,boat,0.70279,"[2413.7, 399.79, 179.51, 81.25]",120.76914962025691,>64,localization,0.46347805857658386,boat,FP
3493,3493.jpg,2,boat,0.67994,"[2488.07, 389.98, 180.98, 78.06]",118.8583139708788,>64,localization,0.4803192913532257,boat,FP
3495,3495.jpg,2,boat,0.70545,"[2640.86, 355.45, 188.89, 85.91]",127.38736161801923,>64,localization,0.484979510307312,boat,FP
3496,3496.jpg,2,boat,0.68911,"[2716.37, 343.0, 192.82, 83.68]",127.02431893145501,>64,localization,0.4991258382797241,boat,FP
3497,3497.jpg,2,boat,0.66542,"[2793.42, 329.14, 196.7, 87.39]",131.10916443940903,>64,localization,0.48822733759880066,boat,FP
3505,3505.jpg,2,boat,0.28561,"[3073.52, 42.31, 86.41, 24.11]",45.643675355957036,32-64,background,0.0,,FP
3509,3509.jpg,2,boat,0.27265,"[3668.21, 66.09, 90.64, 28.17]",50.53047397363298,32-64,background,0.0,,FP
3520,3520.jpg,2,boat,0.56124,"[3191.52, 236.92, 45.31, 25.39]",33.91785517983117,32-64,localization,0.48867467045783997,boat,FP
3521,3521.jpg,2,boat,0.64165,"[3023.67, 186.43, 44.14, 28.07]",35.1995710201133,32-64,localization,0.4438976049423218,boat,FP
3521,3521.jpg,2,boat,0.39406,"[706.79, 155.01, 39.62, 37.14]",38.35996350363227,32-64,localization,0.3716747760772705,boat,FP
3522,3522.jpg,2,boat,0.53709,"[501.47, 97.0, 42.94, 41.76]",42.34589000127403,32-64,localization,0.41458362340927124,boat,FP
3523,3523.jpg,2,boat,0.26865,"[3775.21, 290.59, 64.49, 57.6]",60.9477152976221,32-64,background,0.0,,FP
3716,3716.jpg,2,boat,0.29164,"[3139.14, 217.52, 109.67, 33.75]",60.83882395313046,32-64,localization,0.4936572015285492,boat,FP
3718,3718.jpg,2,boat,0.47485,"[3198.74, 207.01, 112.88, 43.14]",69.78282883346017,>64,duplicate,0.6261418461799622,boat,FP
4237,4237.jpg,2,boat,0.54873,"[2251.15, 46.56, 148.04, 29.58]",66.17418832142937,>64,background,0.0,,FP
4238,4238.jpg,2,boat,0.48541,"[2265.3, 45.64, 145.82, 29.0]",65.02907042238878,>64,background,0.0,,FP
4239,4239.jpg,2,boat,0.52885,"[2278.67, 45.58, 144.69, 28.51]",64.22703402773632,>64,background,0.0,,FP
4240,4240.jpg,2,boat,0.45623,"[2287.79, 46.53, 148.58, 29.74]",66.47382341944835,>64,background,0.0,,FP
4241,4241.jpg,2,boat,0.42966,"[2300.57, 47.55, 147.96, 28.54]",64.98290852216451,>64,background,0.0,,FP
4242,4242.jpg,2,boat,0.46644,"[2315.4, 46.76, 145.36, 30.2]",66.25610915228874,>64,background,0.0,,FP
4243,4243.jpg,2,boat,0.44817,"[2327.27, 46.69, 145.14, 29.48]",65.41198055402388,>64,background,0.0,,FP
4436,4436.jpg,2,boat,0.69497,"[3221.72, 702.27, 54.64, 50.75]",52.65909228234,32-64,localization,0.4939914047718048,boat,FP
4437,4437.jpg,2,boat,0.41337,"[3416.81, 874.52, 110.73, 55.31]",78.25903334440056,>64,duplicate,0.8624969720840454,boat,FP
4437,4437.jpg,2,boat,0.25737,"[2524.82, 755.22, 132.89, 32.93]",66.15185333760499,>64,duplicate,0.9494534730911255,boat,FP
4438,4438.jpg,2,boat,0.31088,"[3448.2, 881.95, 113.36, 55.62]",79.40455402557211,>64,duplicate,0.9022287130355835,boat,FP
4438,4438.jpg,2,boat,0.25784,"[2396.21, 1030.17, 166.19, 36.99]",78.40515352959906,>64,localization,0.44742199778556824,boat,FP
4439,4439.jpg,2,boat,0.33538,"[2581.73, 755.87, 133.19, 37.96]",71.10479871288575,>64,duplicate,0.7147958278656006,boat,FP
4439,4439.jpg,2,boat,0.26049,"[2346.64, 1045.91, 188.32, 35.82]",82.131738079746,>64,localization,0.4921261668205261,boat,FP
4440,4440.jpg,2,boat,0.33307,"[2611.7, 768.78, 135.32, 28.02]",61.57650850770933,32-64,duplicate,0.7683230042457581,boat,FP
4441,4441.jpg,2,boat,0.36373,"[2642.99, 759.38, 139.61, 43.29]",77.74134614219129,>64,duplicate,0.8049682378768921,boat,FP
4442,4442.jpg,2,boat,0.45465,"[2678.87, 763.85, 135.33, 39.79]",73.38106499635992,>64,duplicate,0.7395702600479126,boat,FP
4442,4442.jpg,2,boat,0.26665,"[3237.26, 296.45, 29.32, 38.43]",33.567359145455576,32-64,background,0.0,,FP
4482,4482.jpg,2,boat,0.69624,"[3059.99, 1324.07, 210.52, 136.69]",169.63483958196795,>64,class_confusion,0.8552904725074768,swimmer,FP
4483,4483.jpg,2,boat,0.59149,"[3101.16, 1445.17, 214.25, 129.92]",166.83932390177083,>64,class_confusion,0.8078528046607971,swimmer,FP
4484,4484.jpg,5,buoy,0.57456,"[3114.66, 1437.44, 219.45, 152.8]",183.11733943021343,>64,class_confusion,0.8558980226516724,swimmer,FP
4484,4484.jpg,2,boat,0.56958,"[3114.02, 1439.03, 221.17, 152.12]",183.4240453157655,>64,class_confusion,0.8711665272712708,swimmer,FP
4485,4485.jpg,2,boat,0.68315,"[3165.34, 1487.79, 209.73, 152.17]",178.6466179360807,>64,class_confusion,0.6592873930931091,swimmer,FP
4897,4897.jpg,5,buoy,0.33155,"[2065.85, 782.92, 77.09, 103.08]",89.14279107140409,>64,localization,0.3725850582122803,buoy,FP
4907,4907.jpg,2,boat,0.2812,"[1443.68, 800.39, 76.57, 100.03]",87.5174102679004,>64,class_confusion,0.7906437516212463,buoy,FP
4908,4908.jpg,2,boat,0.34793,"[1307.5, 796.76, 79.7, 107.63]",92.61809218505853,>64,class_confusion,0.8198986649513245,buoy,FP
4909,4909.jpg,2,boat,0.31733,"[1350.24, 783.17, 78.71, 104.51]",90.69720006703625,>64,class_confusion,0.6056888699531555,buoy,FP
4911,4911.jpg,2,boat,0.28325,"[1531.15, 750.68, 76.67, 108.73]",91.30349993291605,>64,class_confusion,0.851267397403717,buoy,FP
4912,4912.jpg,2,boat,0.30012,"[1625.31, 747.18, 76.6, 105.06]",89.7083942560561,>64,class_confusion,0.8664422631263733,buoy,FP
4913,4913.jpg,2,boat,0.34616,"[1729.5, 740.4, 76.04, 113.54]",92.91706839972944,>64,class_confusion,0.8158148527145386,buoy,FP
4914,4914.jpg,2,boat,0.2873,"[1876.87, 744.3, 73.87, 107.96]",89.30288461186458,>64,class_confusion,0.7845543622970581,buoy,FP
4923,4923.jpg,2,boat,0.52758,"[2004.84, 706.27, 76.81, 123.46]",97.38050420900478,>64,class_confusion,0.829992413520813,buoy,FP
4924,4924.jpg,2,boat,0.35101,"[2083.44, 715.0, 73.45, 106.18]",88.31149981740771,>64,class_confusion,0.9284416437149048,buoy,FP
5148,5148.jpg,5,buoy,0.25111,"[1954.98, 1921.51, 34.94, 38.67]",36.75771755699747,32-64,background,0.0267021544277668,,FP
5152,5152.jpg,2,boat,0.29821,"[2639.47, 929.43, 58.77, 50.39]",54.41893328612754,32-64,class_confusion,0.8309270143508911,swimmer,FP
5543,5543.jpg,2,boat,0.37442,"[1449.73, 662.48, 67.09, 31.87]",46.24022383163818,32-64,background,0.1889004111289978,,FP
5543,5543.jpg,2,boat,0.35488,"[2104.06, 621.8, 76.02, 34.47]",51.18993455748893,32-64,background,0.1865665465593338,,FP
5543,5543.jpg,5,buoy,0.26246,"[1637.94, 745.45, 44.89, 30.97]",37.28596652897709,32-64,background,0.12760207056999207,,FP
5544,5544.jpg,5,buoy,0.49768,"[1720.67, 725.15, 30.14, 33.76]",31.898689628259024,16-32,background,0.2623995244503021,,FP
5544,5544.jpg,2,boat,0.42027,"[2160.24, 593.88, 90.7, 37.78]",58.53756059146982,32-64,class_confusion,0.7380032539367676,swimmer,FP
5545,5545.jpg,2,boat,0.47614,"[2017.63, 630.06, 107.27, 27.04]",53.8570403939912,32-64,class_confusion,0.6837082505226135,swimmer,FP
5545,5545.jpg,2,boat,0.39309,"[2334.05, 568.35, 87.74, 31.29]",52.39641781648818,32-64,class_confusion,0.7506762146949768,swimmer,FP
5546,5546.jpg,2,boat,0.33953,"[2456.32, 547.86, 68.29, 33.53]",47.85147542134934,32-64,class_confusion,0.7234020829200745,swimmer,FP
5546,5546.jpg,5,buoy,0.29569,"[2022.67, 676.79, 35.25, 30.8]",32.94996206371109,32-64,background,0.41878098249435425,,FP
5547,5547.jpg,2,boat,0.62045,"[2519.75, 540.37, 86.95, 39.13]",58.329696553299506,32-64,class_confusion,0.9067352414131165,swimmer,FP
5547,5547.jpg,5,buoy,0.32745,"[2093.55, 671.6, 33.83, 31.34]",32.56120698008598,32-64,background,0.476505309343338,,FP
5548,5548.jpg,2,boat,0.57065,"[2252.39, 597.78, 76.61, 32.41]",49.82900861947787,32-64,class_confusion,0.871803879737854,swimmer,FP
5548,5548.jpg,2,boat,0.2563,"[2548.44, 540.32, 77.68, 34.81]",52.00039230621246,32-64,class_confusion,0.8862022757530212,swimmer,FP
5548,5548.jpg,5,buoy,0.2516,"[2116.28, 673.84, 36.01, 28.0]",31.753425012114835,16-32,class_confusion,0.5957590341567993,swimmer,FP
5549,5549.jpg,5,buoy,0.37185,"[2116.04, 676.44, 33.29, 26.25]",29.56116540327867,16-32,class_confusion,0.6747986078262329,swimmer,FP
5549,5549.jpg,2,boat,0.33565,"[2254.09, 599.72, 89.19, 29.68]",51.45055101745753,32-64,class_confusion,0.9144892692565918,swimmer,FP
5550,5550.jpg,5,buoy,0.29895,"[2113.89, 677.5, 38.29, 27.75]",32.59674063460947,32-64,class_confusion,0.7547897696495056,swimmer,FP
5551,5551.jpg,2,boat,0.31328,"[2256.92, 595.84, 78.86, 35.33]",52.783745604115666,32-64,class_confusion,0.9409523010253906,swimmer,FP
5551,5551.jpg,5,buoy,0.26583,"[2112.72, 675.26, 36.8, 35.41]",36.09831020975912,32-64,class_confusion,0.8510882258415222,swimmer,FP
5554,5554.jpg,2,boat,0.29489,"[2258.59, 586.85, 80.33, 38.4]",55.539823550313876,32-64,class_confusion,0.847197413444519,swimmer,FP
5554,5554.jpg,2,boat,0.25175,"[1916.6, 604.18, 64.82, 35.93]",48.259533773131295,32-64,class_confusion,0.8178927898406982,swimmer,FP
5556,5556.jpg,5,buoy,0.43273,"[2124.38, 675.35, 37.4, 29.0]",32.93326585688094,32-64,class_confusion,0.782535970211029,swimmer,FP
5556,5556.jpg,2,boat,0.25082,"[2593.31, 527.48, 85.63, 42.23]",60.13447347403983,32-64,class_confusion,0.8412250280380249,swimmer,FP
5557,5557.jpg,2,boat,0.44269,"[1926.57, 600.55, 62.69, 33.94]",46.12698342618992,32-64,class_confusion,0.7084594964981079,swimmer,FP
5557,5557.jpg,5,buoy,0.34686,"[2125.74, 677.81, 39.56, 25.21]",31.58017732692456,16-32,class_confusion,0.7420473694801331,swimmer,FP
5558,5558.jpg,2,boat,0.3396,"[1935.38, 600.27, 59.86, 33.42]",44.72718636355299,32-64,background,0.46127963066101074,,FP
5560,5560.jpg,2,boat,0.27036,"[1928.71, 600.6, 63.26, 35.68]",47.509123334365995,32-64,class_confusion,0.8401217460632324,swimmer,FP
5561,5561.jpg,5,buoy,0.40885,"[2122.92, 675.36, 34.6, 28.89]",31.61635652632985,16-32,class_confusion,0.5032802820205688,swimmer,FP
5561,5561.jpg,2,boat,0.32723,"[1927.29, 601.29, 67.91, 32.49]",46.972288639154044,32-64,class_confusion,0.5714786052703857,swimmer,FP
5561,5561.jpg,5,buoy,0.31346,"[2524.46, 889.13, 35.98, 51.25]",42.94153001466063,32-64,class_confusion,0.7305528521537781,swimmer,FP
5562,5562.jpg,5,buoy,0.44563,"[2522.11, 891.74, 40.09, 49.32]",44.46615342032634,32-64,class_confusion,0.8086597919464111,swimmer,FP
5562,5562.jpg,2,boat,0.32052,"[1941.28, 600.13, 52.95, 36.83]",44.16048573102429,32-64,background,0.4782465696334839,,FP
5562,5562.jpg,2,boat,0.31929,"[2277.28, 577.98, 68.73, 37.98]",51.09173514375882,32-64,class_confusion,0.9560063481330872,swimmer,FP
5562,5562.jpg,5,buoy,0.27805,"[2126.49, 675.38, 30.72, 28.66]",29.672128336201297,16-32,background,0.4076078534126282,,FP
5563,5563.jpg,5,buoy,0.42965,"[2517.65, 888.59, 36.14, 58.02]",45.79129611618348,32-64,class_confusion,0.864159345626831,swimmer,FP
5563,5563.jpg,2,boat,0.34834,"[2275.39, 576.8, 83.73, 42.15]",59.407234407940585,32-64,class_confusion,0.9125710129737854,swimmer,FP
5563,5563.jpg,2,boat,0.27781,"[1921.59, 598.74, 63.02, 42.93]",52.01392698114612,32-64,class_confusion,0.8083961009979248,swimmer,FP
5564,5564.jpg,5,buoy,0.56339,"[2512.02, 895.57, 39.1, 54.71]",46.25106485260637,32-64,class_confusion,0.9227908849716187,swimmer,FP
5564,5564.jpg,2,boat,0.26347,"[2301.85, 576.68, 46.33, 35.38]",40.486484164471484,32-64,class_confusion,0.5436683893203735,swimmer,FP
5565,5565.jpg,2,boat,0.38136,"[1945.86, 608.13, 52.5, 25.45]",36.55304364892204,32-64,background,0.3798748254776001,,FP
5565,5565.jpg,2,boat,0.33119,"[2302.05, 576.45, 49.39, 30.06]",38.53133010940577,32-64,background,0.4494052231311798,,FP
5565,5565.jpg,2,boat,0.26053,"[2096.04, 676.8, 76.26, 32.34]",49.66133707422707,32-64,class_confusion,0.9250708222389221,swimmer,FP
5565,5565.jpg,2,boat,0.26002,"[2291.06, 576.7, 61.87, 43.24]",51.72290401746599,32-64,class_confusion,0.82135009765625,swimmer,FP
5567,5567.jpg,2,boat,0.36075,"[2291.46, 575.73, 63.98, 41.4]",51.46622193244808,32-64,class_confusion,0.7887948751449585,swimmer,FP
5567,5567.jpg,2,boat,0.26335,"[2098.53, 676.09, 74.97, 30.58]",47.880921043772744,32-64,class_confusion,0.906822144985199,swimmer,FP
5568,5568.jpg,2,boat,0.3617,"[2282.54, 581.14, 75.21, 38.17]",53.579526873610966,32-64,class_confusion,0.7691816091537476,swimmer,FP
5568,5568.jpg,2,boat,0.31197,"[2095.02, 675.71, 81.59, 32.36]",51.38338642012611,32-64,class_confusion,0.7926188707351685,swimmer,FP
5569,5569.jpg,2,boat,0.36301,"[2292.76, 580.27, 64.66, 44.92]",53.89366567603284,32-64,class_confusion,0.8201250433921814,swimmer,FP
5570,5570.jpg,2,boat,0.43588,"[2279.92, 579.83, 78.65, 38.57]",55.07749540420298,32-64,class_confusion,0.8810856342315674,swimmer,FP
5570,5570.jpg,2,boat,0.26193,"[2099.79, 679.89, 81.61, 28.5]",48.227429954332,32-64,class_confusion,0.7173975706100464,swimmer,FP
5571,5571.jpg,2,boat,0.34259,"[2284.13, 579.03, 82.78, 39.8]",57.398989538144306,32-64,class_confusion,0.8967383503913879,swimmer,FP
5571,5571.jpg,2,boat,0.34084,"[1935.72, 613.28, 60.9, 34.87]",46.082350200483475,32-64,class_confusion,0.7486198544502258,swimmer,FP
5572,5572.jpg,2,boat,0.55993,"[2303.34, 579.03, 64.86, 34.12]",47.04278053006646,32-64,class_confusion,0.7852873802185059,swimmer,FP
5572,5572.jpg,2,boat,0.3586,"[2107.75, 684.94, 76.86, 28.04]",46.42364052936822,32-64,class_confusion,0.7841660976409912,swimmer,FP
5573,5573.jpg,2,boat,0.43251,"[2289.84, 581.37, 81.63, 37.88]",55.6070535094245,32-64,class_confusion,0.8842484951019287,swimmer,FP
5573,5573.jpg,2,boat,0.31749,"[2448.94, 933.99, 83.83, 32.65]",52.31681851947803,32-64,class_confusion,0.7774524092674255,swimmer,FP
5574,5574.jpg,2,boat,0.52762,"[2300.12, 584.4, 74.04, 37.31]",52.55884701931731,32-64,class_confusion,0.9080981016159058,swimmer,FP
5574,5574.jpg,2,boat,0.29963,"[1939.94, 615.13, 66.06, 47.86]",56.22838784813237,32-64,class_confusion,0.7838401794433594,swimmer,FP
5575,5575.jpg,2,boat,0.46611,"[2448.96, 941.52, 87.8, 29.06]",50.51205796639056,32-64,class_confusion,0.788686215877533,swimmer,FP
5575,5575.jpg,2,boat,0.45844,"[2297.23, 585.78, 77.48, 35.76]",52.63729476331397,32-64,class_confusion,0.9229463934898376,swimmer,FP
5575,5575.jpg,2,boat,0.4198,"[2121.51, 688.6, 79.02, 30.48]",49.076772510017406,32-64,class_confusion,0.7976714968681335,swimmer,FP
5575,5575.jpg,2,boat,0.25231,"[1956.07, 625.07, 59.34, 28.96]",41.454630621922085,32-64,class_confusion,0.6851482391357422,swimmer,FP
5576,5576.jpg,2,boat,0.61274,"[2299.17, 590.87, 82.71, 35.53]",54.209651354717266,32-64,class_confusion,0.8487308621406555,swimmer,FP
5576,5576.jpg,2,boat,0.4789,"[2114.86, 689.26, 88.02, 29.5]",50.95674636395067,32-64,class_confusion,0.8045676350593567,swimmer,FP
5576,5576.jpg,2,boat,0.32768,"[1971.05, 628.22, 55.24, 28.58]",39.73360290736293,32-64,background,0.3903251588344574,,FP
5576,5576.jpg,2,boat,0.26847,"[2440.84, 946.31, 97.31, 29.05]",53.16818127414177,32-64,class_confusion,0.9051856398582458,swimmer,FP
6040,6040.jpg,2,boat,0.30032,"[379.77, 672.22, 69.59, 42.02]",54.075611878184056,32-64,class_confusion,0.7806404829025269,jetski,FP
6041,6041.jpg,2,boat,0.29093,"[403.36, 666.74, 47.5, 34.73]",40.61619135271056,32-64,class_confusion,0.5155230164527893,jetski,FP
6043,6043.jpg,2,boat,0.37255,"[354.7, 660.35, 93.08, 44.24]",64.17054776141465,>64,class_confusion,0.7999217510223389,jetski,FP
6043,6043.jpg,2,boat,0.32442,"[378.49, 660.32, 68.54, 36.91]",50.29723054006055,32-64,class_confusion,0.6547123789787292,jetski,FP
6044,6044.jpg,2,boat,0.3308,"[385.15, 659.51, 60.04, 33.72]",44.99498638737431,32-64,class_confusion,0.5407443046569824,jetski,FP
6044,6044.jpg,2,boat,0.31903,"[362.64, 658.36, 83.66, 37.56]",56.055950620786014,32-64,class_confusion,0.8337621092796326,jetski,FP
6045,6045.jpg,2,boat,0.42737,"[373.69, 657.99, 73.75, 34.45]",50.4052328632653,32-64,class_confusion,0.7161855697631836,jetski,FP
6045,6045.jpg,2,boat,0.39729,"[347.71, 661.3, 99.71, 35.33]",59.352795216400715,32-64,class_confusion,0.778973400592804,jetski,FP
6045,6045.jpg,5,buoy,0.32129,"[1920.34, 1529.12, 19.25, 40.76]",28.011247740862956,16-32,class_confusion,0.5881786346435547,swimmer,FP
6045,6045.jpg,2,boat,0.26503,"[1663.63, 893.33, 181.85, 46.73]",92.18378653537724,>64,duplicate,0.5233950614929199,boat,FP
6046,6046.jpg,2,boat,0.5014,"[362.03, 661.46, 88.19, 31.88]",53.02355325701966,32-64,class_confusion,0.7951070070266724,jetski,FP
6046,6046.jpg,2,boat,0.30057,"[1414.67, 1325.05, 63.65, 89.73]",75.57323931128002,>64,class_confusion,0.9585926532745361,buoy,FP
6047,6047.jpg,2,boat,0.54702,"[362.6, 664.49, 91.87, 31.83]",54.07607696569713,32-64,class_confusion,0.7134864330291748,jetski,FP
6048,6048.jpg,2,boat,0.52541,"[368.87, 657.03, 89.38, 33.56]",54.768538413947105,32-64,class_confusion,0.7230294346809387,jetski,FP
6048,6048.jpg,2,boat,0.26758,"[400.93, 653.2, 56.95, 35.98]",45.2665549826801,32-64,class_confusion,0.558750569820404,jetski,FP
6049,6049.jpg,2,boat,0.46382,"[387.06, 651.11, 84.21, 31.25]",51.29875729488971,32-64,class_confusion,0.7840915322303772,jetski,FP
6050,6050.jpg,2,boat,0.54245,"[386.38, 650.13, 87.86, 32.74]",53.6333515641154,32-64,class_confusion,0.9267180562019348,jetski,FP
6050,6050.jpg,2,boat,0.27216,"[1438.84, 1322.03, 62.7, 83.6]",72.39972375637907,>64,class_confusion,0.9078469276428223,buoy,FP
6051,6051.jpg,5,buoy,0.33725,"[1961.59, 1478.01, 23.31, 53.18]",35.20832003944522,32-64,class_confusion,0.7269636392593384,swimmer,FP
6051,6051.jpg,2,boat,0.30478,"[389.87, 651.86, 91.61, 35.53]",57.05175983262917,32-64,class_confusion,0.7550114989280701,jetski,FP
6052,6052.jpg,2,boat,0.31918,"[404.31, 660.49, 90.16, 27.34]",49.648508537518026,32-64,class_confusion,0.5949051976203918,jetski,FP
6053,6053.jpg,2,boat,0.28978,"[1798.76, 907.2, 185.84, 53.49]",99.70246536570698,>64,duplicate,0.5852906107902527,boat,FP
6053,6053.jpg,2,boat,0.25002,"[428.61, 652.21, 72.91, 29.95]",46.72958912723286,32-64,class_confusion,0.6802672743797302,jetski,FP
6054,6054.jpg,2,boat,0.26689,"[1816.0, 908.08, 183.68, 56.72]",102.07021896714046,>64,duplicate,0.6485113501548767,boat,FP
6055,6055.jpg,5,buoy,0.38133,"[2093.19, 189.37, 15.31, 27.63]",20.567335753568084,16-32,localization,0.3834136128425598,buoy,FP
6055,6055.jpg,2,boat,0.27532,"[413.14, 651.64, 82.55, 29.98]",49.74785422508191,32-64,class_confusion,0.7715606689453125,jetski,FP
6057,6057.jpg,2,boat,0.47868,"[425.06, 649.22, 85.45, 33.46]",53.47108564448641,32-64,class_confusion,0.9175724387168884,jetski,FP
6059,6059.jpg,2,boat,0.47771,"[434.7, 652.89, 84.46, 33.84]",53.461447791843426,32-64,class_confusion,0.8384160399436951,jetski,FP
6060,6060.jpg,2,boat,0.4908,"[455.2, 662.13, 88.18, 33.28]",54.17222904773257,32-64,class_confusion,0.8117671012878418,jetski,FP
6062,6062.jpg,2,boat,0.27594,"[481.45, 665.53, 91.49, 33.14]",55.063405270651394,32-64,class_confusion,0.7710372805595398,jetski,FP
6063,6063.jpg,2,boat,0.35537,"[486.76, 667.55, 105.15, 29.47]",55.66660129736681,32-64,class_confusion,0.6243366003036499,jetski,FP
6064,6064.jpg,2,boat,0.39851,"[491.08, 665.13, 99.6, 32.54]",56.92964078579804,32-64,class_confusion,0.8194220662117004,jetski,FP
6065,6065.jpg,2,boat,0.4797,"[497.72, 665.67, 92.09, 33.6]",55.62574943315371,32-64,class_confusion,0.7348276972770691,jetski,FP
6066,6066.jpg,2,boat,0.29785,"[506.97, 664.88, 84.53, 32.46]",52.3817124576889,32-64,class_confusion,0.898030161857605,jetski,FP
6067,6067.jpg,2,boat,0.25427,"[514.56, 664.94, 88.93, 33.93]",54.93081921835865,32-64,class_confusion,0.834168553352356,jetski,FP
6068,6068.jpg,2,boat,0.30567,"[522.89, 666.93, 90.99, 30.28]",52.489781862758775,32-64,class_confusion,0.7162853479385376,jetski,FP
6069,6069.jpg,2,boat,0.51218,"[528.88, 656.49, 94.05, 38.25]",59.97843362409525,32-64,class_confusion,0.872839629650116,jetski,FP
6070,6070.jpg,2,boat,0.48266,"[533.53, 656.58, 90.25, 35.79]",56.83350684235489,32-64,class_confusion,0.9080348014831543,jetski,FP
6071,6071.jpg,2,boat,0.55272,"[544.86, 655.01, 86.49, 37.89]",57.246013835026105,32-64,class_confusion,0.8331064581871033,jetski,FP
6072,6072.jpg,2,boat,0.7911,"[66.03, 545.16, 118.01, 135.29]",126.35494806298644,>64,localization,0.2771754562854767,boat,FP
6072,6072.jpg,2,boat,0.48785,"[37.31, 711.92, 101.69, 39.63]",63.48208172390064,32-64,background,0.23187898099422455,,FP
6072,6072.jpg,5,buoy,0.36578,"[1651.51, 172.01, 17.44, 27.37]",21.847947271997892,16-32,background,0.0,,FP
6079,6079.jpg,5,buoy,0.38483,"[1326.7, 199.28, 16.87, 23.9]",20.079666331889083,16-32,localization,0.3113807439804077,buoy,FP
6081,6081.jpg,2,boat,0.26392,"[1073.55, 1428.79, 67.31, 89.49]",77.61167373533443,>64,class_confusion,0.8788757920265198,buoy,FP
6090,6090.jpg,2,boat,0.84381,"[2119.38, 125.95, 240.54, 104.41]",158.4764379963154,>64,localization,0.12862488627433777,boat,FP
6093,6093.jpg,2,boat,0.26563,"[1130.51, 310.58, 70.46, 94.94]",81.78919488538813,>64,class_confusion,0.932600200176239,buoy,FP
6096,6096.jpg,2,boat,0.29957,"[2327.99, 1.37, 242.58, 44.39]",103.76958224836409,>64,background,0.0,,FP
6096,6096.jpg,2,boat,0.28971,"[1103.6, 377.81, 71.25, 94.07]",81.86872113328752,>64,class_confusion,0.9137722253799438,buoy,FP
6642,6642.jpg,2,boat,0.27005,"[1260.23, 0.0, 129.1, 34.74]",66.96964984229797,>64,background,0.0,,FP
6642,6642.jpg,5,buoy,0.25438,"[1512.74, 1038.59, 18.46, 21.17]",19.768616542388596,16-32,background,0.21118298172950745,,FP
6643,6643.jpg,2,boat,0.33907,"[1282.79, 0.0, 104.61, 30.32]",56.31851560543832,32-64,background,0.0,,FP
6645,6645.jpg,2,boat,0.26643,"[1270.35, 0.02, 108.29, 30.98]",57.92084426180268,32-64,background,0.0,,FP
6646,6646.jpg,5,buoy,0.49235,"[1552.78, 1283.0, 27.24, 38.73]",32.480843585104125,32-64,class_confusion,0.6332555413246155,swimmer,FP
6646,6646.jpg,2,boat,0.48985,"[1264.42, 0.0, 105.03, 28.02]",54.2488764860619,32-64,background,0.0,,FP
6647,6647.jpg,2,boat,0.29236,"[1251.87, 0.0, 108.53, 32.17]",59.08815532744274,32-64,background,0.0,,FP
6648,6648.jpg,2,boat,0.31211,"[1241.19, 0.0, 114.88, 34.44]",62.90045468834069,32-64,background,0.0,,FP
6649,6649.jpg,2,boat,0.30669,"[1282.06, 0.0, 119.4, 41.5]",70.39247118833093,>64,background,0.0,,FP
6650,6650.jpg,5,buoy,0.28857,"[1582.97, 1286.5, 26.23, 33.15]",29.487700825937583,16-32,class_confusion,0.554972231388092,swimmer,FP
6650,6650.jpg,2,boat,0.27126,"[1374.71, 0.0, 122.1, 41.74]",71.38945300252692,>64,background,0.0,,FP
6651,6651.jpg,2,boat,0.28435,"[1517.06, 0.19, 127.55, 41.09]",72.39495493471904,>64,background,0.0,,FP
6653,6653.jpg,2,boat,0.45152,"[411.65, 1288.48, 77.37, 105.16]",90.20104877439064,>64,class_confusion,0.9046818017959595,buoy,FP
6653,6653.jpg,2,boat,0.25477,"[1635.93, 0.28, 125.55, 45.23]",75.35666194836392,>64,background,0.0,,FP
6655,6655.jpg,2,boat,0.289,"[563.54, 1221.46, 71.52, 103.34]",85.97020879351172,>64,class_confusion,0.8629764914512634,buoy,FP
6657,6657.jpg,5,buoy,0.27857,"[1867.24, 1230.34, 24.82, 31.74]",28.067539970578114,16-32,class_confusion,0.511845052242279,swimmer,FP
6658,6658.jpg,2,boat,0.28108,"[604.53, 1162.25, 73.12, 94.83]",83.27046054874442,>64,class_confusion,0.8183901906013489,buoy,FP
6659,6659.jpg,2,boat,0.42338,"[524.45, 1162.71, 71.37, 93.97]",81.89407121397738,>64,class_confusion,0.8045735359191895,buoy,FP
6659,6659.jpg,5,buoy,0.26671,"[1727.03, 1227.07, 25.87, 28.4]",27.105497597350983,16-32,class_confusion,0.5589863657951355,swimmer,FP
6660,6660.jpg,2,boat,0.45634,"[457.38, 1163.81, 75.48, 95.29]",84.80854438085824,>64,class_confusion,0.8720791935920715,buoy,FP
6661,6661.jpg,2,boat,0.42227,"[410.91, 1161.41, 73.8, 92.51]",82.62710209126301,>64,class_confusion,0.9213966727256775,buoy,FP
6663,6663.jpg,2,boat,0.25595,"[561.74, 1097.55, 69.53, 84.99]",76.87232727061149,>64,class_confusion,0.8073412775993347,buoy,FP
6665,6665.jpg,2,boat,0.31095,"[668.59, 1028.62, 65.51, 82.8]",73.64935844934428,>64,class_confusion,0.8993711471557617,buoy,FP
6665,6665.jpg,5,buoy,0.25095,"[1702.04, 1190.68, 27.62, 27.26]",27.439409614640038,16-32,class_confusion,0.6012479066848755,swimmer,FP
6666,6666.jpg,2,boat,0.32996,"[703.37, 1005.5, 62.77, 79.07]",70.45015188060279,>64,class_confusion,0.8034058213233948,buoy,FP
6667,6667.jpg,5,buoy,0.39405,"[163.94, 120.07, 22.86, 31.65]",26.898308497004045,16-32,localization,0.42926016449928284,buoy,FP
6667,6667.jpg,2,boat,0.25504,"[747.09, 975.59, 61.8, 81.41]",70.93051529489969,>64,class_confusion,0.865754246711731,buoy,FP
6668,6668.jpg,5,buoy,0.40261,"[315.97, 102.64, 19.89, 29.57]",24.25174839058001,16-32,localization,0.3752588927745819,buoy,FP
6668,6668.jpg,5,buoy,0.39398,"[1701.19, 1149.39, 20.41, 24.92]",22.552543093850858,16-32,class_confusion,0.5100687742233276,swimmer,FP
6669,6669.jpg,2,boat,0.48564,"[823.18, 917.18, 60.05, 75.5]",67.33331270626746,>64,class_confusion,0.9074534773826599,buoy,FP
6669,6669.jpg,5,buoy,0.28482,"[448.3, 88.43, 20.9, 27.7]",24.06096423670506,16-32,localization,0.4366835653781891,buoy,FP
6670,6670.jpg,2,boat,0.46741,"[863.06, 884.44, 57.16, 78.04]",66.78896914910426,>64,class_confusion,0.8463284373283386,buoy,FP
6670,6670.jpg,5,buoy,0.27515,"[586.25, 72.64, 21.49, 28.69]",24.830386626067664,16-32,localization,0.457451730966568,buoy,FP
6670,6670.jpg,5,buoy,0.27171,"[1686.97, 1120.17, 22.94, 26.32]",24.57195148945236,16-32,class_confusion,0.5132343769073486,swimmer,FP
6671,6671.jpg,5,buoy,0.35511,"[741.63, 63.34, 17.11, 24.99]",20.67798104264534,16-32,localization,0.2754954993724823,buoy,FP
6671,6671.jpg,2,boat,0.33877,"[915.03, 856.62, 57.2, 74.63]",65.33632986325449,>64,class_confusion,0.8172338604927063,buoy,FP
6671,6671.jpg,5,buoy,0.32763,"[1699.18, 1099.71, 23.42, 29.96]",26.488925988042627,16-32,class_confusion,0.5594804286956787,swimmer,FP
6672,6672.jpg,5,buoy,0.6129,"[887.82, 46.03, 18.81, 28.91]",23.319457540860594,16-32,localization,0.4001508355140686,buoy,FP
6672,6672.jpg,2,boat,0.3563,"[959.72, 829.16, 58.49, 67.98]",63.056722084168,32-64,class_confusion,0.8110207915306091,buoy,FP
6673,6673.jpg,2,boat,0.38214,"[998.44, 798.36, 54.12, 70.06]",61.57635260390144,32-64,class_confusion,0.8867766261100769,buoy,FP
6673,6673.jpg,5,buoy,0.29706,"[1019.05, 34.7, 18.31, 27.96]",22.626259080988177,16-32,localization,0.4090966284275055,buoy,FP
6674,6674.jpg,5,buoy,0.63376,"[1151.4, 26.6, 15.73, 26.44]",20.393655876276817,16-32,localization,0.34963932633399963,buoy,FP
6674,6674.jpg,2,boat,0.36711,"[1649.92, 682.26, 111.71, 89.58]",100.03490290893474,>64,duplicate,0.858840823173523,boat,FP
6674,6674.jpg,2,boat,0.35048,"[1042.39, 771.21, 53.0, 68.6]",60.29759530860248,32-64,class_confusion,0.8392650485038757,buoy,FP
6676,6676.jpg,2,boat,0.3714,"[1127.97, 721.55, 52.91, 65.73]",58.972657223496384,32-64,class_confusion,0.6688107252120972,buoy,FP
6677,6677.jpg,2,boat,0.51703,"[1015.47, 714.44, 52.49, 65.19]",58.49635116825664,32-64,class_confusion,0.6763147115707397,buoy,FP
6677,6677.jpg,5,buoy,0.32236,"[1386.19, 1.99, 19.43, 26.95]",22.88314882178587,16-32,localization,0.49285200238227844,buoy,FP
6678,6678.jpg,5,buoy,0.69057,"[1352.92, 0.08, 13.79, 27.77]",19.56906487290591,16-32,localization,0.4774896800518036,buoy,FP
6678,6678.jpg,2,boat,0.31179,"[917.12, 712.02, 52.55, 61.69]",56.93689050167738,32-64,class_confusion,0.7416696548461914,buoy,FP
6680,6680.jpg,2,boat,0.29703,"[818.59, 694.33, 52.74, 62.8]",57.55060381959515,32-64,class_confusion,0.8276827931404114,buoy,FP
6681,6681.jpg,2,boat,0.44986,"[805.8, 682.35, 50.95, 64.41]",57.286032329006694,32-64,class_confusion,0.8705987334251404,buoy,FP
6682,6682.jpg,2,boat,0.37097,"[806.38, 675.06, 50.78, 66.68]",58.18943546727362,32-64,class_confusion,0.866919755935669,buoy,FP
6683,6683.jpg,2,boat,0.25991,"[809.37, 705.2, 49.17, 33.95]",40.857331043522656,32-64,background,0.4394439458847046,,FP
6686,6686.jpg,2,boat,0.30843,"[801.47, 677.11, 52.86, 64.69]",58.47660557864145,32-64,class_confusion,0.845589280128479,buoy,FP
6687,6687.jpg,2,boat,0.26307,"[802.23, 682.31, 51.33, 64.63]",57.59737754446812,32-64,class_confusion,0.8523241877555847,buoy,FP
6689,6689.jpg,2,boat,0.46282,"[796.36, 680.16, 52.34, 66.09]",58.814544119630824,32-64,class_confusion,0.8637683391571045,buoy,FP
6690,6690.jpg,2,boat,0.27546,"[793.62, 677.48, 52.26, 66.96]",59.155131645530126,32-64,class_confusion,0.8929958939552307,buoy,FP
6691,6691.jpg,2,boat,0.43526,"[794.92, 681.78, 52.23, 66.26]",58.82822281864377,32-64,class_confusion,0.8993414044380188,buoy,FP
6693,6693.jpg,2,boat,0.30803,"[795.79, 690.44, 52.08, 62.71]",57.14837530499008,32-64,class_confusion,0.8642103672027588,buoy,FP
6694,6694.jpg,2,boat,0.48248,"[793.14, 684.8, 53.48, 65.38]",59.131399442259095,32-64,class_confusion,0.8638886213302612,buoy,FP
6694,6694.jpg,2,boat,0.36958,"[1478.23, 578.26, 178.99, 52.63]",97.05793991219885,>64,duplicate,0.6320614814758301,boat,FP
6695,6695.jpg,2,boat,0.43408,"[792.53, 696.66, 52.47, 51.15]",51.80579600778275,32-64,class_confusion,0.6877428889274597,buoy,FP
6696,6696.jpg,2,boat,0.44674,"[793.75, 688.22, 52.06, 60.59]",56.16329228241521,32-64,class_confusion,0.8683106303215027,buoy,FP
6696,6696.jpg,2,boat,0.25576,"[1503.99, 585.34, 170.39, 48.53]",90.9341888400617,>64,duplicate,0.5933141708374023,boat,FP
6697,6697.jpg,2,boat,0.33665,"[793.04, 691.32, 54.15, 62.96]",58.38907432045828,32-64,class_confusion,0.8827383518218994,buoy,FP
6698,6698.jpg,2,boat,0.25702,"[793.62, 691.93, 53.12, 62.28]",57.51794154870287,32-64,class_confusion,0.8937804698944092,buoy,FP
6698,6698.jpg,2,boat,0.25397,"[1524.03, 588.1, 176.51, 49.3]",93.28420552269284,>64,duplicate,0.5968475341796875,boat,FP
6699,6699.jpg,2,boat,0.38487,"[792.3, 690.2, 52.42, 60.6]",56.361795571113596,32-64,class_confusion,0.8828775882720947,buoy,FP
6699,6699.jpg,2,boat,0.30281,"[977.2, 55.03, 121.14, 38.98]",68.71708084603128,>64,localization,0.38804930448532104,boat,FP
6700,6700.jpg,2,boat,0.4241,"[789.33, 687.82, 52.73, 62.43]",57.375377122943604,32-64,class_confusion,0.8695906400680542,buoy,FP
7175,7175.jpg,2,boat,0.27599,"[1542.8, 858.35, 27.84, 24.66]",26.201801464784822,16-32,localization,0.21228690445423126,boat,FP
7178,7178.jpg,2,boat,0.28562,"[1542.7, 862.0, 25.27, 20.98]",23.025303472484353,16-32,localization,0.11199276149272919,boat,FP
7179,7179.jpg,2,boat,0.38094,"[1540.53, 862.2, 28.12, 21.53]",24.60535714026521,16-32,localization,0.10858890414237976,boat,FP
7180,7180.jpg,2,boat,0.27139,"[1540.43, 862.44, 24.96, 20.72]",22.741398373890732,16-32,localization,0.11574298143386841,boat,FP
7181,7181.jpg,2,boat,0.34097,"[1538.51, 862.35, 23.24, 20.35]",21.747045776380755,16-32,localization,0.13288049399852753,boat,FP
7192,7192.jpg,2,boat,0.35195,"[1734.89, 1130.31, 47.17, 35.91]",41.1567090521096,32-64,background,0.1274738758802414,,FP
7195,7195.jpg,2,boat,0.32593,"[1512.99, 868.9, 26.36, 20.91]",23.477384862884538,16-32,localization,0.2609002888202667,boat,FP
7200,7200.jpg,2,boat,0.25436,"[1389.42, 1244.39, 89.9, 23.53]",45.99290162622924,32-64,duplicate,0.6361463069915771,boat,FP
7202,7202.jpg,2,boat,0.34839,"[1634.75, 1134.38, 59.44, 30.21]",42.37549291748711,32-64,background,0.10335499048233032,,FP
7203,7203.jpg,2,boat,0.5346,"[1338.29, 1236.19, 60.66, 18.75]",33.72499073387567,32-64,localization,0.34765860438346863,boat,FP
7204,7204.jpg,2,boat,0.50017,"[436.38, 1076.07, 97.43, 28.43]",52.63017100485234,32-64,background,0.02189626917243004,,FP
7204,7204.jpg,2,boat,0.30945,"[299.09, 1275.8, 67.37, 25.73]",41.63448210317981,32-64,background,0.0,,FP
7205,7205.jpg,2,boat,0.55861,"[113.24, 1086.0, 107.68, 31.61]",58.3417929104,32-64,background,0.05063675343990326,,FP
7205,7205.jpg,2,boat,0.4268,"[0.83, 1289.11, 65.23, 27.91]",42.66812979262156,32-64,background,0.0,,FP
8115,8115.jpg,2,boat,0.81218,"[2070.04, 234.26, 182.29, 82.88]",122.91539854713078,>64,class_confusion,0.8907555937767029,swimmer,FP
8115,8115.jpg,2,boat,0.61543,"[1953.71, 597.61, 124.62, 51.08]",79.78464513927476,>64,class_confusion,0.6820865869522095,jetski,FP
8115,8115.jpg,2,boat,0.49086,"[2466.36, 395.38, 50.48, 64.92]",57.24649858288278,32-64,class_confusion,0.8314228653907776,buoy,FP
8116,8116.jpg,2,boat,0.75439,"[2084.69, 43.74, 187.56, 79.35]",121.99543434079817,>64,background,0.25607869029045105,,FP
8116,8116.jpg,2,boat,0.66541,"[1942.86, 416.01, 130.74, 40.2]",72.49653784836902,>64,background,0.0,,FP
8116,8116.jpg,2,boat,0.36226,"[2476.63, 237.96, 52.48, 31.54]",40.68438521103643,32-64,background,0.0,,FP
8638,8638.jpg,5,buoy,0.35911,"[2136.65, 1585.3, 44.28, 38.29]",41.17622129336299,32-64,background,0.37111562490463257,,FP
8639,8639.jpg,5,buoy,0.36993,"[2142.19, 1565.79, 25.0, 35.38]",29.740544715926106,16-32,class_confusion,0.6637452840805054,life_saving_appliances,FP
8641,8641.jpg,5,buoy,0.48934,"[2175.94, 1537.44, 29.01, 32.49]",30.70073126164913,16-32,class_confusion,0.6598532795906067,life_saving_appliances,FP
8641,8641.jpg,5,buoy,0.30414,"[627.22, 1792.78, 168.8, 121.56]",143.24569103466953,>64,class_confusion,0.7508025765419006,boat,FP
8642,8642.jpg,5,buoy,0.31409,"[2201.68, 1529.37, 23.45, 31.23]",27.06184583504976,16-32,class_confusion,0.761475682258606,life_saving_appliances,FP
8647,8647.jpg,5,buoy,0.3357,"[2367.94, 1560.02, 29.07, 65.05]",43.485670053478536,32-64,class_confusion,0.5926381945610046,swimmer,FP
8649,8649.jpg,5,buoy,0.26862,"[2421.45, 1599.79, 34.89, 56.42]",44.367711232381595,32-64,background,0.37248608469963074,,FP
8650,8650.jpg,5,buoy,0.43412,"[3191.3, 1527.14, 117.33, 235.78]",166.32518570559301,>64,class_confusion,0.9434667825698853,boat,FP
8650,8650.jpg,5,buoy,0.30476,"[2430.23, 1613.71, 41.02, 65.99]",52.02797132312579,32-64,background,0.34211888909339905,,FP
8652,8652.jpg,5,buoy,0.35786,"[3113.24, 1560.46, 132.21, 234.58]",176.10741551678058,>64,class_confusion,0.8568890690803528,boat,FP
8654,8654.jpg,5,buoy,0.34395,"[3012.08, 1530.33, 135.43, 228.7]",175.99102533936212,>64,class_confusion,0.8883042931556702,boat,FP
8657,8657.jpg,5,buoy,0.35715,"[2986.17, 1516.49, 140.77, 223.67]",177.44302155903455,>64,class_confusion,0.9001779556274414,boat,FP
8659,8659.jpg,5,buoy,0.33403,"[2973.91, 1514.87, 143.09, 224.31]",179.15501081465737,>64,class_confusion,0.903806746006012,boat,FP
8660,8660.jpg,5,buoy,0.31773,"[2964.77, 1502.32, 145.8, 222.43]",180.0841303391279,>64,class_confusion,0.8962209820747375,boat,FP
8661,8661.jpg,5,buoy,0.2873,"[2940.13, 1463.88, 146.54, 226.12]",182.03193346223622,>64,class_confusion,0.893973171710968,boat,FP
8662,8662.jpg,5,buoy,0.47448,"[2899.6, 1402.27, 153.73, 227.41]",186.97523713048204,>64,class_confusion,0.8833622932434082,boat,FP
8664,8664.jpg,5,buoy,0.25927,"[2867.56, 1366.6, 150.16, 209.31]",177.28505182332773,>64,class_confusion,0.9294605851173401,boat,FP
8669,8669.jpg,5,buoy,0.28741,"[2836.25, 1375.81, 154.45, 209.9]",180.05292277549952,>64,class_confusion,0.9375967383384705,boat,FP
8670,8670.jpg,5,buoy,0.32264,"[2833.3, 1364.48, 156.3, 207.99]",180.30207153552064,>64,class_confusion,0.9538329839706421,boat,FP
8671,8671.jpg,5,buoy,0.48074,"[2802.91, 1338.43, 156.77, 209.47]",181.21427068528573,>64,class_confusion,0.930343747138977,boat,FP
8671,8671.jpg,5,buoy,0.34998,"[2141.51, 1362.95, 31.77, 58.31]",43.04077950037615,32-64,background,0.294810026884079,,FP
8673,8673.jpg,5,buoy,0.37876,"[2690.84, 1272.21, 157.74, 204.16]",179.4552824522031,>64,class_confusion,0.9429457783699036,boat,FP
8675,8675.jpg,5,buoy,0.36291,"[2688.16, 1251.38, 158.55, 202.17]",179.03645857757576,>64,class_confusion,0.9249131679534912,boat,FP
8675,8675.jpg,3,jetski,0.31015,"[2045.72, 1283.52, 35.76, 66.27]",48.68074773460243,32-64,background,0.421551913022995,,FP
9216,9216.jpg,2,boat,0.86694,"[1729.95, 785.71, 134.38, 109.99]",121.57489954756285,>64,class_confusion,0.940660297870636,jetski,FP
9216,9216.jpg,5,buoy,0.2847,"[1970.03, 709.95, 21.95, 27.15]",24.4119335571765,16-32,class_confusion,0.5825427770614624,swimmer,FP
9217,9217.jpg,2,boat,0.83781,"[1733.45, 818.58, 132.57, 104.2]",117.53209774355258,>64,class_confusion,0.9549622535705566,jetski,FP
9217,9217.jpg,5,buoy,0.26631,"[1967.93, 740.89, 23.42, 23.36]",23.389980761001066,16-32,class_confusion,0.5090237855911255,swimmer,FP
9218,9218.jpg,2,boat,0.85872,"[1736.93, 852.1, 127.72, 108.12]",117.51206916738383,>64,class_confusion,0.9210804104804993,jetski,FP
9218,9218.jpg,2,boat,0.41706,"[1625.48, 491.56, 157.14, 100.76]",125.83094373006983,>64,duplicate,0.8994224667549133,boat,FP
9218,9218.jpg,5,buoy,0.27203,"[1969.05, 775.34, 23.21, 18.47]",20.70479896062746,16-32,background,0.39257025718688965,,FP
9219,9219.jpg,2,boat,0.86713,"[1742.29, 887.59, 121.63, 108.33]",114.78753373080197,>64,class_confusion,0.9184389710426331,jetski,FP
9219,9219.jpg,5,buoy,0.32991,"[1964.52, 803.4, 21.39, 29.96]",25.314904700590915,16-32,class_confusion,0.5173547863960266,swimmer,FP
9220,9220.jpg,2,boat,0.91211,"[1744.36, 923.91, 118.85, 110.76]",114.73371779908467,>64,class_confusion,0.9429745078086853,jetski,FP
9221,9221.jpg,2,boat,0.86314,"[1746.51, 960.28, 116.78, 108.99]",112.81778317268957,>64,class_confusion,0.9501272439956665,jetski,FP
9222,9222.jpg,2,boat,0.86756,"[1748.06, 993.93, 115.25, 112.61]",113.92235294269514,>64,class_confusion,0.9463058114051819,jetski,FP
9223,9223.jpg,2,boat,0.8973,"[1750.0, 1033.67, 113.28, 112.58]",112.92945762731706,>64,class_confusion,0.9546854496002197,jetski,FP
9224,9224.jpg,2,boat,0.89426,"[1746.4, 1231.61, 110.77, 115.94]",113.3255213974328,>64,class_confusion,0.9268767237663269,jetski,FP
9224,9224.jpg,5,buoy,0.28594,"[1959.99, 1132.72, 22.91, 26.06]",24.434291477347976,16-32,class_confusion,0.5955076217651367,swimmer,FP
9225,9225.jpg,2,boat,0.87492,"[1744.49, 1230.77, 106.99, 117.18]",111.9691394983457,>64,class_confusion,0.9346816539764404,jetski,FP
9225,9225.jpg,5,buoy,0.25904,"[2337.93, 1589.52, 49.71, 33.62]",40.8809270932057,32-64,class_confusion,0.7366990447044373,life_saving_appliances,FP
9226,9226.jpg,2,boat,0.89185,"[1741.47, 1149.18, 108.05, 111.6]",109.81065522070251,>64,class_confusion,0.6784592866897583,jetski,FP
9227,9227.jpg,2,boat,0.82606,"[1738.21, 1091.08, 101.88, 112.89]",107.24380261814665,>64,class_confusion,0.9364795088768005,jetski,FP
9227,9227.jpg,5,buoy,0.32427,"[2321.87, 1443.87, 45.2, 28.73]",36.036037518017984,32-64,class_confusion,0.8068915605545044,life_saving_appliances,FP
9228,9228.jpg,2,boat,0.82025,"[1734.98, 1086.37, 98.64, 113.04]",105.5948180546754,>64,class_confusion,0.9014321565628052,jetski,FP
9229,9229.jpg,2,boat,0.84227,"[1732.47, 1083.99, 95.88, 112.53]",103.87192305912123,>64,class_confusion,0.9678358435630798,jetski,FP
9230,9230.jpg,2,boat,0.67897,"[1731.67, 1081.09, 90.26, 113.29]",101.1214883197434,>64,class_confusion,0.9383575916290283,jetski,FP
9231,9231.jpg,2,boat,0.86077,"[1731.85, 1078.03, 85.14, 113.05]",98.10747677929547,>64,class_confusion,0.9505162239074707,jetski,FP
9232,9232.jpg,2,boat,0.858,"[1734.79, 1075.34, 79.77, 114.76]",95.67865592701436,>64,class_confusion,0.9675118327140808,jetski,FP
9233,9233.jpg,2,boat,0.83685,"[1734.28, 1068.99, 76.04, 119.36]",95.26874828609853,>64,class_confusion,0.9211346507072449,jetski,FP
9234,9234.jpg,2,boat,0.85124,"[1734.08, 1069.86, 73.87, 116.79]",92.88313786689164,>64,class_confusion,0.9664294123649597,jetski,FP
9234,9234.jpg,2,boat,0.30743,"[1627.39, 775.36, 160.25, 74.9]",109.55694866141536,>64,duplicate,0.6527751088142395,boat,FP
9235,9235.jpg,2,boat,0.82953,"[1734.68, 1067.39, 67.22, 116.46]",88.47847873918266,>64,class_confusion,0.9043025374412537,jetski,FP
9235,9235.jpg,2,boat,0.31853,"[1633.01, 774.07, 165.99, 71.71]",109.10152565386058,>64,duplicate,0.6493692994117737,boat,FP
9235,9235.jpg,5,buoy,0.25615,"[2311.23, 1438.53, 45.95, 28.35]",36.09269316634601,32-64,class_confusion,0.759248673915863,life_saving_appliances,FP
9236,9236.jpg,2,boat,0.80598,"[1733.65, 1064.77, 64.47, 115.9]",86.44115339350812,>64,class_confusion,0.9289492964744568,jetski,FP
9236,9236.jpg,2,boat,0.42092,"[1641.84, 775.71, 166.54, 74.41]",111.32044466314352,>64,duplicate,0.6634722352027893,boat,FP
9237,9237.jpg,2,boat,0.79738,"[1733.84, 1062.62, 61.66, 116.28]",84.67481798031808,>64,class_confusion,0.9171075224876404,jetski,FP
9238,9238.jpg,2,boat,0.79167,"[1736.13, 1062.1, 58.17, 116.23]",82.22590285305476,>64,class_confusion,0.8995919823646545,jetski,FP
9238,9238.jpg,2,boat,0.41399,"[1655.97, 800.14, 173.34, 58.07]",100.3287286872509,>64,duplicate,0.5476534962654114,boat,FP
9238,9238.jpg,5,buoy,0.27366,"[2311.49, 1439.26, 44.33, 30.07]",36.51031498083795,32-64,class_confusion,0.8340324759483337,life_saving_appliances,FP
9239,9239.jpg,2,boat,0.70806,"[1738.8, 1066.0, 52.85, 113.3]",77.38155464967087,>64,class_confusion,0.8939117789268494,jetski,FP
9239,9239.jpg,2,boat,0.33609,"[2330.58, 1246.79, 66.16, 59.12]",62.54102013878571,32-64,class_confusion,0.5827122330665588,swimmer,FP
9239,9239.jpg,2,boat,0.29581,"[2305.21, 1438.83, 45.57, 31.76]",38.04343833041383,32-64,class_confusion,0.8649841547012329,life_saving_appliances,FP
9239,9239.jpg,5,buoy,0.28859,"[2306.14, 1440.06, 44.62, 29.98]",36.57468523446237,32-64,class_confusion,0.8556058406829834,life_saving_appliances,FP
9240,9240.jpg,2,boat,0.73289,"[1537.01, 1080.0, 51.07, 114.39]",76.43230534270178,>64,background,0.4012913703918457,,FP
9240,9240.jpg,2,boat,0.66819,"[1446.54, 829.18, 178.51, 62.16]",105.33841464537046,>64,localization,0.4845066964626312,boat,FP
9240,9240.jpg,5,buoy,0.41266,"[1538.88, 1082.73, 45.88, 110.79]",71.29547811747952,>64,background,0.3945746421813965,,FP
9240,9240.jpg,5,buoy,0.27587,"[1538.76, 1151.71, 44.23, 41.81]",43.002980129288716,32-64,background,0.17899014055728912,,FP
9241,9241.jpg,2,boat,0.72751,"[1301.18, 1107.9, 56.55, 118.59]",81.89178530231223,>64,class_confusion,0.9048196077346802,jetski,FP
9242,9242.jpg,2,boat,0.76085,"[1381.53, 1105.43, 59.9, 115.8]",83.28517275001596,>64,class_confusion,0.5706121325492859,jetski,FP
9242,9242.jpg,5,buoy,0.26632,"[1561.53, 936.46, 20.27, 26.06]",22.983389654269885,16-32,background,0.2179373800754547,,FP
9243,9243.jpg,2,boat,0.75597,"[1600.29, 1088.71, 64.52, 115.1]",86.17570423268963,>64,class_confusion,0.5859861969947815,jetski,FP
9243,9243.jpg,5,buoy,0.46108,"[1601.86, 1089.33, 61.91, 114.47]",84.18335761894983,>64,class_confusion,0.5822055339813232,jetski,FP
9244,9244.jpg,2,boat,0.88199,"[1786.93, 1085.4, 66.23, 110.67]",85.61351587220327,>64,background,0.49982714653015137,,FP
9244,9244.jpg,5,buoy,0.38948,"[1990.49, 919.55, 21.23, 30.55]",25.46716513473771,16-32,background,0.055750492960214615,,FP
9245,9245.jpg,2,boat,0.70476,"[2374.11, 1097.41, 55.24, 117.31]",80.49971676968808,>64,class_confusion,0.9586307406425476,jetski,FP
9245,9245.jpg,5,buoy,0.3712,"[2376.04, 1096.76, 52.79, 117.67]",78.81496875594128,>64,class_confusion,0.9139557480812073,jetski,FP
9245,9245.jpg,5,buoy,0.35163,"[2613.92, 958.05, 19.42, 27.73]",23.205960441231472,16-32,class_confusion,0.6527422666549683,swimmer,FP
9246,9246.jpg,2,boat,0.83589,"[2177.39, 1080.43, 60.34, 116.49]",83.83917103597817,>64,background,0.12176541984081268,,FP
9246,9246.jpg,5,buoy,0.3573,"[2425.54, 936.71, 17.46, 24.03]",20.483256577019194,16-32,background,0.0,,FP
9246,9246.jpg,5,buoy,0.26384,"[2723.36, 1518.52, 45.81, 36.95]",41.142186378460735,32-64,background,0.035466790199279785,,FP
9247,9247.jpg,2,boat,0.66033,"[1771.5, 1073.51, 66.56, 109.05]",85.19605624675359,>64,class_confusion,0.9403849244117737,jetski,FP
9248,9248.jpg,2,boat,0.83562,"[1650.65, 1070.72, 69.9, 111.78]",88.39356311406391,>64,class_confusion,0.6117661595344543,jetski,FP
9248,9248.jpg,2,boat,0.32815,"[1662.82, 840.33, 175.21, 69.93]",110.69071912314962,>64,duplicate,0.5252411961555481,boat,FP
9249,9249.jpg,2,boat,0.7985,"[1579.06, 1071.56, 78.14, 112.87]",93.91305447061127,>64,class_confusion,0.6328104138374329,jetski,FP
9249,9249.jpg,2,boat,0.32451,"[1586.51, 839.2, 177.44, 70.96]",112.21025978046748,>64,duplicate,0.5621073842048645,boat,FP
9250,9250.jpg,2,boat,0.84189,"[2364.08, 1086.0, 74.06, 111.83]",91.00620748058893,>64,class_confusion,0.844346284866333,jetski,FP
9251,9251.jpg,2,boat,0.81323,"[2442.44, 1096.82, 80.5, 111.72]",94.83385471444255,>64,class_confusion,0.9101522564888,jetski,FP
9251,9251.jpg,5,buoy,0.32891,"[2698.55, 934.16, 23.92, 29.33]",26.487234661247673,16-32,class_confusion,0.5996715426445007,swimmer,FP
9252,9252.jpg,2,boat,0.79305,"[2474.88, 1103.21, 84.4, 114.06]",98.11556451450504,>64,class_confusion,0.9737933874130249,jetski,FP
9252,9252.jpg,5,buoy,0.28618,"[2730.63, 934.99, 25.01, 26.41]",25.700468867318357,16-32,class_confusion,0.7347200512886047,swimmer,FP
9253,9253.jpg,2,boat,0.75802,"[2476.12, 1103.76, 88.57, 115.65]",101.20830252503991,>64,class_confusion,0.9268485903739929,jetski,FP
9254,9254.jpg,2,boat,0.88739,"[2448.4, 1102.53, 96.79, 118.97]",107.30846331953506,>64,class_confusion,0.9102014899253845,jetski,FP
9255,9255.jpg,2,boat,0.81942,"[2393.87, 1102.22, 97.65, 115.53]",106.21442698616794,>64,class_confusion,0.8830528259277344,jetski,FP
9256,9256.jpg,2,boat,0.87194,"[2305.51, 1098.43, 99.27, 113.54]",106.16551134902521,>64,class_confusion,0.8818673491477966,jetski,FP
9257,9257.jpg,2,boat,0.78878,"[2248.31, 1097.92, 99.11, 110.6]",104.69749758232047,>64,class_confusion,0.9335854649543762,jetski,FP
9258,9258.jpg,2,boat,0.71024,"[2213.59, 1078.02, 97.55, 109.65]",103.42319614090448,>64,class_confusion,0.9334517121315002,jetski,FP
9259,9259.jpg,2,boat,0.60523,"[2188.11, 1056.93, 97.71, 111.99]",104.60661021178346,>64,class_confusion,0.9240280389785767,jetski,FP
9260,9260.jpg,2,boat,0.82209,"[2166.16, 1043.26, 96.81, 107.79]",102.15258146517884,>64,class_confusion,0.9255827069282532,jetski,FP
9261,9261.jpg,2,boat,0.68511,"[2144.07, 1031.57, 94.0, 100.9]",97.38891107307855,>64,class_confusion,0.9097456932067871,jetski,FP
9262,9262.jpg,2,boat,0.78631,"[2110.22, 1003.82, 92.01, 99.74]",95.79706362932008,>64,class_confusion,0.8893941044807434,jetski,FP
9263,9263.jpg,2,boat,0.79677,"[2067.94, 986.19, 91.34, 98.07]",94.64519956130897,>64,class_confusion,0.857186496257782,jetski,FP
9264,9264.jpg,2,boat,0.88072,"[2014.36, 974.33, 91.5, 98.59]",94.97886607030009,>64,class_confusion,0.9151578545570374,jetski,FP
9265,9265.jpg,2,boat,0.58734,"[2584.5, 995.49, 84.55, 106.75]",95.00374992598977,>64,class_confusion,0.9480717182159424,jetski,FP
9266,9266.jpg,2,boat,0.55854,"[2513.26, 981.85, 83.23, 105.24]",93.59019820472655,>64,class_confusion,0.8630644679069519,jetski,FP
9267,9267.jpg,2,boat,0.73737,"[2462.76, 972.24, 81.19, 106.0]",92.76928370964174,>64,class_confusion,0.8104655742645264,jetski,FP
9268,9268.jpg,2,boat,0.82409,"[2414.36, 970.9, 80.16, 102.64]",90.70624234307141,>64,class_confusion,0.9012115001678467,jetski,FP
9269,9269.jpg,2,boat,0.79655,"[2374.94, 968.06, 80.94, 102.01]",90.86632709645527,>64,class_confusion,0.8889421820640564,jetski,FP
9270,9270.jpg,2,boat,0.73719,"[2970.0, 1042.88, 77.43, 112.04]",93.14106076269478,>64,background,0.27616655826568604,,FP
9271,9271.jpg,2,boat,0.75246,"[3004.11, 1054.44, 73.98, 111.93]",90.99769997093334,>64,class_confusion,0.8470131754875183,jetski,FP
9272,9272.jpg,2,boat,0.76863,"[2969.66, 1048.18, 71.76, 113.82]",90.37545684531835,>64,class_confusion,0.8119339942932129,jetski,FP
9272,9272.jpg,3,jetski,0.26897,"[3254.17, 1601.82, 120.78, 40.01]",69.51552200767826,>64,background,0.4973548650741577,,FP
9273,9273.jpg,2,boat,0.84568,"[2897.35, 1050.09, 70.24, 110.47]",88.0875291968165,>64,class_confusion,0.7756088376045227,jetski,FP
9274,9274.jpg,2,boat,0.66585,"[2800.63, 1046.48, 63.73, 109.1]",83.38430907550892,>64,class_confusion,0.7565531730651855,jetski,FP
9274,9274.jpg,5,buoy,0.43273,"[2802.26, 1046.64, 61.14, 108.53]",81.45872697262092,>64,class_confusion,0.7461140155792236,jetski,FP
9821,9821.jpg,5,buoy,0.3173,"[1974.01, 1271.82, 32.02, 30.06]",31.024525782032512,16-32,class_confusion,0.8074739575386047,swimmer,FP
9824,9824.jpg,5,buoy,0.37022,"[1985.98, 1261.58, 28.73, 43.32]",35.27865643700168,32-64,class_confusion,0.745411217212677,swimmer,FP
9826,9826.jpg,2,boat,0.33946,"[2263.25, 440.81, 130.91, 42.39]",74.49345541723783,>64,class_confusion,0.7438205480575562,jetski,FP
9826,9826.jpg,5,buoy,0.29238,"[931.65, 1350.83, 24.78, 26.54]",25.64490592690876,16-32,class_confusion,0.7453749775886536,swimmer,FP
9827,9827.jpg,5,buoy,0.34895,"[1994.31, 1256.12, 31.95, 37.24]",34.49373856223764,32-64,background,0.4941091537475586,,FP
9827,9827.jpg,2,boat,0.28518,"[2847.74, 1717.47, 97.1, 66.34]",80.2596660845284,>64,class_confusion,0.6943073868751526,swimmer,FP
9828,9828.jpg,5,buoy,0.32051,"[1993.4, 1264.44, 44.28, 30.25]",36.59877047115108,32-64,class_confusion,0.5979783535003662,swimmer,FP
9831,9831.jpg,2,boat,0.342,"[2391.96, 498.61, 111.2, 33.26]",60.815392788339366,32-64,class_confusion,0.6058744192123413,jetski,FP
9831,9831.jpg,5,buoy,0.28305,"[2035.3, 1279.81, 30.27, 32.81]",31.51442050871315,16-32,background,0.39599764347076416,,FP
9831,9831.jpg,2,boat,0.25236,"[2390.88, 491.33, 134.98, 39.43]",72.95383060539042,>64,class_confusion,0.9085543751716614,jetski,FP
9832,9832.jpg,2,boat,0.37481,"[2414.22, 506.57, 141.46, 36.54]",71.89539901829602,>64,class_confusion,0.7604924440383911,jetski,FP
9834,9834.jpg,2,boat,0.34071,"[2452.69, 523.77, 146.3, 36.68]",73.25492474912524,>64,class_confusion,0.8041592836380005,jetski,FP
9835,9835.jpg,5,buoy,0.64064,"[2053.3, 1292.95, 28.64, 33.17]",30.821888326317712,16-32,background,0.36397919058799744,,FP
9835,9835.jpg,2,boat,0.35486,"[2473.44, 533.39, 144.64, 37.08]",73.2342215088001,>64,class_confusion,0.788467288017273,jetski,FP
9836,9836.jpg,5,buoy,0.43445,"[2046.92, 1300.8, 34.64, 29.58]",32.010173382848144,32-64,class_confusion,0.5052512884140015,swimmer,FP
9836,9836.jpg,2,boat,0.26829,"[2494.39, 542.01, 106.73, 37.89]",63.59245002356805,32-64,class_confusion,0.6849594712257385,jetski,FP
9836,9836.jpg,2,boat,0.25052,"[2493.6, 539.81, 146.83, 41.08]",77.66451184421364,>64,class_confusion,0.9336912631988525,jetski,FP
9837,9837.jpg,2,boat,0.50906,"[2510.44, 548.29, 146.78, 41.89]",78.41309967090957,>64,class_confusion,0.9535254836082458,jetski,FP
9838,9838.jpg,2,boat,0.45458,"[2525.28, 559.61, 149.7, 38.96]",76.36957509375053,>64,class_confusion,0.8584094047546387,jetski,FP
9838,9838.jpg,5,buoy,0.26337,"[1086.25, 1089.7, 23.47, 24.11]",23.787847737868173,16-32,class_confusion,0.6851587295532227,swimmer,FP
9838,9838.jpg,5,buoy,0.25052,"[2045.45, 1308.77, 27.8, 31.22]",29.4604141179312,16-32,background,0.3238495886325836,,FP
9839,9839.jpg,5,buoy,0.48093,"[2038.26, 1312.27, 26.98, 32.0]",29.382988275531133,16-32,background,0.3068085312843323,,FP
9840,9840.jpg,2,boat,0.4244,"[0.01, 755.81, 65.68, 127.6]",91.54653461491593,>64,background,0.0,,FP
9840,9840.jpg,2,boat,0.35378,"[0.0, 762.97, 44.35, 122.9]",73.82828048925425,>64,background,0.0,,FP
9840,9840.jpg,2,boat,0.30724,"[2558.19, 553.99, 146.61, 57.43]",91.75953519934592,>64,class_confusion,0.6781877279281616,jetski,FP
9840,9840.jpg,5,buoy,0.25138,"[2033.43, 1316.94, 32.11, 33.98]",33.03176955598958,32-64,background,0.48709651827812195,,FP
9841,9841.jpg,2,boat,0.5095,"[0.06, 723.78, 135.76, 144.32]",139.97458054946975,>64,background,0.0,,FP
9841,9841.jpg,2,boat,0.36141,"[2577.75, 582.85, 121.83, 37.54]",67.62764375608542,>64,class_confusion,0.6766646504402161,jetski,FP
9841,9841.jpg,2,boat,0.27473,"[2576.68, 577.35, 153.72, 43.15]",81.44334226933469,>64,class_confusion,0.9365057349205017,jetski,FP
9842,9842.jpg,2,boat,0.38523,"[2598.19, 602.46, 151.36, 33.37]",71.0695659195974,>64,class_confusion,0.7702443599700928,jetski,FP
9842,9842.jpg,5,buoy,0.32175,"[2048.08, 1340.38, 26.91, 26.15]",26.527278412984625,16-32,background,0.2792438268661499,,FP
9843,9843.jpg,5,buoy,0.47458,"[2056.26, 1342.45, 29.79, 30.08]",29.934648820388723,16-32,background,0.3232622742652893,,FP
9843,9843.jpg,2,boat,0.46183,"[2616.29, 610.47, 158.03, 43.67]",83.07328150494598,>64,class_confusion,0.922648012638092,jetski,FP
9843,9843.jpg,2,boat,0.32844,"[2617.78, 597.02, 136.04, 56.45]",87.63251679599303,>64,class_confusion,0.6418707370758057,jetski,FP
9843,9843.jpg,5,buoy,0.32303,"[1198.3, 1014.18, 21.4, 22.79]",22.084066654490968,16-32,class_confusion,0.7148312926292419,swimmer,FP
9844,9844.jpg,5,buoy,0.51418,"[2064.83, 1346.7, 26.94, 27.08]",27.00990929270219,16-32,background,0.31017500162124634,,FP
9844,9844.jpg,2,boat,0.45238,"[2638.1, 637.51, 156.79, 33.74]",72.73303651024065,>64,class_confusion,0.7591390609741211,jetski,FP
9844,9844.jpg,2,boat,0.39705,"[2639.32, 630.54, 119.08, 40.63]",69.55731737207812,>64,class_confusion,0.702521026134491,jetski,FP
9845,9845.jpg,2,boat,0.72173,"[2655.04, 631.75, 160.45, 56.78]",95.44815870408397,>64,class_confusion,0.7224439978599548,jetski,FP
9845,9845.jpg,5,buoy,0.27751,"[2060.85, 1357.22, 39.6, 29.76]",34.32922952820235,32-64,class_confusion,0.5456023216247559,swimmer,FP
9846,9846.jpg,2,boat,0.53011,"[2672.58, 643.99, 163.6, 58.51]",97.83780455427237,>64,class_confusion,0.7052688598632812,jetski,FP
9846,9846.jpg,5,buoy,0.28728,"[1281.81, 961.24, 21.51, 23.24]",22.358273636396884,16-32,class_confusion,0.6136437058448792,swimmer,FP
9847,9847.jpg,5,buoy,0.47245,"[2070.27, 1362.75, 28.08, 29.76]",28.907798255834013,16-32,background,0.3264313340187073,,FP
9847,9847.jpg,2,boat,0.36276,"[223.56, 534.47, 289.42, 127.63]",192.1943667228569,>64,duplicate,0.7573826909065247,boat,FP
9847,9847.jpg,2,boat,0.29205,"[2686.35, 665.49, 165.23, 49.98]",90.87461361678518,>64,class_confusion,0.8578145503997803,jetski,FP
9848,9848.jpg,2,boat,0.41785,"[2706.65, 661.72, 163.12, 62.62]",101.06717765921833,>64,class_confusion,0.707550585269928,jetski,FP
9848,9848.jpg,5,buoy,0.29911,"[2070.68, 1363.92, 28.67, 27.43]",28.04314711297575,16-32,background,0.29788535833358765,,FP
9848,9848.jpg,5,buoy,0.26469,"[1345.17, 922.65, 19.52, 25.05]",22.112801722079453,16-32,class_confusion,0.7556097507476807,swimmer,FP
9849,9849.jpg,5,buoy,0.39297,"[2067.53, 1364.98, 32.68, 30.63]",31.63840071811469,16-32,background,0.45499342679977417,,FP
9850,9850.jpg,2,boat,0.44095,"[2737.66, 679.48, 169.4, 65.53]",105.36024867092902,>64,class_confusion,0.6713041067123413,jetski,FP
9850,9850.jpg,2,boat,0.28196,"[486.23, 454.58, 220.63, 114.78]",159.1348842963101,>64,duplicate,0.7143704891204834,boat,FP
9850,9850.jpg,5,buoy,0.26359,"[1411.84, 897.81, 20.77, 23.97]",22.312707141895622,16-32,class_confusion,0.7564347386360168,swimmer,FP
9851,9851.jpg,5,buoy,0.37648,"[2064.42, 1371.64, 29.79, 24.25]",26.877639405275158,16-32,background,0.2715822160243988,,FP
9851,9851.jpg,2,boat,0.30391,"[2760.21, 688.81, 170.53, 66.78]",106.71454165201666,>64,class_confusion,0.6809804439544678,jetski,FP
9851,9851.jpg,2,boat,0.26576,"[585.19, 427.95, 185.68, 106.18]",140.41190262937113,>64,duplicate,0.6667743921279907,boat,FP
9852,9852.jpg,5,buoy,0.57012,"[2057.24, 1372.39, 28.16, 26.67]",27.404875478644307,16-32,background,0.2600504755973816,,FP
9852,9852.jpg,2,boat,0.43092,"[2780.05, 699.45, 166.43, 64.65]",103.72897136287432,>64,class_confusion,0.7011348605155945,jetski,FP
9852,9852.jpg,2,boat,0.26217,"[647.11, 405.62, 190.68, 104.21]",140.96369319792953,>64,duplicate,0.6904361844062805,boat,FP
9853,9853.jpg,2,boat,0.46116,"[2798.83, 708.51, 167.74, 66.09]",105.2897744322781,>64,class_confusion,0.6952952742576599,jetski,FP
9853,9853.jpg,5,buoy,0.41842,"[2052.42, 1371.38, 27.38, 32.63]",29.88995483435865,16-32,background,0.3771228492259979,,FP
9853,9853.jpg,5,buoy,0.34511,"[1505.6, 866.41, 21.51, 22.67]",22.082384382126858,16-32,class_confusion,0.6804087162017822,swimmer,FP
9854,9854.jpg,2,boat,0.44176,"[2812.83, 721.55, 172.53, 67.51]",107.92358546675514,>64,class_confusion,0.669843316078186,jetski,FP
9854,9854.jpg,5,buoy,0.43907,"[2042.87, 1375.84, 30.33, 33.47]",31.861341779655167,16-32,background,0.46480849385261536,,FP
9854,9854.jpg,2,boat,0.2999,"[2814.27, 719.94, 121.33, 65.07]",88.8534923342915,>64,class_confusion,0.56519615650177,jetski,FP
9855,9855.jpg,2,boat,0.67524,"[2826.71, 729.36, 175.12, 66.8]",108.15736683185293,>64,class_confusion,0.6749863028526306,jetski,FP
9855,9855.jpg,5,buoy,0.4273,"[2032.89, 1380.85, 27.8, 31.09]",29.39901358889444,16-32,background,0.3820944130420685,,FP
9855,9855.jpg,5,buoy,0.30503,"[1566.03, 849.48, 23.3, 23.79]",23.543725278723418,16-32,class_confusion,0.6577913761138916,swimmer,FP
9856,9856.jpg,2,boat,0.6344,"[2845.52, 736.92, 170.61, 67.98]",107.69432575581686,>64,class_confusion,0.6848554015159607,jetski,FP
9856,9856.jpg,5,buoy,0.58417,"[2033.55, 1387.37, 25.63, 28.79]",27.164088425713828,16-32,background,0.21173164248466492,,FP
9856,9856.jpg,5,buoy,0.27872,"[1601.98, 843.9, 21.09, 23.74]",22.375803896173203,16-32,class_confusion,0.7213315367698669,swimmer,FP
9857,9857.jpg,5,buoy,0.58153,"[2030.55, 1388.72, 28.95, 29.45]",29.198929774907846,16-32,background,0.33539482951164246,,FP
9857,9857.jpg,2,boat,0.43604,"[2856.65, 743.81, 176.86, 70.62]",111.75801179333857,>64,class_confusion,0.7181870937347412,jetski,FP
9857,9857.jpg,2,boat,0.27318,"[2856.91, 743.78, 126.35, 69.11]",93.4454305998961,>64,class_confusion,0.5694869756698608,jetski,FP
9858,9858.jpg,5,buoy,0.51773,"[2027.74, 1391.49, 34.3, 29.07]",31.576906118237737,16-32,background,0.42611128091812134,,FP
9858,9858.jpg,2,boat,0.47703,"[2871.92, 762.69, 173.5, 65.72]",106.78211460726932,>64,class_confusion,0.8240618109703064,jetski,FP
9858,9858.jpg,5,buoy,0.46649,"[1678.29, 824.24, 18.5, 25.18]",21.583095236781958,16-32,class_confusion,0.6501507759094238,swimmer,FP
9858,9858.jpg,2,boat,0.31363,"[2872.12, 761.16, 132.94, 60.21]",89.4668508443211,>64,class_confusion,0.6942516565322876,jetski,FP
9859,9859.jpg,5,buoy,0.48008,"[2030.05, 1392.73, 31.4, 28.28]",29.79919461998931,16-32,background,0.3627408444881439,,FP
9859,9859.jpg,2,boat,0.41891,"[2880.69, 764.38, 178.22, 75.72]",116.16720019007086,>64,class_confusion,0.7966712117195129,jetski,FP
9860,9860.jpg,5,buoy,0.7341,"[2035.38, 1390.98, 28.68, 31.33]",29.975730182932992,16-32,background,0.4516274631023407,,FP
9860,9860.jpg,2,boat,0.51026,"[2899.4, 775.76, 177.03, 76.1]",116.068871796016,>64,class_confusion,0.7944903373718262,jetski,FP
9860,9860.jpg,5,buoy,0.39612,"[1753.83, 800.85, 19.44, 23.3]",21.282669005554734,16-32,class_confusion,0.6732444167137146,swimmer,FP
9861,9861.jpg,2,boat,0.72043,"[2915.48, 785.98, 173.96, 83.84]",120.76757180634212,>64,class_confusion,0.7649224996566772,jetski,FP
9861,9861.jpg,5,buoy,0.63503,"[2041.33, 1388.75, 28.8, 31.27]",30.009598464491322,16-32,class_confusion,0.5924823880195618,swimmer,FP
9862,9862.jpg,2,boat,0.71795,"[2929.0, 796.08, 178.4, 85.33]",123.38100340003723,>64,class_confusion,0.74830561876297,jetski,FP
9862,9862.jpg,5,buoy,0.42523,"[2039.9, 1385.66, 31.32, 30.9]",31.10929121661244,16-32,class_confusion,0.6883260607719421,swimmer,FP
10417,10417.jpg,2,boat,0.56057,"[2322.18, 753.5, 275.36, 101.84]",167.45943508802364,>64,class_confusion,0.8093330264091492,jetski,FP
10418,10418.jpg,2,boat,0.61735,"[2167.54, 679.12, 268.27, 101.1]",164.6878775137988,>64,class_confusion,0.9050418138504028,jetski,FP
10419,10419.jpg,3,jetski,0.27555,"[2460.23, 586.02, 432.8, 186.75]",284.29808300444097,>64,class_confusion,0.5443454384803772,boat,FP
10422,10422.jpg,2,boat,0.46826,"[2898.92, 723.86, 244.97, 174.49]",206.7481929788021,>64,class_confusion,0.9194753170013428,jetski,FP
10427,10427.jpg,3,jetski,0.386,"[3456.37, 1405.18, 168.49, 119.22]",141.7299467296873,>64,class_confusion,0.6657341122627258,swimmer,FP
10427,10427.jpg,2,boat,0.36061,"[3456.94, 1405.43, 168.13, 118.84]",141.35264129120475,>64,class_confusion,0.6619055867195129,swimmer,FP
10429,10429.jpg,3,jetski,0.43046,"[2760.5, 556.66, 409.52, 297.19]",348.8627936596277,>64,class_confusion,0.7430949807167053,boat,FP
10430,10430.jpg,3,jetski,0.61495,"[2774.94, 557.77, 401.42, 302.32]",348.36373864109333,>64,class_confusion,0.7742761373519897,boat,FP
10431,10431.jpg,3,jetski,0.25694,"[2782.57, 565.55, 402.41, 299.96]",347.42899073048005,>64,class_confusion,0.7681395411491394,boat,FP
10433,10433.jpg,3,jetski,0.45876,"[2825.15, 619.33, 421.67, 292.72]",351.3278275343415,>64,class_confusion,0.780601441860199,boat,FP
10433,10433.jpg,3,jetski,0.37781,"[2945.04, 2060.77, 146.72, 65.85]",98.29299059444676,>64,class_confusion,0.8525204658508301,swimmer,FP
10433,10433.jpg,2,boat,0.36359,"[2659.82, 1959.46, 98.38, 63.53]",79.05745632133632,>64,class_confusion,0.8233742117881775,swimmer,FP
10434,10434.jpg,3,jetski,0.38569,"[2855.8, 655.93, 440.76, 308.41]",368.6933571411343,>64,class_confusion,0.734156608581543,boat,FP
10437,10437.jpg,3,jetski,0.35085,"[2904.61, 921.59, 464.64, 368.76]",413.93314242761477,>64,class_confusion,0.7623529434204102,boat,FP
10438,10438.jpg,3,jetski,0.29321,"[2903.75, 909.64, 474.76, 377.37]",423.27317562066224,>64,class_confusion,0.7509133219718933,boat,FP
10443,10443.jpg,3,jetski,0.34314,"[2786.89, 716.48, 393.9, 324.78]",357.6742120981047,>64,class_confusion,0.7697430849075317,boat,FP
10444,10444.jpg,3,jetski,0.2864,"[2730.18, 671.16, 358.47, 288.14]",321.38690981432336,>64,class_confusion,0.7730893492698669,boat,FP
10445,10445.jpg,3,jetski,0.3612,"[2647.19, 607.17, 339.06, 259.54]",296.6473198935059,>64,class_confusion,0.7733535766601562,boat,FP
10446,10446.jpg,3,jetski,0.4322,"[2666.04, 1568.14, 97.97, 72.5]",84.27825935554198,>64,class_confusion,0.89141446352005,swimmer,FP
10446,10446.jpg,3,jetski,0.43027,"[2611.18, 508.14, 326.78, 240.91]",280.5789903039784,>64,class_confusion,0.7613632678985596,boat,FP
10447,10447.jpg,3,jetski,0.37786,"[2585.48, 430.61, 318.94, 235.82]",274.2488483111643,>64,class_confusion,0.7606760263442993,boat,FP
10447,10447.jpg,2,boat,0.36369,"[1032.34, 1442.18, 110.18, 50.26]",74.4153666926395,>64,class_confusion,0.5282617807388306,swimmer,FP
10448,10448.jpg,3,jetski,0.42642,"[1003.17, 1387.98, 164.51, 48.47]",89.29613485476288,>64,class_confusion,0.8165984749794006,swimmer,FP
10448,10448.jpg,2,boat,0.39243,"[1002.89, 1388.35, 166.87, 47.59]",89.11421491546677,>64,class_confusion,0.8220645785331726,swimmer,FP
10449,10449.jpg,3,jetski,0.29195,"[997.27, 1382.51, 131.83, 41.3]",73.78739052168737,>64,class_confusion,0.6549484133720398,swimmer,FP
10450,10450.jpg,3,jetski,0.49904,"[2537.28, 358.53, 315.12, 240.47]",275.27605489762453,>64,class_confusion,0.7748534679412842,boat,FP
10450,10450.jpg,2,boat,0.32478,"[986.87, 1382.24, 116.17, 63.02]",85.56303758048799,>64,class_confusion,0.8059451580047607,swimmer,FP
10450,10450.jpg,2,boat,0.27178,"[2384.79, 1383.86, 61.89, 38.85]",49.03495182010481,32-64,class_confusion,0.873094916343689,swimmer,FP
10451,10451.jpg,2,boat,0.3056,"[989.48, 1427.86, 109.79, 65.21]",84.61327259951597,>64,class_confusion,0.7112400531768799,swimmer,FP
10453,10453.jpg,3,jetski,0.33617,"[2481.19, 501.11, 298.02, 232.9]",263.4556091640487,>64,class_confusion,0.7654643058776855,boat,FP
10454,10454.jpg,2,boat,0.30931,"[995.74, 1538.96, 99.53, 69.76]",83.32594313897684,>64,class_confusion,0.6371501088142395,swimmer,FP
10456,10456.jpg,3,jetski,0.30671,"[2393.9, 507.05, 291.29, 226.49]",256.8545738350789,>64,class_confusion,0.7001487016677856,boat,FP
10457,10457.jpg,3,jetski,0.35105,"[2395.12, 338.48, 288.23, 232.98]",259.13669250030955,>64,class_confusion,0.7741263508796692,boat,FP
10458,10458.jpg,3,jetski,0.3594,"[2392.31, 336.18, 283.75, 234.55]",257.9797714938131,>64,class_confusion,0.7760962843894958,boat,FP
10460,10460.jpg,3,jetski,0.33611,"[2382.5, 342.24, 294.14, 228.71]",259.36992770943976,>64,class_confusion,0.7512370944023132,boat,FP
10461,10461.jpg,3,jetski,0.32033,"[2377.1, 347.75, 296.13, 226.72]",259.1111607013484,>64,class_confusion,0.7451624274253845,boat,FP
10462,10462.jpg,3,jetski,0.26869,"[2375.56, 349.17, 295.59, 226.41]",258.69776168339763,>64,class_confusion,0.7554457187652588,boat,FP
10463,10463.jpg,3,jetski,0.38737,"[2339.68, 350.89, 288.21, 229.2]",257.0169877654004,>64,class_confusion,0.7663751244544983,boat,FP
10465,10465.jpg,3,jetski,0.28997,"[3257.98, 592.32, 251.53, 301.28]",275.28341468384906,>64,localization,0.27729833126068115,jetski,FP
10740,10740.jpg,2,boat,0.45758,"[976.6, 850.63, 112.81, 120.76]",116.71733204627323,>64,duplicate,0.8728933930397034,boat,FP
10740,10740.jpg,5,buoy,0.35907,"[1628.79, 980.28, 24.89, 27.82]",26.31425089186466,16-32,background,0.4525756239891052,,FP
10741,10741.jpg,5,buoy,0.28857,"[1627.72, 980.22, 25.49, 27.72]",26.58162523247967,16-32,background,0.4203445017337799,,FP
10742,10742.jpg,2,boat,0.34855,"[971.7, 847.56, 115.28, 121.38]",118.29068602387933,>64,duplicate,0.9028720259666443,boat,FP
10742,10742.jpg,5,buoy,0.28313,"[1630.81, 980.6, 19.93, 26.34]",22.911922660483995,16-32,background,0.40319421887397766,,FP
10743,10743.jpg,2,boat,0.50993,"[968.78, 839.16, 192.9, 131.75]",159.41949378918503,>64,duplicate,0.5568078756332397,boat,FP
10743,10743.jpg,5,buoy,0.29569,"[1627.98, 979.63, 21.74, 26.97]",24.214206573827685,16-32,class_confusion,0.5011025071144104,swimmer,FP
10744,10744.jpg,2,boat,0.37373,"[970.74, 840.72, 183.45, 129.54]",154.15613189231235,>64,duplicate,0.6067112684249878,boat,FP
10744,10744.jpg,5,buoy,0.30102,"[1627.34, 977.36, 23.66, 30.84]",27.012486001847368,16-32,class_confusion,0.5527856349945068,swimmer,FP
10745,10745.jpg,5,buoy,0.3141,"[1628.82, 978.47, 22.61, 29.96]",26.026824623837616,16-32,class_confusion,0.5401879549026489,swimmer,FP
10746,10746.jpg,5,buoy,0.25652,"[1625.67, 981.9, 25.79, 27.39]",26.577962675871152,16-32,class_confusion,0.6646919250488281,swimmer,FP
10747,10747.jpg,5,buoy,0.4475,"[1746.0, 894.63, 24.13, 23.22]",23.670627368111727,16-32,background,0.17849567532539368,,FP
10747,10747.jpg,5,buoy,0.27995,"[1626.85, 979.3, 24.67, 31.21]",27.747985512465586,16-32,class_confusion,0.6666268110275269,swimmer,FP
10750,10750.jpg,5,buoy,0.30006,"[1757.99, 885.27, 21.78, 27.28]",24.37536461265759,16-32,background,0.23852276802062988,,FP
10755,10755.jpg,5,buoy,0.26257,"[1766.72, 867.08, 22.48, 25.67]",24.022106485485406,16-32,background,0.2881055474281311,,FP
10758,10758.jpg,5,buoy,0.37051,"[1628.28, 979.46, 22.51, 28.46]",25.310760557517828,16-32,class_confusion,0.5040407776832581,swimmer,FP
10760,10760.jpg,5,buoy,0.35076,"[1749.48, 848.75, 23.79, 27.62]",25.633567835945115,16-32,background,0.40213045477867126,,FP
10761,10761.jpg,5,buoy,0.34018,"[1741.52, 845.89, 27.98, 27.63]",27.80444928424226,16-32,background,0.48093199729919434,,FP
10761,10761.jpg,5,buoy,0.3364,"[1627.46, 975.65, 22.77, 32.91]",27.3744534192009,16-32,class_confusion,0.5628339052200317,swimmer,FP
10762,10762.jpg,5,buoy,0.32438,"[1628.91, 973.25, 22.0, 32.97]",26.932136937124017,16-32,class_confusion,0.5884922742843628,swimmer,FP
10765,10765.jpg,5,buoy,0.25207,"[1634.34, 979.29, 23.1, 29.75]",26.214976635503607,16-32,class_confusion,0.6135926246643066,swimmer,FP
10766,10766.jpg,5,buoy,0.30322,"[1633.06, 975.05, 26.11, 30.06]",28.01547072601137,16-32,class_confusion,0.7931112051010132,swimmer,FP
10767,10767.jpg,5,buoy,0.35049,"[1633.6, 971.9, 28.31, 29.64]",28.967367847286365,16-32,class_confusion,0.6512068510055542,swimmer,FP
10769,10769.jpg,5,buoy,0.48236,"[1633.12, 973.89, 26.98, 31.45]",29.129383790255503,16-32,class_confusion,0.6381359100341797,swimmer,FP
10770,10770.jpg,5,buoy,0.41828,"[1634.52, 973.03, 25.32, 30.58]",27.82598785308439,16-32,class_confusion,0.5109332799911499,swimmer,FP
10771,10771.jpg,5,buoy,0.34867,"[1636.28, 973.98, 25.87, 31.46]",28.528410400861805,16-32,background,0.40857043862342834,,FP
10772,10772.jpg,5,buoy,0.32409,"[1637.23, 974.51, 23.38, 31.39]",27.09055554985907,16-32,background,0.42502561211586,,FP
10779,10779.jpg,2,boat,0.30439,"[933.12, 781.16, 170.4, 72.47]",111.12555061730853,>64,duplicate,0.8453270792961121,boat,FP
10782,10782.jpg,2,boat,0.25277,"[2110.98, 554.57, 152.81, 53.75]",90.62856889524407,>64,duplicate,0.6074620485305786,boat,FP
10784,10784.jpg,2,boat,0.39702,"[925.2, 630.76, 155.21, 57.71]",94.64232192840579,>64,duplicate,0.6487823724746704,boat,FP
10787,10787.jpg,2,boat,0.29829,"[2114.85, 549.72, 153.32, 53.2]",90.31402991783723,>64,duplicate,0.6107133626937866,boat,FP
10792,10792.jpg,5,buoy,0.25432,"[1626.52, 959.56, 28.24, 30.2]",29.203561426647948,16-32,class_confusion,0.6230620741844177,swimmer,FP
10793,10793.jpg,5,buoy,0.32157,"[1627.08, 963.78, 22.55, 24.69]",23.595751736276597,16-32,class_confusion,0.5593550205230713,swimmer,FP
10794,10794.jpg,5,buoy,0.32979,"[1625.98, 962.53, 24.84, 30.38]",27.47069711528996,16-32,class_confusion,0.6619629263877869,swimmer,FP
10795,10795.jpg,5,buoy,0.29133,"[1622.68, 960.53, 29.19, 27.9]",28.537711891460393,16-32,class_confusion,0.6493052244186401,swimmer,FP
10803,10803.jpg,2,boat,0.25094,"[1203.33, 630.95, 125.32, 49.12]",78.45838642235768,>64,duplicate,0.5770259499549866,boat,FP
10808,10808.jpg,2,boat,0.64284,"[0.04, 1490.81, 156.74, 167.67]",162.11291065180467,>64,background,0.0,,FP
10813,10813.jpg,5,buoy,0.51165,"[1600.69, 943.97, 23.56, 26.68]",25.071513715769136,16-32,background,0.4509202837944031,,FP
10815,10815.jpg,5,buoy,0.54682,"[1602.87, 942.6, 23.46, 35.56]",28.88317157100307,16-32,class_confusion,0.5853803753852844,swimmer,FP
10816,10816.jpg,5,buoy,0.40862,"[1601.29, 944.07, 22.41, 26.31]",24.281826537556846,16-32,background,0.484875351190567,,FP
10817,10817.jpg,5,buoy,0.35827,"[1597.59, 940.71, 24.78, 29.62]",27.09213169907455,16-32,class_confusion,0.5551536083221436,swimmer,FP
10818,10818.jpg,5,buoy,0.31174,"[1598.52, 938.81, 24.79, 30.57]",27.528717732578826,16-32,class_confusion,0.6790614724159241,swimmer,FP
10819,10819.jpg,5,buoy,0.47211,"[1597.86, 942.8, 24.6, 25.88]",25.231884590731624,16-32,class_confusion,0.7073856592178345,swimmer,FP
10820,10820.jpg,5,buoy,0.3722,"[1600.02, 947.85, 22.2, 27.64]",24.771112207569526,16-32,background,0.4477151036262512,,FP
10821,10821.jpg,5,buoy,0.26106,"[1598.97, 945.01, 26.88, 23.67]",25.223988582299985,16-32,class_confusion,0.5351127982139587,swimmer,FP
10821,10821.jpg,2,boat,0.25022,"[1301.44, 634.06, 124.57, 59.77]",86.28759412569109,>64,duplicate,0.6538262963294983,boat,FP
10822,10822.jpg,5,buoy,0.36218,"[1599.6, 944.05, 25.05, 23.96]",24.49893875252559,16-32,class_confusion,0.5174143314361572,swimmer,FP
10825,10825.jpg,5,buoy,0.44656,"[1437.32, 940.85, 26.21, 24.45]",25.314709162856285,16-32,class_confusion,0.6080014109611511,swimmer,FP
10825,10825.jpg,5,buoy,0.27468,"[1599.05, 938.65, 28.27, 23.68]",25.873414927295546,16-32,class_confusion,0.5697310566902161,swimmer,FP
10829,10829.jpg,5,buoy,0.27687,"[1433.33, 955.16, 25.51, 23.75]",24.61427431390168,16-32,background,0.43903103470802307,,FP
10830,10830.jpg,5,buoy,0.37618,"[1601.01, 934.73, 26.43, 27.7]",27.057549778204233,16-32,class_confusion,0.6496237516403198,swimmer,FP
10831,10831.jpg,5,buoy,0.54205,"[1436.35, 957.79, 19.08, 33.67]",25.346076619469137,16-32,class_confusion,0.7234465479850769,swimmer,FP
10832,10832.jpg,5,buoy,0.34927,"[1431.13, 962.92, 33.77, 33.09]",33.4282709693457,32-64,class_confusion,0.6984074711799622,swimmer,FP
10833,10833.jpg,2,boat,0.42495,"[1339.75, 634.21, 133.05, 57.13]",87.1845542513122,>64,duplicate,0.6547073721885681,boat,FP
10833,10833.jpg,5,buoy,0.40867,"[1602.71, 938.52, 26.08, 23.62]",24.819540688739586,16-32,class_confusion,0.5500069260597229,swimmer,FP
12007,12007.jpg,2,boat,0.30867,"[3226.69, 153.48, 45.78, 65.96]",54.951331194066626,32-64,class_confusion,0.875976026058197,jetski,FP
12008,12008.jpg,5,buoy,0.27959,"[3641.27, 771.05, 26.67, 26.42]",26.544705686822,16-32,background,0.48080286383628845,,FP
12011,12011.jpg,2,boat,0.27093,"[2891.62, 184.99, 56.33, 33.34]",43.33638425157318,32-64,background,0.3553902208805084,,FP
12013,12013.jpg,2,boat,0.43325,"[2764.6, 793.98, 101.18, 19.98]",44.961943908154154,32-64,class_confusion,0.5544728636741638,swimmer,FP
12015,12015.jpg,2,boat,0.33642,"[2362.02, 184.43, 65.95, 31.86]",45.83848819496559,32-64,background,0.3598133325576782,,FP
12015,12015.jpg,2,boat,0.30344,"[2317.55, 707.1, 95.02, 31.51]",54.718188932017846,32-64,background,0.4697432518005371,,FP
12015,12015.jpg,5,buoy,0.28661,"[2205.62, 679.47, 22.65, 25.75]",24.150310557009405,16-32,background,0.35512015223503113,,FP
12019,12019.jpg,2,boat,0.30476,"[1986.19, 121.76, 51.0, 22.99]",34.24164131580144,32-64,background,0.2545444071292877,,FP
12032,12032.jpg,2,boat,0.2977,"[1779.24, 493.96, 156.57, 51.19]",89.52551759135491,>64,background,0.0,,FP
12033,12033.jpg,2,boat,0.30599,"[1786.11, 501.8, 157.7, 50.04]",88.83303439599482,>64,background,0.0,,FP
12034,12034.jpg,2,boat,0.32227,"[1782.46, 606.91, 153.39, 40.63]",78.94451025878874,>64,background,0.0,,FP
12035,12035.jpg,2,boat,0.27023,"[1782.7, 604.1, 151.43, 43.28]",80.956101684802,>64,background,0.0,,FP
12036,12036.jpg,2,boat,0.29705,"[1782.68, 603.68, 153.53, 43.57]",81.78815378769715,>64,background,0.0,,FP
12037,12037.jpg,2,boat,0.25225,"[1783.42, 607.7, 150.21, 38.49]",76.0367207341295,>64,background,0.0,,FP
12039,12039.jpg,2,boat,0.32835,"[1800.94, 600.07, 142.97, 44.99]",80.2011240569607,>64,background,0.0,,FP
12040,12040.jpg,2,boat,0.40784,"[1798.5, 603.73, 155.48, 41.14]",79.97779191750669,>64,background,0.0,,FP
12041,12041.jpg,2,boat,0.34504,"[1803.62, 612.42, 146.25, 40.86]",77.30313706441673,>64,background,0.0,,FP
12042,12042.jpg,2,boat,0.35517,"[1798.55, 623.77, 154.56, 41.68]",80.26244950161937,>64,background,0.0,,FP
12049,12049.jpg,2,boat,0.29761,"[1728.13, 710.29, 176.61, 50.57]",94.504855430819,>64,background,0.0,,FP
12050,12050.jpg,2,boat,0.31109,"[1684.21, 712.86, 175.82, 48.93]",92.75167168304839,>64,background,0.0,,FP
12574,12574.jpg,2,boat,0.26286,"[2202.39, 761.72, 104.16, 107.17]",105.65428150340146,>64,background,0.4532580077648163,,FP
12577,12577.jpg,2,boat,0.30562,"[2161.43, 650.8, 97.06, 97.19]",97.1249782496758,>64,class_confusion,0.75530606508255,swimmer,FP
12579,12579.jpg,2,boat,0.30177,"[2048.86, 748.16, 91.25, 106.92]",98.77474373543068,>64,class_confusion,0.7876452207565308,swimmer,FP
12583,12583.jpg,5,buoy,0.28233,"[1589.83, 1715.9, 73.48, 122.91]",95.03381924346722,>64,background,0.2919886112213135,,FP
12594,12594.jpg,2,boat,0.81424,"[1129.81, 1698.75, 212.11, 78.7]",129.20161376701145,>64,localization,0.26621419191360474,boat,FP
13911,13911.jpg,5,buoy,0.25526,"[941.29, 262.26, 27.53, 51.18]",37.53645428113849,32-64,class_confusion,0.6162323951721191,swimmer,FP
13919,13919.jpg,5,buoy,0.48363,"[204.22, 635.45, 55.84, 46.23]",50.80829853478662,32-64,class_confusion,0.8717326521873474,swimmer,FP
13920,13920.jpg,5,buoy,0.34267,"[201.47, 640.64, 52.84, 57.45]",55.09680571503216,32-64,class_confusion,0.7426294684410095,swimmer,FP
13921,13921.jpg,5,buoy,0.32156,"[196.76, 639.24, 53.07, 63.49]",58.04665623444644,32-64,class_confusion,0.686676561832428,swimmer,FP
13922,13922.jpg,2,boat,0.55156,"[615.41, 816.93, 58.81, 37.62]",47.03649859417684,32-64,class_confusion,0.8434737920761108,swimmer,FP
13922,13922.jpg,5,buoy,0.25005,"[192.82, 633.15, 55.04, 63.47]",59.10489658226296,32-64,class_confusion,0.674248993396759,swimmer,FP
13924,13924.jpg,5,buoy,0.33909,"[201.0, 607.41, 50.64, 69.49]",59.32093728187375,32-64,class_confusion,0.5986045598983765,swimmer,FP
13926,13926.jpg,5,buoy,0.25782,"[644.27, 622.32, 38.49, 46.56]",42.333135957545124,32-64,class_confusion,0.7594208121299744,swimmer,FP
13927,13927.jpg,5,buoy,0.37488,"[706.63, 597.43, 39.68, 45.48]",42.4811299284753,32-64,class_confusion,0.746955931186676,swimmer,FP
13928,13928.jpg,5,buoy,0.3648,"[347.42, 460.32, 45.61, 53.3]",49.30530397431903,32-64,class_confusion,0.6362606883049011,swimmer,FP
13929,13929.jpg,5,buoy,0.48736,"[466.56, 355.93, 50.08, 49.95]",50.01495776265337,32-64,class_confusion,0.6468160152435303,swimmer,FP
13929,13929.jpg,2,boat,0.32364,"[467.69, 356.64, 47.05, 47.77]",47.408633180044326,32-64,class_confusion,0.63731449842453,swimmer,FP
13930,13930.jpg,2,boat,0.39997,"[621.2, 337.15, 50.67, 48.2]",49.419571022015155,32-64,class_confusion,0.7234041690826416,swimmer,FP
13930,13930.jpg,5,buoy,0.38029,"[1081.4, 368.99, 39.3, 46.06]",42.54595162879777,32-64,class_confusion,0.7826794385910034,swimmer,FP
13930,13930.jpg,5,buoy,0.37586,"[620.87, 337.3, 67.92, 49.61]",58.04749090184691,32-64,class_confusion,0.6202690005302429,swimmer,FP
13932,13932.jpg,2,boat,0.25127,"[740.38, 325.03, 61.26, 48.73]",54.636981981072125,32-64,class_confusion,0.7919931411743164,swimmer,FP
13933,13933.jpg,2,boat,0.35019,"[724.18, 313.36, 51.75, 45.37]",48.455108089859834,32-64,class_confusion,0.7105952501296997,swimmer,FP
13933,13933.jpg,5,buoy,0.29186,"[1200.98, 349.15, 44.87, 45.84]",45.35240677185721,32-64,background,0.48718753457069397,,FP
13933,13933.jpg,5,buoy,0.25915,"[1585.27, 986.28, 37.72, 48.75]",42.88181432728797,32-64,class_confusion,0.6997660994529724,swimmer,FP
13934,13934.jpg,5,buoy,0.38648,"[661.88, 291.31, 52.05, 46.38]",49.13327792850789,32-64,class_confusion,0.6186416745185852,swimmer,FP
13935,13935.jpg,5,buoy,0.25566,"[1039.38, 298.01, 46.44, 45.3]",45.86645833286019,32-64,background,0.38572928309440613,,FP
13937,13937.jpg,5,buoy,0.33595,"[1263.94, 939.3, 43.52, 45.2]",44.35204617602214,32-64,class_confusion,0.5617371201515198,swimmer,FP
13938,13938.jpg,5,buoy,0.25697,"[894.68, 393.28, 25.43, 39.76]",31.797748347956965,16-32,background,0.07523509114980698,,FP
13938,13938.jpg,5,buoy,0.25221,"[893.92, 386.44, 31.75, 47.87]",38.985542191945974,32-64,background,0.09489454329013824,,FP
13939,13939.jpg,5,buoy,0.43764,"[475.46, 644.34, 45.86, 47.36]",46.60396549651113,32-64,class_confusion,0.8376793265342712,swimmer,FP
13945,13945.jpg,2,boat,0.25063,"[535.72, 558.3, 45.33, 42.46]",43.871537470209546,32-64,class_confusion,0.7714778184890747,swimmer,FP
13951,13951.jpg,5,buoy,0.31098,"[1008.34, 822.24, 30.96, 34.87]",32.85688968846564,32-64,background,0.44317570328712463,,FP
13951,13951.jpg,2,boat,0.266,"[740.95, 377.9, 41.07, 30.3]",35.27635185219696,32-64,class_confusion,0.8182824850082397,swimmer,FP
13954,13954.jpg,5,buoy,0.63541,"[1340.81, 431.32, 30.4, 26.41]",28.334854861107015,16-32,background,0.40348514914512634,,FP
13955,13955.jpg,5,buoy,0.25605,"[1583.6, 535.16, 35.03, 28.93]",31.834225292913914,16-32,background,0.4445171058177948,,FP
13956,13956.jpg,2,boat,0.34088,"[1748.47, 624.99, 32.63, 28.54]",30.51655616218842,16-32,class_confusion,0.7404300570487976,swimmer,FP
13957,13957.jpg,2,boat,0.262,"[1808.42, 628.34, 29.74, 34.74]",32.142924571357845,32-64,class_confusion,0.6359119415283203,swimmer,FP
13959,13959.jpg,2,boat,0.35396,"[1860.05, 620.62, 33.97, 38.76]",36.28604690511216,32-64,class_confusion,0.790000855922699,swimmer,FP
13961,13961.jpg,2,boat,0.55609,"[1799.1, 520.18, 34.61, 34.91]",34.75967635062214,32-64,class_confusion,0.6007257699966431,swimmer,FP
13961,13961.jpg,5,buoy,0.27109,"[1629.15, 961.92, 29.54, 38.95]",33.92024469251364,32-64,background,0.44540712237358093,,FP
13962,13962.jpg,2,boat,0.46751,"[1739.69, 453.63, 32.81, 33.57]",33.187824574684015,32-64,class_confusion,0.5903136134147644,swimmer,FP
13962,13962.jpg,2,boat,0.28135,"[1471.99, 161.83, 37.77, 48.38]",42.74707709305983,32-64,class_confusion,0.6129053831100464,swimmer,FP
13962,13962.jpg,2,boat,0.25218,"[1619.28, 429.13, 38.33, 24.29]",30.512877609298013,16-32,class_confusion,0.5522186160087585,swimmer,FP
13963,13963.jpg,2,boat,0.44463,"[1635.34, 381.02, 31.84, 34.12]",32.96029126084901,32-64,class_confusion,0.6488878130912781,swimmer,FP
13963,13963.jpg,5,buoy,0.39684,"[1385.5, 108.29, 37.1, 30.82]",33.81452350691933,32-64,class_confusion,0.5768930912017822,swimmer,FP
13963,13963.jpg,5,buoy,0.2696,"[1634.82, 375.54, 33.04, 40.16]",36.42645192713668,32-64,class_confusion,0.7522972822189331,swimmer,FP
13964,13964.jpg,2,boat,0.41148,"[1545.17, 336.43, 34.0, 34.06]",34.02998677637122,32-64,class_confusion,0.6100720167160034,swimmer,FP
13965,13965.jpg,2,boat,0.4136,"[1253.85, 51.07, 35.66, 24.84]",29.762298298350547,16-32,class_confusion,0.5827605128288269,swimmer,FP
13965,13965.jpg,2,boat,0.39468,"[1475.11, 316.5, 34.54, 28.83]",31.55611192780251,16-32,class_confusion,0.6710796356201172,swimmer,FP
13966,13966.jpg,2,boat,0.41619,"[1429.46, 311.71, 35.24, 27.24]",30.982859777625436,16-32,class_confusion,0.7214947938919067,swimmer,FP
13966,13966.jpg,2,boat,0.33364,"[1205.87, 47.66, 32.13, 23.92]",27.722727138577117,16-32,class_confusion,0.6469275951385498,swimmer,FP
13967,13967.jpg,2,boat,0.49191,"[1419.77, 314.54, 32.77, 30.28]",31.50040634658544,16-32,class_confusion,0.5501828193664551,swimmer,FP
13967,13967.jpg,2,boat,0.46327,"[1195.99, 46.9, 31.74, 20.62]",25.58278327313117,16-32,class_confusion,0.6032061576843262,swimmer,FP
13968,13968.jpg,2,boat,0.44798,"[1409.42, 323.94, 32.6, 28.59]",30.529231893383756,16-32,background,0.43879953026771545,,FP
13969,13969.jpg,2,boat,0.42305,"[1404.31, 326.55, 32.78, 29.25]",30.964738009548864,16-32,background,0.4340265393257141,,FP
13969,13969.jpg,2,boat,0.27678,"[1189.54, 50.91, 35.88, 18.6]",25.833466666322582,16-32,class_confusion,0.7601872682571411,swimmer,FP
13970,13970.jpg,2,boat,0.37639,"[1195.14, 49.07, 33.94, 20.71]",26.51221228038128,16-32,class_confusion,0.6837268471717834,swimmer,FP
13970,13970.jpg,2,boat,0.33631,"[1405.65, 328.12, 30.36, 32.29]",31.31013254523206,16-32,background,0.4279962480068207,,FP
13971,13971.jpg,2,boat,0.6786,"[1410.73, 331.2, 32.02, 32.66]",32.33841678252045,32-64,background,0.4486536979675293,,FP
13971,13971.jpg,2,boat,0.35028,"[1199.62, 46.61, 33.06, 18.8]",24.93046329292739,16-32,class_confusion,0.7984281778335571,swimmer,FP
13972,13972.jpg,2,boat,0.44288,"[1416.74, 333.64, 32.62, 30.36]",31.469718778533753,16-32,background,0.421047180891037,,FP
13972,13972.jpg,2,boat,0.29783,"[1184.87, 624.59, 43.14, 33.18]",37.83365168735368,32-64,class_confusion,0.8674750328063965,swimmer,FP
13973,13973.jpg,5,buoy,0.62119,"[1194.56, 619.3, 44.15, 34.37]",38.95427447662195,32-64,class_confusion,0.7753502130508423,swimmer,FP
13973,13973.jpg,2,boat,0.54224,"[1207.59, 44.34, 35.04, 20.11]",26.545327272422167,16-32,class_confusion,0.8515723943710327,swimmer,FP
13973,13973.jpg,2,boat,0.43362,"[1421.95, 337.66, 31.68, 29.94]",30.797714200894845,16-32,background,0.3381194770336151,,FP
13974,13974.jpg,2,boat,0.39333,"[1203.43, 612.39, 45.2, 33.33]",38.81386350261978,32-64,class_confusion,0.8160064220428467,swimmer,FP
13974,13974.jpg,2,boat,0.27461,"[1427.57, 338.92, 32.7, 29.91]",31.273902858453727,16-32,background,0.32441750168800354,,FP
13974,13974.jpg,2,boat,0.25125,"[1217.34, 44.74, 34.51, 21.52]",27.251700864349733,16-32,class_confusion,0.9233195185661316,swimmer,FP
13975,13975.jpg,2,boat,0.44829,"[1226.46, 48.15, 38.17, 15.7]",24.47997140521206,16-32,background,0.3571542501449585,,FP
13975,13975.jpg,2,boat,0.31532,"[1226.97, 332.41, 32.24, 28.51]",30.3176912049714,16-32,class_confusion,0.9294210076332092,swimmer,FP
13975,13975.jpg,2,boat,0.31255,"[1436.83, 339.13, 29.3, 29.2]",29.249957264926046,16-32,background,0.26761090755462646,,FP
13975,13975.jpg,2,boat,0.26076,"[1214.72, 604.36, 46.46, 33.99]",39.738839942806585,32-64,class_confusion,0.9145452976226807,swimmer,FP
13976,13976.jpg,5,buoy,0.28066,"[1445.26, 337.45, 27.44, 28.78]",28.10201416268948,16-32,background,0.23262383043766022,,FP
13977,13977.jpg,2,boat,0.40582,"[1447.44, 296.58, 55.38, 67.09]",60.95444364441366,32-64,class_confusion,0.8789251446723938,swimmer,FP
13978,13978.jpg,2,boat,0.33937,"[1451.48, 297.15, 57.72, 62.89]",60.2495709528292,32-64,class_confusion,0.8737699389457703,swimmer,FP
13980,13980.jpg,2,boat,0.34416,"[1445.95, 296.58, 62.96, 61.29]",62.119388277735,32-64,class_confusion,0.8306261897087097,swimmer,FP
13980,13980.jpg,2,boat,0.3418,"[1248.59, 28.29, 33.7, 17.22]",24.089707345669435,16-32,background,0.3562372922897339,,FP
13982,13982.jpg,2,boat,0.47492,"[1246.27, 31.78, 31.66, 18.79]",24.390395650747447,16-32,background,0.3145899176597595,,FP
13982,13982.jpg,5,buoy,0.46897,"[1256.98, 563.18, 30.9, 47.21]",38.19409640245466,32-64,class_confusion,0.7659165859222412,swimmer,FP
13982,13982.jpg,2,boat,0.26798,"[1257.79, 562.97, 28.63, 45.19]",35.96928828876101,32-64,class_confusion,0.7416067719459534,swimmer,FP
13983,13983.jpg,5,buoy,0.46156,"[1254.2, 565.99, 25.63, 28.63]",27.088501250530637,16-32,class_confusion,0.5184705257415771,swimmer,FP
13983,13983.jpg,5,buoy,0.29082,"[1429.91, 334.52, 25.06, 31.08]",27.908149347457634,16-32,background,0.17665798962116241,,FP
13984,13984.jpg,5,buoy,0.65075,"[1252.42, 564.63, 27.91, 32.18]",29.9690473655737,16-32,class_confusion,0.718339741230011,swimmer,FP
13984,13984.jpg,2,boat,0.53774,"[1432.7, 310.95, 69.84, 59.13]",64.26226886750888,>64,class_confusion,0.8624210953712463,swimmer,FP
13984,13984.jpg,5,buoy,0.4493,"[1226.89, 193.82, 24.48, 24.23]",24.354679221866174,16-32,class_confusion,0.6720569133758545,swimmer,FP
13985,13985.jpg,3,jetski,0.26328,"[780.83, 792.72, 88.76, 38.44]",58.41176593803684,32-64,class_confusion,0.637509286403656,swimmer,FP
13986,13986.jpg,5,buoy,0.56736,"[1253.92, 577.07, 29.28, 27.81]",28.535535740546383,16-32,class_confusion,0.6171804666519165,swimmer,FP
13986,13986.jpg,2,boat,0.26494,"[1429.9, 316.12, 79.89, 57.97]",68.05309177399657,>64,class_confusion,0.9004606008529663,swimmer,FP
13987,13987.jpg,5,buoy,0.57491,"[1256.61, 581.05, 31.07, 29.26]",30.151421193701633,16-32,class_confusion,0.5207184553146362,swimmer,FP
13988,13988.jpg,5,buoy,0.68505,"[1255.66, 574.11, 32.12, 28.62]",30.31953825505923,16-32,class_confusion,0.685853123664856,swimmer,FP
13989,13989.jpg,2,boat,0.33683,"[1270.39, 39.42, 36.5, 17.2]",25.055937420100648,16-32,background,0.27059030532836914,,FP
13989,13989.jpg,5,buoy,0.30431,"[1255.62, 561.9, 38.23, 35.41]",36.792992539340965,32-64,class_confusion,0.6688846349716187,swimmer,FP
13990,13990.jpg,2,boat,0.28173,"[1274.6, 39.0, 36.77, 17.72]",25.52575953816066,16-32,background,0.23307651281356812,,FP
13992,13992.jpg,2,boat,0.29399,"[1275.73, 36.45, 39.8, 16.94]",25.965592617924205,16-32,background,0.19932633638381958,,FP
13993,13993.jpg,5,buoy,0.39574,"[1273.33, 563.02, 29.0, 36.37]",32.47660696562989,32-64,class_confusion,0.8602110147476196,swimmer,FP
13993,13993.jpg,2,boat,0.25409,"[1280.9, 35.2, 37.94, 18.26]",26.32079786024732,16-32,background,0.21811437606811523,,FP
13996,13996.jpg,2,boat,0.3143,"[1217.86, 1.17, 90.35, 46.35]",64.71261468987325,>64,class_confusion,0.7143750786781311,swimmer,FP
13997,13997.jpg,2,boat,0.52888,"[1426.72, 315.14, 33.44, 26.05]",29.51460655336608,16-32,class_confusion,0.651979386806488,swimmer,FP
13997,13997.jpg,2,boat,0.25495,"[1269.96, 281.19, 48.21, 31.96]",39.252918362842784,32-64,class_confusion,0.8124760389328003,swimmer,FP
13998,13998.jpg,2,boat,0.45587,"[1422.61, 310.71, 35.77, 26.29]",30.66583277851753,16-32,class_confusion,0.769741415977478,swimmer,FP
13998,13998.jpg,2,boat,0.37257,"[1112.95, 509.95, 47.63, 33.78]",40.11161178511779,32-64,class_confusion,0.7570194602012634,swimmer,FP
13998,13998.jpg,2,boat,0.28587,"[1236.09, 544.08, 50.21, 32.41]",40.33988225069577,32-64,class_confusion,0.8237262964248657,swimmer,FP
13999,13999.jpg,5,buoy,0.41232,"[1238.29, 540.22, 47.75, 33.04]",39.719768377975214,32-64,class_confusion,0.7932953238487244,swimmer,FP
13999,13999.jpg,2,boat,0.28545,"[1418.11, 306.69, 35.23, 23.24]",28.61372397993662,16-32,class_confusion,0.7749429941177368,swimmer,FP
14000,14000.jpg,2,boat,0.34949,"[1109.46, 503.71, 51.46, 26.09]",36.64138916580538,32-64,class_confusion,0.7240946292877197,swimmer,FP
14002,14002.jpg,2,boat,0.40401,"[1421.31, 290.59, 89.11, 52.94]",68.6839384426956,>64,class_confusion,0.8581892848014832,swimmer,FP
14002,14002.jpg,2,boat,0.30445,"[1287.79, 20.38, 37.67, 23.55]",29.784702449411846,16-32,background,0.30325812101364136,,FP
14003,14003.jpg,5,buoy,0.41722,"[1247.26, 521.85, 44.78, 32.71]",38.272102111067795,32-64,class_confusion,0.6037381291389465,swimmer,FP
14003,14003.jpg,2,boat,0.34352,"[1422.98, 290.76, 90.77, 51.42]",68.3183240426754,>64,class_confusion,0.9198106527328491,swimmer,FP
14003,14003.jpg,2,boat,0.29955,"[792.43, 755.16, 33.54, 27.74]",30.502452360425053,16-32,class_confusion,0.7681721448898315,swimmer,FP
14003,14003.jpg,2,boat,0.26156,"[1289.18, 29.92, 39.13, 21.53]",29.025314813107542,16-32,background,0.2825116217136383,,FP
14005,14005.jpg,2,boat,0.40041,"[1425.77, 304.84, 91.9, 48.42]",66.70680624943755,>64,class_confusion,0.8942511677742004,swimmer,FP
14006,14006.jpg,2,boat,0.31558,"[1305.93, 36.11, 36.14, 21.52]",27.887861158575788,16-32,background,0.2742655873298645,,FP
14007,14007.jpg,2,boat,0.36769,"[1313.37, 39.19, 37.3, 20.39]",27.57801660743571,16-32,background,0.25541722774505615,,FP
14008,14008.jpg,2,boat,0.31656,"[808.71, 746.6, 38.18, 25.75]",31.35498365491521,16-32,class_confusion,0.7943079471588135,swimmer,FP
14008,14008.jpg,2,boat,0.27214,"[1323.91, 40.86, 36.01, 20.07]",26.883465178432633,16-32,background,0.25131604075431824,,FP
14009,14009.jpg,2,boat,0.44294,"[1424.5, 305.78, 89.31, 54.77]",69.93932155804774,>64,class_confusion,0.8753225207328796,swimmer,FP
14010,14010.jpg,2,boat,0.29551,"[1336.67, 41.51, 38.03, 18.68]",26.65333750208405,16-32,background,0.23609691858291626,,FP
14010,14010.jpg,2,boat,0.25861,"[1427.24, 300.49, 87.26, 55.44]",69.55353621491865,>64,class_confusion,0.839337944984436,swimmer,FP
14011,14011.jpg,2,boat,0.25005,"[808.51, 746.94, 36.76, 25.83]",30.814133121020944,16-32,class_confusion,0.8289961814880371,swimmer,FP
14012,14012.jpg,2,boat,0.39792,"[1428.38, 294.25, 88.41, 54.87]",69.64952763658917,>64,class_confusion,0.8917688727378845,swimmer,FP
14015,14015.jpg,2,boat,0.32963,"[1423.91, 290.74, 85.8, 57.59]",70.29382618694191,>64,class_confusion,0.8640699982643127,swimmer,FP
14016,14016.jpg,2,boat,0.3197,"[1360.51, 39.47, 35.67, 21.74]",27.847186572434925,16-32,background,0.25510096549987793,,FP
14016,14016.jpg,2,boat,0.28399,"[1425.26, 284.07, 84.95, 57.84]",70.09641930940553,>64,class_confusion,0.8872259259223938,swimmer,FP
14017,14017.jpg,2,boat,0.31575,"[1429.25, 281.01, 84.56, 59.03]",70.6510919943917,>64,class_confusion,0.8721726536750793,swimmer,FP
14017,14017.jpg,5,buoy,0.28746,"[1242.58, 496.36, 33.01, 33.04]",33.024996593489604,32-64,class_confusion,0.5801687836647034,swimmer,FP
14019,14019.jpg,2,boat,0.27115,"[1435.03, 279.35, 84.25, 58.78]",70.37197595634217,>64,class_confusion,0.8729082942008972,swimmer,FP
14020,14020.jpg,5,buoy,0.69186,"[1252.04, 486.53, 25.38, 26.83]",26.094930542157034,16-32,background,0.437619149684906,,FP
14020,14020.jpg,2,boat,0.49537,"[1435.51, 278.78, 83.14, 59.52]",70.34552437788776,>64,class_confusion,0.8267845511436462,swimmer,FP
14020,14020.jpg,2,boat,0.26885,"[1379.71, 47.87, 35.75, 23.11]",28.743390544610424,16-32,background,0.22354893386363983,,FP
14021,14021.jpg,5,buoy,0.4549,"[1255.51, 485.22, 25.29, 28.32]",26.762152379806825,16-32,background,0.3935239017009735,,FP
14022,14022.jpg,2,boat,0.39102,"[1440.57, 281.31, 83.39, 57.82]",69.43781246554359,>64,class_confusion,0.8649702668190002,swimmer,FP
14022,14022.jpg,2,boat,0.28714,"[835.92, 675.68, 37.54, 31.07]",34.152127312950796,32-64,class_confusion,0.7926420569419861,swimmer,FP
14026,14026.jpg,2,boat,0.35886,"[1404.83, 25.93, 34.26, 24.45]",28.94230467671847,16-32,class_confusion,0.7439195513725281,swimmer,FP
14027,14027.jpg,2,boat,0.36745,"[1403.35, 22.34, 35.12, 25.39]",29.861292671282666,16-32,class_confusion,0.8769797086715698,swimmer,FP
14028,14028.jpg,2,boat,0.34964,"[1406.79, 20.46, 27.89, 26.39]",27.12963508785181,16-32,class_confusion,0.7841915488243103,swimmer,FP
14029,14029.jpg,2,boat,0.26235,"[1258.08, 455.51, 27.77, 36.16]",31.688534204030326,16-32,class_confusion,0.850103497505188,swimmer,FP
14030,14030.jpg,2,boat,0.27303,"[1410.18, 22.81, 23.87, 26.53]",25.164878302904626,16-32,class_confusion,0.7366426587104797,swimmer,FP
14030,14030.jpg,5,buoy,0.26862,"[1464.8, 255.43, 31.38, 31.7]",31.539594163527216,16-32,class_confusion,0.6010978817939758,swimmer,FP
14032,14032.jpg,5,buoy,0.34603,"[1417.81, 21.91, 21.3, 25.15]",23.14508587151925,16-32,class_confusion,0.8160362243652344,swimmer,FP
14033,14033.jpg,5,buoy,0.2996,"[1418.28, 20.86, 21.11, 25.45]",23.178643187210074,16-32,class_confusion,0.7804655432701111,swimmer,FP
14034,14034.jpg,2,boat,0.50777,"[864.18, 634.06, 33.46, 27.92]",30.564737852630113,16-32,class_confusion,0.7984408140182495,swimmer,FP
14034,14034.jpg,5,buoy,0.37163,"[1475.41, 254.98, 25.32, 31.82]",28.384545090594635,16-32,class_confusion,0.8418797254562378,swimmer,FP
14034,14034.jpg,2,boat,0.36841,"[1475.27, 254.69, 25.46, 32.14]",28.605670766475658,16-32,class_confusion,0.8550498485565186,swimmer,FP
14036,14036.jpg,2,boat,0.31876,"[1419.85, 18.53, 26.05, 28.13]",27.070029552994583,16-32,class_confusion,0.7233740091323853,swimmer,FP
14037,14037.jpg,2,boat,0.25265,"[1479.22, 248.66, 32.73, 30.68]",31.688426909520135,16-32,class_confusion,0.8693982362747192,swimmer,FP
14038,14038.jpg,2,boat,0.3622,"[856.91, 627.25, 37.38, 24.02]",29.9644389234973,16-32,class_confusion,0.8749669194221497,swimmer,FP
14041,14041.jpg,2,boat,0.27777,"[1491.5, 222.24, 37.56, 24.99]",30.636977657725968,16-32,class_confusion,0.8795174360275269,swimmer,FP
14042,14042.jpg,2,boat,0.3146,"[1489.49, 214.86, 36.16, 27.24]",31.384684162820562,16-32,class_confusion,0.9179873466491699,swimmer,FP
14043,14043.jpg,2,boat,0.29305,"[1488.96, 210.77, 36.37, 25.66]",30.54920948240723,16-32,class_confusion,0.8327918648719788,swimmer,FP
14044,14044.jpg,2,boat,0.29958,"[1483.5, 206.87, 35.77, 26.66]",30.880871101703075,16-32,class_confusion,0.9072391986846924,swimmer,FP
14044,14044.jpg,2,boat,0.27265,"[431.55, 493.94, 25.77, 23.89]",24.812200627916905,16-32,class_confusion,0.6914546489715576,swimmer,FP
14045,14045.jpg,5,buoy,0.29163,"[1282.19, 407.04, 27.65, 30.37]",28.97810380269903,16-32,class_confusion,0.8263735771179199,swimmer,FP
14045,14045.jpg,2,boat,0.26153,"[1476.69, 204.38, 29.13, 28.71]",28.919237541816347,16-32,class_confusion,0.9246679544448853,swimmer,FP
14046,14046.jpg,5,buoy,0.46736,"[1279.28, 405.04, 25.69, 29.52]",27.538496690996045,16-32,class_confusion,0.7892622947692871,swimmer,FP
14048,14048.jpg,5,buoy,0.67556,"[1284.55, 404.74, 26.24, 28.49]",27.34186533504984,16-32,class_confusion,0.7922162413597107,swimmer,FP
14048,14048.jpg,2,boat,0.2632,"[1477.91, 198.4, 31.53, 22.29]",26.510445111314144,16-32,class_confusion,0.7655831575393677,swimmer,FP
14050,14050.jpg,2,boat,0.44021,"[1295.78, 395.32, 27.23, 29.52]",28.351888825967134,16-32,class_confusion,0.8740513324737549,swimmer,FP
14052,14052.jpg,5,buoy,0.56508,"[1296.41, 381.57, 24.13, 28.0]",25.99307600111999,16-32,class_confusion,0.7212439179420471,swimmer,FP
14053,14053.jpg,5,buoy,0.68483,"[1294.67, 374.28, 24.51, 28.31]",26.341566012672825,16-32,class_confusion,0.7343714237213135,swimmer,FP
14060,14060.jpg,2,boat,0.36688,"[1283.27, 357.98, 28.8, 27.89]",28.34134788608333,16-32,class_confusion,0.8674063682556152,swimmer,FP
14060,14060.jpg,2,boat,0.35201,"[1488.09, 174.24, 34.83, 22.02]",27.693981295581175,16-32,class_confusion,0.7608681917190552,swimmer,FP
14060,14060.jpg,2,boat,0.25065,"[1390.89, 187.82, 29.56, 27.03]",28.266708333302624,16-32,class_confusion,0.6935845017433167,swimmer,FP
14061,14061.jpg,5,buoy,0.37159,"[1491.57, 173.42, 34.76, 23.14]",28.361001392757625,16-32,class_confusion,0.8363239765167236,swimmer,FP
14062,14062.jpg,2,boat,0.33367,"[1283.41, 353.3, 25.3, 26.68]",25.980839093455007,16-32,class_confusion,0.6392101645469666,swimmer,FP
14063,14063.jpg,2,boat,0.46274,"[1497.42, 156.71, 33.05, 22.24]",27.1114735859193,16-32,class_confusion,0.7583606839179993,swimmer,FP
14063,14063.jpg,2,boat,0.31278,"[1283.45, 346.3, 25.65, 25.9]",25.774696894435053,16-32,class_confusion,0.7636044025421143,swimmer,FP
14064,14064.jpg,2,boat,0.63521,"[1498.29, 157.68, 29.54, 21.73]",25.335828385904417,16-32,class_confusion,0.7023712992668152,swimmer,FP
14065,14065.jpg,2,boat,0.33356,"[1503.06, 165.59, 28.76, 19.26]",23.535454106517683,16-32,class_confusion,0.7212468981742859,swimmer,FP
14065,14065.jpg,5,buoy,0.27994,"[1502.66, 165.5, 30.02, 19.99]",24.49693450209638,16-32,class_confusion,0.7813811302185059,swimmer,FP
14066,14066.jpg,2,boat,0.41351,"[1289.58, 331.12, 30.17, 27.86]",28.992002345474518,16-32,class_confusion,0.9057518839836121,swimmer,FP
14066,14066.jpg,2,boat,0.34089,"[1503.3, 162.38, 28.56, 21.07]",24.530780664300107,16-32,class_confusion,0.7764667868614197,swimmer,FP
14066,14066.jpg,5,buoy,0.29572,"[1502.68, 162.24, 30.12, 21.92]",25.69494891997258,16-32,class_confusion,0.8519096970558167,swimmer,FP
14067,14067.jpg,5,buoy,0.5612,"[1290.48, 329.05, 23.11, 29.57]",26.141206934646306,16-32,class_confusion,0.7317221760749817,swimmer,FP
14067,14067.jpg,2,boat,0.46811,"[1502.31, 162.92, 28.59, 28.48]",28.53494699486929,16-32,class_confusion,0.930833101272583,swimmer,FP
14068,14068.jpg,2,boat,0.26852,"[1507.78, 168.91, 25.99, 27.34]",26.656455128167362,16-32,class_confusion,0.9006635546684265,swimmer,FP
14069,14069.jpg,5,buoy,0.39948,"[1513.97, 169.36, 25.51, 28.22]",26.830806920404015,16-32,class_confusion,0.8536763787269592,swimmer,FP
14070,14070.jpg,5,buoy,0.42101,"[1520.03, 168.24, 25.96, 28.96]",27.419000711185664,16-32,class_confusion,0.9151045083999634,swimmer,FP
14070,14070.jpg,2,boat,0.36573,"[1284.83, 331.9, 23.47, 28.91]",26.048372309992807,16-32,class_confusion,0.8453746438026428,swimmer,FP
14070,14070.jpg,5,buoy,0.3251,"[1284.04, 331.88, 25.59, 29.4]",27.42892633698957,16-32,class_confusion,0.863381564617157,swimmer,FP
14070,14070.jpg,2,boat,0.26005,"[1520.47, 168.09, 25.21, 28.12]",26.62527370751332,16-32,class_confusion,0.9565728902816772,swimmer,FP
14071,14071.jpg,5,buoy,0.61569,"[1290.14, 333.7, 23.04, 27.01]",24.946150003557662,16-32,class_confusion,0.7845494151115417,swimmer,FP
14071,14071.jpg,5,buoy,0.54297,"[1526.62, 166.52, 25.45, 28.43]",26.89876391212057,16-32,class_confusion,0.898792564868927,swimmer,FP
14072,14072.jpg,2,boat,0.31774,"[1529.4, 162.61, 26.4, 28.49]",27.42509799435546,16-32,class_confusion,0.9136241674423218,swimmer,FP
14073,14073.jpg,2,boat,0.3837,"[1532.43, 163.56, 28.01, 27.55]",27.779047859852938,16-32,class_confusion,0.8827981352806091,swimmer,FP
14074,14074.jpg,5,buoy,0.54714,"[1537.02, 161.2, 27.64, 28.5]",28.066706254920614,16-32,class_confusion,0.9110305905342102,swimmer,FP
14075,14075.jpg,5,buoy,0.36452,"[1542.21, 160.13, 25.79, 26.71]",26.24596921433842,16-32,class_confusion,0.9234528541564941,swimmer,FP
14075,14075.jpg,2,boat,0.33546,"[1542.64, 160.34, 25.21, 26.62]",25.905408701659198,16-32,class_confusion,0.9296249747276306,swimmer,FP
14075,14075.jpg,2,boat,0.30428,"[869.76, 558.25, 34.27, 26.17]",29.947385528623364,16-32,class_confusion,0.7804248929023743,swimmer,FP
14076,14076.jpg,5,buoy,0.42146,"[1545.68, 159.27, 26.16, 27.09]",26.620939126935397,16-32,class_confusion,0.8283903002738953,swimmer,FP
14076,14076.jpg,2,boat,0.25413,"[871.27, 552.26, 35.56, 25.59]",30.165881389410785,16-32,class_confusion,0.8400977849960327,swimmer,FP
14077,14077.jpg,5,buoy,0.5451,"[1547.93, 158.17, 25.95, 26.79]",26.36665507795784,16-32,class_confusion,0.8568564057350159,swimmer,FP
14077,14077.jpg,2,boat,0.39926,"[872.82, 546.81, 38.14, 26.45]",31.761659276555438,16-32,class_confusion,0.8602502942085266,swimmer,FP
14078,14078.jpg,5,buoy,0.74102,"[1547.57, 159.56, 26.67, 27.7]",27.18012141253236,16-32,class_confusion,0.9150480031967163,swimmer,FP
14078,14078.jpg,2,boat,0.29718,"[1548.41, 159.95, 24.65, 26.72]",25.664138403616825,16-32,class_confusion,0.9238243103027344,swimmer,FP
14079,14079.jpg,5,buoy,0.78493,"[1550.79, 160.96, 24.38, 26.01]",25.181814867082156,16-32,class_confusion,0.9211483597755432,swimmer,FP
14080,14080.jpg,5,buoy,0.72751,"[1554.83, 159.65, 25.17, 26.48]",25.816692274573054,16-32,class_confusion,0.7867462635040283,swimmer,FP
14082,14082.jpg,5,buoy,0.31825,"[1283.97, 290.12, 25.86, 27.34]",26.58970477459274,16-32,class_confusion,0.7398216724395752,swimmer,FP
14084,14084.jpg,5,buoy,0.70587,"[1576.7, 143.33, 26.83, 27.51]",27.167872570372527,16-32,class_confusion,0.853184700012207,swimmer,FP
14085,14085.jpg,5,buoy,0.43829,"[1287.37, 280.26, 25.06, 24.75]",24.904517662464375,16-32,class_confusion,0.7554627060890198,swimmer,FP
14085,14085.jpg,2,boat,0.30699,"[1585.88, 140.0, 24.47, 27.52]",25.950229286077608,16-32,class_confusion,0.8279734253883362,swimmer,FP
14085,14085.jpg,5,buoy,0.27324,"[1585.64, 140.36, 25.72, 27.59]",26.638596059101914,16-32,class_confusion,0.7696036696434021,swimmer,FP
14086,14086.jpg,5,buoy,0.65732,"[1589.73, 135.82, 25.53, 25.87]",25.699437737040085,16-32,class_confusion,0.7667495608329773,swimmer,FP
14087,14087.jpg,5,buoy,0.52125,"[1591.81, 133.04, 25.36, 26.7]",26.021375828345434,16-32,class_confusion,0.7992699146270752,swimmer,FP
15365,15365.jpg,2,boat,0.93324,"[1484.86, 324.76, 164.63, 290.19]",218.5725959492635,>64,class_confusion,0.7044169902801514,jetski,FP
15366,15366.jpg,2,boat,0.89004,"[1299.53, 400.04, 98.79, 185.09]",135.22219159590634,>64,class_confusion,0.7281157970428467,jetski,FP
15367,15367.jpg,2,boat,0.81022,"[1201.22, 437.12, 66.94, 132.31]",94.11074008847237,>64,class_confusion,0.8168987035751343,jetski,FP
15368,15368.jpg,2,boat,0.51332,"[1195.14, 444.83, 60.82, 136.99]",91.278320536697,>64,class_confusion,0.8042200803756714,jetski,FP
15369,15369.jpg,2,boat,0.77779,"[1184.38, 462.61, 53.17, 137.28]",85.43522458564735,>64,class_confusion,0.8602258563041687,jetski,FP
15370,15370.jpg,5,buoy,0.52035,"[1158.72, 506.69, 50.97, 140.31]",84.56713723427086,>64,class_confusion,0.8188128471374512,jetski,FP
15371,15371.jpg,2,boat,0.75066,"[1135.21, 549.46, 49.64, 149.62]",86.18083777731567,>64,class_confusion,0.8491123914718628,jetski,FP
15372,15372.jpg,2,boat,0.54722,"[1121.86, 569.6, 48.78, 148.89]",85.22238086324508,>64,class_confusion,0.8260764479637146,jetski,FP
15373,15373.jpg,2,boat,0.55092,"[1113.25, 575.03, 54.77, 147.01]",89.73147552559247,>64,class_confusion,0.8696535229682922,jetski,FP
15374,15374.jpg,5,buoy,0.37751,"[1106.41, 578.34, 58.96, 145.2]",92.52562888194817,>64,class_confusion,0.9294233918190002,jetski,FP
15375,15375.jpg,2,boat,0.71427,"[1102.63, 573.91, 66.31, 144.46]",97.87309436203599,>64,class_confusion,0.8744302988052368,jetski,FP
15376,15376.jpg,5,buoy,0.27127,"[1100.54, 532.39, 96.05, 175.6]",129.87062793410988,>64,class_confusion,0.5447109937667847,jetski,FP
15377,15377.jpg,5,buoy,0.45618,"[1089.66, 552.16, 77.26, 141.88]",104.69789300649751,>64,class_confusion,0.8676176071166992,jetski,FP
15377,15377.jpg,2,boat,0.43793,"[1089.73, 552.25, 76.82, 141.75]",104.35149735389521,>64,class_confusion,0.8722849488258362,jetski,FP
15378,15378.jpg,2,boat,0.7292,"[1092.89, 547.8, 84.31, 146.93]",111.29990251568059,>64,class_confusion,0.88953697681427,jetski,FP
15379,15379.jpg,2,boat,0.6253,"[1098.71, 541.77, 90.17, 149.45]",116.08577216868568,>64,class_confusion,0.8518534898757935,jetski,FP
15380,15380.jpg,2,boat,0.83276,"[1131.16, 525.05, 120.24, 191.83]",151.8737607356847,>64,class_confusion,0.8930484652519226,jetski,FP
15381,15381.jpg,2,boat,0.94973,"[1202.78, 500.12, 198.3, 285.01]",237.73405940251808,>64,class_confusion,0.9531707167625427,jetski,FP
15381,15381.jpg,5,buoy,0.25671,"[1204.74, 664.86, 106.04, 118.56]",112.12538695585403,>64,background,0.2256060242652893,,FP
15382,15382.jpg,2,boat,0.77078,"[1205.01, 507.73, 197.52, 279.65]",235.0243987334081,>64,class_confusion,0.9618004560470581,jetski,FP
15383,15383.jpg,2,boat,0.95523,"[1205.98, 502.9, 186.55, 287.15]",231.4472564106129,>64,class_confusion,0.9050868153572083,jetski,FP
15384,15384.jpg,2,boat,0.87558,"[1101.78, 478.42, 189.04, 288.27]",233.44070082142915,>64,class_confusion,0.868076741695404,jetski,FP
15384,15384.jpg,5,buoy,0.26686,"[1103.21, 646.47, 105.5, 119.81]",112.42755445174461,>64,background,0.22545582056045532,,FP
15385,15385.jpg,2,boat,0.94701,"[898.66, 458.18, 196.48, 279.06]",234.15744446846014,>64,class_confusion,0.841040313243866,jetski,FP
15386,15386.jpg,2,boat,0.94564,"[766.99, 434.14, 197.94, 273.49]",232.66845639235243,>64,class_confusion,0.8684744834899902,jetski,FP
15387,15387.jpg,2,boat,0.90227,"[724.47, 404.7, 197.69, 280.89]",235.64622657704493,>64,class_confusion,0.9501448273658752,jetski,FP
15388,15388.jpg,2,boat,0.78752,"[728.11, 387.41, 189.59, 288.27]",233.78004470014116,>64,class_confusion,0.942182719707489,jetski,FP
15389,15389.jpg,2,boat,0.63002,"[731.48, 387.32, 187.7, 284.39]",231.04112837328336,>64,class_confusion,0.9154736995697021,jetski,FP
15390,15390.jpg,2,boat,0.86364,"[738.12, 383.46, 186.12, 285.7]",230.59593231451416,>64,class_confusion,0.9344848394393921,jetski,FP
15391,15391.jpg,2,boat,0.69123,"[771.04, 409.86, 189.3, 297.73]",237.4032202814444,>64,class_confusion,0.8868686556816101,jetski,FP
15392,15392.jpg,2,boat,0.89062,"[618.77, 309.88, 319.59, 497.71]",398.82720431284525,>64,class_confusion,0.884803295135498,jetski,FP
15393,15393.jpg,2,boat,0.80846,"[396.26, 172.4, 503.5, 784.21]",628.3706987121535,>64,class_confusion,0.9272130131721497,jetski,FP
15394,15394.jpg,2,boat,0.8175,"[406.16, 208.5, 497.92, 757.41]",614.1087747296891,>64,class_confusion,0.9358945488929749,jetski,FP
15395,15395.jpg,2,boat,0.85251,"[422.99, 223.21, 495.29, 747.41]",608.428055648324,>64,class_confusion,0.9291499257087708,jetski,FP
15396,15396.jpg,2,boat,0.80276,"[426.71, 184.74, 514.57, 768.09]",628.6780346886633,>64,class_confusion,0.936926543712616,jetski,FP
15397,15397.jpg,2,boat,0.76272,"[446.63, 138.42, 512.99, 790.37]",636.7510552013243,>64,class_confusion,0.9213454127311707,jetski,FP
15398,15398.jpg,2,boat,0.7835,"[475.1, 102.77, 500.99, 779.71]",625.0015303181266,>64,class_confusion,0.9185032248497009,jetski,FP
15399,15399.jpg,2,boat,0.81378,"[491.56, 68.88, 489.25, 788.4]",621.0673876480715,>64,class_confusion,0.9661421775817871,jetski,FP
15400,15400.jpg,2,boat,0.81759,"[519.96, 42.73, 475.52, 795.31]",614.9681383616553,>64,class_confusion,0.9226717352867126,jetski,FP
15401,15401.jpg,2,boat,0.8128,"[519.8, 135.6, 478.55, 771.64]",607.6745197883486,>64,class_confusion,0.9343518614768982,jetski,FP
15402,15402.jpg,2,boat,0.85287,"[486.24, 273.96, 485.72, 799.3]",623.085865671819,>64,class_confusion,0.9090776443481445,jetski,FP
15402,15402.jpg,2,boat,0.62069,"[511.67, 289.95, 457.18, 583.97]",516.700497967633,>64,class_confusion,0.6579527854919434,jetski,FP
15403,15403.jpg,2,boat,0.87314,"[517.68, 471.93, 436.81, 588.61]",507.06087810045057,>64,class_confusion,0.8929436802864075,jetski,FP
15404,15404.jpg,2,boat,0.84587,"[537.84, 540.07, 421.44, 539.93]",477.02001970567227,>64,class_confusion,0.9785792827606201,jetski,FP
15405,15405.jpg,2,boat,0.8251,"[535.28, 555.62, 417.78, 524.38]",468.0549929228402,>64,class_confusion,0.9412112236022949,jetski,FP
15405,15405.jpg,5,buoy,0.26044,"[1170.92, 447.92, 155.84, 135.58]",145.35744631768955,>64,class_confusion,0.8614144921302795,swimmer,FP
15406,15406.jpg,5,buoy,0.81894,"[1185.2, 439.36, 151.86, 127.88]",139.3551462989437,>64,class_confusion,0.7849893569946289,swimmer,FP
15406,15406.jpg,2,boat,0.80142,"[520.89, 553.65, 425.47, 526.35]",473.22947340587314,>64,class_confusion,0.9388989210128784,jetski,FP
15407,15407.jpg,2,boat,0.86271,"[511.41, 596.66, 428.03, 478.29]",452.4626710569613,>64,class_confusion,0.9013586044311523,jetski,FP
15408,15408.jpg,2,boat,0.84048,"[528.27, 691.46, 377.66, 388.54]",383.0613741947888,>64,class_confusion,0.9695248007774353,jetski,FP
15408,15408.jpg,5,buoy,0.27093,"[1220.7, 564.43, 150.49, 144.37]",147.3982404915337,>64,class_confusion,0.5070094466209412,swimmer,FP
15409,15409.jpg,5,buoy,0.97058,"[1167.46, 751.22, 159.54, 130.31]",144.1861900460651,>64,background,0.2822994589805603,,FP
15410,15410.jpg,5,buoy,0.36562,"[1084.51, 1049.76, 142.85, 30.24]",65.7250637124073,>64,background,0.0,,FP
15972,15972.jpg,2,boat,0.37498,"[860.77, 1007.3, 358.83, 111.48]",200.005920912357,>64,localization,0.33551257848739624,boat,FP
15976,15976.jpg,2,boat,0.42739,"[949.2, 1015.95, 291.17, 101.48]",171.8951180225896,>64,localization,0.34313803911209106,boat,FP
15980,15980.jpg,2,boat,0.3347,"[990.09, 1018.83, 374.08, 130.4]",220.862020275103,>64,localization,0.3639187216758728,boat,FP
15981,15981.jpg,2,boat,0.62964,"[1048.99, 1008.42, 348.25, 162.31]",237.74872765169533,>64,localization,0.33158352971076965,boat,FP
15982,15982.jpg,2,boat,0.68471,"[1048.72, 1004.59, 381.94, 171.32]",255.80062705161612,>64,localization,0.27688315510749817,boat,FP
15983,15983.jpg,2,boat,0.32775,"[2049.97, 940.46, 172.62, 53.73]",96.30613999117605,>64,duplicate,0.8044804334640503,boat,FP
16200,16200.jpg,5,buoy,0.31938,"[2757.21, 387.86, 21.12, 25.31]",23.120276814951847,16-32,class_confusion,0.5774035453796387,swimmer,FP
16203,16203.jpg,2,boat,0.31507,"[2260.15, 0.79, 160.09, 62.59]",100.10011538454889,>64,background,0.0,,FP
16203,16203.jpg,2,boat,0.28644,"[2264.25, 0.0, 142.19, 48.54]",83.07769014603139,>64,background,0.0,,FP
16766,16766.jpg,5,buoy,0.26659,"[2313.94, 821.73, 130.61, 150.89]",140.38426870557828,>64,background,0.05200595781207085,,FP
48,48.jpg,2,boat,,"[985, 64, 33, 29]",30.93541659651604,16-32,,,,FN
71,71.jpg,2,boat,,"[642, 426, 25, 33]",28.722813232690143,16-32,,,,FN
71,71.jpg,2,boat,,"[484, 15, 21, 31]",25.514701644346147,16-32,,,,FN
71,71.jpg,2,boat,,"[430, 179, 17, 34]",24.041630560342615,16-32,,,,FN
71,71.jpg,2,boat,,"[271, 155, 30, 27]",28.460498941515414,16-32,,,,FN
71,71.jpg,1,swimmer,,"[393, 193, 15, 12]",13.416407864998739,<16,,,,FN
71,71.jpg,1,swimmer,,"[352, 200, 12, 11]",11.489125293076057,<16,,,,FN
85,85.jpg,2,boat,,"[552, 60, 17, 34]",24.041630560342615,16-32,,,,FN
85,85.jpg,2,boat,,"[725, 488, 18, 31]",23.62202362203543,16-32,,,,FN
85,85.jpg,2,boat,,"[919, 363, 32, 22]",26.5329983228432,16-32,,,,FN
85,85.jpg,2,boat,,"[771, 326, 21, 34]",26.720778431774775,16-32,,,,FN
85,85.jpg,1,swimmer,,"[862, 323, 15, 13]",13.96424004376894,<16,,,,FN
85,85.jpg,1,swimmer,,"[834, 329, 14, 14]",14.0,<16,,,,FN
113,113.jpg,2,boat,,"[166, 145, 33, 22]",26.94438717061496,16-32,,,,FN
116,116.jpg,2,boat,,"[104, 480, 32, 23]",27.129319932501073,16-32,,,,FN
119,119.jpg,2,boat,,"[56, 741, 34, 25]",29.154759474226502,16-32,,,,FN
124,124.jpg,1,swimmer,,"[588, 97, 12, 11]",11.489125293076057,<16,,,,FN
124,124.jpg,1,swimmer,,"[590, 135, 10, 10]",10.0,<16,,,,FN
124,124.jpg,2,boat,,"[678, 119, 31, 21]",25.514701644346147,16-32,,,,FN
124,124.jpg,2,boat,,"[919, 0, 33, 15]",22.24859546128699,16-32,,,,FN
124,124.jpg,2,boat,,"[878, 347, 32, 19]",24.657656011875904,16-32,,,,FN
124,124.jpg,2,boat,,"[847, 435, 23, 32]",27.129319932501073,16-32,,,,FN
143,143.jpg,2,boat,,"[66, 5, 32, 17]",23.323807579381203,16-32,,,,FN
143,143.jpg,2,boat,,"[44, 157, 33, 22]",26.94438717061496,16-32,,,,FN
151,151.jpg,2,boat,,"[240, 905, 35, 19]",25.787593916455254,16-32,,,,FN
162,162.jpg,2,boat,,"[652, 55, 27, 27]",27.0,16-32,,,,FN
162,162.jpg,2,boat,,"[479, 7, 25, 33]",28.722813232690143,16-32,,,,FN
172,172.jpg,1,swimmer,,"[456, 909, 10, 13]",11.40175425099138,<16,,,,FN
172,172.jpg,1,swimmer,,"[438, 917, 13, 15]",13.96424004376894,<16,,,,FN
179,179.jpg,2,boat,,"[77, 122, 20, 35]",26.457513110645905,16-32,,,,FN
179,179.jpg,2,boat,,"[245, 98, 24, 31]",27.27636339397171,16-32,,,,FN
187,187.jpg,2,boat,,"[678, 640, 31, 27]",28.930952282978865,16-32,,,,FN
187,187.jpg,2,boat,,"[465, 832, 28, 29]",28.495613697550013,16-32,,,,FN
187,187.jpg,2,boat,,"[304, 853, 16, 34]",23.323807579381203,16-32,,,,FN
187,187.jpg,2,boat,,"[392, 705, 32, 24]",27.712812921102035,16-32,,,,FN
187,187.jpg,1,swimmer,,"[294, 674, 10, 11]",10.488088481701515,<16,,,,FN
187,187.jpg,1,swimmer,,"[287, 681, 10, 13]",11.40175425099138,<16,,,,FN
189,189.jpg,2,boat,,"[265, 350, 19, 35]",25.787593916455254,16-32,,,,FN
189,189.jpg,2,boat,,"[608, 112, 24, 28]",25.92296279363144,16-32,,,,FN
189,189.jpg,2,boat,,"[347, 192, 27, 30]",28.460498941515414,16-32,,,,FN
189,189.jpg,2,boat,,"[415, 303, 34, 22]",27.349588662354687,16-32,,,,FN
189,189.jpg,1,swimmer,,"[293, 239, 14, 13]",13.490737563232042,<16,,,,FN
189,189.jpg,1,swimmer,,"[272, 222, 10, 17]",13.038404810405298,<16,,,,FN
242,242.jpg,1,swimmer,,"[881, 366, 12, 12]",12.0,<16,,,,FN
242,242.jpg,2,boat,,"[1093, 167, 17, 35]",24.392621835300936,16-32,,,,FN
242,242.jpg,2,boat,,"[525, 506, 22, 31]",26.115129714401192,16-32,,,,FN
242,242.jpg,2,boat,,"[550, 749, 31, 28]",29.46183972531247,16-32,,,,FN
242,242.jpg,2,boat,,"[627, 691, 29, 30]",29.49576240750525,16-32,,,,FN
267,267.jpg,2,boat,,"[957, 680, 31, 27]",28.930952282978865,16-32,,,,FN
267,267.jpg,1,swimmer,,"[1136, 841, 14, 13]",13.490737563232042,<16,,,,FN
276,276.jpg,1,swimmer,,"[136, 868, 13, 13]",13.0,<16,,,,FN
276,276.jpg,1,swimmer,,"[312, 658, 14, 10]",11.832159566199232,<16,,,,FN
276,276.jpg,2,boat,,"[282, 554, 19, 30]",23.874672772626646,16-32,,,,FN
276,276.jpg,2,boat,,"[262, 633, 20, 30]",24.49489742783178,16-32,,,,FN
276,276.jpg,2,boat,,"[399, 803, 18, 29]",22.847319317591726,16-32,,,,FN
276,276.jpg,2,boat,,"[470, 659, 22, 31]",26.115129714401192,16-32,,,,FN
300,300.jpg,2,boat,,"[553, 726, 21, 32]",25.92296279363144,16-32,,,,FN
300,300.jpg,2,boat,,"[532, 807, 29, 25]",26.92582403567252,16-32,,,,FN
300,300.jpg,2,boat,,"[762, 840, 29, 24]",26.38181191654584,16-32,,,,FN
300,300.jpg,1,swimmer,,"[697, 767, 15, 14]",14.491376746189438,<16,,,,FN
310,310.jpg,2,boat,,"[816, 846, 25, 31]",27.83882181415011,16-32,,,,FN
310,310.jpg,2,boat,,"[840, 774, 28, 31]",29.46183972531247,16-32,,,,FN
310,310.jpg,2,boat,,"[616, 706, 29, 26]",27.459060435491963,16-32,,,,FN
310,310.jpg,2,boat,,"[681, 601, 18, 33]",24.372115213907882,16-32,,,,FN
310,310.jpg,1,swimmer,,"[649, 770, 16, 15]",15.491933384829668,<16,,,,FN
310,310.jpg,1,swimmer,,"[896, 646, 11, 11]",11.0,<16,,,,FN
351,351.jpg,2,boat,,"[897, 826, 97, 58]",75.0066663703967,>64,,,,FN
352,352.jpg,2,boat,,"[61, 77, 59, 93]",74.07428703673091,>64,,,,FN
370,370.jpg,2,boat,,"[781, 769, 68, 82]",74.67261881037788,>64,,,,FN
379,379.jpg,1,swimmer,,"[65, 206, 39, 24]",30.59411708155671,16-32,,,,FN
382,382.jpg,2,boat,,"[541, 61, 113, 91]",101.4051280754578,>64,,,,FN
393,393.jpg,2,boat,,"[610, 30, 134, 58]",88.15894736213676,>64,,,,FN
393,393.jpg,2,boat,,"[617, 430, 85, 117]",99.72462083156798,>64,,,,FN
393,393.jpg,1,swimmer,,"[340, 567, 33, 38]",35.41186241925155,32-64,,,,FN
393,393.jpg,2,boat,,"[142, 673, 125, 70]",93.54143466934853,>64,,,,FN
393,393.jpg,1,swimmer,,"[375, 904, 59, 22]",36.02776706930364,32-64,,,,FN
393,393.jpg,1,swimmer,,"[510, 818, 23, 24]",23.49468024894146,16-32,,,,FN
393,393.jpg,1,swimmer,,"[593, 916, 43, 16]",26.229754097208,16-32,,,,FN
460,460.jpg,5,buoy,,"[308, 522, 49, 46]",47.47630988187688,32-64,,,,FN
479,479.jpg,5,buoy,,"[131, 280, 33, 34]",33.49626844888845,32-64,,,,FN
479,479.jpg,1,swimmer,,"[103, 16, 39, 39]",39.0,32-64,,,,FN
479,479.jpg,1,swimmer,,"[60, 13, 24, 34]",28.5657137141714,16-32,,,,FN
490,490.jpg,2,boat,,"[658, 0, 169, 221]",193.25889371514057,>64,,,,FN
501,501.jpg,2,boat,,"[281, 901, 56, 33]",42.988370520409354,32-64,,,,FN
510,510.jpg,2,boat,,"[0, 146, 90, 104]",96.74709297958259,>64,,,,FN
518,518.jpg,2,boat,,"[200, 58, 107, 187]",141.45317246354003,>64,,,,FN
526,526.jpg,4,life_saving_appliances,,"[113, 373, 13, 14]",13.490737563232042,<16,,,,FN
526,526.jpg,1,swimmer,,"[93, 395, 16, 21]",18.33030277982336,16-32,,,,FN
526,526.jpg,1,swimmer,,"[231, 379, 26, 22]",23.916521486202797,16-32,,,,FN
526,526.jpg,1,swimmer,,"[245, 492, 15, 24]",18.973665961010276,16-32,,,,FN
526,526.jpg,4,life_saving_appliances,,"[244, 541, 13, 16]",14.422205101855956,<16,,,,FN
526,526.jpg,1,swimmer,,"[219, 543, 20, 20]",20.0,16-32,,,,FN
526,526.jpg,1,swimmer,,"[182, 559, 15, 16]",15.491933384829668,<16,,,,FN
526,526.jpg,1,swimmer,,"[128, 547, 19, 18]",18.49324200890693,16-32,,,,FN
526,526.jpg,1,swimmer,,"[169, 594, 17, 14]",15.427248620541512,<16,,,,FN
529,529.jpg,2,boat,,"[88, 329, 90, 73]",81.05553651663777,>64,,,,FN
529,529.jpg,3,jetski,,"[43, 469, 37, 58]",46.32493928760188,32-64,,,,FN
537,537.jpg,1,swimmer,,"[753, 907, 13, 16]",14.422205101855956,<16,,,,FN
550,550.jpg,3,jetski,,"[484, 568, 26, 64]",40.792156108742276,32-64,,,,FN
552,552.jpg,5,buoy,,"[207, 178, 26, 29]",27.459060435491963,16-32,,,,FN
566,566.jpg,2,boat,,"[715, 616, 203, 102]",143.8957956300322,>64,,,,FN
595,595.jpg,4,life_saving_appliances,,"[661, 582, 12, 13]",12.489995996796797,<16,,,,FN
595,595.jpg,3,jetski,,"[331, 474, 48, 18]",29.393876913398138,16-32,,,,FN
595,595.jpg,1,swimmer,,"[247, 290, 20, 15]",17.320508075688775,16-32,,,,FN
595,595.jpg,1,swimmer,,"[334, 133, 25, 13]",18.027756377319946,16-32,,,,FN
595,595.jpg,5,buoy,,"[807, 2, 21, 22]",21.494185260204677,16-32,,,,FN
595,595.jpg,1,swimmer,,"[516, 18, 20, 19]",19.493588689617926,16-32,,,,FN
595,595.jpg,1,swimmer,,"[490, 21, 13, 17]",14.866068747318506,<16,,,,FN
595,595.jpg,1,swimmer,,"[438, 127, 13, 13]",13.0,<16,,,,FN
595,595.jpg,1,swimmer,,"[381, 144, 21, 14]",17.146428199482248,16-32,,,,FN
595,595.jpg,4,life_saving_appliances,,"[380, 155, 14, 12]",12.96148139681572,<16,,,,FN
595,595.jpg,1,swimmer,,"[309, 223, 12, 12]",12.0,<16,,,,FN
595,595.jpg,1,swimmer,,"[186, 169, 16, 15]",15.491933384829668,<16,,,,FN
604,604.jpg,2,boat,,"[421, 491, 54, 122]",81.1664955508121,>64,,,,FN
619,619.jpg,5,buoy,,"[0, 403, 37, 43]",39.88734135035826,32-64,,,,FN
622,622.jpg,2,boat,,"[824, 772, 118, 76]",94.69952481401371,>64,,,,FN
622,622.jpg,1,swimmer,,"[815, 569, 24, 29]",26.38181191654584,16-32,,,,FN
622,622.jpg,1,swimmer,,"[812, 598, 41, 29]",34.48187929913333,32-64,,,,FN
622,622.jpg,1,swimmer,,"[603, 600, 28, 28]",28.0,16-32,,,,FN
622,622.jpg,1,swimmer,,"[456, 630, 21, 24]",22.44994432064365,16-32,,,,FN
622,622.jpg,1,swimmer,,"[436, 718, 48, 29]",37.30951621235526,32-64,,,,FN
622,622.jpg,1,swimmer,,"[233, 726, 23, 25]",23.979157616563597,16-32,,,,FN
622,622.jpg,1,swimmer,,"[241, 615, 23, 25]",23.979157616563597,16-32,,,,FN
622,622.jpg,1,swimmer,,"[208, 589, 20, 21]",20.493901531919196,16-32,,,,FN
622,622.jpg,1,swimmer,,"[179, 598, 22, 22]",22.0,16-32,,,,FN
622,622.jpg,1,swimmer,,"[196, 640, 30, 20]",24.49489742783178,16-32,,,,FN
628,628.jpg,5,buoy,,"[338, 546, 44, 45]",44.49719092257398,32-64,,,,FN
646,646.jpg,2,boat,,"[852, 539, 62, 130]",89.77750274985377,>64,,,,FN
652,652.jpg,1,swimmer,,"[1156, 756, 22, 32]",26.5329983228432,16-32,,,,FN
652,652.jpg,1,swimmer,,"[1201, 751, 17, 23]",19.77371993328519,16-32,,,,FN
655,655.jpg,1,swimmer,,"[193, 156, 23, 21]",21.97726097583591,16-32,,,,FN
655,655.jpg,1,swimmer,,"[119, 222, 17, 28]",21.817424229271428,16-32,,,,FN
655,655.jpg,1,swimmer,,"[75, 277, 19, 17]",17.97220075561143,16-32,,,,FN
655,655.jpg,4,life_saving_appliances,,"[76, 292, 14, 11]",12.409673645990857,<16,,,,FN
655,655.jpg,1,swimmer,,"[68, 178, 24, 31]",27.27636339397171,16-32,,,,FN
655,655.jpg,1,swimmer,,"[91, 197, 20, 19]",19.493588689617926,16-32,,,,FN
655,655.jpg,1,swimmer,,"[21, 126, 22, 20]",20.97617696340303,16-32,,,,FN
669,669.jpg,1,swimmer,,"[276, 158, 25, 21]",22.9128784747792,16-32,,,,FN
676,676.jpg,3,jetski,,"[1079, 835, 73, 37]",51.97114584074513,32-64,,,,FN
690,690.jpg,3,jetski,,"[639, 851, 78, 29]",47.56048780237646,32-64,,,,FN
693,693.jpg,2,boat,,"[162, 806, 141, 128]",134.34284498997332,>64,,,,FN
704,704.jpg,5,buoy,,"[196, 844, 27, 33]",29.8496231131986,16-32,,,,FN
735,735.jpg,5,buoy,,"[0, 875, 38, 45]",41.352146256270665,32-64,,,,FN
767,767.jpg,2,boat,,"[929, 569, 302, 279]",290.27228596612525,>64,,,,FN
774,774.jpg,5,buoy,,"[288, 193, 32, 34]",32.984845004941285,32-64,,,,FN
780,780.jpg,2,boat,,"[1207, 208, 23, 58]",36.52396473549935,32-64,,,,FN
792,792.jpg,5,buoy,,"[177, 701, 33, 35]",33.98529093593286,32-64,,,,FN
803,803.jpg,3,jetski,,"[359, 531, 51, 72]",60.597029630172464,32-64,,,,FN
824,824.jpg,3,jetski,,"[1072, 662, 47, 52]",49.4368283772331,32-64,,,,FN
828,828.jpg,1,swimmer,,"[162, 75, 23, 27]",24.919871588754223,16-32,,,,FN
830,830.jpg,1,swimmer,,"[682, 702, 17, 22]",19.339079605813716,16-32,,,,FN
863,863.jpg,2,boat,,"[376, 1708, 129, 144]",136.29380029920657,>64,,,,FN
868,868.jpg,1,swimmer,,"[3684, 1848, 30, 42]",35.4964786985977,32-64,,,,FN
884,884.jpg,2,boat,,"[996, 2959, 160, 169]",164.43843832875572,>64,,,,FN
884,884.jpg,2,boat,,"[408, 934, 474, 147]",263.9659068895072,>64,,,,FN
887,887.jpg,2,boat,,"[628, 1544, 170, 154]",161.80234856144702,>64,,,,FN
887,887.jpg,2,boat,,"[3796, 2995, 167, 88]",121.2270596855339,>64,,,,FN
887,887.jpg,1,swimmer,,"[5142, 3393, 23, 24]",23.49468024894146,16-32,,,,FN
887,887.jpg,2,boat,,"[5010, 3394, 24, 24]",24.0,16-32,,,,FN
887,887.jpg,1,swimmer,,"[4882, 3201, 38, 26]",31.432467291003423,16-32,,,,FN
887,887.jpg,2,boat,,"[4750, 3251, 82, 156]",113.10172412478954,>64,,,,FN
944,944.jpg,2,boat,,"[3913, 26, 82, 161]",114.8999564838908,>64,,,,FN
944,944.jpg,2,boat,,"[1989, 161, 148, 115]",130.46072205840346,>64,,,,FN
984,984.jpg,1,swimmer,,"[120, 2306, 23, 24]",23.49468024894146,16-32,,,,FN
984,984.jpg,1,swimmer,,"[118, 2351, 38, 22]",28.91366458960192,16-32,,,,FN
984,984.jpg,2,boat,,"[0, 2567, 109, 64]",83.5224520712844,>64,,,,FN
984,984.jpg,2,boat,,"[1651, 2613, 62, 137]",92.16289925995167,>64,,,,FN
984,984.jpg,2,boat,,"[1468, 2360, 81, 140]",106.4894360957931,>64,,,,FN
984,984.jpg,2,boat,,"[951, 1845, 122, 116]",118.96217886370441,>64,,,,FN
1003,1003.jpg,1,swimmer,,"[3552, 191, 23, 48]",33.2264954516723,32-64,,,,FN
1018,1018.jpg,1,swimmer,,"[148, 3466, 39, 35]",36.945906403822335,32-64,,,,FN
1018,1018.jpg,1,swimmer,,"[159, 3260, 17, 23]",19.77371993328519,16-32,,,,FN
1018,1018.jpg,1,swimmer,,"[75, 3213, 47, 24]",33.58571124749333,32-64,,,,FN
1018,1018.jpg,2,boat,,"[0, 3182, 57, 85]",69.60603422117941,>64,,,,FN
1032,1032.jpg,1,swimmer,,"[1230, 3524, 30, 32]",30.983866769659336,16-32,,,,FN
1032,1032.jpg,2,boat,,"[1010, 3372, 88, 115]",100.59821071967433,>64,,,,FN
1032,1032.jpg,2,boat,,"[1148, 3128, 87, 121]",102.60116958397697,>64,,,,FN
1036,1036.jpg,1,swimmer,,"[858, 430, 29, 29]",29.0,16-32,,,,FN
1036,1036.jpg,2,boat,,"[789, 433, 99, 136]",116.0344776348823,>64,,,,FN
1036,1036.jpg,1,swimmer,,"[930, 1117, 21, 21]",21.0,16-32,,,,FN
1036,1036.jpg,1,swimmer,,"[838, 914, 18, 19]",18.49324200890693,16-32,,,,FN
1036,1036.jpg,2,boat,,"[991, 1089, 80, 133]",103.15037566582102,>64,,,,FN
1036,1036.jpg,2,boat,,"[1082, 1095, 120, 106]",112.78297743897348,>64,,,,FN
1037,1037.jpg,1,swimmer,,"[465, 123, 42, 45]",43.474130238568314,32-64,,,,FN
1037,1037.jpg,2,boat,,"[419, 129, 105, 125]",114.564392373896,>64,,,,FN
1037,1037.jpg,1,swimmer,,"[672, 382, 25, 21]",22.9128784747792,16-32,,,,FN
1037,1037.jpg,2,boat,,"[939, 565, 127, 108]",117.11532777565881,>64,,,,FN
1037,1037.jpg,2,boat,,"[846, 560, 81, 135]",104.57055034760026,>64,,,,FN
1037,1037.jpg,1,swimmer,,"[781, 591, 22, 21]",21.494185260204677,16-32,,,,FN
1073,1073.jpg,1,swimmer,,"[4230, 1114, 28, 26]",26.981475126464083,16-32,,,,FN
1073,1073.jpg,2,boat,,"[4208, 1135, 132, 63]",91.19210492142398,>64,,,,FN
1073,1073.jpg,2,boat,,"[4193, 979, 99, 122]",109.89995450408522,>64,,,,FN
1073,1073.jpg,1,swimmer,,"[4306, 456, 33, 34]",33.49626844888845,32-64,,,,FN
1073,1073.jpg,1,swimmer,,"[4269, 537, 19, 20]",19.493588689617926,16-32,,,,FN
1073,1073.jpg,1,swimmer,,"[4115, 572, 24, 26]",24.979991993593593,16-32,,,,FN
1073,1073.jpg,1,swimmer,,"[3786, 396, 36, 50]",42.42640687119285,32-64,,,,FN
1073,1073.jpg,1,swimmer,,"[3950, 173, 29, 26]",27.459060435491963,16-32,,,,FN
1073,1073.jpg,1,swimmer,,"[4012, 182, 22, 20]",20.97617696340303,16-32,,,,FN
1073,1073.jpg,1,swimmer,,"[4033, 188, 42, 45]",43.474130238568314,32-64,,,,FN
1073,1073.jpg,1,swimmer,,"[4060, 284, 20, 23]",21.447610589527216,16-32,,,,FN
1073,1073.jpg,2,boat,,"[3696, 544, 91, 129]",108.34666584625482,>64,,,,FN
1073,1073.jpg,2,boat,,"[3905, 523, 60, 130]",88.31760866327846,>64,,,,FN
1089,1089.jpg,2,boat,,"[5287, 2800, 88, 125]",104.88088481701516,>64,,,,FN
1089,1089.jpg,2,boat,,"[5094, 2817, 132, 76]",100.15987220439132,>64,,,,FN
1096,1096.jpg,2,boat,,"[2603, 2647, 121, 67]",90.03888049059695,>64,,,,FN
1096,1096.jpg,1,swimmer,,"[2431, 3260, 47, 44]",45.47526800360829,32-64,,,,FN
1096,1096.jpg,1,swimmer,,"[2358, 2826, 29, 23]",25.826343140289914,16-32,,,,FN
1096,1096.jpg,1,swimmer,,"[2293, 2856, 27, 45]",34.85685011586675,32-64,,,,FN
1096,1096.jpg,1,swimmer,,"[2423, 3351, 28, 31]",29.46183972531247,16-32,,,,FN
1096,1096.jpg,1,swimmer,,"[2521, 3568, 26, 35]",30.166206257996713,16-32,,,,FN
1096,1096.jpg,1,swimmer,,"[2378, 3393, 20, 21]",20.493901531919196,16-32,,,,FN
1096,1096.jpg,1,swimmer,,"[2315, 3465, 34, 31]",32.46536616149585,32-64,,,,FN
1096,1096.jpg,1,swimmer,,"[2308, 3378, 27, 34]",30.298514815086232,16-32,,,,FN
1096,1096.jpg,1,swimmer,,"[2215, 3343, 16, 16]",16.0,16-32,,,,FN
1109,1109.jpg,1,swimmer,,"[4107, 575, 32, 35]",33.46640106136302,32-64,,,,FN
1109,1109.jpg,2,boat,,"[3804, 732, 123, 64]",88.72429205127534,>64,,,,FN
1109,1109.jpg,2,boat,,"[3764, 793, 126, 72]",95.24704719832526,>64,,,,FN
1109,1109.jpg,1,swimmer,,"[3970, 153, 38, 52]",44.45222154178574,32-64,,,,FN
1109,1109.jpg,2,boat,,"[3312, 0, 125, 55]",82.915619758885,>64,,,,FN
1123,1123.jpg,2,boat,,"[3146, 1557, 75, 116]",93.27379053088815,>64,,,,FN
1123,1123.jpg,2,boat,,"[3293, 2023, 118, 77]",95.3205119583398,>64,,,,FN
1123,1123.jpg,2,boat,,"[3364, 1942, 114, 87]",99.58915603618699,>64,,,,FN
1123,1123.jpg,1,swimmer,,"[3666, 1626, 26, 24]",24.979991993593593,16-32,,,,FN
1123,1123.jpg,2,boat,,"[2755, 1309, 101, 101]",101.0,>64,,,,FN
1123,1123.jpg,1,swimmer,,"[3205, 751, 20, 27]",23.2379000772445,16-32,,,,FN
1123,1123.jpg,1,swimmer,,"[3186, 759, 14, 28]",19.79898987322333,16-32,,,,FN
1123,1123.jpg,1,swimmer,,"[3271, 839, 31, 36]",33.406586176980134,32-64,,,,FN
1123,1123.jpg,1,swimmer,,"[3187, 866, 31, 28]",29.46183972531247,16-32,,,,FN
1123,1123.jpg,1,swimmer,,"[3456, 916, 34, 27]",30.298514815086232,16-32,,,,FN
1123,1123.jpg,1,swimmer,,"[3688, 918, 21, 34]",26.720778431774775,16-32,,,,FN
1123,1123.jpg,1,swimmer,,"[3457, 1014, 25, 22]",23.45207879911715,16-32,,,,FN
1123,1123.jpg,1,swimmer,,"[3530, 1018, 22, 21]",21.494185260204677,16-32,,,,FN
1123,1123.jpg,1,swimmer,,"[3419, 1025, 24, 16]",19.595917942265423,16-32,,,,FN
1123,1123.jpg,1,swimmer,,"[3581, 1098, 52, 25]",36.05551275463989,32-64,,,,FN
1123,1123.jpg,1,swimmer,,"[3574, 1170, 43, 30]",35.91656999213594,32-64,,,,FN
1125,1125.jpg,2,boat,,"[3164, 629, 120, 79]",97.36529155710468,>64,,,,FN
1125,1125.jpg,2,boat,,"[3077, 703, 118, 72]",92.1737489744233,>64,,,,FN
1125,1125.jpg,1,swimmer,,"[3528, 344, 28, 24]",25.92296279363144,16-32,,,,FN
1129,1129.jpg,1,swimmer,,"[154, 2655, 21, 15]",17.74823934929885,16-32,,,,FN
1129,1129.jpg,1,swimmer,,"[279, 2585, 23, 16]",19.183326093250876,16-32,,,,FN
1129,1129.jpg,1,swimmer,,"[451, 2443, 20, 16]",17.88854381999832,16-32,,,,FN
1129,1129.jpg,1,swimmer,,"[549, 2785, 23, 41]",30.708305065568176,16-32,,,,FN
1129,1129.jpg,2,boat,,"[633, 1614, 120, 56]",81.97560612767678,>64,,,,FN
1129,1129.jpg,2,boat,,"[555, 1669, 111, 51]",75.23961722390672,>64,,,,FN
1129,1129.jpg,2,boat,,"[698, 2014, 74, 113]",91.44397191723465,>64,,,,FN
1129,1129.jpg,2,boat,,"[1137, 2155, 62, 115]",84.4393273303382,>64,,,,FN
1136,1136.jpg,2,boat,,"[4825, 1582, 102, 99]",100.48880534666536,>64,,,,FN
1136,1136.jpg,2,boat,,"[5281, 1505, 114, 79]",94.89994731294638,>64,,,,FN
1136,1136.jpg,2,boat,,"[5274, 1829, 129, 60]",87.97726979169109,>64,,,,FN
1136,1136.jpg,2,boat,,"[5354, 1782, 102, 67]",82.66801074176153,>64,,,,FN
1136,1136.jpg,1,swimmer,,"[5404, 645, 18, 12]",14.696938456699069,<16,,,,FN
1136,1136.jpg,1,swimmer,,"[5435, 668, 17, 13]",14.866068747318506,<16,,,,FN
1136,1136.jpg,1,swimmer,,"[5352, 914, 26, 19]",22.22611077089287,16-32,,,,FN
1144,1144.jpg,1,swimmer,,"[2050, 1990, 28, 42]",34.292856398964496,32-64,,,,FN
1144,1144.jpg,1,swimmer,,"[2018, 1974, 25, 31]",27.83882181415011,16-32,,,,FN
1144,1144.jpg,1,swimmer,,"[1632, 1841, 32, 28]",29.93325909419153,16-32,,,,FN
1144,1144.jpg,1,swimmer,,"[1733, 1745, 18, 31]",23.62202362203543,16-32,,,,FN
1144,1144.jpg,1,swimmer,,"[1892, 1661, 41, 33]",36.78314831549904,32-64,,,,FN
1144,1144.jpg,1,swimmer,,"[1959, 1698, 38, 32]",34.87119154832539,32-64,,,,FN
1144,1144.jpg,1,swimmer,,"[2274, 1521, 40, 47]",43.3589667773576,32-64,,,,FN
1144,1144.jpg,1,swimmer,,"[2158, 1640, 33, 40]",36.3318042491699,32-64,,,,FN
1144,1144.jpg,1,swimmer,,"[1850, 1525, 24, 23]",23.49468024894146,16-32,,,,FN
1144,1144.jpg,1,swimmer,,"[1835, 1421, 16, 17]",16.492422502470642,16-32,,,,FN
1144,1144.jpg,1,swimmer,,"[1690, 1441, 29, 41]",34.48187929913333,32-64,,,,FN
1144,1144.jpg,1,swimmer,,"[1740, 1088, 29, 28]",28.495613697550013,16-32,,,,FN
1144,1144.jpg,2,boat,,"[2349, 674, 116, 78]",95.12097560475291,>64,,,,FN
1144,1144.jpg,2,boat,,"[2406, 798, 74, 119]",93.84028985462481,>64,,,,FN
1144,1144.jpg,2,boat,,"[2481, 1114, 105, 94]",99.34787365615834,>64,,,,FN
1144,1144.jpg,2,boat,,"[3056, 701, 116, 75]",93.27379053088815,>64,,,,FN
1157,1157.jpg,1,swimmer,,"[1048, 2428, 23, 21]",21.97726097583591,16-32,,,,FN
1157,1157.jpg,1,swimmer,,"[1036, 2624, 19, 21]",19.974984355438178,16-32,,,,FN
1157,1157.jpg,1,swimmer,,"[1242, 2532, 43, 40]",41.47288270665544,32-64,,,,FN
1157,1157.jpg,2,boat,,"[1482, 2415, 83, 100]",91.10433579144299,>64,,,,FN
1157,1157.jpg,1,swimmer,,"[1596, 2553, 42, 42]",42.0,32-64,,,,FN
1157,1157.jpg,1,swimmer,,"[1813, 2613, 48, 48]",48.0,32-64,,,,FN
1157,1157.jpg,1,swimmer,,"[1203, 2732, 23, 14]",17.944358444926362,16-32,,,,FN
1157,1157.jpg,1,swimmer,,"[983, 2864, 21, 22]",21.494185260204677,16-32,,,,FN
1157,1157.jpg,1,swimmer,,"[1131, 3092, 36, 20]",26.832815729997478,16-32,,,,FN
1157,1157.jpg,1,swimmer,,"[1517, 3068, 35, 36]",35.4964786985977,32-64,,,,FN
1157,1157.jpg,1,swimmer,,"[1483, 3020, 47, 26]",34.95711658589707,32-64,,,,FN
1157,1157.jpg,2,boat,,"[2444, 2560, 118, 58]",82.72847151978574,>64,,,,FN
1157,1157.jpg,2,boat,,"[3008, 2169, 103, 96]",99.43842315724842,>64,,,,FN
1157,1157.jpg,2,boat,,"[2814, 1847, 89, 104]",96.20810776644555,>64,,,,FN
1171,1171.jpg,2,boat,,"[187, 2814, 201, 326]",255.9804680048851,>64,,,,FN
1181,1181.jpg,2,boat,,"[389, 4803, 324, 172]",236.067786874872,>64,,,,FN
1224,1224.jpg,2,boat,,"[2875, 4809, 237, 341]",284.28330939399166,>64,,,,FN
1224,1224.jpg,4,life_saving_appliances,,"[2900, 4880, 37, 48]",42.14261501141095,32-64,,,,FN
1230,1230.jpg,4,life_saving_appliances,,"[3769, 1113, 45, 33]",38.535697735995385,32-64,,,,FN
1240,1240.jpg,1,swimmer,,"[2482, 766, 70, 138]",98.28529900244492,>64,,,,FN
1254,1254.jpg,1,swimmer,,"[4737, 1054, 113, 56]",79.54872720540537,>64,,,,FN
1309,1309.jpg,2,boat,,"[1744, 1350, 299, 183]",233.9166518228234,>64,,,,FN
1309,1309.jpg,4,life_saving_appliances,,"[5102, 960, 57, 36]",45.2990066116245,32-64,,,,FN
1350,1350.jpg,2,boat,,"[642, 1810, 198, 207]",202.44999382563586,>64,,,,FN
1389,1389.jpg,2,boat,,"[330, 1762, 177, 236]",204.38199529312752,>64,,,,FN
1389,1389.jpg,2,boat,,"[3419, 4384, 213, 176]",193.61818096449517,>64,,,,FN
1389,1389.jpg,2,boat,,"[2144, 4628, 209, 246]",226.74655454934702,>64,,,,FN
1436,1436.jpg,2,boat,,"[818, 3362, 234, 105]",156.7482057313576,>64,,,,FN
1471,1471.jpg,2,boat,,"[1461, 1790, 153, 221]",183.88311504866346,>64,,,,FN
1474,1474.jpg,2,boat,,"[2867, 3574, 197, 57]",105.9669759878048,>64,,,,FN
1479,1479.jpg,2,boat,,"[246, 1670, 186, 134]",157.87336697492708,>64,,,,FN
1479,1479.jpg,2,boat,,"[1597, 917, 204, 88]",133.9850737955538,>64,,,,FN
1479,1479.jpg,2,boat,,"[1411, 0, 124, 97]",109.67223896684156,>64,,,,FN
1500,1500.jpg,1,swimmer,,"[1448, 1021, 85, 57]",69.60603422117941,>64,,,,FN
1500,1500.jpg,2,boat,,"[1205, 958, 201, 94]",137.45544732748863,>64,,,,FN
1500,1500.jpg,1,swimmer,,"[1610, 523, 90, 76]",82.70429251254133,>64,,,,FN
1500,1500.jpg,2,boat,,"[2960, 1064, 107, 206]",148.4654842042419,>64,,,,FN
1500,1500.jpg,1,swimmer,,"[3227, 613, 40, 64]",50.59644256269407,32-64,,,,FN
1506,1506.jpg,2,boat,,"[1753, 3522, 196, 100]",140.0,>64,,,,FN
1506,1506.jpg,2,boat,,"[1046, 2950, 183, 83]",123.24366109459748,>64,,,,FN
1506,1506.jpg,2,boat,,"[1578, 1848, 161, 163]",161.99691355084516,>64,,,,FN
1506,1506.jpg,2,boat,,"[3497, 2071, 168, 179]",173.41280229556295,>64,,,,FN
1520,1520.jpg,2,boat,,"[2775, 3484, 148, 148]",148.0,>64,,,,FN
1520,1520.jpg,2,boat,,"[3174, 2339, 191, 145]",166.4181480488231,>64,,,,FN
1520,1520.jpg,2,boat,,"[4571, 3004, 192, 127]",156.1537703675451,>64,,,,FN
1542,1542.jpg,1,swimmer,,"[49, 3183, 70, 38]",51.57518783291051,32-64,,,,FN
1542,1542.jpg,2,boat,,"[839, 2751, 185, 103]",138.03984931895573,>64,,,,FN
1542,1542.jpg,2,boat,,"[937, 3458, 136, 159]",147.0510115572144,>64,,,,FN
1549,1549.jpg,2,boat,,"[1855, 2169, 159, 138]",148.12832274754211,>64,,,,FN
1549,1549.jpg,2,boat,,"[2004, 2917, 172, 104]",133.7460279784039,>64,,,,FN
1549,1549.jpg,1,swimmer,,"[3286, 2606, 79, 61]",69.41901756723442,>64,,,,FN
1549,1549.jpg,2,boat,,"[3539, 2533, 156, 143]",149.35862880998874,>64,,,,FN
1550,1550.jpg,2,boat,,"[1837, 1506, 159, 141]",149.72975656161336,>64,,,,FN
1550,1550.jpg,1,swimmer,,"[3290, 1986, 74, 53]",62.625873247404705,32-64,,,,FN
1550,1550.jpg,2,boat,,"[3530, 1898, 151, 143]",146.94556815365343,>64,,,,FN
1550,1550.jpg,2,boat,,"[3361, 3015, 179, 96]",131.08775686539153,>64,,,,FN
1550,1550.jpg,2,boat,,"[1976, 2272, 172, 108]",136.29380029920657,>64,,,,FN
1572,1572.jpg,2,boat,,"[1058, 2987, 112, 168]",137.17142559585798,>64,,,,FN
1572,1572.jpg,2,boat,,"[497, 2914, 85, 168]",119.49895397031725,>64,,,,FN
1617,1617.jpg,2,boat,,"[1312, 2773, 86, 178]",123.72550262577235,>64,,,,FN
1621,1621.jpg,2,boat,,"[1258, 0, 95, 114]",104.06728592598157,>64,,,,FN
1621,1621.jpg,2,boat,,"[925, 1410, 159, 138]",148.12832274754211,>64,,,,FN
1621,1621.jpg,2,boat,,"[302, 2156, 160, 131]",144.77568856683087,>64,,,,FN
1621,1621.jpg,2,boat,,"[2307, 1934, 183, 89]",127.62053126358627,>64,,,,FN
1661,1661.jpg,2,boat,,"[1477, 2879, 156, 126]",140.19985734657507,>64,,,,FN
1661,1661.jpg,1,swimmer,,"[1363, 2677, 40, 55]",46.9041575982343,32-64,,,,FN
1661,1661.jpg,1,swimmer,,"[169, 2302, 50, 70]",59.16079783099616,32-64,,,,FN
1661,1661.jpg,2,boat,,"[136, 2566, 173, 78]",116.16367762773353,>64,,,,FN
1661,1661.jpg,2,boat,,"[437, 1719, 154, 131]",142.03520690307738,>64,,,,FN
1663,1663.jpg,2,boat,,"[282, 270, 163, 140]",151.06290080625354,>64,,,,FN
1663,1663.jpg,1,swimmer,,"[6, 855, 48, 52]",49.95998398718719,32-64,,,,FN
1663,1663.jpg,2,boat,,"[0, 1148, 136, 81]",104.95713410721541,>64,,,,FN
1663,1663.jpg,1,swimmer,,"[1235, 1294, 59, 77]",67.40178039191547,>64,,,,FN
1663,1663.jpg,2,boat,,"[1337, 1489, 161, 130]",144.67204291085406,>64,,,,FN
1716,1716.jpg,1,swimmer,,"[3539, 4128, 23, 28]",25.37715508089904,16-32,,,,FN
1716,1716.jpg,2,boat,,"[3241, 4117, 112, 49]",74.08103670980854,>64,,,,FN
1716,1716.jpg,2,boat,,"[3379, 4411, 99, 81]",89.5488693395958,>64,,,,FN
1724,1724.jpg,2,boat,,"[2032, 1247, 109, 59]",80.19351594736322,>64,,,,FN
1724,1724.jpg,2,boat,,"[2477, 1303, 64, 108]",83.13843876330611,>64,,,,FN
1724,1724.jpg,1,swimmer,,"[2754, 1161, 19, 58]",33.19638534539566,32-64,,,,FN
1724,1724.jpg,1,swimmer,,"[2654, 1305, 16, 13]",14.422205101855956,<16,,,,FN
1724,1724.jpg,1,swimmer,,"[2727, 728, 15, 20]",17.320508075688775,16-32,,,,FN
1765,1765.jpg,2,boat,,"[2449, 9, 101, 63]",79.76841480184999,>64,,,,FN
1765,1765.jpg,2,boat,,"[1327, 134, 54, 113]",78.11529939774923,>64,,,,FN
1765,1765.jpg,2,boat,,"[1398, 268, 45, 110]",70.35623639735144,>64,,,,FN
1765,1765.jpg,2,boat,,"[1822, 715, 55, 109]",77.42738533619743,>64,,,,FN
1765,1765.jpg,1,swimmer,,"[1440, 410, 47, 35]",40.55859958134649,32-64,,,,FN
1765,1765.jpg,1,swimmer,,"[1690, 352, 31, 28]",29.46183972531247,16-32,,,,FN
1765,1765.jpg,1,swimmer,,"[1638, 491, 18, 23]",20.346989949375804,16-32,,,,FN
1765,1765.jpg,1,swimmer,,"[1587, 556, 17, 24]",20.199009876724155,16-32,,,,FN
1765,1765.jpg,1,swimmer,,"[2124, 163, 39, 33]",35.874782229304195,32-64,,,,FN
1765,1765.jpg,1,swimmer,,"[2047, 295, 21, 24]",22.44994432064365,16-32,,,,FN
1765,1765.jpg,1,swimmer,,"[2051, 318, 18, 28]",22.44994432064365,16-32,,,,FN
1765,1765.jpg,1,swimmer,,"[2080, 329, 24, 37]",29.79932885150268,16-32,,,,FN
1765,1765.jpg,1,swimmer,,"[2168, 353, 42, 19]",28.24889378365107,16-32,,,,FN
1765,1765.jpg,1,swimmer,,"[1993, 476, 33, 43]",37.66961640367472,32-64,,,,FN
1771,1771.jpg,2,boat,,"[5370, 1954, 86, 46]",62.89674077406555,32-64,,,,FN
1774,1774.jpg,1,swimmer,,"[453, 3422, 24, 34]",28.5657137141714,16-32,,,,FN
1774,1774.jpg,1,swimmer,,"[433, 3404, 25, 28]",26.457513110645905,16-32,,,,FN
1774,1774.jpg,2,boat,,"[432, 3283, 54, 103]",74.57881736793632,>64,,,,FN
1786,1786.jpg,2,boat,,"[946, 4158, 100, 69]",83.06623862918075,>64,,,,FN
1786,1786.jpg,2,boat,,"[1517, 3376, 51, 107]",73.87151006985034,>64,,,,FN
1786,1786.jpg,2,boat,,"[1966, 3745, 45, 108]",69.7137002317335,>64,,,,FN
1786,1786.jpg,1,swimmer,,"[2118, 3861, 17, 27]",21.42428528562855,16-32,,,,FN
1786,1786.jpg,2,boat,,"[2089, 3888, 52, 104]",73.53910524340094,>64,,,,FN
1786,1786.jpg,1,swimmer,,"[1761, 3597, 15, 19]",16.881943016134134,16-32,,,,FN
1786,1786.jpg,1,swimmer,,"[1776, 3619, 13, 15]",13.96424004376894,<16,,,,FN
1786,1786.jpg,1,swimmer,,"[1640, 3682, 27, 45]",34.85685011586675,32-64,,,,FN
1786,1786.jpg,1,swimmer,,"[1412, 3752, 15, 17]",15.968719422671311,<16,,,,FN
1786,1786.jpg,1,swimmer,,"[1489, 3841, 25, 24]",24.49489742783178,16-32,,,,FN
1786,1786.jpg,1,swimmer,,"[1530, 3876, 17, 16]",16.492422502470642,16-32,,,,FN
1786,1786.jpg,1,swimmer,,"[1476, 3893, 27, 28]",27.49545416973504,16-32,,,,FN
1793,1793.jpg,2,boat,,"[3968, 126, 85, 92]",88.43076387773658,>64,,,,FN
1821,1821.jpg,1,swimmer,,"[1958, 4907, 28, 36]",31.74901573277509,16-32,,,,FN
1821,1821.jpg,1,swimmer,,"[1968, 4951, 35, 24]",28.982753492378876,16-32,,,,FN
1821,1821.jpg,1,swimmer,,"[2063, 5227, 39, 37]",37.986839826445156,32-64,,,,FN
1821,1821.jpg,1,swimmer,,"[1821, 5181, 14, 18]",15.874507866387544,<16,,,,FN
1821,1821.jpg,2,boat,,"[1517, 4961, 106, 65]",83.00602387778854,>64,,,,FN
1821,1821.jpg,2,boat,,"[2273, 5206, 53, 120]",79.74960814950754,>64,,,,FN
1821,1821.jpg,2,boat,,"[2098, 4296, 81, 101]",90.44888059008801,>64,,,,FN
1821,1821.jpg,2,boat,,"[2420, 5274, 74, 109]",89.81091247727082,>64,,,,FN
1824,1824.jpg,1,swimmer,,"[4938, 520, 28, 42]",34.292856398964496,32-64,,,,FN
1824,1824.jpg,1,swimmer,,"[4899, 798, 18, 21]",19.44222209522358,16-32,,,,FN
1824,1824.jpg,1,swimmer,,"[4676, 629, 29, 41]",34.48187929913333,32-64,,,,FN
1824,1824.jpg,1,swimmer,,"[4653, 661, 32, 23]",27.129319932501073,16-32,,,,FN
1824,1824.jpg,1,swimmer,,"[4743, 619, 26, 32]",28.844410203711913,16-32,,,,FN
1824,1824.jpg,2,boat,,"[4073, 469, 55, 100]",74.16198487095663,>64,,,,FN
1824,1824.jpg,2,boat,,"[4686, 1014, 61, 101]",78.49203781276162,>64,,,,FN
1835,1835.jpg,1,swimmer,,"[3574, 199, 20, 22]",20.97617696340303,16-32,,,,FN
1835,1835.jpg,1,swimmer,,"[3247, 91, 29, 33]",30.93541659651604,16-32,,,,FN
1835,1835.jpg,1,swimmer,,"[3324, 129, 29, 17]",22.20360331117452,16-32,,,,FN
1835,1835.jpg,1,swimmer,,"[3307, 173, 28, 27]",27.49545416973504,16-32,,,,FN
1835,1835.jpg,2,boat,,"[3314, 480, 66, 94]",78.76547467006087,>64,,,,FN
1835,1835.jpg,2,boat,,"[1766, 1792, 96, 65]",78.99367063252599,>64,,,,FN
1842,1842.jpg,2,boat,,"[641, 1444, 104, 61]",79.64923100695951,>64,,,,FN
1845,1845.jpg,2,boat,,"[1612, 2274, 101, 58]",76.53757247260981,>64,,,,FN
1845,1845.jpg,2,boat,,"[941, 215, 89, 76]",82.24354077980836,>64,,,,FN
1845,1845.jpg,1,swimmer,,"[425, 97, 25, 41]",32.01562118716424,32-64,,,,FN
1845,1845.jpg,1,swimmer,,"[450, 184, 27, 23]",24.919871588754223,16-32,,,,FN
1845,1845.jpg,1,swimmer,,"[625, 260, 30, 35]",32.4037034920393,32-64,,,,FN
1845,1845.jpg,1,swimmer,,"[693, 306, 25, 39]",31.22498999199199,16-32,,,,FN
1845,1845.jpg,1,swimmer,,"[661, 0, 25, 22]",23.45207879911715,16-32,,,,FN
1845,1845.jpg,1,swimmer,,"[578, 340, 37, 39]",37.986839826445156,32-64,,,,FN
1852,1852.jpg,2,boat,,"[4743, 3263, 66, 103]",82.44998483929515,>64,,,,FN
1869,1869.jpg,1,swimmer,,"[1103, 1847, 47, 26]",34.95711658589707,32-64,,,,FN
1869,1869.jpg,1,swimmer,,"[1168, 1633, 37, 29]",32.7566787083184,32-64,,,,FN
1869,1869.jpg,1,swimmer,,"[1184, 1693, 37, 22]",28.53068523537421,16-32,,,,FN
1869,1869.jpg,1,swimmer,,"[1262, 1754, 36, 25]",30.0,16-32,,,,FN
1869,1869.jpg,1,swimmer,,"[737, 1957, 34, 43]",38.23610858861032,32-64,,,,FN
1869,1869.jpg,2,boat,,"[622, 2021, 99, 73]",85.01176389182852,>64,,,,FN
1869,1869.jpg,2,boat,,"[412, 1754, 88, 79]",83.37865434270333,>64,,,,FN
1869,1869.jpg,2,boat,,"[896, 1386, 87, 81]",83.94641147779933,>64,,,,FN
1869,1869.jpg,2,boat,,"[3018, 1027, 74, 90]",81.60882305241266,>64,,,,FN
1871,1871.jpg,1,swimmer,,"[1912, 1206, 23, 33]",27.54995462791182,16-32,,,,FN
1871,1871.jpg,1,swimmer,,"[2370, 951, 42, 31]",36.08323710533743,32-64,,,,FN
1871,1871.jpg,1,swimmer,,"[2283, 852, 29, 23]",25.826343140289914,16-32,,,,FN
1871,1871.jpg,1,swimmer,,"[2288, 753, 26, 22]",23.916521486202797,16-32,,,,FN
1871,1871.jpg,1,swimmer,,"[2304, 901, 25, 24]",24.49489742783178,16-32,,,,FN
1871,1871.jpg,1,swimmer,,"[2240, 1054, 27, 23]",24.919871588754223,16-32,,,,FN
1871,1871.jpg,2,boat,,"[1814, 1249, 79, 64]",71.10555533852471,>64,,,,FN
1871,1871.jpg,2,boat,,"[1662, 1010, 64, 80]",71.55417527999327,>64,,,,FN
1871,1871.jpg,2,boat,,"[2029, 635, 73, 82]",77.3692445355388,>64,,,,FN
1871,1871.jpg,2,boat,,"[4103, 24, 87, 102]",94.2019108086455,>64,,,,FN
1880,1880.jpg,2,boat,,"[1903, 664, 87, 79]",82.90355842785037,>64,,,,FN
1880,1880.jpg,1,swimmer,,"[3301, 0, 50, 18]",30.0,16-32,,,,FN
1880,1880.jpg,1,swimmer,,"[3518, 157, 39, 20]",27.92848008753788,16-32,,,,FN
1880,1880.jpg,1,swimmer,,"[3545, 46, 35, 17]",24.392621835300936,16-32,,,,FN
1896,1896.jpg,2,boat,,"[1459, 4169, 56, 103]",75.9473501841901,>64,,,,FN
1896,1896.jpg,1,swimmer,,"[1951, 5173, 34, 47]",39.97499218261337,32-64,,,,FN
1896,1896.jpg,1,swimmer,,"[2008, 5090, 22, 36]",28.142494558940577,16-32,,,,FN
1900,1900.jpg,2,boat,,"[2707, 3856, 52, 102]",72.8285658241325,>64,,,,FN
1900,1900.jpg,1,swimmer,,"[3168, 4698, 27, 44]",34.46737587922817,32-64,,,,FN
1900,1900.jpg,1,swimmer,,"[3111, 4793, 32, 39]",35.32704346531139,32-64,,,,FN
1900,1900.jpg,1,swimmer,,"[3134, 5282, 32, 36]",33.94112549695428,32-64,,,,FN
1900,1900.jpg,1,swimmer,,"[3019, 5173, 21, 31]",25.514701644346147,16-32,,,,FN
1900,1900.jpg,2,boat,,"[2491, 5310, 64, 98]",79.19595949289332,>64,,,,FN
1900,1900.jpg,2,boat,,"[2731, 5181, 86, 83]",84.4866853415377,>64,,,,FN
1908,1908.jpg,1,swimmer,,"[991, 1658, 19, 29]",23.473389188611005,16-32,,,,FN
1908,1908.jpg,1,swimmer,,"[1098, 1783, 14, 30]",20.493901531919196,16-32,,,,FN
1908,1908.jpg,1,swimmer,,"[914, 1679, 28, 48]",36.66060555964672,32-64,,,,FN
1908,1908.jpg,1,swimmer,,"[977, 2192, 24, 42]",31.74901573277509,16-32,,,,FN
1908,1908.jpg,1,swimmer,,"[934, 2336, 22, 52]",33.823069050575526,32-64,,,,FN
1908,1908.jpg,2,boat,,"[1320, 1681, 91, 74]",82.06095295571457,>64,,,,FN
1908,1908.jpg,2,boat,,"[1868, 2381, 73, 93]",82.39538822045807,>64,,,,FN
1908,1908.jpg,2,boat,,"[636, 1111, 43, 99]",65.24568951279464,>64,,,,FN
1908,1908.jpg,2,boat,,"[1239, 2941, 46, 93]",65.40642170307133,>64,,,,FN
1910,1910.jpg,1,swimmer,,"[2284, 1889, 47, 26]",34.95711658589707,32-64,,,,FN
1910,1910.jpg,1,swimmer,,"[2444, 1926, 51, 25]",35.70714214271425,32-64,,,,FN
1910,1910.jpg,1,swimmer,,"[1737, 1906, 39, 25]",31.22498999199199,16-32,,,,FN
1910,1910.jpg,1,swimmer,,"[1788, 1978, 37, 24]",29.79932885150268,16-32,,,,FN
1910,1910.jpg,2,boat,,"[1309, 2246, 95, 56]",72.93833011524188,>64,,,,FN
1910,1910.jpg,2,boat,,"[1748, 1498, 70, 93]",80.68457101577724,>64,,,,FN
1910,1910.jpg,2,boat,,"[3002, 1571, 96, 44]",64.99230723708769,>64,,,,FN
1910,1910.jpg,2,boat,,"[2494, 968, 79, 86]",82.42572413997951,>64,,,,FN
1911,1911.jpg,2,boat,,"[3086, 1197, 97, 49]",68.94200461257273,>64,,,,FN
1911,1911.jpg,2,boat,,"[2593, 625, 85, 87]",85.99418584997477,>64,,,,FN
1911,1911.jpg,2,boat,,"[1839, 1136, 66, 94]",78.76547467006087,>64,,,,FN
1911,1911.jpg,2,boat,,"[1443, 1881, 94, 58]",73.83765976789893,>64,,,,FN
1911,1911.jpg,1,swimmer,,"[1837, 1549, 32, 27]",29.393876913398138,16-32,,,,FN
1911,1911.jpg,1,swimmer,,"[2385, 1521, 36, 27]",31.176914536239792,16-32,,,,FN
1911,1911.jpg,1,swimmer,,"[2549, 1551, 44, 31]",36.932370625238775,32-64,,,,FN
1911,1911.jpg,1,swimmer,,"[1883, 1615, 38, 28]",32.61901286060018,32-64,,,,FN
1915,1915.jpg,1,swimmer,,"[3157, 2518, 34, 23]",27.964262908219126,16-32,,,,FN
1915,1915.jpg,1,swimmer,,"[3373, 2516, 41, 30]",35.07135583350036,32-64,,,,FN
1915,1915.jpg,2,boat,,"[3694, 2176, 90, 55]",70.35623639735144,>64,,,,FN
1915,1915.jpg,2,boat,,"[3927, 2796, 66, 88]",76.2102355330306,>64,,,,FN
1915,1915.jpg,2,boat,,"[2885, 3105, 94, 61]",75.7231800705702,>64,,,,FN
1915,1915.jpg,2,boat,,"[2784, 2753, 96, 71]",82.55906976220118,>64,,,,FN
1931,1931.jpg,2,boat,,"[2648, 1154, 76, 81]",78.46018098373213,>64,,,,FN
1931,1931.jpg,2,boat,,"[1462, 903, 95, 59]",74.86654793697917,>64,,,,FN
1931,1931.jpg,2,boat,,"[1820, 1094, 88, 72]",79.5989949685296,>64,,,,FN
1931,1931.jpg,2,boat,,"[1541, 1095, 55, 95]",72.2841614740048,>64,,,,FN
1931,1931.jpg,1,swimmer,,"[1852, 1082, 32, 20]",25.298221281347036,16-32,,,,FN
1931,1931.jpg,1,swimmer,,"[2030, 960, 34, 26]",29.732137494637012,16-32,,,,FN
1931,1931.jpg,1,swimmer,,"[2542, 979, 21, 14]",17.146428199482248,16-32,,,,FN
1931,1931.jpg,1,swimmer,,"[2637, 834, 40, 24]",30.983866769659336,16-32,,,,FN
1931,1931.jpg,1,swimmer,,"[2576, 775, 33, 24]",28.142494558940577,16-32,,,,FN
1944,1944.jpg,1,swimmer,,"[2570, 1700, 31, 33]",31.984371183438952,16-32,,,,FN
1944,1944.jpg,2,boat,,"[2878, 935, 78, 89]",83.3186653757728,>64,,,,FN
1944,1944.jpg,2,boat,,"[2645, 1774, 90, 72]",80.49844718999243,>64,,,,FN
1944,1944.jpg,2,boat,,"[2562, 2079, 95, 54]",71.62401831787993,>64,,,,FN
1944,1944.jpg,2,boat,,"[2383, 2166, 72, 84]",77.76888838089432,>64,,,,FN
1959,1959.jpg,2,boat,,"[3159, 3387, 90, 65]",76.48529270389177,>64,,,,FN
1959,1959.jpg,2,boat,,"[2990, 3218, 69, 83]",75.67694497005016,>64,,,,FN
1959,1959.jpg,2,boat,,"[2753, 3078, 41, 87]",59.724366886556446,32-64,,,,FN
1959,1959.jpg,2,boat,,"[1845, 2926, 91, 42]",61.82232606429493,32-64,,,,FN
1959,1959.jpg,1,swimmer,,"[2754, 3163, 19, 37]",26.514147167125703,16-32,,,,FN
1959,1959.jpg,1,swimmer,,"[2806, 3221, 35, 22]",27.748873851023216,16-32,,,,FN
1959,1959.jpg,1,swimmer,,"[2162, 3207, 19, 22]",20.445048300260872,16-32,,,,FN
1975,1975.jpg,2,boat,,"[1923, 225, 96, 46]",66.4529909033446,>64,,,,FN
1975,1975.jpg,2,boat,,"[2200, 278, 69, 84]",76.13146524269712,>64,,,,FN
1975,1975.jpg,2,boat,,"[2446, 405, 66, 87]",75.77598564189053,>64,,,,FN
1975,1975.jpg,2,boat,,"[3008, 438, 48, 94]",67.17142249498666,>64,,,,FN
1975,1975.jpg,1,swimmer,,"[2888, 223, 41, 19]",27.910571473905726,16-32,,,,FN
1975,1975.jpg,1,swimmer,,"[2940, 263, 37, 29]",32.7566787083184,32-64,,,,FN
1975,1975.jpg,1,swimmer,,"[2332, 304, 18, 28]",22.44994432064365,16-32,,,,FN
1990,1990.jpg,2,boat,,"[3770, 2580, 82, 78]",79.97499609252883,>64,,,,FN
1990,1990.jpg,2,boat,,"[3546, 2441, 71, 84]",77.22693830523129,>64,,,,FN
1990,1990.jpg,2,boat,,"[3257, 2412, 93, 55]",71.51922818375489,>64,,,,FN
1990,1990.jpg,1,swimmer,,"[3800, 2426, 43, 29]",35.31288716601915,32-64,,,,FN
2005,2005.jpg,2,boat,,"[1876, 2051, 72, 81]",76.36753236814714,>64,,,,FN
2005,2005.jpg,2,boat,,"[1700, 2575, 57, 93]",72.80796659706958,>64,,,,FN
2005,2005.jpg,2,boat,,"[1545, 2776, 60, 92]",74.29670248402684,>64,,,,FN
2005,2005.jpg,2,boat,,"[1499, 3050, 57, 96]",73.97296803562772,>64,,,,FN
2005,2005.jpg,1,swimmer,,"[1575, 2368, 26, 30]",27.92848008753788,16-32,,,,FN
2005,2005.jpg,1,swimmer,,"[1500, 2505, 23, 27]",24.919871588754223,16-32,,,,FN
2005,2005.jpg,1,swimmer,,"[1512, 2378, 24, 38]",30.199337741083,16-32,,,,FN
2018,2018.jpg,2,boat,,"[3415, 1858, 56, 97]",73.70210309075311,>64,,,,FN
2018,2018.jpg,2,boat,,"[3407, 2127, 53, 95]",70.95773389842716,>64,,,,FN
2018,2018.jpg,2,boat,,"[3281, 2335, 59, 93]",74.07428703673091,>64,,,,FN
2018,2018.jpg,2,boat,,"[3150, 2886, 69, 84]",76.13146524269712,>64,,,,FN
2018,2018.jpg,1,swimmer,,"[3534, 2454, 32, 32]",32.0,32-64,,,,FN
2018,2018.jpg,1,swimmer,,"[3531, 2546, 16, 27]",20.784609690826528,16-32,,,,FN
2018,2018.jpg,1,swimmer,,"[3482, 2551, 31, 30]",30.495901363953813,16-32,,,,FN
2018,2018.jpg,1,swimmer,,"[3458, 2670, 22, 21]",21.494185260204677,16-32,,,,FN
2019,2019.jpg,2,boat,,"[3587, 2163, 45, 96]",65.72670690061993,>64,,,,FN
2019,2019.jpg,2,boat,,"[3445, 2716, 73, 83]",77.83957862167549,>64,,,,FN
2035,2035.jpg,2,boat,,"[4868, 2304, 59, 79]",68.27151675479314,>64,,,,FN
2035,2035.jpg,2,boat,,"[4435, 2094, 77, 55]",65.07687761409578,>64,,,,FN
2035,2035.jpg,2,boat,,"[4274, 1960, 65, 78]",71.20393247567159,>64,,,,FN
2035,2035.jpg,2,boat,,"[4050, 1933, 82, 43]",59.38013135721409,32-64,,,,FN
2035,2035.jpg,1,swimmer,,"[4555, 1878, 16, 18]",16.97056274847714,16-32,,,,FN
2049,2049.jpg,2,boat,,"[2491, 1989, 88, 39]",58.58327406350724,32-64,,,,FN
2049,2049.jpg,2,boat,,"[2257, 1952, 66, 85]",74.89993324429602,>64,,,,FN
2049,2049.jpg,2,boat,,"[2063, 1881, 91, 43]",62.55397669213365,32-64,,,,FN
2049,2049.jpg,2,boat,,"[1531, 1693, 57, 92]",72.41546796092669,>64,,,,FN
2049,2049.jpg,1,swimmer,,"[1990, 2076, 29, 20]",24.08318915758459,16-32,,,,FN
2049,2049.jpg,1,swimmer,,"[1970, 2122, 34, 20]",26.076809620810597,16-32,,,,FN
2049,2049.jpg,1,swimmer,,"[2044, 2150, 27, 28]",27.49545416973504,16-32,,,,FN
2058,2058.jpg,1,swimmer,,"[2962, 1686, 33, 28]",30.397368307141328,16-32,,,,FN
2058,2058.jpg,1,swimmer,,"[2907, 1780, 21, 18]",19.44222209522358,16-32,,,,FN
2058,2058.jpg,1,swimmer,,"[2874, 1701, 17, 14]",15.427248620541512,<16,,,,FN
2058,2058.jpg,2,boat,,"[3452, 1987, 53, 92]",69.82836100038436,>64,,,,FN
2058,2058.jpg,2,boat,,"[2856, 1923, 87, 44]",61.87083319303208,32-64,,,,FN
2058,2058.jpg,2,boat,,"[2711, 1846, 59, 85]",70.81666470542086,>64,,,,FN
2058,2058.jpg,2,boat,,"[2455, 1880, 88, 40]",59.329587896765304,32-64,,,,FN
2060,2060.jpg,1,swimmer,,"[2896, 1096, 39, 28]",33.04542328371661,32-64,,,,FN
2060,2060.jpg,1,swimmer,,"[2848, 1183, 24, 17]",20.199009876724155,16-32,,,,FN
2060,2060.jpg,1,swimmer,,"[2821, 1102, 17, 17]",17.0,16-32,,,,FN
2060,2060.jpg,2,boat,,"[3398, 1387, 54, 89]",69.32532004974806,>64,,,,FN
2060,2060.jpg,2,boat,,"[2802, 1325, 86, 41]",59.38013135721409,32-64,,,,FN
2060,2060.jpg,2,boat,,"[2658, 1243, 60, 87]",72.24956747275377,>64,,,,FN
2060,2060.jpg,2,boat,,"[2403, 1277, 84, 40]",57.96550698475775,32-64,,,,FN
2070,2070.jpg,1,swimmer,,"[1188, 2938, 26, 18]",21.633307652783937,16-32,,,,FN
2070,2070.jpg,1,swimmer,,"[1175, 3039, 27, 21]",23.811761799581316,16-32,,,,FN
2070,2070.jpg,1,swimmer,,"[1128, 2983, 27, 19]",22.64950330581225,16-32,,,,FN
2070,2070.jpg,2,boat,,"[1516, 2808, 87, 44]",61.87083319303208,32-64,,,,FN
2070,2070.jpg,2,boat,,"[1293, 2801, 58, 85]",70.21395872616783,>64,,,,FN
2070,2070.jpg,2,boat,,"[1135, 2777, 86, 41]",59.38013135721409,32-64,,,,FN
2070,2070.jpg,2,boat,,"[559, 2684, 66, 86]",75.33923280734945,>64,,,,FN
2077,2077.jpg,2,boat,,"[844, 0, 104, 26]",52.0,32-64,,,,FN
2078,2078.jpg,2,boat,,"[2592, 2732, 69, 71]",69.99285677838846,>64,,,,FN
2078,2078.jpg,1,swimmer,,"[2161, 2471, 27, 21]",23.811761799581316,16-32,,,,FN
2078,2078.jpg,1,swimmer,,"[2114, 2606, 33, 26]",29.29163703175362,16-32,,,,FN
2078,2078.jpg,1,swimmer,,"[2205, 2520, 30, 23]",26.267851073127396,16-32,,,,FN
2078,2078.jpg,2,boat,,"[2143, 2717, 89, 36]",56.60388679233962,32-64,,,,FN
2078,2078.jpg,2,boat,,"[2035, 2658, 54, 84]",67.34983296193094,>64,,,,FN
2078,2078.jpg,2,boat,,"[1781, 2708, 86, 38]",57.16642371182581,32-64,,,,FN
2094,2094.jpg,1,swimmer,,"[2126, 2936, 28, 17]",21.817424229271428,16-32,,,,FN
2094,2094.jpg,2,boat,,"[2311, 2802, 84, 51]",65.45227268781429,>64,,,,FN
2094,2094.jpg,2,boat,,"[2096, 2794, 50, 85]",65.19202405202648,>64,,,,FN
2094,2094.jpg,2,boat,,"[1992, 2768, 81, 44]",59.6992462263972,32-64,,,,FN
2094,2094.jpg,2,boat,,"[1833, 2939, 79, 49]",62.21736092120912,32-64,,,,FN
2109,2109.jpg,1,swimmer,,"[4364, 533, 20, 23]",21.447610589527216,16-32,,,,FN
2109,2109.jpg,2,boat,,"[4728, 272, 53, 87]",67.90434448545984,>64,,,,FN
2109,2109.jpg,2,boat,,"[4581, 535, 82, 51]",64.66838485689897,>64,,,,FN
2109,2109.jpg,2,boat,,"[4513, 471, 66, 82]",73.56629663099808,>64,,,,FN
2109,2109.jpg,2,boat,,"[4266, 531, 85, 41]",59.033888572581766,32-64,,,,FN
2110,2110.jpg,2,boat,,"[4452, 184, 66, 78]",71.74956445860839,>64,,,,FN
2110,2110.jpg,2,boat,,"[4520, 242, 81, 56]",67.34983296193094,>64,,,,FN
2110,2110.jpg,2,boat,,"[4208, 242, 84, 41]",58.68560300448484,32-64,,,,FN
2110,2110.jpg,2,boat,,"[4667, 0, 54, 63]",58.32666628567074,32-64,,,,FN
2114,2114.jpg,2,boat,,"[1767, 3467, 39, 87]",58.249463516842795,32-64,,,,FN
2114,2114.jpg,2,boat,,"[1892, 3252, 79, 57]",67.10439627923047,>64,,,,FN
2114,2114.jpg,2,boat,,"[1968, 3288, 65, 71]",67.93379129711516,>64,,,,FN
2114,2114.jpg,2,boat,,"[2188, 3280, 84, 40]",57.96550698475775,32-64,,,,FN
2160,2160.jpg,2,boat,,"[3262, 2988, 69, 65]",66.97014260101288,>64,,,,FN
2160,2160.jpg,2,boat,,"[2770, 2909, 72, 71]",71.49825172687791,>64,,,,FN
2160,2160.jpg,2,boat,,"[2411, 2673, 71, 68]",69.48381106416083,>64,,,,FN
2160,2160.jpg,2,boat,,"[2702, 2228, 37, 86]",56.40921910468182,32-64,,,,FN
2162,2162.jpg,2,boat,,"[2591, 1680, 84, 63]",72.74613391789285,>64,,,,FN
2162,2162.jpg,2,boat,,"[2384, 2076, 82, 53]",65.92419889539804,>64,,,,FN
2162,2162.jpg,2,boat,,"[2722, 2329, 77, 68]",72.36021006050217,>64,,,,FN
2162,2162.jpg,2,boat,,"[3279, 2331, 74, 67]",70.41306696913578,>64,,,,FN
2185,2185.jpg,2,boat,,"[1547, 3225, 83, 39]",56.894639466297704,32-64,,,,FN
2185,2185.jpg,2,boat,,"[1109, 2717, 82, 47]",62.080592780675026,32-64,,,,FN
2185,2185.jpg,2,boat,,"[550, 3711, 70, 72]",70.9929573971954,>64,,,,FN
2185,2185.jpg,1,swimmer,,"[1085, 3088, 16, 33]",22.978250586152114,16-32,,,,FN
2185,2185.jpg,2,boat,,"[1071, 3115, 82, 45]",60.74537019394976,32-64,,,,FN
2185,2185.jpg,1,swimmer,,"[1171, 2918, 26, 13]",18.384776310850235,16-32,,,,FN
2198,2198.jpg,2,boat,,"[2524, 1746, 57, 80]",67.52777206453653,>64,,,,FN
2198,2198.jpg,2,boat,,"[3096, 2400, 39, 82]",56.55086206239477,32-64,,,,FN
2198,2198.jpg,2,boat,,"[3476, 2476, 74, 65]",69.35416353759881,>64,,,,FN
2198,2198.jpg,2,boat,,"[2942, 2828, 50, 80]",63.245553203367585,32-64,,,,FN
2198,2198.jpg,1,swimmer,,"[3206, 2424, 20, 20]",20.0,16-32,,,,FN
2198,2198.jpg,1,swimmer,,"[3315, 2402, 18, 21]",19.44222209522358,16-32,,,,FN
2211,2211.jpg,2,boat,,"[2786, 3026, 37, 84]",55.749439459065414,32-64,,,,FN
2211,2211.jpg,2,boat,,"[2335, 1908, 45, 81]",60.37383539249432,32-64,,,,FN
2211,2211.jpg,2,boat,,"[2209, 2328, 45, 82]",60.74537019394976,32-64,,,,FN
2211,2211.jpg,2,boat,,"[1792, 2254, 76, 52]",62.864934582006846,32-64,,,,FN
2211,2211.jpg,1,swimmer,,"[1984, 2388, 28, 27]",27.49545416973504,16-32,,,,FN
2211,2211.jpg,1,swimmer,,"[2060, 2372, 32, 27]",29.393876913398138,16-32,,,,FN
2228,2228.jpg,2,boat,,"[3416, 333, 68, 76]",71.88880302244571,>64,,,,FN
2228,2228.jpg,2,boat,,"[4086, 1043, 54, 81]",66.1362230551458,>64,,,,FN
2228,2228.jpg,2,boat,,"[4509, 1136, 83, 52]",65.69627082262737,>64,,,,FN
2228,2228.jpg,2,boat,,"[3988, 1474, 41, 82]",57.982756057296896,32-64,,,,FN
2228,2228.jpg,1,swimmer,,"[4189, 1033, 24, 23]",23.49468024894146,16-32,,,,FN
2228,2228.jpg,1,swimmer,,"[4220, 1010, 31, 23]",26.70205984563738,16-32,,,,FN
2231,2231.jpg,2,boat,,"[3876, 288, 13, 17]",14.866068747318506,<16,,,,FN
2231,2231.jpg,2,boat,,"[3845, 297, 20, 19]",19.493588689617926,16-32,,,,FN
2231,2231.jpg,2,boat,,"[3749, 297, 49, 82]",63.387695966961914,32-64,,,,FN
2231,2231.jpg,2,boat,,"[4148, 408, 81, 50]",63.63961030678928,32-64,,,,FN
2231,2231.jpg,2,boat,,"[3645, 715, 42, 83]",59.04235767650204,32-64,,,,FN
2234,2234.jpg,1,swimmer,,"[1177, 3133, 17, 21]",18.894443627691185,16-32,,,,FN
2234,2234.jpg,1,swimmer,,"[1167, 3160, 14, 15]",14.491376746189438,<16,,,,FN
2234,2234.jpg,2,boat,,"[1296, 2671, 54, 83]",66.94774081326419,>64,,,,FN
2234,2234.jpg,2,boat,,"[1231, 3083, 61, 77]",68.53466276272175,>64,,,,FN
2234,2234.jpg,2,boat,,"[795, 3020, 75, 59]",66.52067347825036,>64,,,,FN
2241,2241.jpg,2,boat,,"[1626, 1361, 82, 57]",68.36665854054884,>64,,,,FN
2241,2241.jpg,2,boat,,"[1209, 93, 53, 90]",69.06518659932803,>64,,,,FN
2241,2241.jpg,2,boat,,"[1056, 517, 58, 86]",70.6257743320383,>64,,,,FN
2241,2241.jpg,2,boat,,"[605, 361, 82, 55]",67.15653356152326,>64,,,,FN
2241,2241.jpg,1,swimmer,,"[995, 560, 20, 23]",21.447610589527216,16-32,,,,FN
2241,2241.jpg,1,swimmer,,"[978, 583, 18, 20]",18.973665961010276,16-32,,,,FN
2276,2276.jpg,2,boat,,"[1619, 3501, 72, 60]",65.72670690061993,>64,,,,FN
2276,2276.jpg,2,boat,,"[2015, 2622, 68, 67]",67.49814812274482,>64,,,,FN
2276,2276.jpg,2,boat,,"[1613, 3141, 81, 38]",55.47972602672079,32-64,,,,FN
2276,2276.jpg,2,boat,,"[1437, 2753, 47, 74]",58.974570791146924,32-64,,,,FN
2276,2276.jpg,1,swimmer,,"[995, 2491, 29, 31]",29.9833287011299,16-32,,,,FN
2276,2276.jpg,1,swimmer,,"[952, 2538, 23, 27]",24.919871588754223,16-32,,,,FN
2286,2286.jpg,2,boat,,"[4753, 2929, 87, 55]",69.17369442208505,>64,,,,FN
2286,2286.jpg,2,boat,,"[4095, 3462, 49, 82]",63.387695966961914,32-64,,,,FN
2286,2286.jpg,2,boat,,"[4696, 3359, 94, 47]",66.46803743153546,>64,,,,FN
2286,2286.jpg,2,boat,,"[4957, 3593, 72, 39]",52.99056519796708,32-64,,,,FN
2360,2360.jpg,1,swimmer,,"[2629, 343, 11, 14]",12.409673645990857,<16,,,,FN
2360,2360.jpg,1,swimmer,,"[2695, 361, 15, 25]",19.364916731037084,16-32,,,,FN
2360,2360.jpg,2,boat,,"[2749, 16, 45, 76]",58.48076606885378,32-64,,,,FN
2360,2360.jpg,2,boat,,"[2306, 102, 73, 55]",63.36402764976355,32-64,,,,FN
2360,2360.jpg,2,boat,,"[2448, 400, 55, 76]",64.65291950097846,>64,,,,FN
2360,2360.jpg,2,boat,,"[1717, 512, 58, 71]",64.17164482853778,>64,,,,FN
2364,2364.jpg,1,swimmer,,"[971, 3349, 17, 11]",13.674794331177344,<16,,,,FN
2364,2364.jpg,1,swimmer,,"[882, 3373, 20, 28]",23.664319132398465,16-32,,,,FN
2364,2364.jpg,2,boat,,"[743, 3563, 58, 69]",63.26136261573884,32-64,,,,FN
2364,2364.jpg,2,boat,,"[1186, 3561, 63, 64]",63.49803146555018,32-64,,,,FN
2364,2364.jpg,2,boat,,"[1118, 3232, 32, 71]",47.66550115125194,32-64,,,,FN
2364,2364.jpg,2,boat,,"[1840, 3284, 63, 62]",62.49799996799898,32-64,,,,FN
2366,2366.jpg,1,swimmer,,"[1067, 2790, 17, 14]",15.427248620541512,<16,,,,FN
2366,2366.jpg,1,swimmer,,"[977, 2832, 19, 19]",19.0,16-32,,,,FN
2366,2366.jpg,2,boat,,"[856, 3009, 52, 71]",60.76183012385325,32-64,,,,FN
2366,2366.jpg,2,boat,,"[1200, 2626, 55, 67]",60.70420084310476,32-64,,,,FN
2366,2366.jpg,2,boat,,"[1287, 2997, 64, 66]",64.99230723708769,>64,,,,FN
2366,2366.jpg,2,boat,,"[1930, 2700, 62, 66]",63.968742366877905,32-64,,,,FN
2371,2371.jpg,2,boat,,"[1883, 1595, 65, 62]",63.48228099241551,32-64,,,,FN
2371,2371.jpg,2,boat,,"[1814, 1183, 73, 48]",59.19459434779497,32-64,,,,FN
2371,2371.jpg,2,boat,,"[2404, 1540, 65, 60]",62.44997998398398,32-64,,,,FN
2371,2371.jpg,2,boat,,"[2257, 2200, 68, 61]",64.40496875241847,>64,,,,FN
2371,2371.jpg,1,swimmer,,"[2110, 1361, 17, 30]",22.58317958127243,16-32,,,,FN
2371,2371.jpg,1,swimmer,,"[2034, 1275, 24, 19]",21.354156504062622,16-32,,,,FN
2378,2378.jpg,2,boat,,"[4637, 1304, 42, 73]",55.37147279962851,32-64,,,,FN
2378,2378.jpg,1,swimmer,,"[4614, 1381, 24, 20]",21.908902300206645,16-32,,,,FN
2378,2378.jpg,2,boat,,"[4416, 1572, 27, 23]",24.919871588754223,16-32,,,,FN
2378,2378.jpg,2,boat,,"[4205, 1386, 47, 76]",59.76621118993574,32-64,,,,FN
2378,2378.jpg,2,boat,,"[3495, 2474, 65, 59]",61.927376821564145,32-64,,,,FN
2378,2378.jpg,2,boat,,"[3601, 1769, 60, 67]",63.40346993658943,32-64,,,,FN
2382,2382.jpg,1,swimmer,,"[4199, 445, 25, 26]",25.495097567963924,16-32,,,,FN
2382,2382.jpg,2,boat,,"[4429, 165, 38, 75]",53.38539126015655,32-64,,,,FN
2382,2382.jpg,1,swimmer,,"[4414, 241, 23, 21]",21.97726097583591,16-32,,,,FN
2382,2382.jpg,2,boat,,"[3998, 271, 45, 79]",59.62382074305537,32-64,,,,FN
2382,2382.jpg,2,boat,,"[3416, 683, 57, 68]",62.25752966509352,32-64,,,,FN
2382,2382.jpg,2,boat,,"[3308, 1431, 50, 74]",60.8276253029822,32-64,,,,FN
2390,2390.jpg,2,boat,,"[3346, 3594, 61, 38]",48.14561246884289,32-64,,,,FN
2390,2390.jpg,2,boat,,"[3700, 2821, 40, 76]",55.136195008360886,32-64,,,,FN
2398,2398.jpg,2,boat,,"[3435, 363, 51, 74]",61.43289021363068,32-64,,,,FN
2398,2398.jpg,2,boat,,"[3111, 1218, 60, 64]",61.96773353931867,32-64,,,,FN
2398,2398.jpg,2,boat,,"[2467, 1478, 58, 63]",60.44832503882965,32-64,,,,FN
2398,2398.jpg,2,boat,,"[2027, 1551, 53, 69]",60.473134530963414,32-64,,,,FN
2398,2398.jpg,1,swimmer,,"[2076, 1555, 14, 12]",12.96148139681572,<16,,,,FN
2398,2398.jpg,1,swimmer,,"[2390, 1363, 31, 27]",28.930952282978865,16-32,,,,FN
2428,2428.jpg,2,boat,,"[3133, 3600, 74, 32]",48.662100242385755,32-64,,,,FN
2428,2428.jpg,2,boat,,"[2756, 3317, 38, 67]",50.457903246171455,32-64,,,,FN
2428,2428.jpg,2,boat,,"[3186, 3381, 71, 52]",60.76183012385325,32-64,,,,FN
2428,2428.jpg,2,boat,,"[3387, 1887, 71, 55]",62.489999199871974,32-64,,,,FN
2428,2428.jpg,1,swimmer,,"[3467, 2480, 21, 33]",26.324893162176366,16-32,,,,FN
2453,2453.jpg,2,boat,,"[3544, 2268, 48, 68]",57.1314274283428,32-64,,,,FN
2453,2453.jpg,2,boat,,"[3271, 2729, 41, 70]",53.5723809439155,32-64,,,,FN
2453,2453.jpg,2,boat,,"[3800, 2821, 40, 72]",53.665631459994955,32-64,,,,FN
2453,2453.jpg,2,boat,,"[3729, 3022, 42, 69]",53.83307533477908,32-64,,,,FN
2453,2453.jpg,1,swimmer,,"[4211, 2263, 25, 26]",25.495097567963924,16-32,,,,FN
2453,2453.jpg,1,swimmer,,"[3746, 2783, 20, 18]",18.973665961010276,16-32,,,,FN
2459,2459.jpg,2,boat,,"[3263, 918, 40, 74]",54.405882034941776,32-64,,,,FN
2459,2459.jpg,2,boat,,"[3070, 1296, 49, 71]",58.98304841223451,32-64,,,,FN
2459,2459.jpg,2,boat,,"[3568, 1576, 44, 72]",56.28498911788115,32-64,,,,FN
2459,2459.jpg,2,boat,,"[3618, 1370, 45, 73]",57.3149195236284,32-64,,,,FN
2459,2459.jpg,1,swimmer,,"[3964, 801, 25, 25]",25.0,16-32,,,,FN
2459,2459.jpg,1,swimmer,,"[3504, 1349, 26, 22]",23.916521486202797,16-32,,,,FN
2486,2486.jpg,2,boat,,"[2506, 2923, 65, 52]",58.137767414994535,32-64,,,,FN
2486,2486.jpg,2,boat,,"[2393, 3161, 33, 68]",47.37087712930804,32-64,,,,FN
2486,2486.jpg,2,boat,,"[1972, 2626, 56, 64]",59.86651818838306,32-64,,,,FN
2486,2486.jpg,2,boat,,"[1921, 2814, 65, 58]",61.40032573203501,32-64,,,,FN
2486,2486.jpg,1,swimmer,,"[2411, 2781, 22, 20]",20.97617696340303,16-32,,,,FN
2488,2488.jpg,2,boat,,"[2532, 2089, 54, 65]",59.2452529743945,32-64,,,,FN
2488,2488.jpg,2,boat,,"[2477, 2276, 61, 63]",61.99193495931547,32-64,,,,FN
2488,2488.jpg,2,boat,,"[3055, 2422, 67, 57]",61.7980582219215,32-64,,,,FN
2488,2488.jpg,2,boat,,"[2932, 2666, 35, 72]",50.19960159204453,32-64,,,,FN
2488,2488.jpg,1,swimmer,,"[2972, 2276, 30, 28]",28.982753492378876,16-32,,,,FN
2497,2497.jpg,2,boat,,"[1697, 104, 213, 158]",183.45026573979118,>64,,,,FN
2503,2503.jpg,3,jetski,,"[4052, 3241, 262, 130]",184.55351527402559,>64,,,,FN
2507,2507.jpg,3,jetski,,"[2013, 2823, 265, 82]",147.41099009232656,>64,,,,FN
2507,2507.jpg,1,swimmer,,"[251, 2526, 52, 96]",70.65408693062278,>64,,,,FN
2508,2508.jpg,3,jetski,,"[1732, 1983, 274, 90]",157.0350279396288,>64,,,,FN
2513,2513.jpg,5,buoy,,"[5345, 3071, 111, 122]",116.37009925234231,>64,,,,FN
2535,2535.jpg,1,swimmer,,"[469, 2164, 111, 76]",91.84770002564028,>64,,,,FN
2535,2535.jpg,1,swimmer,,"[784, 1748, 104, 104]",104.0,>64,,,,FN
2535,2535.jpg,5,buoy,,"[1823, 2457, 106, 108]",106.99532700076205,>64,,,,FN
2551,2551.jpg,5,buoy,,"[1293, 4712, 100, 156]",124.89995996796796,>64,,,,FN
2563,2563.jpg,2,boat,,"[883, 0, 335, 388]",360.52739146977444,>64,,,,FN
2563,2563.jpg,2,boat,,"[0, 3437, 473, 195]",303.7021567259607,>64,,,,FN
2583,2583.jpg,5,buoy,,"[5190, 2203, 100, 77]",87.74964387392122,>64,,,,FN
2583,2583.jpg,1,swimmer,,"[5245, 2893, 64, 64]",64.0,>64,,,,FN
2583,2583.jpg,1,swimmer,,"[5335, 2851, 72, 64]",67.88225099390856,>64,,,,FN
2583,2583.jpg,1,swimmer,,"[5408, 3026, 48, 57]",52.306787322488084,32-64,,,,FN
2583,2583.jpg,1,swimmer,,"[5397, 3098, 48, 41]",44.36214602563767,32-64,,,,FN
2593,2593.jpg,3,jetski,,"[576, 3322, 161, 123]",140.72313242676202,>64,,,,FN
2610,2610.jpg,2,boat,,"[851, 221, 288, 244]",265.08866441249427,>64,,,,FN
2610,2610.jpg,1,swimmer,,"[1722, 1097, 60, 41]",49.59838707054898,32-64,,,,FN
2610,2610.jpg,1,swimmer,,"[1892, 1056, 50, 64]",56.568542494923804,32-64,,,,FN
2610,2610.jpg,1,swimmer,,"[2165, 993, 27, 29]",27.982137159266443,16-32,,,,FN
2610,2610.jpg,1,swimmer,,"[2093, 1196, 73, 80]",76.4198926981712,>64,,,,FN
2610,2610.jpg,1,swimmer,,"[2127, 1357, 61, 58]",59.481089431852205,32-64,,,,FN
2610,2610.jpg,1,swimmer,,"[2086, 1531, 63, 64]",63.49803146555018,32-64,,,,FN
2610,2610.jpg,5,buoy,,"[2276, 1860, 70, 75]",72.4568837309472,>64,,,,FN
2621,2621.jpg,3,jetski,,"[3610, 2199, 22, 50]",33.166247903554,32-64,,,,FN
2621,2621.jpg,2,boat,,"[3542, 1445, 90, 216]",139.427400463467,>64,,,,FN
2636,2636.jpg,5,buoy,,"[1254, 3971, 72, 89]",80.049984384758,>64,,,,FN
2636,2636.jpg,1,swimmer,,"[2281, 4099, 70, 70]",70.0,>64,,,,FN
2636,2636.jpg,1,swimmer,,"[2340, 3935, 51, 47]",48.95916665957459,32-64,,,,FN
2636,2636.jpg,1,swimmer,,"[2429, 3978, 66, 71]",68.45436436049933,>64,,,,FN
2636,2636.jpg,1,swimmer,,"[2572, 3935, 49, 38]",43.15089802078283,32-64,,,,FN
2636,2636.jpg,1,swimmer,,"[2474, 3684, 75, 55]",64.22616289332565,>64,,,,FN
2636,2636.jpg,1,swimmer,,"[2504, 3577, 61, 42]",50.61620293937506,32-64,,,,FN
2636,2636.jpg,2,boat,,"[1808, 2583, 344, 126]",208.19221887476968,>64,,,,FN
2642,2642.jpg,3,jetski,,"[4596, 1613, 63, 186]",108.2497113160123,>64,,,,FN
2648,2648.jpg,2,boat,,"[3502, 4310, 130, 562]",270.29613389761977,>64,,,,FN
2655,2655.jpg,2,boat,,"[1627, 1849, 202, 323]",255.43296576597157,>64,,,,FN
2655,2655.jpg,1,swimmer,,"[1194, 727, 41, 41]",41.0,32-64,,,,FN
2655,2655.jpg,1,swimmer,,"[1204, 433, 33, 28]",30.397368307141328,16-32,,,,FN
2655,2655.jpg,1,swimmer,,"[1287, 193, 28, 38]",32.61901286060018,32-64,,,,FN
2655,2655.jpg,1,swimmer,,"[999, 22, 35, 35]",35.0,32-64,,,,FN
2684,2684.jpg,2,boat,,"[1875, 4637, 510, 735]",612.2499489587566,>64,,,,FN
2698,2698.jpg,1,swimmer,,"[4332, 101, 33, 45]",38.535697735995385,32-64,,,,FN
2716,2716.jpg,2,boat,,"[2123, 1400, 185, 225]",204.02205763103166,>64,,,,FN
2716,2716.jpg,3,jetski,,"[2697, 2436, 48, 143]",82.84926070883192,>64,,,,FN
2716,2716.jpg,1,swimmer,,"[3212, 3423, 58, 49]",53.31041174104736,32-64,,,,FN
2716,2716.jpg,1,swimmer,,"[2795, 3519, 40, 36]",37.94733192202055,32-64,,,,FN
2716,2716.jpg,1,swimmer,,"[2717, 3575, 39, 31]",34.77067730142742,32-64,,,,FN
2718,2718.jpg,2,boat,,"[1936, 292, 174, 217]",194.31417858715304,>64,,,,FN
2718,2718.jpg,3,jetski,,"[2507, 1411, 63, 142]",94.58329662260668,>64,,,,FN
2718,2718.jpg,1,swimmer,,"[2522, 2399, 47, 59]",52.65928218272634,32-64,,,,FN
2718,2718.jpg,1,swimmer,,"[2614, 2375, 31, 36]",33.406586176980134,32-64,,,,FN
2718,2718.jpg,1,swimmer,,"[2644, 2467, 63, 60]",61.48170459575759,32-64,,,,FN
2718,2718.jpg,1,swimmer,,"[2980, 2327, 42, 77]",56.868268832451726,32-64,,,,FN
2718,2718.jpg,1,swimmer,,"[2992, 2768, 38, 57]",46.54030511288038,32-64,,,,FN
2718,2718.jpg,1,swimmer,,"[2907, 2794, 21, 56]",34.292856398964496,32-64,,,,FN
2718,2718.jpg,1,swimmer,,"[2839, 2831, 28, 33]",30.397368307141328,16-32,,,,FN
2718,2718.jpg,1,swimmer,,"[2717, 2856, 19, 19]",19.0,16-32,,,,FN
2718,2718.jpg,1,swimmer,,"[2802, 2947, 48, 34]",40.39801975344831,32-64,,,,FN
2749,2749.jpg,5,buoy,,"[3946, 45, 59, 60]",59.49789912257407,32-64,,,,FN
2749,2749.jpg,2,boat,,"[3075, 1567, 135, 249]",183.34393908717027,>64,,,,FN
2749,2749.jpg,1,swimmer,,"[2415, 1433, 34, 33]",33.49626844888845,32-64,,,,FN
2749,2749.jpg,1,swimmer,,"[2326, 1530, 22, 30]",25.69046515733026,16-32,,,,FN
2749,2749.jpg,1,swimmer,,"[2227, 1569, 32, 24]",27.712812921102035,16-32,,,,FN
2749,2749.jpg,1,swimmer,,"[1667, 1596, 62, 49]",55.11805511808268,32-64,,,,FN
2749,2749.jpg,4,life_saving_appliances,,"[1698, 1691, 25, 20]",22.360679774997898,16-32,,,,FN
2749,2749.jpg,1,swimmer,,"[1918, 922, 31, 47]",38.17066936798463,32-64,,,,FN
2749,2749.jpg,4,life_saving_appliances,,"[1900, 975, 23, 28]",25.37715508089904,16-32,,,,FN
2749,2749.jpg,1,swimmer,,"[2000, 987, 21, 24]",22.44994432064365,16-32,,,,FN
2749,2749.jpg,1,swimmer,,"[2067, 881, 34, 55]",43.243496620879306,32-64,,,,FN
2749,2749.jpg,1,swimmer,,"[2201, 973, 24, 24]",24.0,16-32,,,,FN
2754,2754.jpg,4,life_saving_appliances,,"[4585, 2148, 27, 28]",27.49545416973504,16-32,,,,FN
2754,2754.jpg,1,swimmer,,"[4584, 2177, 26, 21]",23.366642891095847,16-32,,,,FN
2754,2754.jpg,1,swimmer,,"[4083, 2430, 21, 27]",23.811761799581316,16-32,,,,FN
2754,2754.jpg,1,swimmer,,"[3989, 2471, 35, 19]",25.787593916455254,16-32,,,,FN
2754,2754.jpg,1,swimmer,,"[3724, 2686, 21, 29]",24.677925358506133,16-32,,,,FN
2754,2754.jpg,1,swimmer,,"[4410, 2884, 20, 18]",18.973665961010276,16-32,,,,FN
2754,2754.jpg,1,swimmer,,"[4497, 2948, 25, 21]",22.9128784747792,16-32,,,,FN
2754,2754.jpg,1,swimmer,,"[4477, 3005, 24, 23]",23.49468024894146,16-32,,,,FN
2754,2754.jpg,1,swimmer,,"[4410, 3016, 26, 20]",22.80350850198276,16-32,,,,FN
2754,2754.jpg,1,swimmer,,"[4156, 3041, 22, 18]",19.8997487421324,16-32,,,,FN
2754,2754.jpg,2,boat,,"[3769, 3474, 198, 158]",176.8728356758041,>64,,,,FN
2759,2759.jpg,1,swimmer,,"[4167, 4, 17, 19]",17.97220075561143,16-32,,,,FN
2759,2759.jpg,1,swimmer,,"[4117, 73, 45, 39]",41.892720131306824,32-64,,,,FN
2759,2759.jpg,1,swimmer,,"[4078, 59, 25, 35]",29.58039891549808,16-32,,,,FN
2759,2759.jpg,1,swimmer,,"[3815, 106, 24, 25]",24.49489742783178,16-32,,,,FN
2759,2759.jpg,2,boat,,"[3286, 636, 223, 175]",197.5474626513841,>64,,,,FN
2759,2759.jpg,5,buoy,,"[2267, 1239, 59, 64]",61.44916598294886,32-64,,,,FN
2781,2781.jpg,5,buoy,,"[3386, 2133, 61, 64]",62.48199740725323,32-64,,,,FN
2781,2781.jpg,3,jetski,,"[2236, 910, 141, 58]",90.43229511629129,>64,,,,FN
2781,2781.jpg,2,boat,,"[1058, 173, 149, 284]",205.7085316655583,>64,,,,FN
2781,2781.jpg,1,swimmer,,"[1694, 130, 52, 64]",57.688820407423826,32-64,,,,FN
2781,2781.jpg,1,swimmer,,"[2103, 273, 16, 37]",24.331050121192877,16-32,,,,FN
2781,2781.jpg,1,swimmer,,"[2332, 177, 19, 39]",27.2213151776324,16-32,,,,FN
2781,2781.jpg,1,swimmer,,"[2567, 178, 23, 33]",27.54995462791182,16-32,,,,FN
2781,2781.jpg,1,swimmer,,"[2598, 227, 18, 33]",24.372115213907882,16-32,,,,FN
2781,2781.jpg,1,swimmer,,"[2586, 107, 21, 33]",26.324893162176366,16-32,,,,FN
2781,2781.jpg,1,swimmer,,"[2619, 62, 24, 30]",26.832815729997478,16-32,,,,FN
2781,2781.jpg,1,swimmer,,"[2651, 131, 23, 31]",26.70205984563738,16-32,,,,FN
2782,2782.jpg,3,jetski,,"[3095, 1083, 145, 47]",82.55301327026167,>64,,,,FN
2782,2782.jpg,2,boat,,"[1858, 311, 132, 274]",190.17886317885066,>64,,,,FN
2782,2782.jpg,1,swimmer,,"[2491, 306, 47, 45]",45.98912915026767,32-64,,,,FN
2782,2782.jpg,4,life_saving_appliances,,"[2622, 62, 24, 41]",31.368774282716245,16-32,,,,FN
2782,2782.jpg,1,swimmer,,"[2624, 38, 27, 29]",27.982137159266443,16-32,,,,FN
2782,2782.jpg,1,swimmer,,"[2907, 434, 14, 32]",21.166010488516726,16-32,,,,FN
2782,2782.jpg,1,swimmer,,"[3132, 336, 19, 38]",26.870057685088806,16-32,,,,FN
2782,2782.jpg,1,swimmer,,"[3376, 333, 17, 36]",24.73863375370596,16-32,,,,FN
2782,2782.jpg,1,swimmer,,"[3401, 392, 17, 33]",23.68543856465402,16-32,,,,FN
2782,2782.jpg,1,swimmer,,"[3393, 267, 23, 30]",26.267851073127396,16-32,,,,FN
2782,2782.jpg,1,swimmer,,"[3426, 237, 20, 28]",23.664319132398465,16-32,,,,FN
2782,2782.jpg,1,swimmer,,"[3454, 295, 21, 36]",27.49545416973504,16-32,,,,FN
2885,2885.jpg,5,buoy,,"[3254, 745, 46, 57]",51.20546845796843,32-64,,,,FN
2885,2885.jpg,3,jetski,,"[4569, 534, 109, 62]",82.20705565825844,>64,,,,FN
2885,2885.jpg,1,swimmer,,"[4360, 268, 21, 19]",19.974984355438178,16-32,,,,FN
2885,2885.jpg,1,swimmer,,"[4332, 174, 31, 39]",34.77067730142742,32-64,,,,FN
2885,2885.jpg,1,swimmer,,"[4456, 182, 29, 19]",23.473389188611005,16-32,,,,FN
2885,2885.jpg,4,life_saving_appliances,,"[4665, 324, 18, 19]",18.49324200890693,16-32,,,,FN
2885,2885.jpg,1,swimmer,,"[4701, 367, 50, 26]",36.05551275463989,32-64,,,,FN
2885,2885.jpg,1,swimmer,,"[4935, 312, 21, 25]",22.9128784747792,16-32,,,,FN
2885,2885.jpg,1,swimmer,,"[5074, 239, 28, 26]",26.981475126464083,16-32,,,,FN
2885,2885.jpg,1,swimmer,,"[4935, 151, 22, 18]",19.8997487421324,16-32,,,,FN
2885,2885.jpg,1,swimmer,,"[4838, 123, 20, 21]",20.493901531919196,16-32,,,,FN
2887,2887.jpg,5,buoy,,"[5198, 3516, 54, 49]",51.43928459844674,32-64,,,,FN
2890,2890.jpg,5,buoy,,"[1050, 2306, 57, 48]",52.306787322488084,32-64,,,,FN
2890,2890.jpg,1,swimmer,,"[309, 2881, 38, 41]",39.4715087119811,32-64,,,,FN
2890,2890.jpg,4,life_saving_appliances,,"[337, 2919, 19, 25]",21.79449471770337,16-32,,,,FN
2894,2894.jpg,5,buoy,,"[1325, 8, 62, 57]",59.447455790807396,32-64,,,,FN
2894,2894.jpg,1,swimmer,,"[590, 720, 23, 36]",28.77498913987632,16-32,,,,FN
2894,2894.jpg,4,life_saving_appliances,,"[598, 759, 18, 19]",18.49324200890693,16-32,,,,FN
2898,2898.jpg,5,buoy,,"[1657, 5434, 41, 22]",30.033314835362415,16-32,,,,FN
2905,2905.jpg,1,swimmer,,"[22, 2743, 110, 82]",94.97368056467013,>64,,,,FN
2911,2911.jpg,1,swimmer,,"[3264, 4266, 71, 109]",87.9715863219483,>64,,,,FN
2931,2931.jpg,2,boat,,"[3549, 2164, 335, 220]",271.47743920996453,>64,,,,FN
2931,2931.jpg,2,boat,,"[2403, 2918, 206, 113]",152.5712948100002,>64,,,,FN
2931,2931.jpg,1,swimmer,,"[2635, 2888, 80, 44]",59.329587896765304,32-64,,,,FN
2931,2931.jpg,1,swimmer,,"[2611, 2957, 95, 27]",50.6458290484024,32-64,,,,FN
2931,2931.jpg,1,swimmer,,"[2591, 2925, 90, 37]",57.706152185014034,32-64,,,,FN
2931,2931.jpg,1,swimmer,,"[1983, 3084, 55, 47]",50.84289527554464,32-64,,,,FN
2931,2931.jpg,1,swimmer,,"[2033, 2587, 37, 39]",37.986839826445156,32-64,,,,FN
2931,2931.jpg,1,swimmer,,"[2073, 2619, 39, 43]",40.95119045888654,32-64,,,,FN
2931,2931.jpg,1,swimmer,,"[2124, 2509, 103, 58]",77.2916554357584,>64,,,,FN
2931,2931.jpg,1,swimmer,,"[2177, 2593, 46, 51]",48.43552415324934,32-64,,,,FN
2931,2931.jpg,1,swimmer,,"[2075, 2445, 51, 47]",48.95916665957459,32-64,,,,FN
2931,2931.jpg,1,swimmer,,"[2045, 2492, 57, 50]",53.38539126015655,32-64,,,,FN
2963,2963.jpg,1,swimmer,,"[521, 1149, 46, 41]",43.42810150121693,32-64,,,,FN
2963,2963.jpg,1,swimmer,,"[567, 1529, 43, 55]",48.63126566315131,32-64,,,,FN
2963,2963.jpg,1,swimmer,,"[111, 1419, 41, 38]",39.4715087119811,32-64,,,,FN
2963,2963.jpg,1,swimmer,,"[193, 1573, 83, 87]",84.97646733066749,>64,,,,FN
2963,2963.jpg,1,swimmer,,"[441, 1960, 44, 51]",47.37087712930804,32-64,,,,FN
2963,2963.jpg,1,swimmer,,"[119, 2495, 40, 45]",42.42640687119285,32-64,,,,FN
2983,2983.jpg,5,buoy,,"[379, 370, 130, 86]",105.73551910309043,>64,,,,FN
2990,2990.jpg,5,buoy,,"[2641, 4173, 88, 92]",89.97777503361594,>64,,,,FN
3001,3001.jpg,1,swimmer,,"[5334, 905, 40, 68]",52.15361924162119,32-64,,,,FN
3001,3001.jpg,1,swimmer,,"[5382, 1550, 32, 37]",34.40930106817051,32-64,,,,FN
3001,3001.jpg,4,life_saving_appliances,,"[5416, 1715, 40, 43]",41.47288270665544,32-64,,,,FN
3001,3001.jpg,1,swimmer,,"[4787, 1674, 42, 34]",37.78888725538237,32-64,,,,FN
3001,3001.jpg,4,life_saving_appliances,,"[4813, 1956, 30, 40]",34.64101615137755,32-64,,,,FN
3001,3001.jpg,4,life_saving_appliances,,"[4735, 1979, 34, 36]",34.9857113690718,32-64,,,,FN
3001,3001.jpg,1,swimmer,,"[4808, 2074, 37, 39]",37.986839826445156,32-64,,,,FN
3001,3001.jpg,4,life_saving_appliances,,"[4843, 2061, 26, 26]",26.0,16-32,,,,FN
3001,3001.jpg,1,swimmer,,"[4090, 2556, 40, 26]",32.2490309931942,32-64,,,,FN
3001,3001.jpg,1,swimmer,,"[4083, 2585, 43, 34]",38.23610858861032,32-64,,,,FN
3001,3001.jpg,1,swimmer,,"[3982, 2708, 25, 51]",35.70714214271425,32-64,,,,FN
3001,3001.jpg,1,swimmer,,"[4037, 2794, 43, 31]",36.51027252705737,32-64,,,,FN
3001,3001.jpg,1,swimmer,,"[3766, 2881, 36, 53]",43.68065933568311,32-64,,,,FN
3001,3001.jpg,1,swimmer,,"[4089, 2802, 52, 70]",60.332412515993425,32-64,,,,FN
3001,3001.jpg,1,swimmer,,"[4229, 2972, 38, 38]",38.0,32-64,,,,FN
3004,3004.jpg,5,buoy,,"[531, 3073, 77, 83]",79.94373021069256,>64,,,,FN
3004,3004.jpg,1,swimmer,,"[2538, 4033, 48, 63]",54.99090833947008,32-64,,,,FN
3004,3004.jpg,1,swimmer,,"[2401, 4519, 37, 81]",54.74486277268398,32-64,,,,FN
3004,3004.jpg,1,swimmer,,"[2569, 4396, 74, 66]",69.88562083862459,>64,,,,FN
3004,3004.jpg,1,swimmer,,"[2616, 4353, 49, 44]",46.4327470649756,32-64,,,,FN
3004,3004.jpg,1,swimmer,,"[2720, 4266, 40, 47]",43.3589667773576,32-64,,,,FN
3004,3004.jpg,1,swimmer,,"[2855, 4416, 35, 36]",35.4964786985977,32-64,,,,FN
3004,3004.jpg,1,swimmer,,"[2900, 4420, 35, 40]",37.416573867739416,32-64,,,,FN
3004,3004.jpg,4,life_saving_appliances,,"[3519, 5288, 37, 45]",40.80441152620633,32-64,,,,FN
3004,3004.jpg,4,life_saving_appliances,,"[3544, 5407, 47, 48]",47.49736834815167,32-64,,,,FN
3004,3004.jpg,1,swimmer,,"[3419, 5382, 115, 57]",80.96295449154508,>64,,,,FN
3010,3010.jpg,2,boat,,"[4776, 1500, 178, 79]",118.5833040524677,>64,,,,FN
3010,3010.jpg,2,boat,,"[4850, 1600, 247, 132]",180.56577748842665,>64,,,,FN
3010,3010.jpg,1,swimmer,,"[4125, 2818, 35, 27]",30.740852297878796,16-32,,,,FN
3010,3010.jpg,1,swimmer,,"[3757, 3006, 32, 29]",30.463092423455635,16-32,,,,FN
3010,3010.jpg,1,swimmer,,"[3848, 3055, 66, 61]",63.45076831686122,32-64,,,,FN
3011,3011.jpg,3,jetski,,"[5006, 638, 208, 67]",118.05083650698965,>64,,,,FN
3011,3011.jpg,2,boat,,"[5093, 717, 287, 162]",215.6246739127969,>64,,,,FN
3011,3011.jpg,1,swimmer,,"[4383, 2098, 44, 50]",46.9041575982343,32-64,,,,FN
3011,3011.jpg,1,swimmer,,"[4001, 2289, 63, 58]",60.44832503882965,32-64,,,,FN
3011,3011.jpg,1,swimmer,,"[4120, 2341, 75, 73]",73.9932429347437,>64,,,,FN
3011,3011.jpg,2,boat,,"[4752, 2837, 348, 235]",285.97202660400194,>64,,,,FN
3011,3011.jpg,1,swimmer,,"[3805, 3045, 50, 42]",45.8257569495584,32-64,,,,FN
3011,3011.jpg,1,swimmer,,"[3659, 3195, 27, 44]",34.46737587922817,32-64,,,,FN
3011,3011.jpg,1,swimmer,,"[3697, 3272, 26, 56]",38.157568056677825,32-64,,,,FN
3011,3011.jpg,4,life_saving_appliances,,"[3719, 3276, 41, 35]",37.881393849751625,32-64,,,,FN
3011,3011.jpg,1,swimmer,,"[3483, 3456, 32, 47]",38.781438859330635,32-64,,,,FN
3011,3011.jpg,1,swimmer,,"[3133, 3600, 31, 29]",29.9833287011299,16-32,,,,FN
3011,3011.jpg,1,swimmer,,"[3194, 3609, 42, 23]",31.080540535840107,16-32,,,,FN
3012,3012.jpg,3,jetski,,"[5194, 178, 224, 68]",123.4179889643321,>64,,,,FN
3012,3012.jpg,2,boat,,"[5274, 264, 182, 168]",174.85994395515516,>64,,,,FN
3012,3012.jpg,2,boat,,"[4808, 2461, 366, 235]",293.27461533518374,>64,,,,FN
3012,3012.jpg,1,swimmer,,"[4450, 1678, 37, 35]",35.98610843089316,32-64,,,,FN
3012,3012.jpg,1,swimmer,,"[4091, 1845, 35, 39]",36.945906403822335,32-64,,,,FN
3012,3012.jpg,1,swimmer,,"[4178, 1926, 51, 46]",48.43552415324934,32-64,,,,FN
3012,3012.jpg,1,swimmer,,"[3809, 2599, 82, 34]",52.80151512977634,32-64,,,,FN
3012,3012.jpg,1,swimmer,,"[3677, 2748, 41, 51]",45.727453460694704,32-64,,,,FN
3012,3012.jpg,1,swimmer,,"[3702, 2842, 27, 48]",36.0,32-64,,,,FN
3012,3012.jpg,4,life_saving_appliances,,"[3722, 2838, 39, 36]",37.469987990390386,32-64,,,,FN
3012,3012.jpg,1,swimmer,,"[3464, 3014, 30, 49]",38.34057902536163,32-64,,,,FN
3012,3012.jpg,1,swimmer,,"[3067, 3155, 66, 31]",45.232731511594565,32-64,,,,FN
3012,3012.jpg,1,swimmer,,"[3159, 3169, 29, 57]",40.65710270051225,32-64,,,,FN
3012,3012.jpg,1,swimmer,,"[2369, 3364, 77, 44]",58.20652884342099,32-64,,,,FN
3016,3016.jpg,2,boat,,"[4451, 0, 369, 206]",275.70636554131283,>64,,,,FN
3016,3016.jpg,1,swimmer,,"[3622, 0, 79, 46]",60.28266749240614,32-64,,,,FN
3016,3016.jpg,1,swimmer,,"[3403, 75, 43, 36]",39.344631145812,32-64,,,,FN
3016,3016.jpg,1,swimmer,,"[3366, 184, 24, 49]",34.292856398964496,32-64,,,,FN
3016,3016.jpg,4,life_saving_appliances,,"[3384, 187, 39, 47]",42.81354925721529,32-64,,,,FN
3016,3016.jpg,1,swimmer,,"[3110, 306, 43, 36]",39.344631145812,32-64,,,,FN
3016,3016.jpg,1,swimmer,,"[2696, 409, 43, 39]",40.95119045888654,32-64,,,,FN
3016,3016.jpg,1,swimmer,,"[2750, 439, 58, 77]",66.82813778641449,>64,,,,FN
3016,3016.jpg,1,swimmer,,"[1826, 555, 94, 45]",65.0384501660364,>64,,,,FN
3016,3016.jpg,1,swimmer,,"[2524, 1084, 56, 62]",58.92367945062494,32-64,,,,FN
3016,3016.jpg,5,buoy,,"[1523, 1950, 74, 72]",72.99315036357864,>64,,,,FN
3022,3022.jpg,1,swimmer,,"[4734, 889, 24, 34]",28.5657137141714,16-32,,,,FN
3022,3022.jpg,1,swimmer,,"[3874, 465, 58, 62]",59.9666574022598,32-64,,,,FN
3022,3022.jpg,1,swimmer,,"[3716, 1178, 29, 31]",29.9833287011299,16-32,,,,FN
3022,3022.jpg,1,swimmer,,"[3773, 1260, 55, 62]",58.39520528262573,32-64,,,,FN
3022,3022.jpg,1,swimmer,,"[3414, 1530, 36, 50]",42.42640687119285,32-64,,,,FN
3022,3022.jpg,1,swimmer,,"[3179, 1503, 55, 36]",44.49719092257398,32-64,,,,FN
3022,3022.jpg,4,life_saving_appliances,,"[3167, 1466, 62, 51]",56.231663678038196,32-64,,,,FN
3022,3022.jpg,1,swimmer,,"[2663, 1769, 35, 48]",40.98780306383839,32-64,,,,FN
3022,3022.jpg,1,swimmer,,"[2671, 2385, 34, 40]",36.87817782917155,32-64,,,,FN
3022,3022.jpg,1,swimmer,,"[2684, 2467, 43, 43]",43.0,32-64,,,,FN
3022,3022.jpg,1,swimmer,,"[2182, 2347, 73, 41]",54.70831746635972,32-64,,,,FN
3022,3022.jpg,2,boat,,"[1748, 1717, 320, 235]",274.22618401604177,>64,,,,FN
3022,3022.jpg,1,swimmer,,"[2062, 1734, 39, 39]",39.0,32-64,,,,FN
3023,3023.jpg,1,swimmer,,"[3824, 444, 26, 35]",30.166206257996713,16-32,,,,FN
3023,3023.jpg,1,swimmer,,"[3886, 512, 48, 71]",58.378078077305695,32-64,,,,FN
3023,3023.jpg,1,swimmer,,"[3517, 786, 23, 30]",26.267851073127396,16-32,,,,FN
3023,3023.jpg,1,swimmer,,"[3280, 742, 42, 40]",40.98780306383839,32-64,,,,FN
3023,3023.jpg,4,life_saving_appliances,,"[3288, 711, 46, 44]",44.98888751680797,32-64,,,,FN
3023,3023.jpg,1,swimmer,,"[2758, 1010, 39, 43]",40.95119045888654,32-64,,,,FN
3023,3023.jpg,1,swimmer,,"[2167, 980, 27, 33]",29.8496231131986,16-32,,,,FN
3023,3023.jpg,2,boat,,"[1858, 950, 325, 229]",272.8094573140748,>64,,,,FN
3023,3023.jpg,1,swimmer,,"[2767, 1629, 36, 38]",36.98648401781386,32-64,,,,FN
3023,3023.jpg,1,swimmer,,"[2774, 1723, 34, 39]",36.41428291206625,32-64,,,,FN
3023,3023.jpg,1,swimmer,,"[2307, 1572, 32, 40]",35.77708763999664,32-64,,,,FN
3023,3023.jpg,2,boat,,"[1298, 2962, 160, 236]",194.3193248238579,>64,,,,FN
3023,3023.jpg,3,jetski,,"[1193, 3455, 184, 77]",119.02940813093208,>64,,,,FN
3025,3025.jpg,1,swimmer,,"[3061, 88, 32, 36]",33.94112549695428,32-64,,,,FN
3025,3025.jpg,1,swimmer,,"[3058, 0, 35, 26]",30.166206257996713,16-32,,,,FN
3025,3025.jpg,2,boat,,"[1504, 1244, 151, 230]",186.35986692418516,>64,,,,FN
3025,3025.jpg,3,jetski,,"[1376, 1766, 173, 76]",114.6647286657933,>64,,,,FN
3033,3033.jpg,3,jetski,,"[4064, 2618, 97, 186]",134.320512208672,>64,,,,FN
3066,3066.jpg,3,jetski,,"[2123, 2238, 178, 116]",143.69411957348845,>64,,,,FN
3066,3066.jpg,2,boat,,"[1963, 3526, 276, 106]",171.0438540258024,>64,,,,FN
3067,3067.jpg,3,jetski,,"[2278, 1493, 180, 103]",136.1616686149226,>64,,,,FN
3067,3067.jpg,2,boat,,"[593, 1872, 156, 226]",187.7658115845374,>64,,,,FN
3067,3067.jpg,2,boat,,"[2023, 2777, 297, 209]",249.14453636393475,>64,,,,FN
3070,3070.jpg,1,swimmer,,"[308, 2371, 39, 33]",35.874782229304195,32-64,,,,FN
3071,3071.jpg,1,swimmer,,"[53, 1952, 34, 30]",31.937438845342623,16-32,,,,FN
3075,3075.jpg,5,buoy,,"[989, 354, 64, 83]",72.8834686331544,>64,,,,FN
3078,3078.jpg,5,buoy,,"[645, 691, 73, 58]",65.06919393998976,>64,,,,FN
3102,3102.jpg,1,swimmer,,"[2707, 1812, 75, 43]",56.789083458002736,32-64,,,,FN
3102,3102.jpg,1,swimmer,,"[2792, 1984, 38, 33]",35.41186241925155,32-64,,,,FN
3102,3102.jpg,2,boat,,"[3750, 1544, 168, 156]",161.88885075878449,>64,,,,FN
3102,3102.jpg,3,jetski,,"[3796, 1619, 129, 109]",118.57908753233008,>64,,,,FN
3102,3102.jpg,1,swimmer,,"[3586, 2673, 50, 27]",36.742346141747674,32-64,,,,FN
3102,3102.jpg,1,swimmer,,"[3405, 2675, 27, 16]",20.784609690826528,16-32,,,,FN
3102,3102.jpg,4,life_saving_appliances,,"[3409, 2654, 29, 24]",26.38181191654584,16-32,,,,FN
3102,3102.jpg,1,swimmer,,"[3159, 2591, 29, 23]",25.826343140289914,16-32,,,,FN
3102,3102.jpg,1,swimmer,,"[2995, 2637, 29, 73]",46.010868281309364,32-64,,,,FN
3102,3102.jpg,1,swimmer,,"[3082, 2919, 40, 24]",30.983866769659336,16-32,,,,FN
3102,3102.jpg,4,life_saving_appliances,,"[3081, 2890, 25, 29]",26.92582403567252,16-32,,,,FN
3111,3111.jpg,5,buoy,,"[3776, 1522, 61, 57]",58.966091951222275,32-64,,,,FN
3111,3111.jpg,4,life_saving_appliances,,"[3172, 2643, 27, 30]",28.460498941515414,16-32,,,,FN
3111,3111.jpg,1,swimmer,,"[3188, 2650, 16, 29]",21.540659228538015,16-32,,,,FN
3111,3111.jpg,1,swimmer,,"[3280, 3022, 44, 35]",39.242833740697165,32-64,,,,FN
3111,3111.jpg,1,swimmer,,"[3528, 3270, 33, 36]",34.46737587922817,32-64,,,,FN
3111,3111.jpg,1,swimmer,,"[3596, 3264, 44, 30]",36.3318042491699,32-64,,,,FN
3111,3111.jpg,1,swimmer,,"[3571, 3417, 71, 44]",55.89275444992848,32-64,,,,FN
3126,3126.jpg,5,buoy,,"[484, 890, 83, 71]",76.76587783644501,>64,,,,FN
3138,3138.jpg,5,buoy,,"[730, 5364, 50, 90]",67.08203932499369,>64,,,,FN
3157,3157.jpg,5,buoy,,"[244, 1944, 105, 110]",107.47092630102338,>64,,,,FN
3189,3189.jpg,5,buoy,,"[3454, 4689, 152, 154]",152.99673199124223,>64,,,,FN
3211,3211.jpg,2,boat,,"[0, 5097, 376, 359]",367.4016875301473,>64,,,,FN
3220,3220.jpg,2,boat,,"[2029, 2720, 350, 380]",364.6916505762094,>64,,,,FN
3231,3231.jpg,5,buoy,,"[2445, 822, 78, 90]",83.78544026261365,>64,,,,FN
3233,3233.jpg,5,buoy,,"[1095, 0, 71, 35]",49.84977432245807,32-64,,,,FN
3234,3234.jpg,5,buoy,,"[3345, 3294, 71, 94]",81.69455306200041,>64,,,,FN
3239,3239.jpg,5,buoy,,"[2091, 2996, 71, 71]",71.0,>64,,,,FN
3242,3242.jpg,5,buoy,,"[2055, 1346, 71, 77]",73.93916418245476,>64,,,,FN
3257,3257.jpg,5,buoy,,"[2336, 2401, 70, 76]",72.93833011524188,>64,,,,FN
3264,3264.jpg,5,buoy,,"[3815, 996, 75, 82]",78.4219357067906,>64,,,,FN
3287,3287.jpg,3,jetski,,"[2706, 2908, 99, 183]",134.59940564504734,>64,,,,FN
3287,3287.jpg,5,buoy,,"[4920, 0, 72, 29]",45.69463863518345,32-64,,,,FN
3290,3290.jpg,3,jetski,,"[2446, 2120, 114, 170]",139.21206844235883,>64,,,,FN
3304,3304.jpg,3,jetski,,"[3468, 1918, 164, 113]",136.13228860193308,>64,,,,FN
3328,3328.jpg,5,buoy,,"[4880, 1970, 60, 56]",57.96550698475775,32-64,,,,FN
3329,3329.jpg,5,buoy,,"[2451, 5180, 54, 77]",64.48255578061404,>64,,,,FN
3336,3336.jpg,1,swimmer,,"[493, 914, 25, 31]",27.83882181415011,16-32,,,,FN
3336,3336.jpg,3,jetski,,"[1155, 0, 66, 88]",76.2102355330306,>64,,,,FN
3372,3372.jpg,5,buoy,,"[2539, 4022, 58, 68]",62.80127387243033,32-64,,,,FN
3379,3379.jpg,5,buoy,,"[3505, 715, 59, 83]",69.97856814768362,>64,,,,FN
3387,3387.jpg,5,buoy,,"[5200, 74, 64, 58]",60.92618484691127,32-64,,,,FN
3464,3464.jpg,1,swimmer,,"[1698, 1619, 230, 164]",194.21637418096344,>64,,,,FN
3465,3465.jpg,1,swimmer,,"[1692, 1553, 296, 196]",240.86510747719356,>64,,,,FN
3466,3466.jpg,2,boat,,"[0, 654, 138, 38]",72.41546796092669,>64,,,,FN
3466,3466.jpg,1,swimmer,,"[1724, 1491, 266, 132]",187.38196284594736,>64,,,,FN
3467,3467.jpg,2,boat,,"[142, 668, 194, 40]",88.09086218218096,>64,,,,FN
3467,3467.jpg,1,swimmer,,"[195, 728, 27, 20]",23.2379000772445,16-32,,,,FN
3467,3467.jpg,1,swimmer,,"[1859, 1444, 181, 118]",146.1437648344944,>64,,,,FN
3468,3468.jpg,1,swimmer,,"[396, 741, 17, 13]",14.866068747318506,<16,,,,FN
3468,3468.jpg,1,swimmer,,"[1880, 1399, 246, 141]",186.24177834202507,>64,,,,FN
3469,3469.jpg,2,boat,,"[538, 694, 171, 36]",78.46018098373213,>64,,,,FN
3469,3469.jpg,1,swimmer,,"[587, 749, 19, 15]",16.881943016134134,16-32,,,,FN
3469,3469.jpg,1,swimmer,,"[1937, 1358, 238, 98]",152.7219696049,>64,,,,FN
3470,3470.jpg,2,boat,,"[715, 699, 162, 34]",74.21590126111789,>64,,,,FN
3470,3470.jpg,1,swimmer,,"[762, 756, 18, 14]",15.874507866387544,<16,,,,FN
3470,3470.jpg,1,swimmer,,"[2099, 1320, 137, 96]",114.6821694946516,>64,,,,FN
3471,3471.jpg,2,boat,,"[835, 718, 157, 33]",71.97916365171243,>64,,,,FN
3471,3471.jpg,1,swimmer,,"[879, 771, 19, 15]",16.881943016134134,16-32,,,,FN
3471,3471.jpg,1,swimmer,,"[2121, 1325, 194, 97]",137.17871555019022,>64,,,,FN
3472,3472.jpg,2,boat,,"[899, 732, 150, 32]",69.2820323027551,>64,,,,FN
3472,3472.jpg,1,swimmer,,"[937, 783, 18, 14]",15.874507866387544,<16,,,,FN
3472,3472.jpg,1,swimmer,,"[2096, 1325, 218, 94]",143.15027069481914,>64,,,,FN
3473,3473.jpg,1,swimmer,,"[958, 791, 19, 15]",16.881943016134134,16-32,,,,FN
3473,3473.jpg,1,swimmer,,"[2147, 1351, 117, 94]",104.8713497576912,>64,,,,FN
3474,3474.jpg,2,boat,,"[974, 735, 158, 33]",72.20803279414278,>64,,,,FN
3474,3474.jpg,1,swimmer,,"[1010, 790, 20, 16]",17.88854381999832,16-32,,,,FN
3474,3474.jpg,1,swimmer,,"[2098, 1394, 186, 118]",148.14857407346182,>64,,,,FN
3475,3475.jpg,2,boat,,"[1052, 715, 160, 33]",72.6636084983398,>64,,,,FN
3475,3475.jpg,1,swimmer,,"[1082, 771, 19, 15]",16.881943016134134,16-32,,,,FN
3475,3475.jpg,1,swimmer,,"[2021, 1412, 203, 120]",156.07690412101337,>64,,,,FN
3476,3476.jpg,2,boat,,"[1141, 705, 155, 32]",70.42726744663604,>64,,,,FN
3476,3476.jpg,1,swimmer,,"[1161, 764, 20, 16]",17.88854381999832,16-32,,,,FN
3476,3476.jpg,1,swimmer,,"[2080, 1436, 127, 112]",119.26441212700459,>64,,,,FN
3477,3477.jpg,2,boat,,"[1225, 695, 159, 33]",72.43617880589781,>64,,,,FN
3477,3477.jpg,1,swimmer,,"[1241, 757, 20, 15]",17.320508075688775,16-32,,,,FN
3477,3477.jpg,1,swimmer,,"[2059, 1468, 184, 128]",153.466608746007,>64,,,,FN
3478,3478.jpg,2,boat,,"[1312, 678, 159, 33]",72.43617880589781,>64,,,,FN
3478,3478.jpg,1,swimmer,,"[1321, 738, 18, 14]",15.874507866387544,<16,,,,FN
3478,3478.jpg,1,swimmer,,"[1961, 1469, 227, 138]",176.99152522084214,>64,,,,FN
3479,3479.jpg,2,boat,,"[1394, 659, 163, 34]",74.444610281739,>64,,,,FN
3479,3479.jpg,1,swimmer,,"[1401, 720, 19, 15]",16.881943016134134,16-32,,,,FN
3479,3479.jpg,1,swimmer,,"[2001, 1476, 147, 140]",143.45731072343438,>64,,,,FN
3480,3480.jpg,2,boat,,"[1477, 640, 165, 34]",74.89993324429602,>64,,,,FN
3480,3480.jpg,1,swimmer,,"[1477, 706, 21, 16]",18.33030277982336,16-32,,,,FN
3480,3480.jpg,1,swimmer,,"[1971, 1495, 183, 164]",173.23971830963015,>64,,,,FN
3481,3481.jpg,2,boat,,"[1559, 619, 166, 34]",75.1265598839718,>64,,,,FN
3481,3481.jpg,1,swimmer,,"[1550, 684, 21, 17]",18.894443627691185,16-32,,,,FN
3481,3481.jpg,1,swimmer,,"[1813, 1495, 266, 160]",206.30075133164203,>64,,,,FN
3482,3482.jpg,2,boat,,"[1645, 601, 161, 32]",71.77743377970545,>64,,,,FN
3482,3482.jpg,1,swimmer,,"[1621, 665, 18, 14]",15.874507866387544,<16,,,,FN
3482,3482.jpg,1,swimmer,,"[1811, 1493, 143, 147]",144.98620624045586,>64,,,,FN
3483,3483.jpg,2,boat,,"[1724, 581, 162, 32]",72.0,>64,,,,FN
3483,3483.jpg,1,swimmer,,"[1690, 646, 18, 14]",15.874507866387544,<16,,,,FN
3483,3483.jpg,1,swimmer,,"[1706, 1488, 178, 179]",178.4992997185143,>64,,,,FN
3484,3484.jpg,2,boat,,"[1803, 567, 164, 34]",74.67261881037788,>64,,,,FN
3484,3484.jpg,1,swimmer,,"[1758, 632, 20, 16]",17.88854381999832,16-32,,,,FN
3484,3484.jpg,1,swimmer,,"[1596, 1475, 273, 176]",219.1985401411241,>64,,,,FN
3485,3485.jpg,2,boat,,"[1882, 551, 166, 34]",75.1265598839718,>64,,,,FN
3485,3485.jpg,1,swimmer,,"[1825, 618, 20, 17]",18.439088914585774,16-32,,,,FN
3485,3485.jpg,1,swimmer,,"[1562, 1463, 131, 160]",144.77568856683087,>64,,,,FN
3486,3486.jpg,2,boat,,"[1959, 536, 168, 35]",76.68115805072325,>64,,,,FN
3486,3486.jpg,1,swimmer,,"[1892, 605, 17, 15]",15.968719422671311,<16,,,,FN
3486,3486.jpg,1,swimmer,,"[1390, 1478, 214, 180]",196.2651268055535,>64,,,,FN
3487,3487.jpg,2,boat,,"[2039, 523, 167, 35]",76.4525996941896,>64,,,,FN
3487,3487.jpg,1,swimmer,,"[1955, 592, 18, 16]",16.97056274847714,16-32,,,,FN
3487,3487.jpg,1,swimmer,,"[1306, 1463, 281, 182]",226.1459705588406,>64,,,,FN
3488,3488.jpg,2,boat,,"[2113, 503, 176, 37]",80.69696400732806,>64,,,,FN
3488,3488.jpg,1,swimmer,,"[2018, 574, 20, 17]",18.439088914585774,16-32,,,,FN
3488,3488.jpg,1,swimmer,,"[1217, 1435, 170, 172]",170.99707599839243,>64,,,,FN
3489,3489.jpg,2,boat,,"[2191, 483, 173, 36]",78.91767862779544,>64,,,,FN
3489,3489.jpg,1,swimmer,,"[2081, 554, 17, 15]",15.968719422671311,<16,,,,FN
3489,3489.jpg,1,swimmer,,"[1013, 1423, 241, 193]",215.6687274502263,>64,,,,FN
3490,3490.jpg,2,boat,,"[2267, 472, 176, 36]",79.5989949685296,>64,,,,FN
3490,3490.jpg,1,swimmer,,"[2141, 539, 18, 15]",16.431676725154983,16-32,,,,FN
3490,3490.jpg,1,swimmer,,"[921, 1398, 319, 213]",260.6664535378498,>64,,,,FN
3491,3491.jpg,2,boat,,"[2345, 450, 182, 38]",83.16249154516716,>64,,,,FN
3491,3491.jpg,1,swimmer,,"[2202, 521, 20, 17]",18.439088914585774,16-32,,,,FN
3491,3491.jpg,1,swimmer,,"[811, 1381, 208, 164]",184.69434208984313,>64,,,,FN
3492,3492.jpg,2,boat,,"[2412, 438, 183, 38]",83.39064695755754,>64,,,,FN
3492,3492.jpg,1,swimmer,,"[2253, 516, 22, 19]",20.445048300260872,16-32,,,,FN
3492,3492.jpg,1,swimmer,,"[600, 1355, 321, 182]",241.7064335097434,>64,,,,FN
3493,3493.jpg,2,boat,,"[2488, 425, 186, 38]",84.07139822793481,>64,,,,FN
3493,3493.jpg,1,swimmer,,"[2307, 505, 21, 18]",19.44222209522358,16-32,,,,FN
3493,3493.jpg,1,swimmer,,"[578, 1306, 314, 174]",233.74344910606587,>64,,,,FN
3494,3494.jpg,1,swimmer,,"[2363, 482, 23, 17]",19.77371993328519,16-32,,,,FN
3494,3494.jpg,1,swimmer,,"[487, 1256, 219, 165]",190.09208294929067,>64,,,,FN
3495,3495.jpg,2,boat,,"[2640, 393, 192, 42]",89.7997772825746,>64,,,,FN
3495,3495.jpg,1,swimmer,,"[2415, 469, 23, 17]",19.77371993328519,16-32,,,,FN
3495,3495.jpg,1,swimmer,,"[366, 1238, 256, 143]",191.33217188962237,>64,,,,FN
3496,3496.jpg,2,boat,,"[2719, 378, 196, 43]",91.804139340228,>64,,,,FN
3496,3496.jpg,1,swimmer,,"[2465, 459, 21, 15]",17.74823934929885,16-32,,,,FN
3496,3496.jpg,1,swimmer,,"[255, 1192, 351, 175]",247.8406746278746,>64,,,,FN
3497,3497.jpg,2,boat,,"[2797, 367, 198, 44]",93.33809511662427,>64,,,,FN
3497,3497.jpg,1,swimmer,,"[2515, 450, 21, 16]",18.33030277982336,16-32,,,,FN
3497,3497.jpg,1,swimmer,,"[207, 1157, 268, 134]",189.50461735799473,>64,,,,FN
3498,3498.jpg,1,swimmer,,"[2564, 437, 23, 17]",19.77371993328519,16-32,,,,FN
3498,3498.jpg,1,swimmer,,"[123, 1133, 331, 152]",224.30336600238527,>64,,,,FN
3499,3499.jpg,1,swimmer,,"[2612, 433, 23, 17]",19.77371993328519,16-32,,,,FN
3499,3499.jpg,1,swimmer,,"[75, 1097, 364, 139]",224.9355463238303,>64,,,,FN
3500,3500.jpg,1,swimmer,,"[2660, 424, 24, 18]",20.784609690826528,16-32,,,,FN
3500,3500.jpg,1,swimmer,,"[77, 1045, 233, 127]",172.02034763364477,>64,,,,FN
3501,3501.jpg,1,swimmer,,"[2707, 416, 24, 18]",20.784609690826528,16-32,,,,FN
3501,3501.jpg,1,swimmer,,"[165, 1017, 192, 88]",129.98461447417537,>64,,,,FN
3502,3502.jpg,1,swimmer,,"[2746, 416, 24, 18]",20.784609690826528,16-32,,,,FN
3502,3502.jpg,1,swimmer,,"[73, 956, 328, 120]",198.39354828219592,>64,,,,FN
3503,3503.jpg,1,swimmer,,"[2795, 410, 33, 19]",25.03996805109783,16-32,,,,FN
3503,3503.jpg,1,swimmer,,"[117, 908, 212, 108]",151.3142425550219,>64,,,,FN
3504,3504.jpg,1,swimmer,,"[2841, 406, 24, 19]",21.354156504062622,16-32,,,,FN
3504,3504.jpg,1,swimmer,,"[170, 887, 211, 90]",137.8042089342702,>64,,,,FN
3505,3505.jpg,1,swimmer,,"[2891, 406, 26, 21]",23.366642891095847,16-32,,,,FN
3505,3505.jpg,1,swimmer,,"[125, 858, 302, 84]",159.27334993651638,>64,,,,FN
3506,3506.jpg,1,swimmer,,"[2940, 414, 26, 21]",23.366642891095847,16-32,,,,FN
3506,3506.jpg,1,swimmer,,"[184, 822, 190, 84]",126.33289357883005,>64,,,,FN
3507,3507.jpg,1,swimmer,,"[2986, 413, 28, 22]",24.819347291981714,16-32,,,,FN
3507,3507.jpg,1,swimmer,,"[226, 785, 199, 82]",127.74192733789482,>64,,,,FN
3508,3508.jpg,1,swimmer,,"[3028, 422, 26, 21]",23.366642891095847,16-32,,,,FN
3508,3508.jpg,1,swimmer,,"[282, 769, 227, 77]",132.20816918783802,>64,,,,FN
3509,3509.jpg,1,swimmer,,"[3068, 441, 28, 22]",24.819347291981714,16-32,,,,FN
3509,3509.jpg,1,swimmer,,"[300, 751, 221, 71]",125.26372180324198,>64,,,,FN
3510,3510.jpg,1,swimmer,,"[3106, 463, 29, 23]",25.826343140289914,16-32,,,,FN
3510,3510.jpg,1,swimmer,,"[390, 732, 146, 65]",97.41663102366043,>64,,,,FN
3511,3511.jpg,1,swimmer,,"[3148, 476, 31, 25]",27.83882181415011,16-32,,,,FN
3511,3511.jpg,1,swimmer,,"[521, 722, 126, 56]",84.0,>64,,,,FN
3512,3512.jpg,1,swimmer,,"[3187, 497, 34, 22]",27.349588662354687,16-32,,,,FN
3512,3512.jpg,1,swimmer,,"[505, 718, 209, 53]",105.24732775705044,>64,,,,FN
3513,3513.jpg,1,swimmer,,"[3232, 520, 34, 22]",27.349588662354687,16-32,,,,FN
3513,3513.jpg,1,swimmer,,"[612, 711, 128, 54]",83.13843876330611,>64,,,,FN
3514,3514.jpg,1,swimmer,,"[3282, 550, 34, 22]",27.349588662354687,16-32,,,,FN
3514,3514.jpg,1,swimmer,,"[731, 729, 118, 44]",72.05553413860729,>64,,,,FN
3515,3515.jpg,1,swimmer,,"[3307, 581, 34, 23]",27.964262908219126,16-32,,,,FN
3515,3515.jpg,1,swimmer,,"[765, 737, 166, 45]",86.4291617453276,>64,,,,FN
3516,3516.jpg,1,swimmer,,"[3374, 586, 34, 23]",27.964262908219126,16-32,,,,FN
3516,3516.jpg,2,boat,,"[1136, 244, 34, 38]",35.94440151122286,32-64,,,,FN
3516,3516.jpg,1,swimmer,,"[913, 727, 47, 47]",47.0,32-64,,,,FN
3517,3517.jpg,1,swimmer,,"[3414, 597, 35, 24]",28.982753492378876,16-32,,,,FN
3517,3517.jpg,2,boat,,"[1171, 254, 34, 38]",35.94440151122286,32-64,,,,FN
3517,3517.jpg,1,swimmer,,"[959, 741, 102, 40]",63.874877690685246,32-64,,,,FN
3518,3518.jpg,1,swimmer,,"[3443, 598, 32, 21]",25.92296279363144,16-32,,,,FN
3518,3518.jpg,1,swimmer,,"[899, 754, 169, 48]",90.06664199358161,>64,,,,FN
3519,3519.jpg,1,swimmer,,"[3359, 590, 33, 22]",26.94438717061496,16-32,,,,FN
3519,3519.jpg,2,boat,,"[1062, 236, 34, 38]",35.94440151122286,32-64,,,,FN
3519,3519.jpg,1,swimmer,,"[808, 769, 124, 56]",83.33066662399864,>64,,,,FN
3520,3520.jpg,1,swimmer,,"[3212, 544, 36, 24]",29.393876913398138,16-32,,,,FN
3520,3520.jpg,2,boat,,"[3180, 234, 47, 24]",33.58571124749333,32-64,,,,FN
3520,3520.jpg,2,boat,,"[886, 193, 35, 40]",37.416573867739416,32-64,,,,FN
3520,3520.jpg,1,swimmer,,"[652, 769, 139, 55]",87.43569065318808,>64,,,,FN
3521,3521.jpg,1,swimmer,,"[3060, 500, 34, 22]",27.349588662354687,16-32,,,,FN
3521,3521.jpg,2,boat,,"[3012, 184, 46, 23]",32.526911934581186,32-64,,,,FN
3521,3521.jpg,2,boat,,"[694, 149, 36, 40]",37.94733192202055,32-64,,,,FN
3521,3521.jpg,1,swimmer,,"[471, 763, 117, 57]",81.6639455328972,>64,,,,FN
3522,3522.jpg,1,swimmer,,"[2908, 446, 34, 22]",27.349588662354687,16-32,,,,FN
3522,3522.jpg,2,boat,,"[490, 94, 37, 41]",38.948684188300895,32-64,,,,FN
3522,3522.jpg,1,swimmer,,"[279, 755, 64, 55]",59.329587896765304,32-64,,,,FN
3523,3523.jpg,1,swimmer,,"[2761, 394, 34, 23]",27.964262908219126,16-32,,,,FN
3523,3523.jpg,2,boat,,"[2686, 56, 44, 23]",31.811947441173732,16-32,,,,FN
3523,3523.jpg,2,boat,,"[273, 51, 42, 27]",33.67491648096547,32-64,,,,FN
3523,3523.jpg,1,swimmer,,"[68, 745, 142, 56]",89.17398723843182,>64,,,,FN
3653,3653.jpg,1,swimmer,,"[2873, 1279, 82, 46]",61.41661013113635,32-64,,,,FN
3654,3654.jpg,1,swimmer,,"[2874, 1278, 96, 52]",70.65408693062278,>64,,,,FN
3655,3655.jpg,1,swimmer,,"[2892, 1279, 78, 39]",55.154328932550705,32-64,,,,FN
3656,3656.jpg,1,swimmer,,"[2914, 1281, 61, 37]",47.50789408087881,32-64,,,,FN
3657,3657.jpg,1,swimmer,,"[2904, 1279, 92, 44]",63.623894882347464,32-64,,,,FN
3658,3658.jpg,1,swimmer,,"[2913, 1276, 76, 36]",52.306787322488084,32-64,,,,FN
3716,3716.jpg,1,swimmer,,"[2524, 347, 24, 16]",19.595917942265423,16-32,,,,FN
3717,3717.jpg,1,swimmer,,"[2570, 345, 25, 17]",20.615528128088304,16-32,,,,FN
3718,3718.jpg,1,swimmer,,"[2609, 342, 26, 17]",21.02379604162864,16-32,,,,FN
3719,3719.jpg,1,swimmer,,"[2645, 340, 25, 17]",20.615528128088304,16-32,,,,FN
3720,3720.jpg,1,swimmer,,"[2680, 336, 25, 17]",20.615528128088304,16-32,,,,FN
3721,3721.jpg,1,swimmer,,"[2713, 332, 24, 17]",20.199009876724155,16-32,,,,FN
3722,3722.jpg,1,swimmer,,"[2746, 330, 23, 16]",19.183326093250876,16-32,,,,FN
4013,4013.jpg,2,boat,,"[3032, 1021, 24, 34]",28.5657137141714,16-32,,,,FN
4013,4013.jpg,5,buoy,,"[2103, 1184, 17, 21]",18.894443627691185,16-32,,,,FN
4013,4013.jpg,5,buoy,,"[2911, 1119, 12, 17]",14.2828568570857,<16,,,,FN
4014,4014.jpg,2,boat,,"[3030, 1021, 24, 34]",28.5657137141714,16-32,,,,FN
4014,4014.jpg,5,buoy,,"[2103, 1184, 17, 19]",17.97220075561143,16-32,,,,FN
4014,4014.jpg,5,buoy,,"[2912, 1121, 12, 17]",14.2828568570857,<16,,,,FN
4015,4015.jpg,2,boat,,"[3026, 1021, 24, 35]",28.982753492378876,16-32,,,,FN
4015,4015.jpg,5,buoy,,"[2102, 1184, 16, 20]",17.88854381999832,16-32,,,,FN
4015,4015.jpg,5,buoy,,"[2912, 1121, 11, 16]",13.2664991614216,<16,,,,FN
4016,4016.jpg,2,boat,,"[3023, 1021, 24, 35]",28.982753492378876,16-32,,,,FN
4016,4016.jpg,5,buoy,,"[2102, 1184, 16, 20]",17.88854381999832,16-32,,,,FN
4016,4016.jpg,5,buoy,,"[2911, 1119, 12, 17]",14.2828568570857,<16,,,,FN
4017,4017.jpg,2,boat,,"[3021, 1021, 24, 34]",28.5657137141714,16-32,,,,FN
4017,4017.jpg,5,buoy,,"[2101, 1184, 18, 20]",18.973665961010276,16-32,,,,FN
4017,4017.jpg,5,buoy,,"[2911, 1118, 12, 18]",14.696938456699069,<16,,,,FN
4018,4018.jpg,2,boat,,"[3018, 1020, 24, 36]",29.393876913398138,16-32,,,,FN
4018,4018.jpg,5,buoy,,"[2101, 1184, 17, 20]",18.439088914585774,16-32,,,,FN
4018,4018.jpg,5,buoy,,"[2912, 1119, 11, 17]",13.674794331177344,<16,,,,FN
4019,4019.jpg,2,boat,,"[3016, 1019, 24, 36]",29.393876913398138,16-32,,,,FN
4019,4019.jpg,5,buoy,,"[2101, 1184, 17, 20]",18.439088914585774,16-32,,,,FN
4019,4019.jpg,5,buoy,,"[2912, 1123, 11, 14]",12.409673645990857,<16,,,,FN
4020,4020.jpg,2,boat,,"[3014, 1020, 24, 36]",29.393876913398138,16-32,,,,FN
4020,4020.jpg,5,buoy,,"[2101, 1183, 17, 21]",18.894443627691185,16-32,,,,FN
4020,4020.jpg,5,buoy,,"[2913, 1124, 10, 13]",11.40175425099138,<16,,,,FN
4021,4021.jpg,2,boat,,"[3014, 1021, 24, 35]",28.982753492378876,16-32,,,,FN
4021,4021.jpg,5,buoy,,"[2100, 1183, 17, 21]",18.894443627691185,16-32,,,,FN
4021,4021.jpg,5,buoy,,"[2913, 1122, 11, 15]",12.84523257866513,<16,,,,FN
4022,4022.jpg,2,boat,,"[3010, 1022, 24, 34]",28.5657137141714,16-32,,,,FN
4022,4022.jpg,5,buoy,,"[2101, 1184, 17, 20]",18.439088914585774,16-32,,,,FN
4022,4022.jpg,5,buoy,,"[2914, 1120, 12, 17]",14.2828568570857,<16,,,,FN
4023,4023.jpg,2,boat,,"[3009, 1023, 25, 35]",29.58039891549808,16-32,,,,FN
4023,4023.jpg,5,buoy,,"[2102, 1186, 17, 20]",18.439088914585774,16-32,,,,FN
4023,4023.jpg,5,buoy,,"[2914, 1120, 12, 17]",14.2828568570857,<16,,,,FN
4024,4024.jpg,2,boat,,"[3006, 1022, 26, 35]",30.166206257996713,16-32,,,,FN
4024,4024.jpg,5,buoy,,"[2103, 1187, 17, 20]",18.439088914585774,16-32,,,,FN
4024,4024.jpg,5,buoy,,"[2915, 1120, 12, 17]",14.2828568570857,<16,,,,FN
4025,4025.jpg,2,boat,,"[3003, 1022, 25, 34]",29.154759474226502,16-32,,,,FN
4025,4025.jpg,5,buoy,,"[2104, 1186, 16, 21]",18.33030277982336,16-32,,,,FN
4025,4025.jpg,5,buoy,,"[2914, 1121, 12, 16]",13.856406460551018,<16,,,,FN
4026,4026.jpg,2,boat,,"[3001, 1024, 23, 33]",27.54995462791182,16-32,,,,FN
4026,4026.jpg,5,buoy,,"[2105, 1186, 17, 20]",18.439088914585774,16-32,,,,FN
4026,4026.jpg,5,buoy,,"[2914, 1120, 12, 16]",13.856406460551018,<16,,,,FN
4027,4027.jpg,2,boat,,"[2998, 1023, 23, 33]",27.54995462791182,16-32,,,,FN
4027,4027.jpg,5,buoy,,"[2107, 1187, 16, 20]",17.88854381999832,16-32,,,,FN
4027,4027.jpg,5,buoy,,"[2914, 1120, 12, 16]",13.856406460551018,<16,,,,FN
4028,4028.jpg,2,boat,,"[2997, 1024, 23, 34]",27.964262908219126,16-32,,,,FN
4028,4028.jpg,5,buoy,,"[2106, 1186, 16, 21]",18.33030277982336,16-32,,,,FN
4028,4028.jpg,5,buoy,,"[2915, 1122, 12, 15]",13.416407864998739,<16,,,,FN
4029,4029.jpg,2,boat,,"[2994, 1023, 24, 34]",28.5657137141714,16-32,,,,FN
4029,4029.jpg,5,buoy,,"[2104, 1183, 17, 20]",18.439088914585774,16-32,,,,FN
4029,4029.jpg,5,buoy,,"[2915, 1124, 11, 15]",12.84523257866513,<16,,,,FN
4030,4030.jpg,2,boat,,"[2991, 1024, 24, 33]",28.142494558940577,16-32,,,,FN
4030,4030.jpg,5,buoy,,"[2101, 1183, 16, 21]",18.33030277982336,16-32,,,,FN
4030,4030.jpg,5,buoy,,"[2914, 1122, 11, 16]",13.2664991614216,<16,,,,FN
4031,4031.jpg,2,boat,,"[2988, 1024, 23, 33]",27.54995462791182,16-32,,,,FN
4031,4031.jpg,5,buoy,,"[2100, 1185, 17, 20]",18.439088914585774,16-32,,,,FN
4031,4031.jpg,5,buoy,,"[2914, 1120, 12, 17]",14.2828568570857,<16,,,,FN
4032,4032.jpg,2,boat,,"[2985, 1024, 24, 34]",28.5657137141714,16-32,,,,FN
4032,4032.jpg,5,buoy,,"[2100, 1188, 18, 19]",18.49324200890693,16-32,,,,FN
4032,4032.jpg,5,buoy,,"[2914, 1122, 11, 17]",13.674794331177344,<16,,,,FN
4033,4033.jpg,2,boat,,"[2982, 1027, 24, 33]",28.142494558940577,16-32,,,,FN
4033,4033.jpg,5,buoy,,"[2100, 1189, 17, 20]",18.439088914585774,16-32,,,,FN
4033,4033.jpg,5,buoy,,"[2914, 1126, 11, 15]",12.84523257866513,<16,,,,FN
4034,4034.jpg,2,boat,,"[2979, 1026, 24, 33]",28.142494558940577,16-32,,,,FN
4034,4034.jpg,5,buoy,,"[2101, 1188, 17, 21]",18.894443627691185,16-32,,,,FN
4034,4034.jpg,5,buoy,,"[2915, 1126, 11, 15]",12.84523257866513,<16,,,,FN
4035,4035.jpg,2,boat,,"[2976, 1027, 24, 32]",27.712812921102035,16-32,,,,FN
4035,4035.jpg,5,buoy,,"[2100, 1188, 17, 21]",18.894443627691185,16-32,,,,FN
4035,4035.jpg,5,buoy,,"[2915, 1126, 12, 17]",14.2828568570857,<16,,,,FN
4036,4036.jpg,2,boat,,"[2972, 1026, 24, 34]",28.5657137141714,16-32,,,,FN
4036,4036.jpg,5,buoy,,"[2100, 1190, 17, 21]",18.894443627691185,16-32,,,,FN
4036,4036.jpg,5,buoy,,"[2917, 1125, 12, 17]",14.2828568570857,<16,,,,FN
4037,4037.jpg,2,boat,,"[2970, 1026, 24, 35]",28.982753492378876,16-32,,,,FN
4037,4037.jpg,5,buoy,,"[2101, 1189, 17, 21]",18.894443627691185,16-32,,,,FN
4037,4037.jpg,5,buoy,,"[2918, 1125, 12, 17]",14.2828568570857,<16,,,,FN
4038,4038.jpg,2,boat,,"[2967, 1026, 24, 35]",28.982753492378876,16-32,,,,FN
4038,4038.jpg,5,buoy,,"[2101, 1190, 16, 21]",18.33030277982336,16-32,,,,FN
4038,4038.jpg,5,buoy,,"[2917, 1126, 12, 16]",13.856406460551018,<16,,,,FN
4039,4039.jpg,2,boat,,"[2965, 1026, 23, 36]",28.77498913987632,16-32,,,,FN
4039,4039.jpg,5,buoy,,"[2101, 1190, 17, 20]",18.439088914585774,16-32,,,,FN
4039,4039.jpg,5,buoy,,"[2918, 1126, 13, 15]",13.96424004376894,<16,,,,FN
4040,4040.jpg,2,boat,,"[2962, 1026, 23, 35]",28.372521918222215,16-32,,,,FN
4040,4040.jpg,5,buoy,,"[2100, 1188, 17, 21]",18.894443627691185,16-32,,,,FN
4040,4040.jpg,5,buoy,,"[2916, 1124, 12, 16]",13.856406460551018,<16,,,,FN
4041,4041.jpg,2,boat,,"[2961, 1026, 22, 35]",27.748873851023216,16-32,,,,FN
4041,4041.jpg,5,buoy,,"[2099, 1187, 17, 21]",18.894443627691185,16-32,,,,FN
4041,4041.jpg,5,buoy,,"[2916, 1124, 12, 16]",13.856406460551018,<16,,,,FN
4042,4042.jpg,2,boat,,"[2958, 1026, 23, 34]",27.964262908219126,16-32,,,,FN
4042,4042.jpg,5,buoy,,"[2098, 1187, 17, 20]",18.439088914585774,16-32,,,,FN
4042,4042.jpg,5,buoy,,"[2916, 1126, 12, 14]",12.96148139681572,<16,,,,FN
4043,4043.jpg,2,boat,,"[2956, 1026, 23, 34]",27.964262908219126,16-32,,,,FN
4043,4043.jpg,5,buoy,,"[2097, 1187, 17, 21]",18.894443627691185,16-32,,,,FN
4043,4043.jpg,5,buoy,,"[2916, 1126, 11, 14]",12.409673645990857,<16,,,,FN
4044,4044.jpg,2,boat,,"[2953, 1027, 24, 34]",28.5657137141714,16-32,,,,FN
4044,4044.jpg,5,buoy,,"[2097, 1188, 16, 20]",17.88854381999832,16-32,,,,FN
4044,4044.jpg,5,buoy,,"[2916, 1126, 11, 15]",12.84523257866513,<16,,,,FN
4045,4045.jpg,2,boat,,"[2951, 1026, 24, 34]",28.5657137141714,16-32,,,,FN
4045,4045.jpg,5,buoy,,"[2096, 1189, 17, 21]",18.894443627691185,16-32,,,,FN
4045,4045.jpg,5,buoy,,"[2917, 1126, 11, 15]",12.84523257866513,<16,,,,FN
4046,4046.jpg,2,boat,,"[2948, 1027, 24, 33]",28.142494558940577,16-32,,,,FN
4046,4046.jpg,5,buoy,,"[2096, 1191, 17, 22]",19.339079605813716,16-32,,,,FN
4046,4046.jpg,5,buoy,,"[2918, 1126, 11, 15]",12.84523257866513,<16,,,,FN
4047,4047.jpg,2,boat,,"[2946, 1027, 23, 32]",27.129319932501073,16-32,,,,FN
4047,4047.jpg,5,buoy,,"[2098, 1191, 18, 22]",19.8997487421324,16-32,,,,FN
4047,4047.jpg,5,buoy,,"[2917, 1126, 11, 15]",12.84523257866513,<16,,,,FN
4048,4048.jpg,2,boat,,"[2944, 1028, 24, 32]",27.712812921102035,16-32,,,,FN
4048,4048.jpg,5,buoy,,"[2100, 1190, 17, 22]",19.339079605813716,16-32,,,,FN
4048,4048.jpg,5,buoy,,"[2919, 1124, 12, 15]",13.416407864998739,<16,,,,FN
4049,4049.jpg,2,boat,,"[2942, 1027, 24, 33]",28.142494558940577,16-32,,,,FN
4049,4049.jpg,5,buoy,,"[2100, 1188, 18, 22]",19.8997487421324,16-32,,,,FN
4049,4049.jpg,5,buoy,,"[2918, 1124, 12, 15]",13.416407864998739,<16,,,,FN
4050,4050.jpg,2,boat,,"[2940, 1026, 23, 34]",27.964262908219126,16-32,,,,FN
4050,4050.jpg,5,buoy,,"[2100, 1188, 18, 20]",18.973665961010276,16-32,,,,FN
4050,4050.jpg,5,buoy,,"[2919, 1124, 12, 15]",13.416407864998739,<16,,,,FN
4051,4051.jpg,2,boat,,"[2937, 1025, 23, 34]",27.964262908219126,16-32,,,,FN
4051,4051.jpg,2,boat,,"[2455, 1193, 55, 23]",35.566838487557476,32-64,,,,FN
4051,4051.jpg,5,buoy,,"[2100, 1185, 17, 22]",19.339079605813716,16-32,,,,FN
4051,4051.jpg,5,buoy,,"[2919, 1126, 12, 14]",12.96148139681572,<16,,,,FN
4052,4052.jpg,2,boat,,"[2936, 1025, 22, 34]",27.349588662354687,16-32,,,,FN
4052,4052.jpg,5,buoy,,"[2098, 1185, 17, 20]",18.439088914585774,16-32,,,,FN
4052,4052.jpg,5,buoy,,"[2920, 1124, 12, 14]",12.96148139681572,<16,,,,FN
4053,4053.jpg,2,boat,,"[2934, 1025, 22, 33]",26.94438717061496,16-32,,,,FN
4053,4053.jpg,5,buoy,,"[2098, 1187, 16, 20]",17.88854381999832,16-32,,,,FN
4053,4053.jpg,5,buoy,,"[2920, 1123, 12, 15]",13.416407864998739,<16,,,,FN
4054,4054.jpg,2,boat,,"[2932, 1025, 23, 33]",27.54995462791182,16-32,,,,FN
4054,4054.jpg,5,buoy,,"[2098, 1184, 15, 22]",18.16590212458495,16-32,,,,FN
4054,4054.jpg,5,buoy,,"[2921, 1122, 12, 15]",13.416407864998739,<16,,,,FN
4237,4237.jpg,1,swimmer,,"[404, 903, 16, 13]",14.422205101855956,<16,,,,FN
4237,4237.jpg,1,swimmer,,"[237, 845, 14, 12]",12.96148139681572,<16,,,,FN
4238,4238.jpg,1,swimmer,,"[409, 901, 18, 14]",15.874507866387544,<16,,,,FN
4238,4238.jpg,1,swimmer,,"[236, 839, 17, 18]",17.4928556845359,16-32,,,,FN
4239,4239.jpg,1,swimmer,,"[413, 899, 17, 13]",14.866068747318506,<16,,,,FN
4239,4239.jpg,1,swimmer,,"[240, 839, 14, 14]",14.0,<16,,,,FN
4240,4240.jpg,1,swimmer,,"[419, 897, 16, 12]",13.856406460551018,<16,,,,FN
4240,4240.jpg,1,swimmer,,"[244, 836, 15, 16]",15.491933384829668,<16,,,,FN
4241,4241.jpg,1,swimmer,,"[423, 895, 17, 14]",15.427248620541512,<16,,,,FN
4241,4241.jpg,1,swimmer,,"[248, 834, 15, 16]",15.491933384829668,<16,,,,FN
4242,4242.jpg,1,swimmer,,"[424, 893, 18, 15]",16.431676725154983,16-32,,,,FN
4242,4242.jpg,1,swimmer,,"[251, 833, 15, 16]",15.491933384829668,<16,,,,FN
4243,4243.jpg,1,swimmer,,"[427, 892, 19, 16]",17.435595774162696,16-32,,,,FN
4243,4243.jpg,1,swimmer,,"[253, 831, 17, 18]",17.4928556845359,16-32,,,,FN
4436,4436.jpg,1,swimmer,,"[2745, 683, 17, 14]",15.427248620541512,<16,,,,FN
4436,4436.jpg,1,swimmer,,"[2794, 711, 14, 11]",12.409673645990857,<16,,,,FN
4436,4436.jpg,1,swimmer,,"[2896, 689, 14, 12]",12.96148139681572,<16,,,,FN
4436,4436.jpg,1,swimmer,,"[2949, 768, 20, 15]",17.320508075688775,16-32,,,,FN
4436,4436.jpg,1,swimmer,,"[2716, 668, 14, 12]",12.96148139681572,<16,,,,FN
4436,4436.jpg,1,swimmer,,"[3081, 769, 17, 14]",15.427248620541512,<16,,,,FN
4436,4436.jpg,2,boat,,"[3225, 723, 54, 35]",43.474130238568314,32-64,,,,FN
4436,4436.jpg,1,swimmer,,"[2960, 683, 12, 12]",12.0,<16,,,,FN
4436,4436.jpg,1,swimmer,,"[2976, 726, 13, 12]",12.489995996796797,<16,,,,FN
4436,4436.jpg,1,swimmer,,"[3141, 715, 18, 17]",17.4928556845359,16-32,,,,FN
4436,4436.jpg,1,swimmer,,"[3122, 791, 18, 13]",15.297058540778355,<16,,,,FN
4436,4436.jpg,1,swimmer,,"[2688, 718, 16, 14]",14.966629547095765,<16,,,,FN
4437,4437.jpg,1,swimmer,,"[2782, 685, 16, 13]",14.422205101855956,<16,,,,FN
4437,4437.jpg,1,swimmer,,"[2829, 713, 14, 11]",12.409673645990857,<16,,,,FN
4437,4437.jpg,1,swimmer,,"[2932, 692, 15, 12]",13.416407864998739,<16,,,,FN
4437,4437.jpg,1,swimmer,,"[2982, 769, 23, 18]",20.346989949375804,16-32,,,,FN
4437,4437.jpg,1,swimmer,,"[2753, 669, 15, 13]",13.96424004376894,<16,,,,FN
4437,4437.jpg,1,swimmer,,"[3116, 773, 17, 14]",15.427248620541512,<16,,,,FN
4437,4437.jpg,1,swimmer,,"[2997, 685, 14, 14]",14.0,<16,,,,FN
4437,4437.jpg,1,swimmer,,"[3018, 729, 16, 11]",13.2664991614216,<16,,,,FN
4437,4437.jpg,1,swimmer,,"[3180, 717, 17, 16]",16.492422502470642,16-32,,,,FN
4437,4437.jpg,1,swimmer,,"[3159, 796, 16, 12]",13.856406460551018,<16,,,,FN
4437,4437.jpg,1,swimmer,,"[2724, 722, 15, 14]",14.491376746189438,<16,,,,FN
4438,4438.jpg,1,swimmer,,"[2819, 687, 16, 13]",14.422205101855956,<16,,,,FN
4438,4438.jpg,1,swimmer,,"[2865, 714, 13, 10]",11.40175425099138,<16,,,,FN
4438,4438.jpg,1,swimmer,,"[2970, 695, 14, 12]",12.96148139681572,<16,,,,FN
4438,4438.jpg,1,swimmer,,"[3014, 773, 23, 17]",19.77371993328519,16-32,,,,FN
4438,4438.jpg,1,swimmer,,"[2791, 671, 14, 12]",12.96148139681572,<16,,,,FN
4438,4438.jpg,1,swimmer,,"[3150, 777, 16, 13]",14.422205101855956,<16,,,,FN
4438,4438.jpg,1,swimmer,,"[3033, 688, 12, 12]",12.0,<16,,,,FN
4438,4438.jpg,1,swimmer,,"[3052, 731, 17, 12]",14.2828568570857,<16,,,,FN
4438,4438.jpg,1,swimmer,,"[3217, 720, 19, 18]",18.49324200890693,16-32,,,,FN
4438,4438.jpg,1,swimmer,,"[3191, 799, 17, 13]",14.866068747318506,<16,,,,FN
4438,4438.jpg,1,swimmer,,"[2757, 723, 15, 13]",13.96424004376894,<16,,,,FN
4439,4439.jpg,1,swimmer,,"[2857, 693, 17, 14]",15.427248620541512,<16,,,,FN
4439,4439.jpg,1,swimmer,,"[2900, 720, 15, 11]",12.84523257866513,<16,,,,FN
4439,4439.jpg,1,swimmer,,"[3012, 700, 13, 11]",11.958260743101398,<16,,,,FN
4439,4439.jpg,1,swimmer,,"[3051, 782, 20, 16]",17.88854381999832,16-32,,,,FN
4439,4439.jpg,1,swimmer,,"[2830, 677, 15, 13]",13.96424004376894,<16,,,,FN
4439,4439.jpg,1,swimmer,,"[3186, 785, 14, 12]",12.96148139681572,<16,,,,FN
4439,4439.jpg,1,swimmer,,"[3071, 695, 15, 13]",13.96424004376894,<16,,,,FN
4439,4439.jpg,1,swimmer,,"[3092, 740, 17, 12]",14.2828568570857,<16,,,,FN
4439,4439.jpg,1,swimmer,,"[3257, 727, 23, 21]",21.97726097583591,16-32,,,,FN
4439,4439.jpg,1,swimmer,,"[3228, 807, 19, 14]",16.30950643030009,16-32,,,,FN
4439,4439.jpg,1,swimmer,,"[2790, 730, 14, 12]",12.96148139681572,<16,,,,FN
4440,4440.jpg,1,swimmer,,"[2897, 695, 16, 13]",14.422205101855956,<16,,,,FN
4440,4440.jpg,1,swimmer,,"[2938, 723, 14, 11]",12.409673645990857,<16,,,,FN
4440,4440.jpg,1,swimmer,,"[3050, 700, 15, 13]",13.96424004376894,<16,,,,FN
4440,4440.jpg,1,swimmer,,"[3086, 784, 22, 17]",19.339079605813716,16-32,,,,FN
4440,4440.jpg,1,swimmer,,"[2870, 678, 13, 11]",11.958260743101398,<16,,,,FN
4440,4440.jpg,1,swimmer,,"[3220, 789, 16, 13]",14.422205101855956,<16,,,,FN
4440,4440.jpg,1,swimmer,,"[3110, 696, 16, 14]",14.966629547095765,<16,,,,FN
4440,4440.jpg,1,swimmer,,"[3132, 742, 18, 13]",15.297058540778355,<16,,,,FN
4440,4440.jpg,1,swimmer,,"[3300, 729, 20, 15]",17.320508075688775,16-32,,,,FN
4440,4440.jpg,1,swimmer,,"[3269, 814, 15, 11]",12.84523257866513,<16,,,,FN
4440,4440.jpg,1,swimmer,,"[2826, 730, 16, 15]",15.491933384829668,<16,,,,FN
4441,4441.jpg,1,swimmer,,"[2938, 700, 15, 12]",13.416407864998739,<16,,,,FN
4441,4441.jpg,1,swimmer,,"[2978, 727, 15, 11]",12.84523257866513,<16,,,,FN
4441,4441.jpg,1,swimmer,,"[3089, 706, 16, 14]",14.966629547095765,<16,,,,FN
4441,4441.jpg,1,swimmer,,"[3121, 788, 22, 17]",19.339079605813716,16-32,,,,FN
4441,4441.jpg,1,swimmer,,"[2909, 683, 15, 13]",13.96424004376894,<16,,,,FN
4441,4441.jpg,1,swimmer,,"[3255, 796, 16, 13]",14.422205101855956,<16,,,,FN
4441,4441.jpg,1,swimmer,,"[3150, 701, 16, 14]",14.966629547095765,<16,,,,FN
4441,4441.jpg,1,swimmer,,"[3173, 749, 17, 12]",14.2828568570857,<16,,,,FN
4441,4441.jpg,1,swimmer,,"[3343, 735, 19, 14]",16.30950643030009,16-32,,,,FN
4441,4441.jpg,1,swimmer,,"[3305, 820, 19, 14]",16.30950643030009,16-32,,,,FN
4441,4441.jpg,1,swimmer,,"[2860, 735, 16, 15]",15.491933384829668,<16,,,,FN
4442,4442.jpg,1,swimmer,,"[2980, 704, 15, 13]",13.96424004376894,<16,,,,FN
4442,4442.jpg,1,swimmer,,"[3019, 731, 13, 10]",11.40175425099138,<16,,,,FN
4442,4442.jpg,1,swimmer,,"[3132, 711, 14, 12]",12.96148139681572,<16,,,,FN
4442,4442.jpg,1,swimmer,,"[3158, 795, 22, 16]",18.76166303929372,16-32,,,,FN
4442,4442.jpg,1,swimmer,,"[2953, 687, 14, 12]",12.96148139681572,<16,,,,FN
4442,4442.jpg,1,swimmer,,"[3293, 800, 18, 15]",16.431676725154983,16-32,,,,FN
4442,4442.jpg,1,swimmer,,"[3194, 705, 17, 14]",15.427248620541512,<16,,,,FN
4442,4442.jpg,1,swimmer,,"[3214, 755, 18, 13]",15.297058540778355,<16,,,,FN
4442,4442.jpg,1,swimmer,,"[3387, 740, 21, 16]",18.33030277982336,16-32,,,,FN
4442,4442.jpg,1,swimmer,,"[3346, 826, 17, 13]",14.866068747318506,<16,,,,FN
4442,4442.jpg,1,swimmer,,"[2896, 738, 14, 14]",14.0,<16,,,,FN
4482,4482.jpg,1,swimmer,,"[675, 2033, 429, 127]",233.4159377591856,>64,,,,FN
4482,4482.jpg,1,swimmer,,"[3264, 1397, 270, 202]",233.53800547234277,>64,,,,FN
4482,4482.jpg,1,swimmer,,"[3058, 1325, 220, 151]",182.26354544998844,>64,,,,FN
4482,4482.jpg,1,swimmer,,"[3065, 1073, 182, 121]",148.39811319555247,>64,,,,FN
4482,4482.jpg,1,swimmer,,"[2423, 473, 161, 125]",141.86260959111107,>64,,,,FN
4483,4483.jpg,1,swimmer,,"[3373, 1544, 191, 202]",196.4230129083657,>64,,,,FN
4483,4483.jpg,1,swimmer,,"[3096, 1431, 236, 146]",185.6232744027537,>64,,,,FN
4483,4483.jpg,1,swimmer,,"[2998, 1152, 289, 171]",222.30384612057435,>64,,,,FN
4483,4483.jpg,1,swimmer,,"[2343, 543, 280, 177]",222.62075374951007,>64,,,,FN
4484,4484.jpg,1,swimmer,,"[3302, 1560, 268, 193]",227.42910983425142,>64,,,,FN
4484,4484.jpg,1,swimmer,,"[3118, 1442, 226, 159]",189.56265454988755,>64,,,,FN
4484,4484.jpg,1,swimmer,,"[3130, 1151, 176, 161]",168.3330033000065,>64,,,,FN
4484,4484.jpg,1,swimmer,,"[2399, 541, 184, 183]",183.49931879982552,>64,,,,FN
4485,4485.jpg,1,swimmer,,"[3452, 1607, 180, 208]",193.49418595916518,>64,,,,FN
4485,4485.jpg,1,swimmer,,"[3171, 1454, 215, 165]",188.34808201837362,>64,,,,FN
4485,4485.jpg,1,swimmer,,"[3117, 1169, 232, 155]",189.63122105813693,>64,,,,FN
4485,4485.jpg,1,swimmer,,"[2409, 566, 196, 138]",164.46276174259023,>64,,,,FN
4486,4486.jpg,1,swimmer,,"[3415, 1385, 301, 247]",272.6664629176093,>64,,,,FN
4486,4486.jpg,1,swimmer,,"[3283, 1285, 180, 175]",177.48239349298848,>64,,,,FN
4486,4486.jpg,1,swimmer,,"[3048, 992, 367, 253]",304.7146205878543,>64,,,,FN
4486,4486.jpg,1,swimmer,,"[2317, 417, 285, 202]",239.9374918598592,>64,,,,FN
4487,4487.jpg,1,swimmer,,"[3513, 1358, 211, 198]",204.3966731627499,>64,,,,FN
4487,4487.jpg,1,swimmer,,"[3276, 1193, 185, 206]",195.21782705480564,>64,,,,FN
4487,4487.jpg,1,swimmer,,"[3193, 938, 247, 170]",204.91461636496308,>64,,,,FN
4487,4487.jpg,1,swimmer,,"[2395, 347, 182, 163]",172.23820714347906,>64,,,,FN
4487,4487.jpg,1,swimmer,,"[667, 2001, 448, 159]",266.8932370817964,>64,,,,FN
4488,4488.jpg,1,swimmer,,"[3446, 1342, 281, 238]",258.6078111735993,>64,,,,FN
4488,4488.jpg,1,swimmer,,"[3242, 1241, 212, 213]",212.49941176389171,>64,,,,FN
4488,4488.jpg,1,swimmer,,"[3188, 962, 252, 161]",201.42492397913423,>64,,,,FN
4488,4488.jpg,1,swimmer,,"[2368, 387, 189, 175]",181.86533479473212,>64,,,,FN
4488,4488.jpg,1,swimmer,,"[625, 1995, 509, 164]",288.9221348391293,>64,,,,FN
4865,4865.jpg,1,swimmer,,"[1633, 1503, 133, 86]",106.94858577840101,>64,,,,FN
4865,4865.jpg,1,swimmer,,"[1729, 1889, 59, 119]",83.79140767405688,>64,,,,FN
4866,4866.jpg,1,swimmer,,"[1636, 1426, 142, 88]",111.78550889985696,>64,,,,FN
4866,4866.jpg,5,buoy,,"[1302, 929, 124, 137]",130.33802208104893,>64,,,,FN
4866,4866.jpg,1,swimmer,,"[1725, 1781, 63, 83]",72.3118247591637,>64,,,,FN
4867,4867.jpg,1,swimmer,,"[1655, 1334, 135, 87]",108.37435120913067,>64,,,,FN
4867,4867.jpg,1,swimmer,,"[1740, 1687, 58, 94]",73.83765976789893,>64,,,,FN
4868,4868.jpg,1,swimmer,,"[1678, 1287, 135, 96]",113.84199576606166,>64,,,,FN
4868,4868.jpg,1,swimmer,,"[1757, 1635, 55, 87]",69.17369442208505,>64,,,,FN
4869,4869.jpg,1,swimmer,,"[1684, 1271, 125, 90]",106.06601717798213,>64,,,,FN
4869,4869.jpg,5,buoy,,"[1334, 850, 115, 134]",124.1370210694618,>64,,,,FN
4869,4869.jpg,1,swimmer,,"[1777, 1615, 49, 84]",64.15605972938177,>64,,,,FN
4870,4870.jpg,1,swimmer,,"[1678, 1278, 128, 92]",108.51727973000429,>64,,,,FN
4870,4870.jpg,5,buoy,,"[1342, 857, 115, 133]",123.67295581492341,>64,,,,FN
4870,4870.jpg,1,swimmer,,"[1782, 1601, 52, 82]",65.29931086925804,>64,,,,FN
4871,4871.jpg,1,swimmer,,"[1678, 1309, 125, 87]",104.28326807307106,>64,,,,FN
4871,4871.jpg,1,swimmer,,"[1780, 1603, 50, 78]",62.44997998398398,32-64,,,,FN
4872,4872.jpg,1,swimmer,,"[1670, 1332, 129, 91]",108.34666584625482,>64,,,,FN
4872,4872.jpg,1,swimmer,,"[1779, 1621, 51, 70]",59.74947698515862,32-64,,,,FN
4873,4873.jpg,1,swimmer,,"[1674, 1357, 130, 94]",110.54410884348383,>64,,,,FN
4873,4873.jpg,1,swimmer,,"[1785, 1643, 50, 68]",58.309518948453004,32-64,,,,FN
4874,4874.jpg,1,swimmer,,"[1681, 1318, 123, 92]",106.3766891757776,>64,,,,FN
4874,4874.jpg,5,buoy,,"[1335, 903, 113, 125]",118.84864324004712,>64,,,,FN
4874,4874.jpg,1,swimmer,,"[1790, 1588, 49, 68]",57.723478758647246,32-64,,,,FN
4875,4875.jpg,1,swimmer,,"[1697, 1201, 115, 97]",105.61723344227494,>64,,,,FN
4875,4875.jpg,1,swimmer,,"[1794, 1450, 53, 82]",65.92419889539804,>64,,,,FN
4876,4876.jpg,1,swimmer,,"[1677, 821, 120, 100]",109.54451150103323,>64,,,,FN
4876,4876.jpg,5,buoy,,"[1369, 464, 106, 126]",115.56816170554933,>64,,,,FN
4876,4876.jpg,1,swimmer,,"[1777, 1042, 51, 87]",66.61080993352356,>64,,,,FN
4877,4877.jpg,1,swimmer,,"[1654, 667, 133, 82]",104.43179592442141,>64,,,,FN
4877,4877.jpg,5,buoy,,"[1389, 324, 105, 129]",116.38298844762494,>64,,,,FN
4877,4877.jpg,1,swimmer,,"[1776, 883, 41, 62]",50.41825066382212,32-64,,,,FN
4878,4878.jpg,1,swimmer,,"[1670, 967, 118, 78]",95.93747964169165,>64,,,,FN
4878,4878.jpg,1,swimmer,,"[1784, 1162, 45, 55]",49.749371855331,32-64,,,,FN
4879,4879.jpg,1,swimmer,,"[1688, 1311, 108, 78]",91.78235124467012,>64,,,,FN
4879,4879.jpg,1,swimmer,,"[1797, 1513, 44, 49]",46.4327470649756,32-64,,,,FN
4880,4880.jpg,1,swimmer,,"[1685, 1459, 117, 79]",96.1405221537724,>64,,,,FN
4880,4880.jpg,5,buoy,,"[1437, 1139, 95, 118]",105.8772874605314,>64,,,,FN
4880,4880.jpg,1,swimmer,,"[1807, 1661, 49, 56]",52.38320341483518,32-64,,,,FN
4881,4881.jpg,1,swimmer,,"[1688, 1561, 117, 77]",94.91575211733824,>64,,,,FN
4881,4881.jpg,5,buoy,,"[1433, 1244, 97, 117]",106.53168542738823,>64,,,,FN
4881,4881.jpg,1,swimmer,,"[1822, 1763, 44, 54]",48.744230427815765,32-64,,,,FN
4882,4882.jpg,1,swimmer,,"[1696, 1530, 120, 83]",99.7997995989972,>64,,,,FN
4882,4882.jpg,1,swimmer,,"[1829, 1727, 43, 54]",48.187135212627034,32-64,,,,FN
4883,4883.jpg,1,swimmer,,"[1720, 1476, 103, 66]",82.44998483929515,>64,,,,FN
4883,4883.jpg,5,buoy,,"[1460, 1167, 95, 114]",104.06728592598157,>64,,,,FN
4883,4883.jpg,1,swimmer,,"[1844, 1659, 43, 51]",46.82947789587238,32-64,,,,FN
4884,4884.jpg,1,swimmer,,"[1744, 1435, 100, 43]",65.57438524302,>64,,,,FN
4884,4884.jpg,5,buoy,,"[1473, 1135, 92, 111]",101.05444077327824,>64,,,,FN
4884,4884.jpg,1,swimmer,,"[1869, 1613, 44, 46]",44.98888751680797,32-64,,,,FN
4885,4885.jpg,1,swimmer,,"[1773, 1410, 90, 46]",64.34283176858165,>64,,,,FN
4885,4885.jpg,1,swimmer,,"[1888, 1573, 39, 43]",40.95119045888654,32-64,,,,FN
4886,4886.jpg,1,swimmer,,"[1790, 1348, 89, 46]",63.984373092185564,32-64,,,,FN
4886,4886.jpg,1,swimmer,,"[1899, 1502, 35, 39]",36.945906403822335,32-64,,,,FN
4887,4887.jpg,1,swimmer,,"[1807, 1277, 86, 33]",53.27288240746881,32-64,,,,FN
4887,4887.jpg,1,swimmer,,"[1904, 1420, 33, 36]",34.46737587922817,32-64,,,,FN
4888,4888.jpg,1,swimmer,,"[1819, 1226, 81, 37]",54.74486277268398,32-64,,,,FN
4888,4888.jpg,5,buoy,,"[1537, 982, 85, 105]",94.47221813845591,>64,,,,FN
4888,4888.jpg,1,swimmer,,"[1905, 1354, 32, 38]",34.87119154832539,32-64,,,,FN
4889,4889.jpg,1,swimmer,,"[1831, 1168, 75, 30]",47.43416490252569,32-64,,,,FN
4889,4889.jpg,5,buoy,,"[1553, 931, 84, 104]",93.46657156438339,>64,,,,FN
4889,4889.jpg,1,swimmer,,"[1900, 1290, 31, 37]",33.8673884437522,32-64,,,,FN
4890,4890.jpg,1,swimmer,,"[1832, 1115, 76, 33]",50.07993610219566,32-64,,,,FN
4890,4890.jpg,1,swimmer,,"[1898, 1235, 29, 30]",29.49576240750525,16-32,,,,FN
4891,4891.jpg,1,swimmer,,"[1835, 1064, 76, 34]",50.83306010855534,32-64,,,,FN
4891,4891.jpg,1,swimmer,,"[1896, 1191, 30, 31]",30.495901363953813,16-32,,,,FN
4892,4892.jpg,1,swimmer,,"[1871, 1025, 89, 34]",55.00909015790027,32-64,,,,FN
4892,4892.jpg,1,swimmer,,"[1940, 1155, 31, 29]",29.9833287011299,16-32,,,,FN
4893,4893.jpg,1,swimmer,,"[1898, 1024, 72, 34]",49.47726750741192,32-64,,,,FN
4893,4893.jpg,1,swimmer,,"[1952, 1148, 29, 25]",26.92582403567252,16-32,,,,FN
4894,4894.jpg,1,swimmer,,"[1903, 1023, 68, 31]",45.91296113299599,32-64,,,,FN
4894,4894.jpg,1,swimmer,,"[1954, 1145, 30, 27]",28.460498941515414,16-32,,,,FN
4895,4895.jpg,1,swimmer,,"[1869, 1022, 90, 36]",56.92099788303083,32-64,,,,FN
4895,4895.jpg,1,swimmer,,"[1942, 1152, 26, 25]",25.495097567963924,16-32,,,,FN
4896,4896.jpg,1,swimmer,,"[1824, 1031, 82, 33]",52.01922721455981,32-64,,,,FN
4896,4896.jpg,5,buoy,,"[1548, 796, 78, 102]",89.19641248391103,>64,,,,FN
4896,4896.jpg,1,swimmer,,"[1885, 1156, 28, 25]",26.457513110645905,16-32,,,,FN
4897,4897.jpg,1,swimmer,,"[2333, 1047, 97, 34]",57.42821606144492,32-64,,,,FN
4897,4897.jpg,5,buoy,,"[2101, 782, 76, 105]",89.33084573650918,>64,,,,FN
4897,4897.jpg,1,swimmer,,"[2383, 1174, 33, 30]",31.464265445104548,16-32,,,,FN
4898,4898.jpg,1,swimmer,,"[2540, 1072, 86, 38]",57.16642371182581,32-64,,,,FN
4898,4898.jpg,5,buoy,,"[2308, 793, 75, 102]",87.46427842267951,>64,,,,FN
4898,4898.jpg,1,swimmer,,"[2570, 1205, 33, 31]",31.984371183438952,16-32,,,,FN
4899,4899.jpg,1,swimmer,,"[2493, 1072, 73, 36]",51.264022471905186,32-64,,,,FN
4899,4899.jpg,1,swimmer,,"[2510, 1206, 31, 27]",28.930952282978865,16-32,,,,FN
4900,4900.jpg,1,swimmer,,"[2481, 1076, 76, 36]",52.306787322488084,32-64,,,,FN
4900,4900.jpg,1,swimmer,,"[2488, 1207, 34, 26]",29.732137494637012,16-32,,,,FN
4901,4901.jpg,1,swimmer,,"[2446, 1076, 77, 34]",51.16639522186413,32-64,,,,FN
4901,4901.jpg,5,buoy,,"[2188, 779, 76, 105]",89.33084573650918,>64,,,,FN
4901,4901.jpg,1,swimmer,,"[2443, 1209, 34, 24]",28.5657137141714,16-32,,,,FN
4902,4902.jpg,1,swimmer,,"[2350, 1057, 79, 46]",60.28266749240614,32-64,,,,FN
4902,4902.jpg,1,swimmer,,"[2343, 1201, 36, 23]",28.77498913987632,16-32,,,,FN
4903,4903.jpg,1,swimmer,,"[2240, 1058, 75, 45]",58.09475019311125,32-64,,,,FN
4903,4903.jpg,1,swimmer,,"[2214, 1199, 31, 20]",24.899799195977465,16-32,,,,FN
4904,4904.jpg,1,swimmer,,"[2130, 1068, 52, 32]",40.792156108742276,32-64,,,,FN
4904,4904.jpg,5,buoy,,"[1868, 780, 77, 105]",89.9166280506559,>64,,,,FN
4904,4904.jpg,1,swimmer,,"[2072, 1200, 27, 24]",25.45584412271571,16-32,,,,FN
4905,4905.jpg,1,swimmer,,"[1956, 1069, 64, 30]",43.81780460041329,32-64,,,,FN
4905,4905.jpg,5,buoy,,"[1718, 787, 77, 108]",91.19210492142398,>64,,,,FN
4905,4905.jpg,1,swimmer,,"[1897, 1193, 31, 29]",29.9833287011299,16-32,,,,FN
4906,4906.jpg,1,swimmer,,"[1824, 1067, 47, 27]",35.62302626111375,32-64,,,,FN
4906,4906.jpg,5,buoy,,"[1588, 798, 76, 101]",87.61278445523804,>64,,,,FN
4906,4906.jpg,1,swimmer,,"[1736, 1186, 32, 29]",30.463092423455635,16-32,,,,FN
4907,4907.jpg,1,swimmer,,"[1666, 1069, 46, 25]",33.91164991562634,32-64,,,,FN
4907,4907.jpg,1,swimmer,,"[1568, 1187, 27, 27]",27.0,16-32,,,,FN
4908,4908.jpg,1,swimmer,,"[1539, 1072, 45, 35]",39.68626966596886,32-64,,,,FN
4908,4908.jpg,5,buoy,,"[1300, 798, 80, 106]",92.0869154657707,>64,,,,FN
4908,4908.jpg,1,swimmer,,"[1435, 1202, 26, 26]",26.0,16-32,,,,FN
4909,4909.jpg,1,swimmer,,"[1606, 1074, 51, 29]",38.45776904605882,32-64,,,,FN
4909,4909.jpg,5,buoy,,"[1366, 781, 81, 100]",90.0,>64,,,,FN
4909,4909.jpg,1,swimmer,,"[1494, 1201, 27, 26]",26.49528259898354,16-32,,,,FN
4910,4910.jpg,1,swimmer,,"[1707, 1054, 89, 43]",61.862751312886175,32-64,,,,FN
4910,4910.jpg,5,buoy,,"[1493, 761, 82, 103]",91.90212184710427,>64,,,,FN
4910,4910.jpg,1,swimmer,,"[1615, 1191, 25, 25]",25.0,16-32,,,,FN
4911,4911.jpg,1,swimmer,,"[1765, 1062, 78, 38]",54.4426303552648,32-64,,,,FN
4911,4911.jpg,5,buoy,,"[1534, 756, 78, 101]",88.75809822207775,>64,,,,FN
4911,4911.jpg,1,swimmer,,"[1660, 1191, 29, 26]",27.459060435491963,16-32,,,,FN
4912,4912.jpg,1,swimmer,,"[1872, 1061, 72, 36]",50.91168824543142,32-64,,,,FN
4912,4912.jpg,5,buoy,,"[1629, 746, 79, 107]",91.94019795497506,>64,,,,FN
4912,4912.jpg,1,swimmer,,"[1755, 1188, 31, 30]",30.495901363953813,16-32,,,,FN
4913,4913.jpg,1,swimmer,,"[1985, 1069, 74, 39]",53.72150407425317,32-64,,,,FN
4913,4913.jpg,5,buoy,,"[1736, 741, 77, 111]",92.44998647917694,>64,,,,FN
4913,4913.jpg,1,swimmer,,"[1859, 1190, 31, 28]",29.46183972531247,16-32,,,,FN
4914,4914.jpg,1,swimmer,,"[2116, 1076, 83, 45]",61.11464636239009,32-64,,,,FN
4914,4914.jpg,5,buoy,,"[1885, 745, 75, 107]",89.58236433584459,>64,,,,FN
4914,4914.jpg,1,swimmer,,"[1997, 1191, 27, 25]",25.98076211353316,16-32,,,,FN
4915,4915.jpg,1,swimmer,,"[2237, 1088, 62, 37]",47.89572005931219,32-64,,,,FN
4915,4915.jpg,5,buoy,,"[1981, 750, 75, 105]",88.74119674649424,>64,,,,FN
4915,4915.jpg,1,swimmer,,"[2080, 1187, 28, 24]",25.92296279363144,16-32,,,,FN
4916,4916.jpg,1,swimmer,,"[2247, 1081, 57, 34]",44.02272140611028,32-64,,,,FN
4916,4916.jpg,5,buoy,,"[1981, 749, 73, 101]",85.86617494683223,>64,,,,FN
4916,4916.jpg,1,swimmer,,"[2078, 1184, 26, 23]",24.454038521274967,16-32,,,,FN
4917,4917.jpg,1,swimmer,,"[2256, 1073, 53, 30]",39.87480407475377,32-64,,,,FN
4917,4917.jpg,5,buoy,,"[1980, 745, 74, 102]",86.87922651589389,>64,,,,FN
4917,4917.jpg,1,swimmer,,"[2086, 1178, 26, 22]",23.916521486202797,16-32,,,,FN
4918,4918.jpg,1,swimmer,,"[2269, 1063, 50, 31]",39.370039370059054,32-64,,,,FN
4918,4918.jpg,5,buoy,,"[1982, 740, 76, 107]",90.17760254076397,>64,,,,FN
4918,4918.jpg,1,swimmer,,"[2094, 1171, 28, 20]",23.664319132398465,16-32,,,,FN
4919,4919.jpg,1,swimmer,,"[2260, 1055, 56, 35]",44.27188724235731,32-64,,,,FN
4919,4919.jpg,5,buoy,,"[1987, 745, 74, 103]",87.3040663428686,>64,,,,FN
4919,4919.jpg,1,swimmer,,"[2100, 1163, 29, 22]",25.25866188063018,16-32,,,,FN
4920,4920.jpg,1,swimmer,,"[2251, 1050, 63, 40]",50.19960159204453,32-64,,,,FN
4920,4920.jpg,5,buoy,,"[1986, 741, 74, 102]",86.87922651589389,>64,,,,FN
4920,4920.jpg,1,swimmer,,"[2094, 1159, 30, 21]",25.099800796022265,16-32,,,,FN
4921,4921.jpg,1,swimmer,,"[2247, 1058, 61, 42]",50.61620293937506,32-64,,,,FN
4921,4921.jpg,5,buoy,,"[1982, 728, 73, 100]",85.44003745317531,>64,,,,FN
4921,4921.jpg,1,swimmer,,"[2090, 1164, 30, 23]",26.267851073127396,16-32,,,,FN
4922,4922.jpg,1,swimmer,,"[2264, 1072, 69, 43]",54.47017532558529,32-64,,,,FN
4922,4922.jpg,5,buoy,,"[1997, 710, 76, 109]",91.01648202386203,>64,,,,FN
4922,4922.jpg,1,swimmer,,"[2115, 1181, 27, 23]",24.919871588754223,16-32,,,,FN
4923,4923.jpg,1,swimmer,,"[2277, 1081, 69, 48]",57.54997827975264,32-64,,,,FN
4923,4923.jpg,5,buoy,,"[2001, 706, 77, 113]",93.27915093953203,>64,,,,FN
4923,4923.jpg,1,swimmer,,"[2131, 1193, 30, 20]",24.49489742783178,16-32,,,,FN
4924,4924.jpg,1,swimmer,,"[2371, 1100, 73, 45]",57.3149195236284,32-64,,,,FN
4924,4924.jpg,5,buoy,,"[2082, 715, 75, 112]",91.6515138991168,>64,,,,FN
4924,4924.jpg,1,swimmer,,"[2218, 1201, 31, 25]",27.83882181415011,16-32,,,,FN
4924,4924.jpg,3,jetski,,"[2899, 25, 57, 47]",51.75905717843013,32-64,,,,FN
5146,5146.jpg,1,swimmer,,"[2019, 1282, 51, 49]",49.98999899979995,32-64,,,,FN
5146,5146.jpg,1,swimmer,,"[2126, 1222, 85, 82]",83.48652585896721,>64,,,,FN
5146,5146.jpg,1,swimmer,,"[2260, 1155, 77, 74]",75.48509786706248,>64,,,,FN
5146,5146.jpg,1,swimmer,,"[2055, 950, 63, 62]",62.49799996799898,32-64,,,,FN
5147,5147.jpg,1,swimmer,,"[2121, 1268, 56, 50]",52.91502622129181,32-64,,,,FN
5147,5147.jpg,1,swimmer,,"[2235, 1208, 57, 68]",62.25752966509352,32-64,,,,FN
5147,5147.jpg,1,swimmer,,"[2316, 1130, 98, 77]",86.86771552193599,>64,,,,FN
5147,5147.jpg,1,swimmer,,"[2114, 939, 59, 60]",59.49789912257407,32-64,,,,FN
5148,5148.jpg,1,swimmer,,"[2268, 1250, 45, 51]",47.90615826801394,32-64,,,,FN
5148,5148.jpg,1,swimmer,,"[2356, 1177, 89, 84]",86.46386528486914,>64,,,,FN
5148,5148.jpg,1,swimmer,,"[2453, 1113, 74, 69]",71.45628033979938,>64,,,,FN
5148,5148.jpg,1,swimmer,,"[2209, 926, 64, 61]",62.48199740725323,32-64,,,,FN
5149,5149.jpg,1,swimmer,,"[2502, 1248, 47, 48]",47.49736834815167,32-64,,,,FN
5149,5149.jpg,1,swimmer,,"[2570, 1181, 86, 70]",77.5886589650833,>64,,,,FN
5149,5149.jpg,1,swimmer,,"[2654, 1106, 88, 68]",77.35631842325486,>64,,,,FN
5149,5149.jpg,1,swimmer,,"[2398, 928, 71, 58]",64.17164482853778,>64,,,,FN
5150,5150.jpg,1,swimmer,,"[2652, 1244, 43, 45]",43.98863489584554,32-64,,,,FN
5150,5150.jpg,1,swimmer,,"[2727, 1176, 68, 66]",66.9925368977769,>64,,,,FN
5150,5150.jpg,1,swimmer,,"[2780, 1102, 91, 68]",78.66384175718855,>64,,,,FN
5150,5150.jpg,1,swimmer,,"[2531, 929, 69, 56]",62.161081071680215,32-64,,,,FN
5151,5151.jpg,1,swimmer,,"[2730, 1244, 63, 54]",58.32666628567074,32-64,,,,FN
5151,5151.jpg,1,swimmer,,"[2790, 1167, 101, 82]",91.00549433962765,>64,,,,FN
5151,5151.jpg,1,swimmer,,"[2872, 1109, 72, 57]",64.06246951218786,>64,,,,FN
5151,5151.jpg,1,swimmer,,"[2609, 928, 63, 56]",59.39696961966999,32-64,,,,FN
5152,5152.jpg,1,swimmer,,"[2764, 1241, 46, 44]",44.98888751680797,32-64,,,,FN
5152,5152.jpg,1,swimmer,,"[2820, 1170, 90, 70]",79.37253933193772,>64,,,,FN
5152,5152.jpg,1,swimmer,,"[2893, 1103, 77, 65]",70.74602462329597,>64,,,,FN
5152,5152.jpg,1,swimmer,,"[2638, 927, 66, 54]",59.6992462263972,32-64,,,,FN
5256,5256.jpg,2,boat,,"[2012, 575, 91, 170]",124.37845472588891,>64,,,,FN
5256,5256.jpg,2,boat,,"[819, 719, 169, 83]",118.43563652887589,>64,,,,FN
5256,5256.jpg,2,boat,,"[1166, 1449, 153, 127]",139.3951218658673,>64,,,,FN
5256,5256.jpg,1,swimmer,,"[1999, 544, 68, 33]",47.37087712930804,32-64,,,,FN
5256,5256.jpg,1,swimmer,,"[2074, 552, 20, 42]",28.982753492378876,16-32,,,,FN
5257,5257.jpg,2,boat,,"[2022, 702, 91, 170]",124.37845472588891,>64,,,,FN
5257,5257.jpg,2,boat,,"[828, 838, 169, 83]",118.43563652887589,>64,,,,FN
5257,5257.jpg,2,boat,,"[1171, 1569, 149, 129]",138.63982111933063,>64,,,,FN
5257,5257.jpg,1,swimmer,,"[2019, 668, 54, 37]",44.69899327725402,32-64,,,,FN
5257,5257.jpg,1,swimmer,,"[2083, 685, 21, 35]",27.110883423451916,16-32,,,,FN
5258,5258.jpg,2,boat,,"[2030, 836, 91, 176]",126.554336156451,>64,,,,FN
5258,5258.jpg,2,boat,,"[1174, 1702, 143, 135]",138.94243412291294,>64,,,,FN
5258,5258.jpg,1,swimmer,,"[2032, 806, 53, 47]",49.90991885387112,32-64,,,,FN
5258,5258.jpg,1,swimmer,,"[2093, 825, 21, 33]",26.324893162176366,16-32,,,,FN
5308,5308.jpg,2,boat,,"[1894, 1101, 123, 52]",79.97499609252883,>64,,,,FN
5308,5308.jpg,2,boat,,"[2099, 933, 76, 127]",98.24459272652109,>64,,,,FN
5308,5308.jpg,2,boat,,"[2159, 1388, 127, 65]",90.85703054799887,>64,,,,FN
5308,5308.jpg,1,swimmer,,"[2035, 1332, 46, 33]",38.961519477556315,32-64,,,,FN
5308,5308.jpg,1,swimmer,,"[1761, 1388, 33, 57]",43.37049688440288,32-64,,,,FN
5308,5308.jpg,1,swimmer,,"[1811, 1251, 32, 31]",31.496031496047245,16-32,,,,FN
5308,5308.jpg,1,swimmer,,"[1965, 1261, 31, 28]",29.46183972531247,16-32,,,,FN
5308,5308.jpg,1,swimmer,,"[1891, 1477, 38, 41]",39.4715087119811,32-64,,,,FN
5308,5308.jpg,1,swimmer,,"[1891, 1156, 23, 33]",27.54995462791182,16-32,,,,FN
5309,5309.jpg,2,boat,,"[1895, 1109, 121, 51]",78.55571271397135,>64,,,,FN
5309,5309.jpg,2,boat,,"[2098, 944, 74, 124]",95.79144011862438,>64,,,,FN
5309,5309.jpg,2,boat,,"[2157, 1392, 126, 64]",89.7997772825746,>64,,,,FN
5309,5309.jpg,1,swimmer,,"[2042, 1335, 41, 30]",35.07135583350036,32-64,,,,FN
5309,5309.jpg,1,swimmer,,"[1768, 1402, 36, 46]",40.69397989875161,32-64,,,,FN
5309,5309.jpg,1,swimmer,,"[1814, 1258, 33, 32]",32.49615361854384,32-64,,,,FN
5309,5309.jpg,1,swimmer,,"[1966, 1266, 31, 29]",29.9833287011299,16-32,,,,FN
5309,5309.jpg,1,swimmer,,"[1895, 1485, 36, 34]",34.9857113690718,32-64,,,,FN
5309,5309.jpg,1,swimmer,,"[1895, 1167, 21, 29]",24.677925358506133,16-32,,,,FN
5310,5310.jpg,2,boat,,"[1896, 1117, 120, 50]",77.45966692414834,>64,,,,FN
5310,5310.jpg,2,boat,,"[2095, 954, 73, 122]",94.37160589923221,>64,,,,FN
5310,5310.jpg,2,boat,,"[2155, 1397, 124, 63]",88.38551917593742,>64,,,,FN
5310,5310.jpg,1,swimmer,,"[2048, 1341, 32, 29]",30.463092423455635,16-32,,,,FN
5310,5310.jpg,1,swimmer,,"[1768, 1418, 33, 40]",36.3318042491699,32-64,,,,FN
5310,5310.jpg,1,swimmer,,"[1815, 1267, 34, 31]",32.46536616149585,32-64,,,,FN
5310,5310.jpg,1,swimmer,,"[1960, 1272, 39, 28]",33.04542328371661,32-64,,,,FN
5310,5310.jpg,1,swimmer,,"[1889, 1489, 44, 42]",42.988370520409354,32-64,,,,FN
5310,5310.jpg,1,swimmer,,"[1895, 1173, 22, 29]",25.25866188063018,16-32,,,,FN
5311,5311.jpg,2,boat,,"[1897, 1126, 118, 50]",76.81145747868608,>64,,,,FN
5311,5311.jpg,2,boat,,"[2093, 965, 72, 121]",93.33809511662427,>64,,,,FN
5311,5311.jpg,2,boat,,"[2153, 1401, 122, 62]",86.97125962063559,>64,,,,FN
5311,5311.jpg,1,swimmer,,"[2036, 1345, 46, 38]",41.80908992073375,32-64,,,,FN
5311,5311.jpg,1,swimmer,,"[1773, 1423, 37, 54]",44.69899327725402,32-64,,,,FN
5311,5311.jpg,1,swimmer,,"[1818, 1274, 34, 34]",34.0,32-64,,,,FN
5311,5311.jpg,1,swimmer,,"[1961, 1279, 35, 31]",32.93933818400121,32-64,,,,FN
5311,5311.jpg,1,swimmer,,"[1894, 1500, 33, 36]",34.46737587922817,32-64,,,,FN
5311,5311.jpg,1,swimmer,,"[1895, 1182, 26, 29]",27.459060435491963,16-32,,,,FN
5312,5312.jpg,2,boat,,"[1898, 1131, 116, 49]",75.39230729988306,>64,,,,FN
5312,5312.jpg,2,boat,,"[2090, 972, 71, 120]",92.30384607371461,>64,,,,FN
5312,5312.jpg,2,boat,,"[2151, 1402, 120, 61]",85.55699854482975,>64,,,,FN
5312,5312.jpg,1,swimmer,,"[2043, 1344, 45, 33]",38.535697735995385,32-64,,,,FN
5312,5312.jpg,1,swimmer,,"[1781, 1429, 34, 45]",39.11521443121589,32-64,,,,FN
5312,5312.jpg,1,swimmer,,"[1821, 1278, 32, 34]",32.984845004941285,32-64,,,,FN
5312,5312.jpg,1,swimmer,,"[1961, 1278, 36, 31]",33.406586176980134,32-64,,,,FN
5312,5312.jpg,1,swimmer,,"[1889, 1498, 39, 38]",38.49675310984031,32-64,,,,FN
5312,5312.jpg,1,swimmer,,"[1896, 1185, 25, 30]",27.386127875258307,16-32,,,,FN
5313,5313.jpg,2,boat,,"[1898, 1104, 114, 48]",73.97296803562772,>64,,,,FN
5313,5313.jpg,2,boat,,"[2088, 946, 70, 118]",90.8845421400141,>64,,,,FN
5313,5313.jpg,2,boat,,"[2148, 1372, 118, 60]",84.14273587185052,>64,,,,FN
5313,5313.jpg,1,swimmer,,"[2045, 1313, 39, 29]",33.63034344160047,32-64,,,,FN
5313,5313.jpg,1,swimmer,,"[1780, 1413, 33, 39]",35.874782229304195,32-64,,,,FN
5313,5313.jpg,1,swimmer,,"[1820, 1252, 37, 35]",35.98610843089316,32-64,,,,FN
5313,5313.jpg,1,swimmer,,"[1962, 1251, 33, 34]",33.49626844888845,32-64,,,,FN
5313,5313.jpg,1,swimmer,,"[1887, 1475, 38, 24]",30.199337741083,16-32,,,,FN
5313,5313.jpg,1,swimmer,,"[1895, 1159, 27, 38]",32.03123475609393,32-64,,,,FN
5314,5314.jpg,2,boat,,"[1899, 1111, 113, 48]",73.64781055808787,>64,,,,FN
5314,5314.jpg,2,boat,,"[2085, 954, 70, 117]",90.49861877399013,>64,,,,FN
5314,5314.jpg,2,boat,,"[2145, 1376, 117, 59]",83.08429454475737,>64,,,,FN
5314,5314.jpg,1,swimmer,,"[2050, 1317, 33, 28]",30.397368307141328,16-32,,,,FN
5314,5314.jpg,1,swimmer,,"[1783, 1418, 39, 51]",44.598206241955516,32-64,,,,FN
5314,5314.jpg,1,swimmer,,"[1822, 1257, 38, 32]",34.87119154832539,32-64,,,,FN
5314,5314.jpg,1,swimmer,,"[1960, 1257, 34, 36]",34.9857113690718,32-64,,,,FN
5314,5314.jpg,1,swimmer,,"[1880, 1475, 43, 28]",34.698703145794944,32-64,,,,FN
5314,5314.jpg,1,swimmer,,"[1896, 1169, 19, 26]",22.22611077089287,16-32,,,,FN
5543,5543.jpg,1,swimmer,,"[2063, 619, 68, 30]",45.16635916254486,32-64,,,,FN
5543,5543.jpg,1,swimmer,,"[2010, 1006, 62, 65]",63.48228099241551,32-64,,,,FN
5543,5543.jpg,1,swimmer,,"[1734, 674, 91, 26]",48.641546028061235,32-64,,,,FN
5543,5543.jpg,1,swimmer,,"[1595, 745, 56, 39]",46.73328578219169,32-64,,,,FN
5543,5543.jpg,1,swimmer,,"[1404, 662, 70, 39]",52.24940191045253,32-64,,,,FN
5543,5543.jpg,1,swimmer,,"[3160, 522, 47, 49]",47.989582202807306,32-64,,,,FN
5544,5544.jpg,1,swimmer,,"[2172, 594, 88, 35]",55.49774770204643,32-64,,,,FN
5544,5544.jpg,1,swimmer,,"[2180, 962, 54, 65]",59.2452529743945,32-64,,,,FN
5544,5544.jpg,1,swimmer,,"[1859, 651, 93, 28]",51.02940328869229,32-64,,,,FN
5544,5544.jpg,1,swimmer,,"[1731, 721, 50, 44]",46.9041575982343,32-64,,,,FN
5544,5544.jpg,1,swimmer,,"[1524, 652, 78, 46]",59.89991652748775,32-64,,,,FN
5544,5544.jpg,1,swimmer,,"[3206, 472, 52, 47]",49.4368283772331,32-64,,,,FN
5545,5545.jpg,1,swimmer,,"[2342, 565, 87, 34]",54.38749856354859,32-64,,,,FN
5545,5545.jpg,1,swimmer,,"[2361, 925, 54, 59]",56.444663166680336,32-64,,,,FN
5545,5545.jpg,1,swimmer,,"[2033, 626, 99, 30]",54.49770637375485,32-64,,,,FN
5545,5545.jpg,1,swimmer,,"[1910, 695, 50, 45]",47.43416490252569,32-64,,,,FN
5545,5545.jpg,1,swimmer,,"[1705, 623, 78, 45]",59.2452529743945,32-64,,,,FN
5545,5545.jpg,1,swimmer,,"[3324, 441, 61, 54]",57.39337940912697,32-64,,,,FN
5546,5546.jpg,1,swimmer,,"[2463, 549, 65, 28]",42.661458015403085,32-64,,,,FN
5546,5546.jpg,1,swimmer,,"[2492, 897, 50, 65]",57.0087712549569,32-64,,,,FN
5546,5546.jpg,1,swimmer,,"[2160, 608, 97, 28]",52.11525688318153,32-64,,,,FN
5546,5546.jpg,1,swimmer,,"[2029, 676, 46, 42]",43.95452195167182,32-64,,,,FN
5546,5546.jpg,1,swimmer,,"[1830, 609, 59, 39]",47.968739820845826,32-64,,,,FN
5546,5546.jpg,1,swimmer,,"[3421, 420, 46, 44]",44.98888751680797,32-64,,,,FN
5547,5547.jpg,1,swimmer,,"[2521, 540, 85, 37]",56.08029957123981,32-64,,,,FN
5547,5547.jpg,1,swimmer,,"[2558, 885, 45, 62]",52.820450584977024,32-64,,,,FN
5547,5547.jpg,1,swimmer,,"[2226, 597, 81, 33]",51.70106381884226,32-64,,,,FN
5547,5547.jpg,1,swimmer,,"[2097, 669, 42, 45]",43.474130238568314,32-64,,,,FN
5547,5547.jpg,1,swimmer,,"[1888, 603, 70, 43]",54.86346689738081,32-64,,,,FN
5547,5547.jpg,1,swimmer,,"[3467, 411, 52, 45]",48.373546489791295,32-64,,,,FN
5548,5548.jpg,1,swimmer,,"[2549, 540, 78, 32]",49.95998398718719,32-64,,,,FN
5548,5548.jpg,1,swimmer,,"[2577, 884, 53, 62]",57.323642591866054,32-64,,,,FN
5548,5548.jpg,1,swimmer,,"[2254, 596, 76, 36]",52.306787322488084,32-64,,,,FN
5548,5548.jpg,1,swimmer,,"[2116, 674, 39, 43]",40.95119045888654,32-64,,,,FN
5548,5548.jpg,1,swimmer,,"[1904, 607, 77, 44]",58.20652884342099,32-64,,,,FN
5548,5548.jpg,1,swimmer,,"[3463, 404, 57, 50]",53.38539126015655,32-64,,,,FN
5549,5549.jpg,1,swimmer,,"[2562, 539, 64, 31]",44.54211490264017,32-64,,,,FN
5549,5549.jpg,1,swimmer,,"[2570, 889, 70, 63]",66.40783086353596,>64,,,,FN
5549,5549.jpg,1,swimmer,,"[2251, 599, 94, 30]",53.103672189407014,32-64,,,,FN
5549,5549.jpg,1,swimmer,,"[2116, 675, 37, 35]",35.98610843089316,32-64,,,,FN
5549,5549.jpg,1,swimmer,,"[1907, 608, 61, 37]",47.50789408087881,32-64,,,,FN
5549,5549.jpg,1,swimmer,,"[3465, 400, 51, 50]",50.49752469181039,32-64,,,,FN
5550,5550.jpg,1,swimmer,,"[2556, 539, 87, 36]",55.96427431853289,32-64,,,,FN
5550,5550.jpg,1,swimmer,,"[2559, 891, 72, 50]",60.0,32-64,,,,FN
5550,5550.jpg,1,swimmer,,"[2253, 596, 84, 35]",54.22176684690383,32-64,,,,FN
5550,5550.jpg,1,swimmer,,"[2115, 676, 36, 35]",35.4964786985977,32-64,,,,FN
5550,5550.jpg,1,swimmer,,"[1911, 607, 66, 37]",49.416596402423345,32-64,,,,FN
5550,5550.jpg,1,swimmer,,"[3468, 393, 41, 43]",41.98809355043403,32-64,,,,FN
5551,5551.jpg,1,swimmer,,"[2559, 538, 90, 30]",51.96152422706632,32-64,,,,FN
5551,5551.jpg,1,swimmer,,"[2553, 892, 72, 48]",58.787753826796276,32-64,,,,FN
5551,5551.jpg,1,swimmer,,"[2257, 595, 79, 35]",52.583267300539625,32-64,,,,FN
5551,5551.jpg,1,swimmer,,"[2114, 677, 35, 36]",35.4964786985977,32-64,,,,FN
5551,5551.jpg,1,swimmer,,"[1906, 608, 76, 48]",60.398675482166,32-64,,,,FN
5551,5551.jpg,1,swimmer,,"[3454, 386, 47, 51]",48.95916665957459,32-64,,,,FN
5552,5552.jpg,1,swimmer,,"[2568, 536, 72, 31]",47.24404724407086,32-64,,,,FN
5552,5552.jpg,1,swimmer,,"[2548, 894, 66, 46]",55.09990925582364,32-64,,,,FN
5552,5552.jpg,1,swimmer,,"[2256, 592, 81, 39]",56.20498198558558,32-64,,,,FN
5552,5552.jpg,1,swimmer,,"[2113, 678, 34, 33]",33.49626844888845,32-64,,,,FN
5552,5552.jpg,1,swimmer,,"[1897, 609, 84, 40]",57.96550698475775,32-64,,,,FN
5552,5552.jpg,1,swimmer,,"[3437, 382, 62, 50]",55.67764362830022,32-64,,,,FN
5553,5553.jpg,1,swimmer,,"[2575, 533, 84, 32]",51.84592558726288,32-64,,,,FN
5553,5553.jpg,1,swimmer,,"[2544, 898, 74, 31]",47.89572005931219,32-64,,,,FN
5553,5553.jpg,1,swimmer,,"[2255, 589, 84, 42]",59.39696961966999,32-64,,,,FN
5553,5553.jpg,1,swimmer,,"[2114, 678, 42, 31]",36.08323710533743,32-64,,,,FN
5553,5553.jpg,1,swimmer,,"[1910, 606, 63, 37]",48.28043081829324,32-64,,,,FN
5553,5553.jpg,1,swimmer,,"[3449, 378, 47, 44]",45.47526800360829,32-64,,,,FN
5554,5554.jpg,1,swimmer,,"[2583, 527, 91, 33]",54.79963503528103,32-64,,,,FN
5554,5554.jpg,1,swimmer,,"[2543, 897, 74, 29]",46.32493928760188,32-64,,,,FN
5554,5554.jpg,1,swimmer,,"[2257, 585, 81, 44]",59.6992462263972,32-64,,,,FN
5554,5554.jpg,1,swimmer,,"[2116, 674, 44, 34]",38.67815921162743,32-64,,,,FN
5554,5554.jpg,1,swimmer,,"[1914, 603, 67, 42]",53.04714883949938,32-64,,,,FN
5554,5554.jpg,1,swimmer,,"[3440, 365, 51, 54]",52.478567053607705,32-64,,,,FN
5555,5555.jpg,1,swimmer,,"[2600, 526, 72, 37]",51.61395160225576,32-64,,,,FN
5555,5555.jpg,1,swimmer,,"[2542, 891, 65, 32]",45.60701700396552,32-64,,,,FN
5555,5555.jpg,1,swimmer,,"[2259, 582, 79, 47]",60.93439094632849,32-64,,,,FN
5555,5555.jpg,1,swimmer,,"[2120, 672, 40, 36]",37.94733192202055,32-64,,,,FN
5555,5555.jpg,1,swimmer,,"[1914, 602, 74, 48]",59.59865770300536,32-64,,,,FN
5555,5555.jpg,1,swimmer,,"[3418, 365, 62, 51]",56.231663678038196,32-64,,,,FN
5556,5556.jpg,1,swimmer,,"[2598, 528, 78, 39]",55.154328932550705,32-64,,,,FN
5556,5556.jpg,1,swimmer,,"[2540, 892, 55, 34]",43.243496620879306,32-64,,,,FN
5556,5556.jpg,1,swimmer,,"[2262, 583, 76, 37]",53.028294334251406,32-64,,,,FN
5556,5556.jpg,1,swimmer,,"[2122, 675, 42, 33]",37.22902093797257,32-64,,,,FN
5556,5556.jpg,1,swimmer,,"[1915, 601, 62, 39]",49.17316341257699,32-64,,,,FN
5556,5556.jpg,1,swimmer,,"[3433, 359, 41, 41]",41.0,32-64,,,,FN
5557,5557.jpg,1,swimmer,,"[2610, 523, 61, 33]",44.86646854834911,32-64,,,,FN
5557,5557.jpg,1,swimmer,,"[2537, 884, 49, 44]",46.4327470649756,32-64,,,,FN
5557,5557.jpg,1,swimmer,,"[2261, 583, 75, 34]",50.49752469181039,32-64,,,,FN
5557,5557.jpg,1,swimmer,,"[2125, 675, 42, 32]",36.66060555964672,32-64,,,,FN
5557,5557.jpg,1,swimmer,,"[1918, 599, 71, 42]",54.607691765904185,32-64,,,,FN
5557,5557.jpg,1,swimmer,,"[3418, 348, 60, 47]",53.103672189407014,32-64,,,,FN
5558,5558.jpg,1,swimmer,,"[2617, 519, 64, 37]",48.662100242385755,32-64,,,,FN
5558,5558.jpg,1,swimmer,,"[2532, 884, 49, 44]",46.4327470649756,32-64,,,,FN
5558,5558.jpg,1,swimmer,,"[2258, 580, 83, 39]",56.894639466297704,32-64,,,,FN
5558,5558.jpg,1,swimmer,,"[2127, 674, 42, 29]",34.899856733230294,32-64,,,,FN
5558,5558.jpg,1,swimmer,,"[1919, 599, 72, 54]",62.353829072479584,32-64,,,,FN
5558,5558.jpg,1,swimmer,,"[3399, 344, 62, 49]",55.11805511808268,32-64,,,,FN
5559,5559.jpg,1,swimmer,,"[2613, 519, 80, 38]",55.136195008360886,32-64,,,,FN
5559,5559.jpg,1,swimmer,,"[2532, 892, 44, 39]",41.42463035441596,32-64,,,,FN
5559,5559.jpg,1,swimmer,,"[2259, 579, 88, 38]",57.82732917920384,32-64,,,,FN
5559,5559.jpg,1,swimmer,,"[2125, 671, 40, 30]",34.64101615137755,32-64,,,,FN
5559,5559.jpg,1,swimmer,,"[1918, 600, 70, 40]",52.91502622129181,32-64,,,,FN
5559,5559.jpg,1,swimmer,,"[3408, 341, 46, 45]",45.4972526643093,32-64,,,,FN
5560,5560.jpg,1,swimmer,,"[2621, 516, 65, 38]",49.69909455915671,32-64,,,,FN
5560,5560.jpg,1,swimmer,,"[2529, 893, 46, 41]",43.42810150121693,32-64,,,,FN
5560,5560.jpg,1,swimmer,,"[2262, 579, 96, 39]",61.18823416311342,32-64,,,,FN
5560,5560.jpg,1,swimmer,,"[2126, 673, 35, 30]",32.4037034920393,32-64,,,,FN
5560,5560.jpg,1,swimmer,,"[1923, 601, 67, 37]",49.78955713801841,32-64,,,,FN
5560,5560.jpg,1,swimmer,,"[3387, 339, 73, 39]",53.3572862878164,32-64,,,,FN
5561,5561.jpg,1,swimmer,,"[2620, 514, 66, 40]",51.38093031466052,32-64,,,,FN
5561,5561.jpg,1,swimmer,,"[2522, 885, 43, 52]",47.286361670147556,32-64,,,,FN
5561,5561.jpg,1,swimmer,,"[2268, 577, 78, 36]",52.99056519796708,32-64,,,,FN
5561,5561.jpg,1,swimmer,,"[2103, 674, 53, 35]",43.069710934716056,32-64,,,,FN
5561,5561.jpg,1,swimmer,,"[1925, 602, 68, 52]",59.464274989274024,32-64,,,,FN
5561,5561.jpg,1,swimmer,,"[3374, 334, 71, 45]",56.52433104425032,32-64,,,,FN
5562,5562.jpg,1,swimmer,,"[2615, 516, 78, 48]",61.18823416311342,32-64,,,,FN
5562,5562.jpg,1,swimmer,,"[2519, 888, 43, 50]",46.36809247747852,32-64,,,,FN
5562,5562.jpg,1,swimmer,,"[2277, 577, 68, 39]",51.49757275833493,32-64,,,,FN
5562,5562.jpg,1,swimmer,,"[2101, 673, 60, 36]",46.475800154489,32-64,,,,FN
5562,5562.jpg,1,swimmer,,"[1921, 600, 70, 53]",60.909769331364245,32-64,,,,FN
5562,5562.jpg,1,swimmer,,"[3371, 336, 59, 36]",46.08687448721165,32-64,,,,FN
5563,5563.jpg,1,swimmer,,"[2616, 516, 69, 37]",50.52722038663912,32-64,,,,FN
5563,5563.jpg,1,swimmer,,"[2517, 888, 39, 55]",46.314144707637645,32-64,,,,FN
5563,5563.jpg,1,swimmer,,"[2272, 578, 87, 40]",58.9915248150105,32-64,,,,FN
5563,5563.jpg,1,swimmer,,"[2097, 672, 69, 34]",48.43552415324934,32-64,,,,FN
5563,5563.jpg,1,swimmer,,"[1921, 602, 59, 42]",49.77951385861457,32-64,,,,FN
5563,5563.jpg,1,swimmer,,"[3352, 338, 67, 31]",45.574115460423364,32-64,,,,FN
5564,5564.jpg,1,swimmer,,"[2621, 515, 64, 38]",49.31531202375181,32-64,,,,FN
5564,5564.jpg,1,swimmer,,"[2512, 896, 38, 52]",44.45222154178574,32-64,,,,FN
5564,5564.jpg,1,swimmer,,"[2283, 574, 67, 45]",54.909015653169384,32-64,,,,FN
5564,5564.jpg,1,swimmer,,"[2093, 675, 76, 31]",48.53864439804639,32-64,,,,FN
5564,5564.jpg,1,swimmer,,"[1928, 602, 60, 41]",49.59838707054898,32-64,,,,FN
5564,5564.jpg,1,swimmer,,"[3330, 335, 85, 31]",51.332251070842396,32-64,,,,FN
5565,5565.jpg,1,swimmer,,"[2620, 512, 74, 40]",54.405882034941776,32-64,,,,FN
5565,5565.jpg,1,swimmer,,"[2510, 900, 34, 54]",42.8485705712571,32-64,,,,FN
5565,5565.jpg,1,swimmer,,"[2286, 577, 67, 48]",56.7097875150313,32-64,,,,FN
5565,5565.jpg,1,swimmer,,"[2097, 677, 75, 34]",50.49752469181039,32-64,,,,FN
5565,5565.jpg,1,swimmer,,"[1931, 604, 67, 52]",59.02541825349483,32-64,,,,FN
5565,5565.jpg,1,swimmer,,"[3340, 338, 57, 25]",37.749172176353746,32-64,,,,FN
5566,5566.jpg,1,swimmer,,"[2628, 514, 54, 34]",42.8485705712571,32-64,,,,FN
5566,5566.jpg,1,swimmer,,"[2504, 899, 36, 59]",46.08687448721165,32-64,,,,FN
5566,5566.jpg,1,swimmer,,"[2283, 573, 74, 43]",56.40921910468182,32-64,,,,FN
5566,5566.jpg,1,swimmer,,"[2097, 677, 75, 33]",49.749371855331,32-64,,,,FN
5566,5566.jpg,1,swimmer,,"[1929, 602, 64, 48]",55.42562584220407,32-64,,,,FN
5566,5566.jpg,1,swimmer,,"[3329, 342, 55, 26]",37.815340802378074,32-64,,,,FN
5567,5567.jpg,1,swimmer,,"[2623, 515, 69, 41]",53.1883445878888,32-64,,,,FN
5567,5567.jpg,1,swimmer,,"[2499, 908, 37, 52]",43.86342439892262,32-64,,,,FN
5567,5567.jpg,1,swimmer,,"[2284, 574, 73, 46]",57.94825277780168,32-64,,,,FN
5567,5567.jpg,1,swimmer,,"[2095, 676, 78, 32]",49.95998398718719,32-64,,,,FN
5567,5567.jpg,1,swimmer,,"[1930, 607, 60, 36]",46.475800154489,32-64,,,,FN
5567,5567.jpg,1,swimmer,,"[3308, 347, 77, 27]",45.59605246071199,32-64,,,,FN
5568,5568.jpg,1,swimmer,,"[2620, 516, 77, 36]",52.64978632435273,32-64,,,,FN
5568,5568.jpg,1,swimmer,,"[2494, 902, 38, 64]",49.31531202375181,32-64,,,,FN
5568,5568.jpg,1,swimmer,,"[2283, 576, 74, 49]",60.21627686929839,32-64,,,,FN
5568,5568.jpg,1,swimmer,,"[2105, 674, 71, 36]",50.556898639058154,32-64,,,,FN
5568,5568.jpg,1,swimmer,,"[1931, 610, 64, 34]",46.647615158762406,32-64,,,,FN
5568,5568.jpg,1,swimmer,,"[3304, 348, 62, 27]",40.91454509095757,32-64,,,,FN
5569,5569.jpg,1,swimmer,,"[2632, 518, 60, 32]",43.81780460041329,32-64,,,,FN
5569,5569.jpg,1,swimmer,,"[2490, 908, 42, 59]",49.77951385861457,32-64,,,,FN
5569,5569.jpg,1,swimmer,,"[2288, 578, 68, 50]",58.309518948453004,32-64,,,,FN
5569,5569.jpg,1,swimmer,,"[2107, 678, 74, 34]",50.15974481593781,32-64,,,,FN
5569,5569.jpg,1,swimmer,,"[1922, 610, 80, 49]",62.609903369994115,32-64,,,,FN
5569,5569.jpg,1,swimmer,,"[3309, 351, 33, 22]",26.94438717061496,16-32,,,,FN
5570,5570.jpg,1,swimmer,,"[2629, 520, 72, 36]",50.91168824543142,32-64,,,,FN
5570,5570.jpg,1,swimmer,,"[2482, 913, 50, 54]",51.96152422706632,32-64,,,,FN
5570,5570.jpg,1,swimmer,,"[2281, 577, 78, 43]",57.91372894228103,32-64,,,,FN
5570,5570.jpg,1,swimmer,,"[2111, 679, 70, 35]",49.49747468305833,32-64,,,,FN
5570,5570.jpg,1,swimmer,,"[1920, 612, 76, 40]",55.136195008360886,32-64,,,,FN
5570,5570.jpg,1,swimmer,,"[3299, 358, 31, 25]",27.83882181415011,16-32,,,,FN
5571,5571.jpg,1,swimmer,,"[2626, 520, 87, 32]",52.76362383309168,32-64,,,,FN
5571,5571.jpg,1,swimmer,,"[2481, 928, 52, 41]",46.17358552246078,32-64,,,,FN
5571,5571.jpg,1,swimmer,,"[2286, 578, 80, 43]",58.65151319446072,32-64,,,,FN
5571,5571.jpg,1,swimmer,,"[2108, 679, 76, 35]",51.57518783291051,32-64,,,,FN
5571,5571.jpg,1,swimmer,,"[1926, 615, 72, 36]",50.91168824543142,32-64,,,,FN
5571,5571.jpg,1,swimmer,,"[3283, 360, 58, 28]",40.29888335921977,32-64,,,,FN
5572,5572.jpg,1,swimmer,,"[2634, 520, 71, 32]",47.66550115125194,32-64,,,,FN
5572,5572.jpg,1,swimmer,,"[2471, 926, 58, 39]",47.56048780237646,32-64,,,,FN
5572,5572.jpg,1,swimmer,,"[2298, 580, 70, 38]",51.57518783291051,32-64,,,,FN
5572,5572.jpg,1,swimmer,,"[2111, 682, 77, 33]",50.40833264451424,32-64,,,,FN
5572,5572.jpg,1,swimmer,,"[1923, 617, 85, 45]",61.84658438426491,32-64,,,,FN
5572,5572.jpg,1,swimmer,,"[3294, 364, 35, 21]",27.110883423451916,16-32,,,,FN
5573,5573.jpg,1,swimmer,,"[2635, 521, 79, 38]",54.7905101272109,32-64,,,,FN
5573,5573.jpg,1,swimmer,,"[2452, 927, 79, 40]",56.213877290220786,32-64,,,,FN
5573,5573.jpg,1,swimmer,,"[2289, 583, 83, 34]",53.1224999411737,32-64,,,,FN
5573,5573.jpg,1,swimmer,,"[2117, 684, 77, 32]",49.63869458396343,32-64,,,,FN
5573,5573.jpg,1,swimmer,,"[1928, 616, 80, 38]",55.136195008360886,32-64,,,,FN
5573,5573.jpg,1,swimmer,,"[3285, 365, 53, 27]",37.82856063875548,32-64,,,,FN
5574,5574.jpg,1,swimmer,,"[2642, 521, 66, 35]",48.062459362791664,32-64,,,,FN
5574,5574.jpg,1,swimmer,,"[2463, 940, 69, 30]",45.4972526643093,32-64,,,,FN
5574,5574.jpg,1,swimmer,,"[2298, 584, 78, 39]",55.154328932550705,32-64,,,,FN
5574,5574.jpg,1,swimmer,,"[2118, 684, 77, 36]",52.64978632435273,32-64,,,,FN
5574,5574.jpg,1,swimmer,,"[1940, 618, 67, 38]",50.457903246171455,32-64,,,,FN
5574,5574.jpg,1,swimmer,,"[3271, 371, 58, 33]",43.749285708454714,32-64,,,,FN
5575,5575.jpg,1,swimmer,,"[2653, 526, 62, 33]",45.232731511594565,32-64,,,,FN
5575,5575.jpg,1,swimmer,,"[2445, 939, 91, 35]",56.43580423808985,32-64,,,,FN
5575,5575.jpg,1,swimmer,,"[2296, 585, 79, 38]",54.7905101272109,32-64,,,,FN
5575,5575.jpg,1,swimmer,,"[2123, 686, 76, 37]",53.028294334251406,32-64,,,,FN
5575,5575.jpg,1,swimmer,,"[1948, 623, 67, 37]",49.78955713801841,32-64,,,,FN
5575,5575.jpg,1,swimmer,,"[3284, 379, 36, 23]",28.77498913987632,16-32,,,,FN
5576,5576.jpg,1,swimmer,,"[2644, 529, 87, 37]",56.73623181001713,32-64,,,,FN
5576,5576.jpg,1,swimmer,,"[2441, 944, 97, 32]",55.71355310873648,32-64,,,,FN
5576,5576.jpg,1,swimmer,,"[2304, 590, 77, 34]",51.16639522186413,32-64,,,,FN
5576,5576.jpg,1,swimmer,,"[2125, 688, 76, 32]",49.31531202375181,32-64,,,,FN
5576,5576.jpg,1,swimmer,,"[1940, 627, 82, 44]",60.06662967072483,32-64,,,,FN
5576,5576.jpg,1,swimmer,,"[3276, 384, 49, 26]",35.6931365951495,32-64,,,,FN
5577,5577.jpg,1,swimmer,,"[2183, 493, 69, 35]",49.14264950122246,32-64,,,,FN
5577,5577.jpg,1,swimmer,,"[2016, 914, 99, 32]",56.28498911788115,32-64,,,,FN
5577,5577.jpg,1,swimmer,,"[1852, 580, 76, 37]",53.028294334251406,32-64,,,,FN
5577,5577.jpg,1,swimmer,,"[1688, 691, 78, 42]",57.23635208501674,32-64,,,,FN
5577,5577.jpg,1,swimmer,,"[1501, 643, 65, 46]",54.680892457969264,32-64,,,,FN
5577,5577.jpg,1,swimmer,,"[2742, 321, 45, 28]",35.4964786985977,32-64,,,,FN
6039,6039.jpg,3,jetski,,"[389, 672, 55, 41]",47.486840282335066,32-64,,,,FN
6039,6039.jpg,1,swimmer,,"[1963, 1468, 36, 48]",41.569219381653056,32-64,,,,FN
6039,6039.jpg,1,swimmer,,"[2119, 1497, 43, 32]",37.094473981982816,32-64,,,,FN
6039,6039.jpg,1,swimmer,,"[1939, 1523, 29, 42]",34.899856733230294,32-64,,,,FN
6039,6039.jpg,1,swimmer,,"[2163, 1525, 32, 22]",26.5329983228432,16-32,,,,FN
6039,6039.jpg,5,buoy,,"[1969, 40, 15, 21]",17.74823934929885,16-32,,,,FN
6039,6039.jpg,5,buoy,,"[2098, 191, 14, 27]",19.44222209522358,16-32,,,,FN
6040,6040.jpg,3,jetski,,"[378, 669, 70, 40]",52.91502622129181,32-64,,,,FN
6040,6040.jpg,1,swimmer,,"[1958, 1469, 36, 44]",39.7994974842648,32-64,,,,FN
6040,6040.jpg,1,swimmer,,"[2122, 1498, 43, 28]",34.698703145794944,32-64,,,,FN
6040,6040.jpg,1,swimmer,,"[1938, 1521, 28, 43]",34.698703145794944,32-64,,,,FN
6040,6040.jpg,1,swimmer,,"[2161, 1528, 30, 21]",25.099800796022265,16-32,,,,FN
6040,6040.jpg,5,buoy,,"[1968, 38, 15, 22]",18.16590212458495,16-32,,,,FN
6040,6040.jpg,5,buoy,,"[2097, 194, 13, 26]",18.384776310850235,16-32,,,,FN
6041,6041.jpg,5,buoy,,"[1437, 1308, 61, 81]",70.2922470831599,>64,,,,FN
6041,6041.jpg,3,jetski,,"[372, 665, 80, 40]",56.568542494923804,32-64,,,,FN
6041,6041.jpg,1,swimmer,,"[1946, 1473, 42, 41]",41.49698784249286,32-64,,,,FN
6041,6041.jpg,1,swimmer,,"[2119, 1503, 42, 31]",36.08323710533743,32-64,,,,FN
6041,6041.jpg,1,swimmer,,"[1930, 1517, 30, 45]",36.742346141747674,32-64,,,,FN
6041,6041.jpg,1,swimmer,,"[2155, 1532, 33, 23]",27.54995462791182,16-32,,,,FN
6041,6041.jpg,5,buoy,,"[1968, 38, 16, 22]",18.76166303929372,16-32,,,,FN
6042,6042.jpg,5,buoy,,"[1426, 1308, 61, 83]",71.15476090888086,>64,,,,FN
6042,6042.jpg,3,jetski,,"[364, 662, 88, 41]",60.06662967072483,32-64,,,,FN
6042,6042.jpg,1,swimmer,,"[1942, 1477, 46, 39]",42.35563716909474,32-64,,,,FN
6042,6042.jpg,1,swimmer,,"[2121, 1504, 40, 28]",33.46640106136302,32-64,,,,FN
6042,6042.jpg,1,swimmer,,"[1924, 1523, 28, 39]",33.04542328371661,32-64,,,,FN
6042,6042.jpg,1,swimmer,,"[2149, 1536, 37, 22]",28.53068523537421,16-32,,,,FN
6042,6042.jpg,5,buoy,,"[1965, 38, 14, 22]",17.549928774784245,16-32,,,,FN
6043,6043.jpg,5,buoy,,"[1416, 1319, 61, 82]",70.7248188403477,>64,,,,FN
6043,6043.jpg,3,jetski,,"[356, 657, 92, 42]",62.161081071680215,32-64,,,,FN
6043,6043.jpg,1,swimmer,,"[1951, 1482, 30, 40]",34.64101615137755,32-64,,,,FN
6043,6043.jpg,1,swimmer,,"[2116, 1499, 33, 29]",30.93541659651604,16-32,,,,FN
6043,6043.jpg,1,swimmer,,"[1921, 1533, 25, 35]",29.58039891549808,16-32,,,,FN
6043,6043.jpg,1,swimmer,,"[2143, 1534, 38, 22]",28.91366458960192,16-32,,,,FN
6043,6043.jpg,5,buoy,,"[1962, 37, 15, 22]",18.16590212458495,16-32,,,,FN
6044,6044.jpg,5,buoy,,"[1413, 1331, 61, 80]",69.85699678629192,>64,,,,FN
6044,6044.jpg,3,jetski,,"[350, 657, 96, 39]",61.18823416311342,32-64,,,,FN
6044,6044.jpg,1,swimmer,,"[1947, 1481, 30, 44]",36.3318042491699,32-64,,,,FN
6044,6044.jpg,1,swimmer,,"[2113, 1504, 34, 25]",29.154759474226502,16-32,,,,FN
6044,6044.jpg,1,swimmer,,"[1918, 1531, 27, 44]",34.46737587922817,32-64,,,,FN
6044,6044.jpg,1,swimmer,,"[2139, 1531, 38, 22]",28.91366458960192,16-32,,,,FN
6044,6044.jpg,5,buoy,,"[1961, 38, 14, 22]",17.549928774784245,16-32,,,,FN
6045,6045.jpg,5,buoy,,"[1414, 1331, 61, 82]",70.7248188403477,>64,,,,FN
6045,6045.jpg,3,jetski,,"[347, 658, 102, 34]",58.88972745734183,32-64,,,,FN
6045,6045.jpg,1,swimmer,,"[1947, 1479, 29, 46]",36.52396473549935,32-64,,,,FN
6045,6045.jpg,1,swimmer,,"[2112, 1512, 33, 25]",28.722813232690143,16-32,,,,FN
6045,6045.jpg,1,swimmer,,"[1914, 1529, 29, 46]",36.52396473549935,32-64,,,,FN
6045,6045.jpg,1,swimmer,,"[2139, 1540, 38, 21]",28.24889378365107,16-32,,,,FN
6045,6045.jpg,5,buoy,,"[1961, 35, 15, 23]",18.57417562100671,16-32,,,,FN
6046,6046.jpg,5,buoy,,"[1415, 1325, 63, 87]",74.03377607551839,>64,,,,FN
6046,6046.jpg,3,jetski,,"[349, 660, 104, 34]",59.464274989274024,32-64,,,,FN
6046,6046.jpg,1,swimmer,,"[1948, 1492, 26, 36]",30.59411708155671,16-32,,,,FN
6046,6046.jpg,1,swimmer,,"[2111, 1513, 31, 24]",27.27636339397171,16-32,,,,FN
6046,6046.jpg,1,swimmer,,"[1913, 1533, 27, 41]",33.27160951922825,32-64,,,,FN
6046,6046.jpg,1,swimmer,,"[2136, 1546, 37, 23]",29.171904291629644,16-32,,,,FN
6046,6046.jpg,5,buoy,,"[1960, 35, 15, 24]",18.973665961010276,16-32,,,,FN
6047,6047.jpg,5,buoy,,"[1418, 1325, 62, 88]",73.86474125047755,>64,,,,FN
6047,6047.jpg,3,jetski,,"[360, 659, 99, 34]",58.01723881744115,32-64,,,,FN
6047,6047.jpg,1,swimmer,,"[1948, 1494, 25, 41]",32.01562118716424,32-64,,,,FN
6047,6047.jpg,1,swimmer,,"[2111, 1508, 32, 26]",28.844410203711913,16-32,,,,FN
6047,6047.jpg,1,swimmer,,"[1910, 1539, 27, 40]",32.863353450309965,32-64,,,,FN
6047,6047.jpg,1,swimmer,,"[2133, 1544, 37, 22]",28.53068523537421,16-32,,,,FN
6047,6047.jpg,5,buoy,,"[1961, 36, 15, 22]",18.16590212458495,16-32,,,,FN
6048,6048.jpg,5,buoy,,"[1425, 1327, 61, 87]",72.84915922644544,>64,,,,FN
6048,6048.jpg,3,jetski,,"[369, 652, 93, 34]",56.231663678038196,32-64,,,,FN
6048,6048.jpg,1,swimmer,,"[1948, 1484, 26, 46]",34.583232931581165,32-64,,,,FN
6048,6048.jpg,1,swimmer,,"[2115, 1509, 32, 41]",36.22154055254967,32-64,,,,FN
6048,6048.jpg,1,swimmer,,"[1910, 1542, 27, 40]",32.863353450309965,32-64,,,,FN
6048,6048.jpg,1,swimmer,,"[2134, 1541, 39, 22]",29.29163703175362,16-32,,,,FN
6048,6048.jpg,5,buoy,,"[1962, 34, 15, 22]",18.16590212458495,16-32,,,,FN
6049,6049.jpg,5,buoy,,"[1437, 1325, 60, 84]",70.9929573971954,>64,,,,FN
6049,6049.jpg,3,jetski,,"[384, 647, 88, 33]",53.88877434122992,32-64,,,,FN
6049,6049.jpg,1,swimmer,,"[1957, 1484, 27, 44]",34.46737587922817,32-64,,,,FN
6049,6049.jpg,1,swimmer,,"[2120, 1505, 31, 40]",35.21363372331802,32-64,,,,FN
6049,6049.jpg,1,swimmer,,"[1918, 1539, 26, 41]",32.64965543462902,32-64,,,,FN
6049,6049.jpg,1,swimmer,,"[2140, 1543, 42, 23]",31.080540535840107,16-32,,,,FN
6049,6049.jpg,5,buoy,,"[1971, 35, 15, 22]",18.16590212458495,16-32,,,,FN
6049,6049.jpg,5,buoy,,"[2103, 188, 14, 28]",19.79898987322333,16-32,,,,FN
6050,6050.jpg,5,buoy,,"[1441, 1318, 60, 87]",72.24956747275377,>64,,,,FN
6050,6050.jpg,3,jetski,,"[387, 649, 88, 33]",53.88877434122992,32-64,,,,FN
6050,6050.jpg,1,swimmer,,"[1959, 1487, 27, 41]",33.27160951922825,32-64,,,,FN
6050,6050.jpg,1,swimmer,,"[2117, 1498, 31, 40]",35.21363372331802,32-64,,,,FN
6050,6050.jpg,1,swimmer,,"[1919, 1528, 29, 48]",37.30951621235526,32-64,,,,FN
6050,6050.jpg,1,swimmer,,"[2143, 1541, 39, 24]",30.59411708155671,16-32,,,,FN
6050,6050.jpg,5,buoy,,"[1972, 36, 15, 22]",18.16590212458495,16-32,,,,FN
6050,6050.jpg,5,buoy,,"[2103, 188, 14, 26]",19.078784028338912,16-32,,,,FN
6051,6051.jpg,5,buoy,,"[1450, 1315, 60, 85]",71.4142842854285,>64,,,,FN
6051,6051.jpg,3,jetski,,"[393, 650, 92, 32]",54.258639865002145,32-64,,,,FN
6051,6051.jpg,1,swimmer,,"[1958, 1480, 29, 47]",36.91882988394946,32-64,,,,FN
6051,6051.jpg,1,swimmer,,"[2127, 1499, 31, 37]",33.8673884437522,32-64,,,,FN
6051,6051.jpg,1,swimmer,,"[1922, 1532, 28, 44]",35.09985754956849,32-64,,,,FN
6051,6051.jpg,1,swimmer,,"[2149, 1533, 38, 25]",30.822070014844883,16-32,,,,FN
6051,6051.jpg,5,buoy,,"[1976, 36, 15, 21]",17.74823934929885,16-32,,,,FN
6052,6052.jpg,5,buoy,,"[1454, 1316, 60, 83]",70.5691150575094,>64,,,,FN
6052,6052.jpg,3,jetski,,"[403, 651, 93, 32]",54.55272678794342,32-64,,,,FN
6052,6052.jpg,1,swimmer,,"[1957, 1475, 29, 51]",38.45776904605882,32-64,,,,FN
6052,6052.jpg,1,swimmer,,"[2131, 1509, 29, 32]",30.463092423455635,16-32,,,,FN
6052,6052.jpg,1,swimmer,,"[1921, 1530, 28, 50]",37.416573867739416,32-64,,,,FN
6052,6052.jpg,1,swimmer,,"[2157, 1533, 34, 24]",28.5657137141714,16-32,,,,FN
6052,6052.jpg,5,buoy,,"[1979, 35, 15, 22]",18.16590212458495,16-32,,,,FN
6053,6053.jpg,5,buoy,,"[1452, 1313, 60, 84]",70.9929573971954,>64,,,,FN
6053,6053.jpg,3,jetski,,"[413, 649, 91, 31]",53.113086899558006,32-64,,,,FN
6053,6053.jpg,1,swimmer,,"[1959, 1485, 26, 42]",33.04542328371661,32-64,,,,FN
6053,6053.jpg,1,swimmer,,"[2131, 1507, 31, 35]",32.93933818400121,32-64,,,,FN
6053,6053.jpg,1,swimmer,,"[1919, 1522, 31, 52]",40.149719799769464,32-64,,,,FN
6053,6053.jpg,1,swimmer,,"[2161, 1540, 33, 22]",26.94438717061496,16-32,,,,FN
6053,6053.jpg,5,buoy,,"[1980, 34, 15, 22]",18.16590212458495,16-32,,,,FN
6054,6054.jpg,5,buoy,,"[1449, 1312, 61, 84]",71.58212067269312,>64,,,,FN
6054,6054.jpg,3,jetski,,"[424, 648, 92, 31]",53.40411969127476,32-64,,,,FN
6054,6054.jpg,1,swimmer,,"[1963, 1494, 27, 39]",32.449961479175904,32-64,,,,FN
6054,6054.jpg,1,swimmer,,"[2128, 1499, 32, 38]",34.87119154832539,32-64,,,,FN
6054,6054.jpg,1,swimmer,,"[1922, 1528, 31, 47]",38.17066936798463,32-64,,,,FN
6054,6054.jpg,1,swimmer,,"[2148, 1536, 44, 27]",34.46737587922817,32-64,,,,FN
6054,6054.jpg,5,buoy,,"[1980, 33, 15, 22]",18.16590212458495,16-32,,,,FN
6055,6055.jpg,5,buoy,,"[1426, 1319, 61, 82]",70.7248188403477,>64,,,,FN
6055,6055.jpg,3,jetski,,"[411, 648, 82, 31]",50.41825066382212,32-64,,,,FN
6055,6055.jpg,1,swimmer,,"[1943, 1490, 27, 45]",34.85685011586675,32-64,,,,FN
6055,6055.jpg,1,swimmer,,"[2109, 1503, 29, 35]",31.85906464414798,16-32,,,,FN
6055,6055.jpg,1,swimmer,,"[1908, 1545, 26, 34]",29.732137494637012,16-32,,,,FN
6055,6055.jpg,1,swimmer,,"[2133, 1532, 35, 25]",29.58039891549808,16-32,,,,FN
6055,6055.jpg,5,buoy,,"[1956, 33, 17, 21]",18.894443627691185,16-32,,,,FN
6055,6055.jpg,5,buoy,,"[2089, 185, 14, 27]",19.44222209522358,16-32,,,,FN
6056,6056.jpg,5,buoy,,"[1419, 1324, 60, 82]",70.14271166700073,>64,,,,FN
6056,6056.jpg,3,jetski,,"[407, 649, 85, 32]",52.15361924162119,32-64,,,,FN
6056,6056.jpg,1,swimmer,,"[1937, 1480, 28, 51]",37.78888725538237,32-64,,,,FN
6056,6056.jpg,1,swimmer,,"[2102, 1510, 33, 31]",31.984371183438952,16-32,,,,FN
6056,6056.jpg,1,swimmer,,"[1901, 1543, 30, 40]",34.64101615137755,32-64,,,,FN
6056,6056.jpg,1,swimmer,,"[2129, 1535, 33, 23]",27.54995462791182,16-32,,,,FN
6056,6056.jpg,5,buoy,,"[1942, 31, 16, 21]",18.33030277982336,16-32,,,,FN
6056,6056.jpg,5,buoy,,"[2076, 184, 14, 27]",19.44222209522358,16-32,,,,FN
6057,6057.jpg,5,buoy,,"[1437, 1324, 60, 83]",70.5691150575094,>64,,,,FN
6057,6057.jpg,3,jetski,,"[424, 649, 88, 32]",53.0659966456864,32-64,,,,FN
6057,6057.jpg,1,swimmer,,"[1952, 1490, 27, 42]",33.67491648096547,32-64,,,,FN
6057,6057.jpg,1,swimmer,,"[2120, 1511, 35, 36]",35.4964786985977,32-64,,,,FN
6057,6057.jpg,1,swimmer,,"[1917, 1534, 31, 44]",36.932370625238775,32-64,,,,FN
6057,6057.jpg,1,swimmer,,"[2151, 1544, 30, 23]",26.267851073127396,16-32,,,,FN
6057,6057.jpg,5,buoy,,"[1946, 29, 16, 20]",17.88854381999832,16-32,,,,FN
6057,6057.jpg,5,buoy,,"[2081, 182, 15, 25]",19.364916731037084,16-32,,,,FN
6058,6058.jpg,5,buoy,,"[1426, 1322, 61, 83]",71.15476090888086,>64,,,,FN
6058,6058.jpg,3,jetski,,"[397, 652, 95, 31]",54.26785420486054,32-64,,,,FN
6058,6058.jpg,1,swimmer,,"[1944, 1501, 28, 40]",33.46640106136302,32-64,,,,FN
6058,6058.jpg,1,swimmer,,"[2102, 1509, 42, 35]",38.34057902536163,32-64,,,,FN
6058,6058.jpg,1,swimmer,,"[1908, 1539, 28, 39]",33.04542328371661,32-64,,,,FN
6058,6058.jpg,1,swimmer,,"[2138, 1549, 35, 22]",27.748873851023216,16-32,,,,FN
6058,6058.jpg,5,buoy,,"[1914, 27, 16, 21]",18.33030277982336,16-32,,,,FN
6058,6058.jpg,5,buoy,,"[2052, 180, 16, 23]",19.183326093250876,16-32,,,,FN
6059,6059.jpg,5,buoy,,"[1466, 1324, 61, 83]",71.15476090888086,>64,,,,FN
6059,6059.jpg,3,jetski,,"[430, 654, 93, 31]",53.693575034635195,32-64,,,,FN
6059,6059.jpg,1,swimmer,,"[1985, 1504, 28, 46]",35.888716889852724,32-64,,,,FN
6059,6059.jpg,1,swimmer,,"[2145, 1520, 33, 32]",32.49615361854384,32-64,,,,FN
6059,6059.jpg,1,swimmer,,"[1947, 1559, 31, 31]",31.0,16-32,,,,FN
6059,6059.jpg,1,swimmer,,"[2179, 1552, 37, 21]",27.874719729532707,16-32,,,,FN
6059,6059.jpg,5,buoy,,"[1921, 27, 17, 20]",18.439088914585774,16-32,,,,FN
6059,6059.jpg,5,buoy,,"[2063, 179, 16, 24]",19.595917942265423,16-32,,,,FN
6060,6060.jpg,5,buoy,,"[1490, 1330, 61, 82]",70.7248188403477,>64,,,,FN
6060,6060.jpg,3,jetski,,"[453, 660, 92, 32]",54.258639865002145,32-64,,,,FN
6060,6060.jpg,1,swimmer,,"[2005, 1509, 27, 43]",34.07345007480164,32-64,,,,FN
6060,6060.jpg,1,swimmer,,"[2171, 1525, 34, 32]",32.984845004941285,32-64,,,,FN
6060,6060.jpg,1,swimmer,,"[1964, 1567, 36, 34]",34.9857113690718,32-64,,,,FN
6060,6060.jpg,1,swimmer,,"[2201, 1559, 38, 23]",29.563490998188964,16-32,,,,FN
6060,6060.jpg,5,buoy,,"[1926, 31, 17, 20]",18.439088914585774,16-32,,,,FN
6061,6061.jpg,5,buoy,,"[1498, 1332, 60, 81]",69.7137002317335,>64,,,,FN
6061,6061.jpg,3,jetski,,"[466, 664, 93, 32]",54.55272678794342,32-64,,,,FN
6061,6061.jpg,1,swimmer,,"[2008, 1514, 27, 41]",33.27160951922825,32-64,,,,FN
6061,6061.jpg,1,swimmer,,"[2180, 1526, 35, 29]",31.85906464414798,16-32,,,,FN
6061,6061.jpg,1,swimmer,,"[1968, 1559, 35, 45]",39.68626966596886,32-64,,,,FN
6061,6061.jpg,1,swimmer,,"[2207, 1564, 33, 23]",27.54995462791182,16-32,,,,FN
6061,6061.jpg,5,buoy,,"[1928, 31, 17, 21]",18.894443627691185,16-32,,,,FN
6062,6062.jpg,5,buoy,,"[1499, 1328, 61, 82]",70.7248188403477,>64,,,,FN
6062,6062.jpg,3,jetski,,"[478, 664, 89, 31]",52.52618394667559,32-64,,,,FN
6062,6062.jpg,1,swimmer,,"[2011, 1513, 27, 42]",33.67491648096547,32-64,,,,FN
6062,6062.jpg,1,swimmer,,"[2183, 1520, 35, 31]",32.93933818400121,32-64,,,,FN
6062,6062.jpg,1,swimmer,,"[1970, 1561, 32, 39]",35.32704346531139,32-64,,,,FN
6062,6062.jpg,1,swimmer,,"[2205, 1559, 35, 24]",28.982753492378876,16-32,,,,FN
6062,6062.jpg,5,buoy,,"[1929, 30, 16, 21]",18.33030277982336,16-32,,,,FN
6062,6062.jpg,5,buoy,,"[2075, 187, 16, 25]",20.0,16-32,,,,FN
6063,6063.jpg,5,buoy,,"[1498, 1323, 61, 83]",71.15476090888086,>64,,,,FN
6063,6063.jpg,3,jetski,,"[488, 662, 88, 31]",52.230259428802384,32-64,,,,FN
6063,6063.jpg,1,swimmer,,"[2011, 1505, 29, 47]",36.91882988394946,32-64,,,,FN
6063,6063.jpg,1,swimmer,,"[2180, 1516, 36, 30]",32.863353450309965,32-64,,,,FN
6063,6063.jpg,1,swimmer,,"[1970, 1568, 30, 33]",31.464265445104548,16-32,,,,FN
6063,6063.jpg,1,swimmer,,"[2203, 1552, 36, 25]",30.0,16-32,,,,FN
6063,6063.jpg,5,buoy,,"[1930, 29, 17, 21]",18.894443627691185,16-32,,,,FN
6063,6063.jpg,5,buoy,,"[2075, 184, 16, 26]",20.396078054371138,16-32,,,,FN
6064,6064.jpg,5,buoy,,"[1497, 1325, 61, 83]",71.15476090888086,>64,,,,FN
6064,6064.jpg,3,jetski,,"[490, 663, 100, 31]",55.67764362830022,32-64,,,,FN
6064,6064.jpg,1,swimmer,,"[2008, 1500, 33, 48]",39.7994974842648,32-64,,,,FN
6064,6064.jpg,1,swimmer,,"[2170, 1507, 44, 30]",36.3318042491699,32-64,,,,FN
6064,6064.jpg,1,swimmer,,"[1964, 1556, 35, 41]",37.881393849751625,32-64,,,,FN
6064,6064.jpg,1,swimmer,,"[2203, 1550, 30, 23]",26.267851073127396,16-32,,,,FN
6064,6064.jpg,5,buoy,,"[1929, 30, 17, 20]",18.439088914585774,16-32,,,,FN
6065,6065.jpg,5,buoy,,"[1501, 1330, 61, 82]",70.7248188403477,>64,,,,FN
6065,6065.jpg,3,jetski,,"[496, 662, 92, 32]",54.258639865002145,32-64,,,,FN
6065,6065.jpg,1,swimmer,,"[2008, 1503, 32, 43]",37.094473981982816,32-64,,,,FN
6065,6065.jpg,1,swimmer,,"[2163, 1505, 46, 31]",37.76241517699841,32-64,,,,FN
6065,6065.jpg,1,swimmer,,"[1965, 1548, 36, 43]",39.344631145812,32-64,,,,FN
6065,6065.jpg,1,swimmer,,"[2195, 1547, 33, 23]",27.54995462791182,16-32,,,,FN
6065,6065.jpg,5,buoy,,"[1930, 31, 17, 20]",18.439088914585774,16-32,,,,FN
6065,6065.jpg,5,buoy,,"[2078, 181, 16, 24]",19.595917942265423,16-32,,,,FN
6066,6066.jpg,5,buoy,,"[1506, 1332, 60, 81]",69.7137002317335,>64,,,,FN
6066,6066.jpg,3,jetski,,"[505, 664, 88, 32]",53.0659966456864,32-64,,,,FN
6066,6066.jpg,1,swimmer,,"[2005, 1502, 32, 45]",37.94733192202055,32-64,,,,FN
6066,6066.jpg,1,swimmer,,"[2164, 1512, 45, 29]",36.124783736376884,32-64,,,,FN
6066,6066.jpg,1,swimmer,,"[1968, 1549, 35, 39]",36.945906403822335,32-64,,,,FN
6066,6066.jpg,1,swimmer,,"[2192, 1551, 35, 25]",29.58039891549808,16-32,,,,FN
6066,6066.jpg,5,buoy,,"[1931, 31, 16, 20]",17.88854381999832,16-32,,,,FN
6066,6066.jpg,5,buoy,,"[2080, 180, 15, 24]",18.973665961010276,16-32,,,,FN
6067,6067.jpg,5,buoy,,"[1510, 1327, 60, 83]",70.5691150575094,>64,,,,FN
6067,6067.jpg,3,jetski,,"[515, 662, 89, 34]",55.00909015790027,32-64,,,,FN
6067,6067.jpg,1,swimmer,,"[2005, 1509, 33, 45]",38.535697735995385,32-64,,,,FN
6067,6067.jpg,1,swimmer,,"[2154, 1517, 61, 41]",50.00999900019995,32-64,,,,FN
6067,6067.jpg,1,swimmer,,"[1970, 1555, 34, 40]",36.87817782917155,32-64,,,,FN
6067,6067.jpg,1,swimmer,,"[2199, 1563, 27, 23]",24.919871588754223,16-32,,,,FN
6067,6067.jpg,5,buoy,,"[1932, 30, 16, 20]",17.88854381999832,16-32,,,,FN
6067,6067.jpg,5,buoy,,"[2082, 180, 15, 24]",18.973665961010276,16-32,,,,FN
6068,6068.jpg,5,buoy,,"[1511, 1321, 60, 83]",70.5691150575094,>64,,,,FN
6068,6068.jpg,3,jetski,,"[524, 660, 94, 35]",57.358521598799946,32-64,,,,FN
6068,6068.jpg,1,swimmer,,"[2007, 1523, 30, 40]",34.64101615137755,32-64,,,,FN
6068,6068.jpg,1,swimmer,,"[2152, 1513, 57, 37]",45.92385001282014,32-64,,,,FN
6068,6068.jpg,1,swimmer,,"[1971, 1562, 31, 39]",34.77067730142742,32-64,,,,FN
6068,6068.jpg,1,swimmer,,"[2203, 1575, 30, 20]",24.49489742783178,16-32,,,,FN
6068,6068.jpg,5,buoy,,"[1932, 30, 16, 20]",17.88854381999832,16-32,,,,FN
6068,6068.jpg,5,buoy,,"[2083, 179, 16, 25]",20.0,16-32,,,,FN
6069,6069.jpg,3,jetski,,"[528, 659, 94, 34]",56.53317610041028,32-64,,,,FN
6069,6069.jpg,1,swimmer,,"[2009, 1527, 27, 43]",34.07345007480164,32-64,,,,FN
6069,6069.jpg,1,swimmer,,"[2171, 1512, 43, 33]",37.66961640367472,32-64,,,,FN
6069,6069.jpg,1,swimmer,,"[1970, 1570, 33, 39]",35.874782229304195,32-64,,,,FN
6069,6069.jpg,1,swimmer,,"[2214, 1573, 43, 21]",30.04995840263344,16-32,,,,FN
6069,6069.jpg,5,buoy,,"[1932, 30, 16, 21]",18.33030277982336,16-32,,,,FN
6069,6069.jpg,5,buoy,,"[2081, 181, 16, 24]",19.595917942265423,16-32,,,,FN
6070,6070.jpg,3,jetski,,"[530, 658, 93, 34]",56.231663678038196,32-64,,,,FN
6070,6070.jpg,1,swimmer,,"[2011, 1526, 27, 43]",34.07345007480164,32-64,,,,FN
6070,6070.jpg,1,swimmer,,"[2159, 1511, 58, 36]",45.69463863518345,32-64,,,,FN
6070,6070.jpg,1,swimmer,,"[1971, 1575, 32, 41]",36.22154055254967,32-64,,,,FN
6070,6070.jpg,1,swimmer,,"[2211, 1567, 52, 31]",40.149719799769464,32-64,,,,FN
6070,6070.jpg,5,buoy,,"[1934, 32, 16, 20]",17.88854381999832,16-32,,,,FN
6070,6070.jpg,5,buoy,,"[2080, 180, 16, 25]",20.0,16-32,,,,FN
6071,6071.jpg,3,jetski,,"[544, 656, 91, 33]",54.79963503528103,32-64,,,,FN
6071,6071.jpg,1,swimmer,,"[2021, 1518, 30, 47]",37.54996671103717,32-64,,,,FN
6071,6071.jpg,1,swimmer,,"[2163, 1498, 66, 42]",52.64978632435273,32-64,,,,FN
6071,6071.jpg,1,swimmer,,"[1982, 1568, 34, 41]",37.33630940518894,32-64,,,,FN
6071,6071.jpg,1,swimmer,,"[2229, 1566, 44, 31]",36.932370625238775,32-64,,,,FN
6071,6071.jpg,5,buoy,,"[1936, 28, 16, 20]",17.88854381999832,16-32,,,,FN
6071,6071.jpg,5,buoy,,"[2081, 178, 15, 25]",19.364916731037084,16-32,,,,FN
6072,6072.jpg,5,buoy,,"[1098, 1338, 60, 84]",70.9929573971954,>64,,,,FN
6072,6072.jpg,3,jetski,,"[0, 721, 78, 33]",50.73460357586329,32-64,,,,FN
6072,6072.jpg,2,boat,,"[5, 550, 112, 131]",121.12803143781376,>64,,,,FN
6072,6072.jpg,1,swimmer,,"[1627, 1509, 30, 45]",36.742346141747674,32-64,,,,FN
6072,6072.jpg,1,swimmer,,"[1787, 1473, 27, 37]",31.606961258558215,16-32,,,,FN
6072,6072.jpg,1,swimmer,,"[1591, 1562, 40, 40]",40.0,32-64,,,,FN
6072,6072.jpg,1,swimmer,,"[1823, 1537, 77, 38]",54.092513345194085,32-64,,,,FN
6072,6072.jpg,5,buoy,,"[1439, 19, 16, 25]",20.0,16-32,,,,FN
6072,6072.jpg,5,buoy,,"[1596, 172, 17, 26]",21.02379604162864,16-32,,,,FN
6073,6073.jpg,5,buoy,,"[888, 1372, 66, 87]",75.77598564189053,>64,,,,FN
6073,6073.jpg,1,swimmer,,"[1443, 1511, 32, 49]",39.59797974644666,32-64,,,,FN
6073,6073.jpg,1,swimmer,,"[1590, 1461, 40, 41]",40.496913462633174,32-64,,,,FN
6073,6073.jpg,1,swimmer,,"[1413, 1568, 41, 37]",38.948684188300895,32-64,,,,FN
6073,6073.jpg,1,swimmer,,"[1643, 1524, 88, 39]",58.58327406350724,32-64,,,,FN
6073,6073.jpg,5,buoy,,"[1095, 19, 15, 23]",18.57417562100671,16-32,,,,FN
6074,6074.jpg,5,buoy,,"[967, 1369, 65, 87]",75.1997340420829,>64,,,,FN
6074,6074.jpg,1,swimmer,,"[1518, 1505, 32, 50]",40.0,32-64,,,,FN
6074,6074.jpg,1,swimmer,,"[1665, 1453, 30, 41]",35.07135583350036,32-64,,,,FN
6074,6074.jpg,1,swimmer,,"[1487, 1561, 43, 38]",40.422765862815474,32-64,,,,FN
6074,6074.jpg,1,swimmer,,"[1747, 1514, 62, 37]",47.89572005931219,32-64,,,,FN
6074,6074.jpg,5,buoy,,"[1113, 25, 15, 21]",17.74823934929885,16-32,,,,FN
6074,6074.jpg,5,buoy,,"[1299, 178, 16, 27]",20.784609690826528,16-32,,,,FN
6075,6075.jpg,1,swimmer,,"[1586, 1501, 32, 46]",38.36665218650175,32-64,,,,FN
6075,6075.jpg,1,swimmer,,"[1734, 1446, 30, 34]",31.937438845342623,16-32,,,,FN
6075,6075.jpg,1,swimmer,,"[1555, 1550, 47, 39]",42.81354925721529,32-64,,,,FN
6075,6075.jpg,1,swimmer,,"[1816, 1502, 74, 41]",55.08175741568164,32-64,,,,FN
6076,6076.jpg,1,swimmer,,"[1677, 1496, 37, 49]",42.579337712087536,32-64,,,,FN
6076,6076.jpg,1,swimmer,,"[1805, 1435, 51, 40]",45.16635916254486,32-64,,,,FN
6076,6076.jpg,1,swimmer,,"[1652, 1543, 48, 39]",43.266615305567875,32-64,,,,FN
6076,6076.jpg,1,swimmer,,"[1915, 1492, 91, 47]",65.39877674696982,>64,,,,FN
6076,6076.jpg,5,buoy,,"[1147, 21, 14, 21]",17.146428199482248,16-32,,,,FN
6077,6077.jpg,1,swimmer,,"[1784, 1507, 39, 43]",40.95119045888654,32-64,,,,FN
6077,6077.jpg,1,swimmer,,"[1923, 1436, 34, 33]",33.49626844888845,32-64,,,,FN
6077,6077.jpg,1,swimmer,,"[1759, 1551, 52, 38]",44.45222154178574,32-64,,,,FN
6077,6077.jpg,1,swimmer,,"[2036, 1489, 74, 47]",58.974570791146924,32-64,,,,FN
6077,6077.jpg,5,buoy,,"[1172, 30, 15, 19]",16.881943016134134,16-32,,,,FN
6077,6077.jpg,5,buoy,,"[1388, 182, 16, 26]",20.396078054371138,16-32,,,,FN
6078,6078.jpg,5,buoy,,"[1307, 1363, 63, 87]",74.03377607551839,>64,,,,FN
6078,6078.jpg,1,swimmer,,"[1860, 1514, 36, 47]",41.13392760240627,32-64,,,,FN
6078,6078.jpg,1,swimmer,,"[1999, 1436, 27, 36]",31.176914536239792,16-32,,,,FN
6078,6078.jpg,1,swimmer,,"[1834, 1558, 53, 38]",44.87761134463375,32-64,,,,FN
6078,6078.jpg,1,swimmer,,"[2134, 1497, 55, 40]",46.9041575982343,32-64,,,,FN
6078,6078.jpg,5,buoy,,"[1211, 40, 16, 18]",16.97056274847714,16-32,,,,FN
6078,6078.jpg,5,buoy,,"[1432, 189, 17, 24]",20.199009876724155,16-32,,,,FN
6079,6079.jpg,5,buoy,,"[1213, 1386, 63, 87]",74.03377607551839,>64,,,,FN
6079,6079.jpg,1,swimmer,,"[1777, 1525, 37, 49]",42.579337712087536,32-64,,,,FN
6079,6079.jpg,1,swimmer,,"[1911, 1444, 28, 33]",30.397368307141328,16-32,,,,FN
6079,6079.jpg,1,swimmer,,"[1759, 1566, 39, 43]",40.95119045888654,32-64,,,,FN
6079,6079.jpg,1,swimmer,,"[2052, 1494, 56, 44]",49.63869458396343,32-64,,,,FN
6079,6079.jpg,5,buoy,,"[1092, 49, 19, 20]",19.493588689617926,16-32,,,,FN
6079,6079.jpg,5,buoy,,"[1318, 199, 17, 23]",19.77371993328519,16-32,,,,FN
6080,6080.jpg,5,buoy,,"[1219, 1395, 65, 88]",75.63068160475615,>64,,,,FN
6080,6080.jpg,1,swimmer,,"[1790, 1536, 34, 45]",39.11521443121589,32-64,,,,FN
6080,6080.jpg,1,swimmer,,"[1902, 1442, 34, 36]",34.9857113690718,32-64,,,,FN
6080,6080.jpg,1,swimmer,,"[1769, 1574, 37, 43]",39.88734135035826,32-64,,,,FN
6080,6080.jpg,1,swimmer,,"[2064, 1493, 66, 47]",55.695601262577284,32-64,,,,FN
6080,6080.jpg,5,buoy,,"[1071, 49, 16, 20]",17.88854381999832,16-32,,,,FN
6081,6081.jpg,5,buoy,,"[1078, 1427, 64, 89]",75.47184905645283,>64,,,,FN
6081,6081.jpg,1,swimmer,,"[1660, 1549, 39, 46]",42.35563716909474,32-64,,,,FN
6081,6081.jpg,1,swimmer,,"[1779, 1453, 29, 40]",34.058772731852805,32-64,,,,FN
6081,6081.jpg,1,swimmer,,"[1642, 1592, 43, 39]",40.95119045888654,32-64,,,,FN
6081,6081.jpg,1,swimmer,,"[1947, 1492, 56, 39]",46.73328578219169,32-64,,,,FN
6081,6081.jpg,5,buoy,,"[862, 60, 17, 23]",19.77371993328519,16-32,,,,FN
6082,6082.jpg,5,buoy,,"[1123, 1424, 65, 90]",76.48529270389177,>64,,,,FN
6082,6082.jpg,1,swimmer,,"[1706, 1551, 40, 47]",43.3589667773576,32-64,,,,FN
6082,6082.jpg,1,swimmer,,"[1823, 1446, 27, 38]",32.03123475609393,32-64,,,,FN
6082,6082.jpg,1,swimmer,,"[1688, 1595, 47, 40]",43.3589667773576,32-64,,,,FN
6082,6082.jpg,1,swimmer,,"[1994, 1488, 55, 39]",46.314144707637645,32-64,,,,FN
6082,6082.jpg,5,buoy,,"[1112, 202, 19, 30]",23.874672772626646,16-32,,,,FN
6082,6082.jpg,5,buoy,,"[871, 61, 15, 22]",18.16590212458495,16-32,,,,FN
6083,6083.jpg,5,buoy,,"[1157, 1423, 64, 89]",75.47184905645283,>64,,,,FN
6083,6083.jpg,1,swimmer,,"[1745, 1567, 38, 42]",39.949968710876355,32-64,,,,FN
6083,6083.jpg,1,swimmer,,"[1856, 1444, 29, 40]",34.058772731852805,32-64,,,,FN
6083,6083.jpg,1,swimmer,,"[1721, 1610, 49, 36]",42.0,32-64,,,,FN
6083,6083.jpg,1,swimmer,,"[2030, 1482, 65, 51]",57.57603668193913,32-64,,,,FN
6083,6083.jpg,5,buoy,,"[875, 64, 16, 23]",19.183326093250876,16-32,,,,FN
6084,6084.jpg,5,buoy,,"[1158, 1417, 68, 89]",77.79460135510689,>64,,,,FN
6084,6084.jpg,1,swimmer,,"[1753, 1567, 38, 47]",42.261093218230876,32-64,,,,FN
6084,6084.jpg,1,swimmer,,"[1863, 1442, 26, 36]",30.59411708155671,16-32,,,,FN
6084,6084.jpg,1,swimmer,,"[1729, 1619, 50, 34]",41.23105625617661,32-64,,,,FN
6084,6084.jpg,1,swimmer,,"[2044, 1476, 72, 50]",60.0,32-64,,,,FN
6084,6084.jpg,5,buoy,,"[877, 68, 17, 23]",19.77371993328519,16-32,,,,FN
6085,6085.jpg,5,buoy,,"[1154, 1415, 68, 88]",77.35631842325486,>64,,,,FN
6085,6085.jpg,1,swimmer,,"[1750, 1571, 34, 39]",36.41428291206625,32-64,,,,FN
6085,6085.jpg,1,swimmer,,"[1855, 1431, 30, 39]",34.20526275297414,32-64,,,,FN
6085,6085.jpg,1,swimmer,,"[1725, 1618, 51, 35]",42.24926034855522,32-64,,,,FN
6085,6085.jpg,1,swimmer,,"[2056, 1478, 59, 37]",46.72258554489466,32-64,,,,FN
6085,6085.jpg,5,buoy,,"[879, 72, 17, 24]",20.199009876724155,16-32,,,,FN
6086,6086.jpg,5,buoy,,"[1153, 1419, 68, 87]",76.91553809211764,>64,,,,FN
6086,6086.jpg,1,swimmer,,"[1750, 1569, 33, 43]",37.66961640367472,32-64,,,,FN
6086,6086.jpg,1,swimmer,,"[1841, 1413, 33, 52]",41.42463035441596,32-64,,,,FN
6086,6086.jpg,1,swimmer,,"[1720, 1616, 50, 35]",41.83300132670378,32-64,,,,FN
6086,6086.jpg,1,swimmer,,"[2047, 1471, 54, 40]",46.475800154489,32-64,,,,FN
6086,6086.jpg,5,buoy,,"[877, 74, 17, 22]",19.339079605813716,16-32,,,,FN
6087,6087.jpg,5,buoy,,"[1153, 1428, 68, 86]",76.47221717722064,>64,,,,FN
6087,6087.jpg,1,swimmer,,"[1743, 1573, 42, 39]",40.47221268969612,32-64,,,,FN
6087,6087.jpg,1,swimmer,,"[1844, 1428, 25, 33]",28.722813232690143,16-32,,,,FN
6087,6087.jpg,1,swimmer,,"[1720, 1617, 49, 34]",40.8166632639171,32-64,,,,FN
6087,6087.jpg,1,swimmer,,"[2049, 1464, 63, 50]",56.124860801609124,32-64,,,,FN
6087,6087.jpg,5,buoy,,"[1119, 218, 19, 32]",24.657656011875904,16-32,,,,FN
6087,6087.jpg,5,buoy,,"[877, 75, 17, 23]",19.77371993328519,16-32,,,,FN
6088,6088.jpg,5,buoy,,"[1154, 1434, 69, 86]",77.03246069028303,>64,,,,FN
6088,6088.jpg,1,swimmer,,"[1745, 1572, 39, 38]",38.49675310984031,32-64,,,,FN
6088,6088.jpg,1,swimmer,,"[1835, 1408, 27, 47]",35.62302626111375,32-64,,,,FN
6088,6088.jpg,1,swimmer,,"[1720, 1619, 48, 32]",39.191835884530846,32-64,,,,FN
6088,6088.jpg,1,swimmer,,"[2054, 1460, 56, 41]",47.916594202843754,32-64,,,,FN
6088,6088.jpg,5,buoy,,"[1118, 222, 19, 30]",23.874672772626646,16-32,,,,FN
6088,6088.jpg,5,buoy,,"[876, 75, 18, 25]",21.213203435596427,16-32,,,,FN
6089,6089.jpg,1,swimmer,,"[1730, 1573, 55, 33]",42.60281680828159,32-64,,,,FN
6089,6089.jpg,1,swimmer,,"[1823, 1411, 36, 35]",35.4964786985977,32-64,,,,FN
6089,6089.jpg,1,swimmer,,"[1717, 1614, 48, 31]",38.57460304397182,32-64,,,,FN
6089,6089.jpg,1,swimmer,,"[2053, 1457, 46, 35]",40.124805295477756,32-64,,,,FN
6089,6089.jpg,5,buoy,,"[1118, 226, 18, 29]",22.847319317591726,16-32,,,,FN
6089,6089.jpg,5,buoy,,"[876, 73, 16, 25]",20.0,16-32,,,,FN
6090,6090.jpg,5,buoy,,"[1157, 500, 68, 77]",72.36021006050217,>64,,,,FN
6090,6090.jpg,2,boat,,"[2120, 45, 243, 105]",159.73415414368964,>64,,,,FN
6090,6090.jpg,1,swimmer,,"[1820, 456, 31, 23]",26.70205984563738,16-32,,,,FN
6090,6090.jpg,1,swimmer,,"[1719, 624, 60, 28]",40.98780306383839,32-64,,,,FN
6090,6090.jpg,1,swimmer,,"[1706, 650, 56, 43]",49.07137658554119,32-64,,,,FN
6090,6090.jpg,1,swimmer,,"[2046, 506, 51, 46]",48.43552415324934,32-64,,,,FN
6091,6091.jpg,5,buoy,,"[1145, 298, 69, 90]",78.80355321938218,>64,,,,FN
6091,6091.jpg,1,swimmer,,"[1817, 252, 26, 24]",24.979991993593593,16-32,,,,FN
6091,6091.jpg,1,swimmer,,"[1718, 438, 60, 31]",43.12771730569565,32-64,,,,FN
6091,6091.jpg,1,swimmer,,"[1708, 471, 47, 39]",42.81354925721529,32-64,,,,FN
6091,6091.jpg,1,swimmer,,"[2053, 313, 50, 45]",47.43416490252569,32-64,,,,FN
6092,6092.jpg,5,buoy,,"[1136, 302, 70, 93]",80.68457101577724,>64,,,,FN
6092,6092.jpg,1,swimmer,,"[1820, 260, 26, 26]",26.0,16-32,,,,FN
6092,6092.jpg,1,swimmer,,"[1722, 449, 59, 32]",43.45112196480086,32-64,,,,FN
6092,6092.jpg,1,swimmer,,"[1709, 484, 48, 37]",42.14261501141095,32-64,,,,FN
6092,6092.jpg,1,swimmer,,"[2059, 314, 47, 45]",45.98912915026767,32-64,,,,FN
6093,6093.jpg,5,buoy,,"[1129, 312, 70, 93]",80.68457101577724,>64,,,,FN
6093,6093.jpg,1,swimmer,,"[1818, 272, 30, 28]",28.982753492378876,16-32,,,,FN
6093,6093.jpg,1,swimmer,,"[1724, 466, 65, 39]",50.34878350069642,32-64,,,,FN
6093,6093.jpg,1,swimmer,,"[1711, 507, 49, 35]",41.41255848169731,32-64,,,,FN
6093,6093.jpg,1,swimmer,,"[2069, 308, 37, 52]",43.86342439892262,32-64,,,,FN
6094,6094.jpg,5,buoy,,"[1122, 334, 71, 93]",81.25884567233281,>64,,,,FN
6094,6094.jpg,1,swimmer,,"[1725, 488, 72, 44]",56.28498911788115,32-64,,,,FN
6094,6094.jpg,1,swimmer,,"[1711, 533, 50, 38]",43.58898943540674,32-64,,,,FN
6094,6094.jpg,1,swimmer,,"[2072, 311, 37, 65]",49.040799340956916,32-64,,,,FN
6094,6094.jpg,1,swimmer,,"[1813, 285, 31, 29]",29.9833287011299,16-32,,,,FN
6095,6095.jpg,5,buoy,,"[1117, 358, 70, 93]",80.68457101577724,>64,,,,FN
6095,6095.jpg,1,swimmer,,"[1732, 516, 58, 42]",49.35585071701227,32-64,,,,FN
6095,6095.jpg,1,swimmer,,"[1706, 559, 52, 41]",46.17358552246078,32-64,,,,FN
6095,6095.jpg,1,swimmer,,"[1811, 300, 28, 25]",26.457513110645905,16-32,,,,FN
6095,6095.jpg,1,swimmer,,"[2075, 338, 38, 59]",47.34976240700686,32-64,,,,FN
6096,6096.jpg,5,buoy,,"[1101, 379, 71, 93]",81.25884567233281,>64,,,,FN
6096,6096.jpg,1,swimmer,,"[1740, 544, 44, 40]",41.95235392680606,32-64,,,,FN
6096,6096.jpg,1,swimmer,,"[1700, 586, 52, 43]",47.286361670147556,32-64,,,,FN
6096,6096.jpg,1,swimmer,,"[1804, 323, 42, 23]",31.080540535840107,16-32,,,,FN
6096,6096.jpg,1,swimmer,,"[2079, 369, 36, 47]",41.13392760240627,32-64,,,,FN
6097,6097.jpg,5,buoy,,"[1085, 405, 72, 93]",81.82909018191513,>64,,,,FN
6097,6097.jpg,1,swimmer,,"[1692, 619, 53, 46]",49.37610758251404,32-64,,,,FN
6097,6097.jpg,1,swimmer,,"[1802, 343, 42, 23]",31.080540535840107,16-32,,,,FN
6097,6097.jpg,1,swimmer,,"[2077, 400, 33, 44]",38.1051177665153,32-64,,,,FN
6097,6097.jpg,1,swimmer,,"[1743, 581, 38, 38]",38.0,32-64,,,,FN
6098,6098.jpg,5,buoy,,"[1069, 440, 73, 95]",83.27664738688752,>64,,,,FN
6098,6098.jpg,1,swimmer,,"[1686, 662, 55, 45]",49.749371855331,32-64,,,,FN
6098,6098.jpg,1,swimmer,,"[1798, 367, 46, 27]",35.24202037341219,32-64,,,,FN
6098,6098.jpg,1,swimmer,,"[2057, 429, 68, 49]",57.723478758647246,32-64,,,,FN
6098,6098.jpg,1,swimmer,,"[1739, 619, 39, 39]",39.0,32-64,,,,FN
6641,6641.jpg,1,swimmer,,"[1695, 1190, 56, 33]",42.988370520409354,32-64,,,,FN
6641,6641.jpg,1,swimmer,,"[1803, 1104, 30, 25]",27.386127875258307,16-32,,,,FN
6641,6641.jpg,1,swimmer,,"[1495, 1088, 24, 28]",25.92296279363144,16-32,,,,FN
6641,6641.jpg,1,swimmer,,"[1536, 1315, 62, 39]",49.17316341257699,32-64,,,,FN
6641,6641.jpg,1,swimmer,,"[1589, 1403, 34, 31]",32.46536616149585,32-64,,,,FN
6641,6641.jpg,1,swimmer,,"[1484, 1409, 44, 32]",37.52332607858744,32-64,,,,FN
6641,6641.jpg,1,swimmer,,"[1482, 1469, 35, 35]",35.0,32-64,,,,FN
6641,6641.jpg,1,swimmer,,"[1964, 999, 28, 28]",28.0,16-32,,,,FN
6642,6642.jpg,1,swimmer,,"[1724, 1133, 59, 33]",44.12482294582042,32-64,,,,FN
6642,6642.jpg,1,swimmer,,"[1827, 1050, 24, 23]",23.49468024894146,16-32,,,,FN
6642,6642.jpg,1,swimmer,,"[1523, 1032, 19, 25]",21.79449471770337,16-32,,,,FN
6642,6642.jpg,1,swimmer,,"[1574, 1247, 57, 34]",44.02272140611028,32-64,,,,FN
6642,6642.jpg,1,swimmer,,"[1622, 1316, 34, 34]",34.0,32-64,,,,FN
6642,6642.jpg,1,swimmer,,"[1518, 1329, 44, 31]",36.932370625238775,32-64,,,,FN
6642,6642.jpg,1,swimmer,,"[1518, 1385, 38, 30]",33.76388603226827,32-64,,,,FN
6642,6642.jpg,1,swimmer,,"[1970, 952, 35, 23]",28.372521918222215,16-32,,,,FN
6643,6643.jpg,1,swimmer,,"[1723, 1105, 67, 28]",43.31281565541543,32-64,,,,FN
6643,6643.jpg,1,swimmer,,"[1827, 1028, 28, 24]",25.92296279363144,16-32,,,,FN
6643,6643.jpg,1,swimmer,,"[1525, 1000, 22, 26]",23.916521486202797,16-32,,,,FN
6643,6643.jpg,1,swimmer,,"[1584, 1217, 58, 28]",40.29888335921977,32-64,,,,FN
6643,6643.jpg,1,swimmer,,"[1636, 1279, 33, 34]",33.49626844888845,32-64,,,,FN
6643,6643.jpg,1,swimmer,,"[1538, 1292, 43, 29]",35.31288716601915,32-64,,,,FN
6643,6643.jpg,1,swimmer,,"[1535, 1339, 34, 28]",30.854497241083024,16-32,,,,FN
6643,6643.jpg,1,swimmer,,"[1976, 927, 34, 24]",28.5657137141714,16-32,,,,FN
6644,6644.jpg,1,swimmer,,"[1730, 1095, 61, 25]",39.05124837953327,32-64,,,,FN
6644,6644.jpg,1,swimmer,,"[1975, 917, 35, 24]",28.982753492378876,16-32,,,,FN
6644,6644.jpg,1,swimmer,,"[1824, 1019, 29, 21]",24.677925358506133,16-32,,,,FN
6644,6644.jpg,1,swimmer,,"[1527, 982, 18, 23]",20.346989949375804,16-32,,,,FN
6644,6644.jpg,1,swimmer,,"[1590, 1198, 63, 26]",40.47221268969612,32-64,,,,FN
6644,6644.jpg,1,swimmer,,"[1648, 1267, 27, 30]",28.460498941515414,16-32,,,,FN
6644,6644.jpg,1,swimmer,,"[1547, 1278, 43, 32]",37.094473981982816,32-64,,,,FN
6644,6644.jpg,1,swimmer,,"[1540, 1330, 40, 27]",32.863353450309965,32-64,,,,FN
6645,6645.jpg,1,swimmer,,"[1741, 1094, 53, 25]",36.40054944640259,32-64,,,,FN
6645,6645.jpg,1,swimmer,,"[1979, 920, 32, 22]",26.5329983228432,16-32,,,,FN
6645,6645.jpg,1,swimmer,,"[1826, 1021, 32, 20]",25.298221281347036,16-32,,,,FN
6645,6645.jpg,1,swimmer,,"[1534, 981, 18, 24]",20.784609690826528,16-32,,,,FN
6645,6645.jpg,1,swimmer,,"[1601, 1199, 59, 27]",39.91240408695021,32-64,,,,FN
6645,6645.jpg,1,swimmer,,"[1657, 1274, 23, 30]",26.267851073127396,16-32,,,,FN
6645,6645.jpg,1,swimmer,,"[1550, 1282, 40, 30]",34.64101615137755,32-64,,,,FN
6645,6645.jpg,1,swimmer,,"[1548, 1336, 35, 25]",29.58039891549808,16-32,,,,FN
6646,6646.jpg,1,swimmer,,"[1750, 1089, 54, 22]",34.46737587922817,32-64,,,,FN
6646,6646.jpg,1,swimmer,,"[1980, 920, 31, 21]",25.514701644346147,16-32,,,,FN
6646,6646.jpg,1,swimmer,,"[1829, 1019, 30, 18]",23.2379000772445,16-32,,,,FN
6646,6646.jpg,1,swimmer,,"[1538, 978, 19, 25]",21.79449471770337,16-32,,,,FN
6646,6646.jpg,1,swimmer,,"[1616, 1202, 50, 26]",36.05551275463989,32-64,,,,FN
6646,6646.jpg,1,swimmer,,"[1656, 1276, 24, 33]",28.142494558940577,16-32,,,,FN
6646,6646.jpg,1,swimmer,,"[1550, 1278, 34, 49]",40.8166632639171,32-64,,,,FN
6646,6646.jpg,1,swimmer,,"[1544, 1338, 37, 25]",30.4138126514911,16-32,,,,FN
6647,6647.jpg,1,swimmer,,"[1750, 1087, 60, 23]",37.14835124201342,32-64,,,,FN
6647,6647.jpg,1,swimmer,,"[1968, 917, 36, 23]",28.77498913987632,16-32,,,,FN
6647,6647.jpg,1,swimmer,,"[1832, 1017, 27, 19]",22.64950330581225,16-32,,,,FN
6647,6647.jpg,1,swimmer,,"[1533, 981, 19, 24]",21.354156504062622,16-32,,,,FN
6647,6647.jpg,1,swimmer,,"[1623, 1208, 44, 23]",31.811947441173732,16-32,,,,FN
6647,6647.jpg,1,swimmer,,"[1645, 1278, 26, 33]",29.29163703175362,16-32,,,,FN
6647,6647.jpg,1,swimmer,,"[1544, 1280, 38, 48]",42.708313008125245,32-64,,,,FN
6647,6647.jpg,1,swimmer,,"[1533, 1342, 43, 26]",33.436506994600975,32-64,,,,FN
6648,6648.jpg,1,swimmer,,"[1746, 1095, 55, 23]",35.566838487557476,32-64,,,,FN
6648,6648.jpg,1,swimmer,,"[1955, 917, 40, 23]",30.331501776206203,16-32,,,,FN
6648,6648.jpg,1,swimmer,,"[1815, 1018, 28, 20]",23.664319132398465,16-32,,,,FN
6648,6648.jpg,1,swimmer,,"[1513, 980, 19, 23]",20.904544960366874,16-32,,,,FN
6648,6648.jpg,1,swimmer,,"[1608, 1212, 40, 25]",31.622776601683793,16-32,,,,FN
6648,6648.jpg,1,swimmer,,"[1622, 1281, 26, 31]",28.39013913315678,16-32,,,,FN
6648,6648.jpg,1,swimmer,,"[1521, 1287, 36, 47]",41.13392760240627,32-64,,,,FN
6648,6648.jpg,1,swimmer,,"[1506, 1350, 50, 23]",33.91164991562634,32-64,,,,FN
6649,6649.jpg,1,swimmer,,"[1765, 1095, 58, 22]",35.7211421989835,32-64,,,,FN
6649,6649.jpg,1,swimmer,,"[1981, 915, 53, 24]",35.66510900025401,32-64,,,,FN
6649,6649.jpg,1,swimmer,,"[1843, 1017, 29, 23]",25.826343140289914,16-32,,,,FN
6649,6649.jpg,1,swimmer,,"[1537, 976, 21, 23]",21.97726097583591,16-32,,,,FN
6649,6649.jpg,1,swimmer,,"[1618, 1212, 51, 25]",35.70714214271425,32-64,,,,FN
6649,6649.jpg,1,swimmer,,"[1637, 1282, 28, 30]",28.982753492378876,16-32,,,,FN
6649,6649.jpg,1,swimmer,,"[1531, 1287, 39, 46]",42.35563716909474,32-64,,,,FN
6649,6649.jpg,1,swimmer,,"[1515, 1355, 57, 24]",36.98648401781386,32-64,,,,FN
6650,6650.jpg,1,swimmer,,"[1825, 1092, 57, 20]",33.76388603226827,32-64,,,,FN
6650,6650.jpg,1,swimmer,,"[2050, 914, 57, 24]",36.98648401781386,32-64,,,,FN
6650,6650.jpg,1,swimmer,,"[1903, 1018, 33, 24]",28.142494558940577,16-32,,,,FN
6650,6650.jpg,1,swimmer,,"[1598, 965, 22, 22]",22.0,16-32,,,,FN
6650,6650.jpg,1,swimmer,,"[1679, 1206, 50, 27]",36.742346141747674,32-64,,,,FN
6650,6650.jpg,1,swimmer,,"[1685, 1280, 28, 32]",29.93325909419153,16-32,,,,FN
6650,6650.jpg,1,swimmer,,"[1583, 1285, 34, 46]",39.54743986657038,32-64,,,,FN
6650,6650.jpg,1,swimmer,,"[1566, 1353, 50, 22]",33.166247903554,32-64,,,,FN
6650,6650.jpg,5,buoy,,"[214, 1378, 83, 111]",95.98437372822724,>64,,,,FN
6651,6651.jpg,1,swimmer,,"[1914, 1088, 74, 21]",39.42080668885405,32-64,,,,FN
6651,6651.jpg,1,swimmer,,"[2163, 920, 56, 22]",35.09985754956849,32-64,,,,FN
6651,6651.jpg,1,swimmer,,"[2003, 1020, 32, 22]",26.5329983228432,16-32,,,,FN
6651,6651.jpg,1,swimmer,,"[1702, 960, 22, 23]",22.494443758403985,16-32,,,,FN
6651,6651.jpg,1,swimmer,,"[1777, 1200, 44, 26]",33.823069050575526,32-64,,,,FN
6651,6651.jpg,1,swimmer,,"[1772, 1275, 29, 27]",27.982137159266443,16-32,,,,FN
6651,6651.jpg,1,swimmer,,"[1667, 1275, 40, 39]",39.496835316262995,32-64,,,,FN
6651,6651.jpg,1,swimmer,,"[1647, 1343, 52, 23]",34.583232931581165,32-64,,,,FN
6652,6652.jpg,1,swimmer,,"[1970, 1085, 74, 23]",41.255302689472536,32-64,,,,FN
6652,6652.jpg,1,swimmer,,"[2224, 931, 59, 24]",37.62977544445356,32-64,,,,FN
6652,6652.jpg,1,swimmer,,"[2063, 1024, 27, 19]",22.64950330581225,16-32,,,,FN
6652,6652.jpg,1,swimmer,,"[1757, 957, 21, 23]",21.97726097583591,16-32,,,,FN
6652,6652.jpg,1,swimmer,,"[1832, 1196, 35, 21]",27.110883423451916,16-32,,,,FN
6652,6652.jpg,1,swimmer,,"[1815, 1265, 28, 30]",28.982753492378876,16-32,,,,FN
6652,6652.jpg,1,swimmer,,"[1711, 1264, 47, 31]",38.17066936798463,32-64,,,,FN
6652,6652.jpg,1,swimmer,,"[1685, 1335, 54, 23]",35.24202037341219,32-64,,,,FN
6653,6653.jpg,1,swimmer,,"[1976, 1084, 66, 22]",38.1051177665153,32-64,,,,FN
6653,6653.jpg,1,swimmer,,"[2218, 937, 64, 23]",38.36665218650175,32-64,,,,FN
6653,6653.jpg,1,swimmer,,"[2066, 1024, 24, 17]",20.199009876724155,16-32,,,,FN
6653,6653.jpg,1,swimmer,,"[1755, 957, 20, 24]",21.908902300206645,16-32,,,,FN
6653,6653.jpg,1,swimmer,,"[1825, 1191, 37, 24]",29.79932885150268,16-32,,,,FN
6653,6653.jpg,1,swimmer,,"[1804, 1256, 26, 32]",28.844410203711913,16-32,,,,FN
6653,6653.jpg,1,swimmer,,"[1703, 1255, 42, 31]",36.08323710533743,32-64,,,,FN
6653,6653.jpg,1,swimmer,,"[1682, 1328, 46, 22]",31.811947441173732,16-32,,,,FN
6654,6654.jpg,1,swimmer,,"[2038, 1088, 67, 23]",39.25557285278104,32-64,,,,FN
6654,6654.jpg,1,swimmer,,"[2285, 941, 61, 25]",39.05124837953327,32-64,,,,FN
6654,6654.jpg,1,swimmer,,"[2130, 1029, 21, 14]",17.146428199482248,16-32,,,,FN
6654,6654.jpg,1,swimmer,,"[1811, 950, 25, 22]",23.45207879911715,16-32,,,,FN
6654,6654.jpg,1,swimmer,,"[1872, 1183, 51, 28]",37.78888725538237,32-64,,,,FN
6654,6654.jpg,1,swimmer,,"[1854, 1252, 27, 28]",27.49545416973504,16-32,,,,FN
6654,6654.jpg,1,swimmer,,"[1757, 1247, 41, 30]",35.07135583350036,32-64,,,,FN
6654,6654.jpg,1,swimmer,,"[1731, 1322, 48, 24]",33.94112549695428,32-64,,,,FN
6655,6655.jpg,1,swimmer,,"[2098, 1089, 64, 26]",40.792156108742276,32-64,,,,FN
6655,6655.jpg,1,swimmer,,"[2342, 941, 63, 26]",40.47221268969612,32-64,,,,FN
6655,6655.jpg,1,swimmer,,"[2194, 1032, 17, 18]",17.4928556845359,16-32,,,,FN
6655,6655.jpg,1,swimmer,,"[1879, 945, 20, 22]",20.97617696340303,16-32,,,,FN
6655,6655.jpg,1,swimmer,,"[1934, 1178, 45, 23]",32.17141588429082,32-64,,,,FN
6655,6655.jpg,1,swimmer,,"[1907, 1244, 27, 28]",27.49545416973504,16-32,,,,FN
6655,6655.jpg,1,swimmer,,"[1808, 1239, 45, 32]",37.94733192202055,32-64,,,,FN
6655,6655.jpg,1,swimmer,,"[1781, 1308, 50, 23]",33.91164991562634,32-64,,,,FN
6656,6656.jpg,1,swimmer,,"[2142, 1088, 63, 26]",40.47221268969612,32-64,,,,FN
6656,6656.jpg,1,swimmer,,"[2391, 939, 57, 29]",40.65710270051225,32-64,,,,FN
6656,6656.jpg,1,swimmer,,"[2237, 1036, 19, 18]",18.49324200890693,16-32,,,,FN
6656,6656.jpg,1,swimmer,,"[1922, 945, 26, 24]",24.979991993593593,16-32,,,,FN
6656,6656.jpg,1,swimmer,,"[1980, 1174, 37, 25]",30.4138126514911,16-32,,,,FN
6656,6656.jpg,1,swimmer,,"[1940, 1241, 28, 27]",27.49545416973504,16-32,,,,FN
6656,6656.jpg,1,swimmer,,"[1845, 1232, 44, 31]",36.932370625238775,32-64,,,,FN
6656,6656.jpg,1,swimmer,,"[1814, 1303, 49, 22]",32.83291031876401,32-64,,,,FN
6656,6656.jpg,5,buoy,,"[618, 1193, 71, 98]",83.4146270146909,>64,,,,FN
6657,6657.jpg,1,swimmer,,"[2167, 1089, 62, 25]",39.370039370059054,32-64,,,,FN
6657,6657.jpg,1,swimmer,,"[2412, 945, 70, 26]",42.661458015403085,32-64,,,,FN
6657,6657.jpg,1,swimmer,,"[2259, 1038, 21, 17]",18.894443627691185,16-32,,,,FN
6657,6657.jpg,1,swimmer,,"[1952, 945, 21, 23]",21.97726097583591,16-32,,,,FN
6657,6657.jpg,1,swimmer,,"[2006, 1174, 25, 24]",24.49489742783178,16-32,,,,FN
6657,6657.jpg,1,swimmer,,"[1954, 1239, 27, 29]",27.982137159266443,16-32,,,,FN
6657,6657.jpg,1,swimmer,,"[1860, 1227, 40, 31]",35.21363372331802,32-64,,,,FN
6657,6657.jpg,1,swimmer,,"[1824, 1300, 50, 22]",33.166247903554,32-64,,,,FN
6658,6658.jpg,1,swimmer,,"[2123, 1086, 59, 27]",39.91240408695021,32-64,,,,FN
6658,6658.jpg,1,swimmer,,"[2369, 946, 61, 27]",40.58324777540605,32-64,,,,FN
6658,6658.jpg,1,swimmer,,"[2215, 1039, 22, 20]",20.97617696340303,16-32,,,,FN
6658,6658.jpg,1,swimmer,,"[1907, 939, 22, 23]",22.494443758403985,16-32,,,,FN
6658,6658.jpg,1,swimmer,,"[1954, 1172, 27, 25]",25.98076211353316,16-32,,,,FN
6658,6658.jpg,1,swimmer,,"[1897, 1238, 26, 23]",24.454038521274967,16-32,,,,FN
6658,6658.jpg,1,swimmer,,"[1804, 1223, 39, 30]",34.20526275297414,32-64,,,,FN
6658,6658.jpg,1,swimmer,,"[1765, 1297, 50, 22]",33.166247903554,32-64,,,,FN
6659,6659.jpg,1,swimmer,,"[2049, 1084, 57, 30]",41.352146256270665,32-64,,,,FN
6659,6659.jpg,1,swimmer,,"[2285, 946, 60, 27]",40.24922359499622,32-64,,,,FN
6659,6659.jpg,1,swimmer,,"[1834, 934, 20, 23]",21.447610589527216,16-32,,,,FN
6659,6659.jpg,1,swimmer,,"[1874, 1171, 25, 26]",25.495097567963924,16-32,,,,FN
6659,6659.jpg,1,swimmer,,"[1810, 1237, 26, 27]",26.49528259898354,16-32,,,,FN
6659,6659.jpg,1,swimmer,,"[1719, 1224, 38, 28]",32.61901286060018,32-64,,,,FN
6659,6659.jpg,1,swimmer,,"[1671, 1299, 49, 21]",32.07802986469088,32-64,,,,FN
6659,6659.jpg,5,buoy,,"[517, 1161, 73, 94]",82.83718971573094,>64,,,,FN
6659,6659.jpg,1,swimmer,,"[2141, 1037, 26, 20]",22.80350850198276,16-32,,,,FN
6660,6660.jpg,1,swimmer,,"[1991, 1088, 57, 27]",39.230090491866065,32-64,,,,FN
6660,6660.jpg,1,swimmer,,"[2228, 946, 61, 26]",39.824615503479755,32-64,,,,FN
6660,6660.jpg,1,swimmer,,"[1775, 925, 20, 25]",22.360679774997898,16-32,,,,FN
6660,6660.jpg,1,swimmer,,"[1811, 1176, 21, 21]",21.0,16-32,,,,FN
6660,6660.jpg,1,swimmer,,"[1733, 1244, 26, 25]",25.495097567963924,16-32,,,,FN
6660,6660.jpg,1,swimmer,,"[1648, 1230, 43, 28]",34.698703145794944,32-64,,,,FN
6660,6660.jpg,1,swimmer,,"[1594, 1299, 46, 20]",30.331501776206203,16-32,,,,FN
6660,6660.jpg,5,buoy,,"[455, 1162, 73, 95]",83.27664738688752,>64,,,,FN
6660,6660.jpg,1,swimmer,,"[2080, 1039, 27, 21]",23.811761799581316,16-32,,,,FN
6661,6661.jpg,1,swimmer,,"[1945, 1094, 54, 27]",38.18376618407357,32-64,,,,FN
6661,6661.jpg,1,swimmer,,"[2184, 943, 56, 26]",38.157568056677825,32-64,,,,FN
6661,6661.jpg,1,swimmer,,"[1725, 925, 25, 22]",23.45207879911715,16-32,,,,FN
6661,6661.jpg,1,swimmer,,"[1754, 1182, 17, 20]",18.439088914585774,16-32,,,,FN
6661,6661.jpg,1,swimmer,,"[1671, 1247, 26, 22]",23.916521486202797,16-32,,,,FN
6661,6661.jpg,1,swimmer,,"[1587, 1231, 44, 30]",36.3318042491699,32-64,,,,FN
6661,6661.jpg,1,swimmer,,"[1533, 1299, 42, 20]",28.982753492378876,16-32,,,,FN
6661,6661.jpg,5,buoy,,"[411, 1159, 72, 92]",81.38795979750321,>64,,,,FN
6661,6661.jpg,1,swimmer,,"[2037, 1046, 27, 21]",23.811761799581316,16-32,,,,FN
6662,6662.jpg,1,swimmer,,"[1989, 1097, 50, 26]",36.05551275463989,32-64,,,,FN
6662,6662.jpg,1,swimmer,,"[2226, 953, 66, 23]",38.961519477556315,32-64,,,,FN
6662,6662.jpg,1,swimmer,,"[1770, 919, 29, 23]",25.826343140289914,16-32,,,,FN
6662,6662.jpg,1,swimmer,,"[1783, 1177, 18, 19]",18.49324200890693,16-32,,,,FN
6662,6662.jpg,1,swimmer,,"[1692, 1248, 27, 20]",23.2379000772445,16-32,,,,FN
6662,6662.jpg,1,swimmer,,"[1611, 1219, 41, 31]",35.651086939951774,32-64,,,,FN
6662,6662.jpg,1,swimmer,,"[1552, 1291, 45, 24]",32.863353450309965,32-64,,,,FN
6662,6662.jpg,1,swimmer,,"[2077, 1049, 26, 24]",24.979991993593593,16-32,,,,FN
6663,6663.jpg,1,swimmer,,"[2045, 1095, 50, 27]",36.742346141747674,32-64,,,,FN
6663,6663.jpg,1,swimmer,,"[2300, 956, 55, 27]",38.535697735995385,32-64,,,,FN
6663,6663.jpg,1,swimmer,,"[1838, 922, 31, 20]",24.899799195977465,16-32,,,,FN
6663,6663.jpg,1,swimmer,,"[1825, 1170, 23, 19]",20.904544960366874,16-32,,,,FN
6663,6663.jpg,1,swimmer,,"[1733, 1240, 29, 20]",24.08318915758459,16-32,,,,FN
6663,6663.jpg,1,swimmer,,"[1667, 1209, 37, 28]",32.18695387886216,32-64,,,,FN
6663,6663.jpg,1,swimmer,,"[1596, 1279, 52, 22]",33.823069050575526,32-64,,,,FN
6663,6663.jpg,5,buoy,,"[568, 1093, 68, 89]",77.79460135510689,>64,,,,FN
6663,6663.jpg,2,boat,,"[796, 0, 154, 200]",175.49928774784243,>64,,,,FN
6663,6663.jpg,2,boat,,"[159, 19, 167, 245]",202.27456587519845,>64,,,,FN
6663,6663.jpg,1,swimmer,,"[2135, 1050, 29, 24]",26.38181191654584,16-32,,,,FN
6664,6664.jpg,1,swimmer,,"[2085, 1092, 52, 28]",38.157568056677825,32-64,,,,FN
6664,6664.jpg,1,swimmer,,"[2341, 967, 68, 26]",42.04759208325728,32-64,,,,FN
6664,6664.jpg,1,swimmer,,"[1889, 925, 34, 19]",25.41653005427767,16-32,,,,FN
6664,6664.jpg,1,swimmer,,"[1858, 1159, 28, 20]",23.664319132398465,16-32,,,,FN
6664,6664.jpg,1,swimmer,,"[1764, 1231, 30, 20]",24.49489742783178,16-32,,,,FN
6664,6664.jpg,1,swimmer,,"[1704, 1200, 38, 31]",34.322004603461025,32-64,,,,FN
6664,6664.jpg,1,swimmer,,"[1629, 1269, 49, 22]",32.83291031876401,32-64,,,,FN
6664,6664.jpg,5,buoy,,"[641, 1055, 66, 86]",75.33923280734945,>64,,,,FN
6664,6664.jpg,2,boat,,"[932, 0, 148, 196]",170.31735084835015,>64,,,,FN
6664,6664.jpg,1,swimmer,,"[2172, 1051, 35, 28]",31.304951684997057,16-32,,,,FN
6665,6665.jpg,1,swimmer,,"[2088, 1093, 51, 27]",37.107950630558946,32-64,,,,FN
6665,6665.jpg,1,swimmer,,"[2352, 970, 61, 27]",40.58324777540605,32-64,,,,FN
6665,6665.jpg,1,swimmer,,"[1908, 921, 27, 21]",23.811761799581316,16-32,,,,FN
6665,6665.jpg,1,swimmer,,"[1857, 1150, 26, 17]",21.02379604162864,16-32,,,,FN
6665,6665.jpg,1,swimmer,,"[1753, 1221, 28, 21]",24.24871130596428,16-32,,,,FN
6665,6665.jpg,1,swimmer,,"[1695, 1187, 37, 28]",32.18695387886216,32-64,,,,FN
6665,6665.jpg,1,swimmer,,"[1616, 1257, 51, 23]",34.249087579087416,32-64,,,,FN
6665,6665.jpg,5,buoy,,"[670, 1024, 64, 85]",73.7563556583431,>64,,,,FN
6665,6665.jpg,2,boat,,"[1011, 0, 146, 194]",168.2973558912914,>64,,,,FN
6665,6665.jpg,1,swimmer,,"[2184, 1053, 34, 24]",28.5657137141714,16-32,,,,FN
6666,6666.jpg,1,swimmer,,"[2091, 1088, 50, 26]",36.05551275463989,32-64,,,,FN
6666,6666.jpg,1,swimmer,,"[2349, 973, 60, 27]",40.24922359499622,32-64,,,,FN
6666,6666.jpg,1,swimmer,,"[1918, 914, 29, 21]",24.677925358506133,16-32,,,,FN
6666,6666.jpg,1,swimmer,,"[1849, 1145, 27, 17]",21.42428528562855,16-32,,,,FN
6666,6666.jpg,1,swimmer,,"[1743, 1211, 29, 20]",24.08318915758459,16-32,,,,FN
6666,6666.jpg,1,swimmer,,"[1695, 1174, 38, 28]",32.61901286060018,32-64,,,,FN
6666,6666.jpg,1,swimmer,,"[1610, 1241, 48, 23]",33.2264954516723,32-64,,,,FN
6666,6666.jpg,5,buoy,,"[706, 998, 63, 83]",72.3118247591637,>64,,,,FN
6666,6666.jpg,5,buoy,,"[11, 133, 26, 29]",27.459060435491963,16-32,,,,FN
6666,6666.jpg,1,swimmer,,"[2188, 1057, 32, 22]",26.5329983228432,16-32,,,,FN
6667,6667.jpg,1,swimmer,,"[2099, 1089, 50, 26]",36.05551275463989,32-64,,,,FN
6667,6667.jpg,1,swimmer,,"[2361, 978, 66, 27]",42.21374183841087,32-64,,,,FN
6667,6667.jpg,1,swimmer,,"[1934, 905, 29, 20]",24.08318915758459,16-32,,,,FN
6667,6667.jpg,1,swimmer,,"[1846, 1133, 38, 19]",26.870057685088806,16-32,,,,FN
6667,6667.jpg,1,swimmer,,"[1737, 1199, 25, 19]",21.79449471770337,16-32,,,,FN
6667,6667.jpg,1,swimmer,,"[1694, 1158, 39, 29]",33.63034344160047,32-64,,,,FN
6667,6667.jpg,1,swimmer,,"[1606, 1223, 48, 22]",32.49615361854384,32-64,,,,FN
6667,6667.jpg,5,buoy,,"[169, 116, 26, 29]",27.459060435491963,16-32,,,,FN
6667,6667.jpg,1,swimmer,,"[2199, 1062, 27, 19]",22.64950330581225,16-32,,,,FN
6668,6668.jpg,1,swimmer,,"[2111, 1088, 39, 24]",30.59411708155671,16-32,,,,FN
6668,6668.jpg,1,swimmer,,"[2364, 969, 64, 31]",44.54211490264017,32-64,,,,FN
6668,6668.jpg,1,swimmer,,"[1948, 892, 28, 21]",24.24871130596428,16-32,,,,FN
6668,6668.jpg,1,swimmer,,"[1852, 1122, 31, 17]",22.956480566497994,16-32,,,,FN
6668,6668.jpg,1,swimmer,,"[1730, 1184, 23, 18]",20.346989949375804,16-32,,,,FN
6668,6668.jpg,1,swimmer,,"[1694, 1146, 34, 27]",30.298514815086232,16-32,,,,FN
6668,6668.jpg,1,swimmer,,"[1599, 1207, 47, 22]",32.155870381627054,32-64,,,,FN
6668,6668.jpg,5,buoy,,"[322, 100, 25, 28]",26.457513110645905,16-32,,,,FN
6668,6668.jpg,1,swimmer,,"[2202, 1060, 29, 21]",24.677925358506133,16-32,,,,FN
6669,6669.jpg,1,swimmer,,"[2109, 1084, 31, 21]",25.514701644346147,16-32,,,,FN
6669,6669.jpg,1,swimmer,,"[2353, 964, 79, 31]",49.48737212663449,32-64,,,,FN
6669,6669.jpg,1,swimmer,,"[1956, 878, 25, 22]",23.45207879911715,16-32,,,,FN
6669,6669.jpg,1,swimmer,,"[1847, 1113, 25, 17]",20.615528128088304,16-32,,,,FN
6669,6669.jpg,1,swimmer,,"[1711, 1172, 24, 19]",21.354156504062622,16-32,,,,FN
6669,6669.jpg,1,swimmer,,"[1684, 1132, 42, 26]",33.04542328371661,32-64,,,,FN
6669,6669.jpg,1,swimmer,,"[1584, 1191, 46, 21]",31.080540535840107,16-32,,,,FN
6669,6669.jpg,5,buoy,,"[824, 914, 58, 77]",66.82813778641449,>64,,,,FN
6669,6669.jpg,5,buoy,,"[453, 85, 24, 26]",24.979991993593593,16-32,,,,FN
6669,6669.jpg,1,swimmer,,"[2192, 1050, 33, 24]",28.142494558940577,16-32,,,,FN
6670,6670.jpg,1,swimmer,,"[2116, 1077, 27, 21]",23.811761799581316,16-32,,,,FN
6670,6670.jpg,1,swimmer,,"[2368, 956, 56, 28]",39.59797974644666,32-64,,,,FN
6670,6670.jpg,1,swimmer,,"[1977, 868, 23, 21]",21.97726097583591,16-32,,,,FN
6670,6670.jpg,1,swimmer,,"[1849, 1105, 26, 18]",21.633307652783937,16-32,,,,FN
6670,6670.jpg,1,swimmer,,"[1702, 1156, 38, 24]",30.199337741083,16-32,,,,FN
6670,6670.jpg,1,swimmer,,"[1680, 1116, 36, 28]",31.74901573277509,16-32,,,,FN
6670,6670.jpg,1,swimmer,,"[1579, 1174, 45, 22]",31.464265445104548,16-32,,,,FN
6670,6670.jpg,5,buoy,,"[867, 883, 56, 77]",65.66582063752801,>64,,,,FN
6670,6670.jpg,5,buoy,,"[591, 71, 24, 24]",24.0,16-32,,,,FN
6670,6670.jpg,1,swimmer,,"[2197, 1042, 32, 23]",27.129319932501073,16-32,,,,FN
6671,6671.jpg,1,swimmer,,"[2130, 1060, 25, 28]",26.457513110645905,16-32,,,,FN
6671,6671.jpg,1,swimmer,,"[2374, 956, 53, 27]",37.82856063875548,32-64,,,,FN
6671,6671.jpg,1,swimmer,,"[1997, 855, 32, 20]",25.298221281347036,16-32,,,,FN
6671,6671.jpg,1,swimmer,,"[1862, 1092, 23, 15]",18.57417562100671,16-32,,,,FN
6671,6671.jpg,1,swimmer,,"[1706, 1137, 42, 30]",35.4964786985977,32-64,,,,FN
6671,6671.jpg,1,swimmer,,"[1694, 1098, 34, 26]",29.732137494637012,16-32,,,,FN
6671,6671.jpg,1,swimmer,,"[1585, 1150, 43, 21]",30.04995840263344,16-32,,,,FN
6671,6671.jpg,5,buoy,,"[917, 852, 54, 73]",62.78534860936905,32-64,,,,FN
6671,6671.jpg,5,buoy,,"[748, 58, 22, 25]",23.45207879911715,16-32,,,,FN
6671,6671.jpg,1,swimmer,,"[2208, 1034, 35, 25]",29.58039891549808,16-32,,,,FN
6672,6672.jpg,1,swimmer,,"[2127, 1048, 30, 27]",28.460498941515414,16-32,,,,FN
6672,6672.jpg,1,swimmer,,"[2392, 951, 51, 25]",35.70714214271425,32-64,,,,FN
6672,6672.jpg,1,swimmer,,"[2029, 844, 25, 19]",21.79449471770337,16-32,,,,FN
6672,6672.jpg,1,swimmer,,"[1866, 1072, 25, 15]",19.364916731037084,16-32,,,,FN
6672,6672.jpg,1,swimmer,,"[1700, 1117, 41, 26]",32.64965543462902,32-64,,,,FN
6672,6672.jpg,1,swimmer,,"[1702, 1077, 36, 27]",31.176914536239792,16-32,,,,FN
6672,6672.jpg,1,swimmer,,"[1583, 1130, 46, 20]",30.331501776206203,16-32,,,,FN
6672,6672.jpg,5,buoy,,"[963, 823, 53, 72]",61.773780845922005,32-64,,,,FN
6672,6672.jpg,2,boat,,"[1653, 0, 130, 151]",140.10710188994705,>64,,,,FN
6672,6672.jpg,5,buoy,,"[893, 44, 21, 24]",22.44994432064365,16-32,,,,FN
6672,6672.jpg,1,swimmer,,"[2210, 1029, 33, 24]",28.142494558940577,16-32,,,,FN
6673,6673.jpg,1,swimmer,,"[2117, 1039, 32, 27]",29.393876913398138,16-32,,,,FN
6673,6673.jpg,1,swimmer,,"[2383, 943, 37, 28]",32.18695387886216,32-64,,,,FN
6673,6673.jpg,1,swimmer,,"[2035, 830, 27, 21]",23.811761799581316,16-32,,,,FN
6673,6673.jpg,1,swimmer,,"[1860, 1047, 26, 17]",21.02379604162864,16-32,,,,FN
6673,6673.jpg,1,swimmer,,"[1688, 1094, 41, 26]",32.64965543462902,32-64,,,,FN
6673,6673.jpg,1,swimmer,,"[1702, 1057, 31, 25]",27.83882181415011,16-32,,,,FN
6673,6673.jpg,1,swimmer,,"[1571, 1110, 48, 19]",30.199337741083,16-32,,,,FN
6673,6673.jpg,5,buoy,,"[1000, 795, 52, 71]",60.76183012385325,32-64,,,,FN
6673,6673.jpg,5,buoy,,"[1025, 34, 20, 24]",21.908902300206645,16-32,,,,FN
6673,6673.jpg,1,swimmer,,"[2198, 1020, 34, 23]",27.964262908219126,16-32,,,,FN
6674,6674.jpg,1,swimmer,,"[2113, 1027, 26, 24]",24.979991993593593,16-32,,,,FN
6674,6674.jpg,1,swimmer,,"[2384, 932, 37, 26]",31.016124838541646,16-32,,,,FN
6674,6674.jpg,1,swimmer,,"[2054, 821, 26, 18]",21.633307652783937,16-32,,,,FN
6674,6674.jpg,1,swimmer,,"[1859, 1028, 28, 19]",23.065125189341593,16-32,,,,FN
6674,6674.jpg,1,swimmer,,"[1684, 1075, 47, 23]",32.87856444554719,32-64,,,,FN
6674,6674.jpg,1,swimmer,,"[1702, 1033, 30, 24]",26.832815729997478,16-32,,,,FN
6674,6674.jpg,1,swimmer,,"[1571, 1087, 44, 18]",28.142494558940577,16-32,,,,FN
6674,6674.jpg,5,buoy,,"[1045, 767, 51, 69]",59.321159799855565,32-64,,,,FN
6674,6674.jpg,2,boat,,"[1838, 0, 128, 135]",131.45341380123986,>64,,,,FN
6674,6674.jpg,5,buoy,,"[1157, 26, 20, 23]",21.447610589527216,16-32,,,,FN
6674,6674.jpg,1,swimmer,,"[2194, 1010, 32, 24]",27.712812921102035,16-32,,,,FN
6675,6675.jpg,1,swimmer,,"[2112, 1015, 25, 23]",23.979157616563597,16-32,,,,FN
6675,6675.jpg,1,swimmer,,"[2392, 919, 34, 29]",31.400636936215164,16-32,,,,FN
6675,6675.jpg,1,swimmer,,"[2073, 811, 25, 18]",21.213203435596427,16-32,,,,FN
6675,6675.jpg,1,swimmer,,"[1860, 1012, 38, 15]",23.874672772626646,16-32,,,,FN
6675,6675.jpg,1,swimmer,,"[1682, 1054, 41, 20]",28.635642126552707,16-32,,,,FN
6675,6675.jpg,1,swimmer,,"[1705, 1006, 33, 24]",28.142494558940577,16-32,,,,FN
6675,6675.jpg,1,swimmer,,"[1578, 1063, 42, 16]",25.92296279363144,16-32,,,,FN
6675,6675.jpg,5,buoy,,"[1094, 741, 49, 67]",57.29746940310715,32-64,,,,FN
6675,6675.jpg,2,boat,,"[1937, 0, 127, 129]",127.99609369039354,>64,,,,FN
6675,6675.jpg,1,swimmer,,"[2195, 999, 30, 23]",26.267851073127396,16-32,,,,FN
6676,6676.jpg,1,swimmer,,"[2094, 1006, 25, 22]",23.45207879911715,16-32,,,,FN
6676,6676.jpg,1,swimmer,,"[2381, 913, 36, 28]",31.74901573277509,16-32,,,,FN
6676,6676.jpg,1,swimmer,,"[2077, 803, 26, 18]",21.633307652783937,16-32,,,,FN
6676,6676.jpg,1,swimmer,,"[1841, 997, 34, 15]",22.58317958127243,16-32,,,,FN
6676,6676.jpg,1,swimmer,,"[1662, 1027, 39, 21]",28.61817604250837,16-32,,,,FN
6676,6676.jpg,1,swimmer,,"[1690, 981, 34, 23]",27.964262908219126,16-32,,,,FN
6676,6676.jpg,1,swimmer,,"[1568, 1035, 40, 19]",27.568097504180443,16-32,,,,FN
6676,6676.jpg,5,buoy,,"[1123, 718, 48, 65]",55.85696017507576,32-64,,,,FN
6676,6676.jpg,1,swimmer,,"[2177, 989, 31, 24]",27.27636339397171,16-32,,,,FN
6677,6677.jpg,1,swimmer,,"[1949, 993, 25, 25]",25.0,16-32,,,,FN
6677,6677.jpg,1,swimmer,,"[2233, 906, 33, 22]",26.94438717061496,16-32,,,,FN
6677,6677.jpg,1,swimmer,,"[1954, 796, 20, 19]",19.493588689617926,16-32,,,,FN
6677,6677.jpg,1,swimmer,,"[1707, 984, 31, 17]",22.956480566497994,16-32,,,,FN
6677,6677.jpg,1,swimmer,,"[1516, 1009, 36, 24]",29.393876913398138,16-32,,,,FN
6677,6677.jpg,1,swimmer,,"[1548, 970, 32, 22]",26.5329983228432,16-32,,,,FN
6677,6677.jpg,1,swimmer,,"[1423, 1010, 39, 22]",29.29163703175362,16-32,,,,FN
6677,6677.jpg,5,buoy,,"[1007, 713, 52, 64]",57.688820407423826,32-64,,,,FN
6677,6677.jpg,5,buoy,,"[1384, 5, 15, 22]",18.16590212458495,16-32,,,,FN
6677,6677.jpg,1,swimmer,,"[2038, 979, 22, 23]",22.494443758403985,16-32,,,,FN
6678,6678.jpg,1,swimmer,,"[1824, 980, 23, 23]",23.0,16-32,,,,FN
6678,6678.jpg,1,swimmer,,"[2109, 899, 40, 24]",30.983866769659336,16-32,,,,FN
6678,6678.jpg,1,swimmer,,"[1842, 780, 19, 21]",19.974984355438178,16-32,,,,FN
6678,6678.jpg,1,swimmer,,"[1590, 974, 33, 16]",22.978250586152114,16-32,,,,FN
6678,6678.jpg,1,swimmer,,"[1387, 997, 38, 24]",30.199337741083,16-32,,,,FN
6678,6678.jpg,1,swimmer,,"[1430, 965, 30, 20]",24.49489742783178,16-32,,,,FN
6678,6678.jpg,1,swimmer,,"[1294, 992, 43, 23]",31.448370387032774,16-32,,,,FN
6678,6678.jpg,5,buoy,,"[913, 708, 49, 65]",56.43580423808985,32-64,,,,FN
6678,6678.jpg,5,buoy,,"[1349, 0, 15, 20]",17.320508075688775,16-32,,,,FN
6678,6678.jpg,1,swimmer,,"[1916, 968, 17, 20]",18.439088914585774,16-32,,,,FN
6679,6679.jpg,1,swimmer,,"[1740, 967, 24, 23]",23.49468024894146,16-32,,,,FN
6679,6679.jpg,1,swimmer,,"[2024, 891, 32, 22]",26.5329983228432,16-32,,,,FN
6679,6679.jpg,1,swimmer,,"[1764, 770, 22, 20]",20.97617696340303,16-32,,,,FN
6679,6679.jpg,1,swimmer,,"[1507, 962, 25, 18]",21.213203435596427,16-32,,,,FN
6679,6679.jpg,1,swimmer,,"[1305, 986, 29, 26]",27.459060435491963,16-32,,,,FN
6679,6679.jpg,1,swimmer,,"[1350, 959, 32, 21]",25.92296279363144,16-32,,,,FN
6679,6679.jpg,1,swimmer,,"[1207, 992, 45, 22]",31.464265445104548,16-32,,,,FN
6679,6679.jpg,5,buoy,,"[852, 702, 48, 64]",55.42562584220407,32-64,,,,FN
6679,6679.jpg,1,swimmer,,"[1828, 956, 15, 19]",16.881943016134134,16-32,,,,FN
6680,6680.jpg,1,swimmer,,"[1693, 961, 26, 22]",23.916521486202797,16-32,,,,FN
6680,6680.jpg,1,swimmer,,"[1972, 877, 34, 23]",27.964262908219126,16-32,,,,FN
6680,6680.jpg,1,swimmer,,"[1719, 762, 20, 19]",19.493588689617926,16-32,,,,FN
6680,6680.jpg,1,swimmer,,"[1468, 954, 21, 15]",17.74823934929885,16-32,,,,FN
6680,6680.jpg,1,swimmer,,"[1258, 984, 27, 32]",29.393876913398138,16-32,,,,FN
6680,6680.jpg,1,swimmer,,"[1307, 953, 32, 22]",26.5329983228432,16-32,,,,FN
6680,6680.jpg,1,swimmer,,"[1159, 990, 45, 23]",32.17141588429082,32-64,,,,FN
6680,6680.jpg,5,buoy,,"[818, 692, 47, 64]",54.84523680320835,32-64,,,,FN
6680,6680.jpg,2,boat,,"[1806, 0, 123, 97]",109.2291169972549,>64,,,,FN
6680,6680.jpg,1,swimmer,,"[1776, 949, 15, 17]",15.968719422671311,<16,,,,FN
6681,6681.jpg,1,swimmer,,"[1673, 952, 25, 22]",23.45207879911715,16-32,,,,FN
6681,6681.jpg,1,swimmer,,"[1950, 872, 36, 23]",28.77498913987632,16-32,,,,FN
6681,6681.jpg,1,swimmer,,"[1697, 753, 25, 21]",22.9128784747792,16-32,,,,FN
6681,6681.jpg,1,swimmer,,"[1451, 949, 25, 16]",20.0,16-32,,,,FN
6681,6681.jpg,1,swimmer,,"[1242, 985, 22, 23]",22.494443758403985,16-32,,,,FN
6681,6681.jpg,1,swimmer,,"[1286, 945, 32, 21]",25.92296279363144,16-32,,,,FN
6681,6681.jpg,1,swimmer,,"[1142, 990, 45, 24]",32.863353450309965,32-64,,,,FN
6681,6681.jpg,5,buoy,,"[805, 681, 48, 64]",55.42562584220407,32-64,,,,FN
6681,6681.jpg,2,boat,,"[1786, 0, 120, 92]",105.07140429250958,>64,,,,FN
6681,6681.jpg,1,swimmer,,"[1754, 947, 15, 21]",17.74823934929885,16-32,,,,FN
6682,6682.jpg,1,swimmer,,"[1673, 952, 24, 22]",22.978250586152114,16-32,,,,FN
6682,6682.jpg,1,swimmer,,"[1949, 861, 32, 24]",27.712812921102035,16-32,,,,FN
6682,6682.jpg,1,swimmer,,"[1690, 749, 23, 17]",19.77371993328519,16-32,,,,FN
6682,6682.jpg,1,swimmer,,"[1452, 952, 28, 16]",21.166010488516726,16-32,,,,FN
6682,6682.jpg,1,swimmer,,"[1243, 980, 22, 22]",22.0,16-32,,,,FN
6682,6682.jpg,1,swimmer,,"[1279, 943, 31, 21]",25.514701644346147,16-32,,,,FN
6682,6682.jpg,1,swimmer,,"[1142, 985, 47, 24]",33.58571124749333,32-64,,,,FN
6682,6682.jpg,5,buoy,,"[807, 673, 48, 65]",55.85696017507576,32-64,,,,FN
6682,6682.jpg,1,swimmer,,"[1749, 950, 19, 18]",18.49324200890693,16-32,,,,FN
6683,6683.jpg,1,swimmer,,"[1681, 958, 21, 19]",19.974984355438178,16-32,,,,FN
6683,6683.jpg,1,swimmer,,"[1950, 855, 34, 24]",28.5657137141714,16-32,,,,FN
6683,6683.jpg,1,swimmer,,"[1690, 744, 22, 17]",19.339079605813716,16-32,,,,FN
6683,6683.jpg,1,swimmer,,"[1456, 956, 24, 17]",20.199009876724155,16-32,,,,FN
6683,6683.jpg,1,swimmer,,"[1242, 973, 23, 26]",24.454038521274967,16-32,,,,FN
6683,6683.jpg,1,swimmer,,"[1279, 941, 33, 22]",26.94438717061496,16-32,,,,FN
6683,6683.jpg,1,swimmer,,"[1141, 978, 49, 26]",35.6931365951495,32-64,,,,FN
6683,6683.jpg,5,buoy,,"[808, 672, 49, 64]",56.0,32-64,,,,FN
6683,6683.jpg,1,swimmer,,"[1757, 949, 18, 18]",18.0,16-32,,,,FN
6684,6684.jpg,1,swimmer,,"[1686, 959, 23, 23]",23.0,16-32,,,,FN
6684,6684.jpg,1,swimmer,,"[1950, 850, 30, 23]",26.267851073127396,16-32,,,,FN
6684,6684.jpg,1,swimmer,,"[1688, 746, 22, 16]",18.76166303929372,16-32,,,,FN
6684,6684.jpg,1,swimmer,,"[1456, 952, 24, 16]",19.595917942265423,16-32,,,,FN
6684,6684.jpg,1,swimmer,,"[1241, 971, 26, 25]",25.495097567963924,16-32,,,,FN
6684,6684.jpg,1,swimmer,,"[1282, 942, 32, 21]",25.92296279363144,16-32,,,,FN
6684,6684.jpg,1,swimmer,,"[1141, 976, 47, 24]",33.58571124749333,32-64,,,,FN
6684,6684.jpg,5,buoy,,"[807, 671, 49, 64]",56.0,32-64,,,,FN
6684,6684.jpg,1,swimmer,,"[1759, 949, 19, 17]",17.97220075561143,16-32,,,,FN
6685,6685.jpg,1,swimmer,,"[1690, 959, 23, 24]",23.49468024894146,16-32,,,,FN
6685,6685.jpg,1,swimmer,,"[1943, 848, 34, 24]",28.5657137141714,16-32,,,,FN
6685,6685.jpg,1,swimmer,,"[1682, 742, 22, 17]",19.339079605813716,16-32,,,,FN
6685,6685.jpg,1,swimmer,,"[1461, 952, 21, 15]",17.74823934929885,16-32,,,,FN
6685,6685.jpg,1,swimmer,,"[1242, 975, 25, 26]",25.495097567963924,16-32,,,,FN
6685,6685.jpg,1,swimmer,,"[1281, 940, 30, 21]",25.099800796022265,16-32,,,,FN
6685,6685.jpg,1,swimmer,,"[1141, 979, 43, 24]",32.12475680841802,32-64,,,,FN
6685,6685.jpg,5,buoy,,"[804, 672, 48, 63]",54.99090833947008,32-64,,,,FN
6685,6685.jpg,1,swimmer,,"[1760, 949, 21, 20]",20.493901531919196,16-32,,,,FN
6686,6686.jpg,1,swimmer,,"[1688, 956, 24, 23]",23.49468024894146,16-32,,,,FN
6686,6686.jpg,1,swimmer,,"[1940, 849, 33, 25]",28.722813232690143,16-32,,,,FN
6686,6686.jpg,1,swimmer,,"[1674, 741, 22, 16]",18.76166303929372,16-32,,,,FN
6686,6686.jpg,1,swimmer,,"[1464, 950, 16, 16]",16.0,16-32,,,,FN
6686,6686.jpg,1,swimmer,,"[1245, 975, 24, 23]",23.49468024894146,16-32,,,,FN
6686,6686.jpg,1,swimmer,,"[1282, 939, 30, 21]",25.099800796022265,16-32,,,,FN
6686,6686.jpg,1,swimmer,,"[1139, 982, 49, 24]",34.292856398964496,32-64,,,,FN
6686,6686.jpg,1,swimmer,,"[1758, 949, 21, 19]",19.974984355438178,16-32,,,,FN
6687,6687.jpg,1,swimmer,,"[1687, 951, 22, 24]",22.978250586152114,16-32,,,,FN
6687,6687.jpg,1,swimmer,,"[1933, 845, 31, 24]",27.27636339397171,16-32,,,,FN
6687,6687.jpg,1,swimmer,,"[1669, 736, 21, 15]",17.74823934929885,16-32,,,,FN
6687,6687.jpg,1,swimmer,,"[1464, 946, 16, 19]",17.435595774162696,16-32,,,,FN
6687,6687.jpg,1,swimmer,,"[1246, 972, 23, 24]",23.49468024894146,16-32,,,,FN
6687,6687.jpg,1,swimmer,,"[1280, 940, 27, 19]",22.64950330581225,16-32,,,,FN
6687,6687.jpg,1,swimmer,,"[1139, 979, 48, 25]",34.64101615137755,32-64,,,,FN
6687,6687.jpg,5,buoy,,"[801, 681, 49, 63]",55.560777532356404,32-64,,,,FN
6687,6687.jpg,2,boat,,"[1685, 0, 122, 87]",103.02426898551623,>64,,,,FN
6687,6687.jpg,1,swimmer,,"[1754, 945, 20, 19]",19.493588689617926,16-32,,,,FN
6688,6688.jpg,1,swimmer,,"[1686, 947, 21, 22]",21.494185260204677,16-32,,,,FN
6688,6688.jpg,1,swimmer,,"[1921, 846, 30, 22]",25.69046515733026,16-32,,,,FN
6688,6688.jpg,1,swimmer,,"[1664, 736, 21, 16]",18.33030277982336,16-32,,,,FN
6688,6688.jpg,1,swimmer,,"[1470, 947, 18, 17]",17.4928556845359,16-32,,,,FN
6688,6688.jpg,1,swimmer,,"[1246, 969, 25, 25]",25.0,16-32,,,,FN
6688,6688.jpg,1,swimmer,,"[1278, 941, 26, 19]",22.22611077089287,16-32,,,,FN
6688,6688.jpg,1,swimmer,,"[1141, 984, 45, 21]",30.740852297878796,16-32,,,,FN
6688,6688.jpg,5,buoy,,"[800, 682, 48, 63]",54.99090833947008,32-64,,,,FN
6688,6688.jpg,1,swimmer,,"[1747, 943, 22, 19]",20.445048300260872,16-32,,,,FN
6689,6689.jpg,1,swimmer,,"[1683, 945, 21, 21]",21.0,16-32,,,,FN
6689,6689.jpg,1,swimmer,,"[1914, 842, 29, 23]",25.826343140289914,16-32,,,,FN
6689,6689.jpg,1,swimmer,,"[1663, 735, 21, 15]",17.74823934929885,16-32,,,,FN
6689,6689.jpg,1,swimmer,,"[1469, 947, 17, 15]",15.968719422671311,<16,,,,FN
6689,6689.jpg,1,swimmer,,"[1247, 974, 25, 24]",24.49489742783178,16-32,,,,FN
6689,6689.jpg,1,swimmer,,"[1278, 942, 26, 19]",22.22611077089287,16-32,,,,FN
6689,6689.jpg,1,swimmer,,"[1138, 983, 46, 24]",33.2264954516723,32-64,,,,FN
6689,6689.jpg,5,buoy,,"[796, 679, 49, 64]",56.0,32-64,,,,FN
6689,6689.jpg,1,swimmer,,"[1741, 939, 24, 21]",22.44994432064365,16-32,,,,FN
6690,6690.jpg,1,swimmer,,"[1679, 944, 20, 21]",20.493901531919196,16-32,,,,FN
6690,6690.jpg,1,swimmer,,"[1904, 843, 29, 23]",25.826343140289914,16-32,,,,FN
6690,6690.jpg,1,swimmer,,"[1659, 732, 21, 16]",18.33030277982336,16-32,,,,FN
6690,6690.jpg,1,swimmer,,"[1469, 950, 18, 14]",15.874507866387544,<16,,,,FN
6690,6690.jpg,1,swimmer,,"[1251, 975, 22, 22]",22.0,16-32,,,,FN
6690,6690.jpg,1,swimmer,,"[1278, 939, 28, 20]",23.664319132398465,16-32,,,,FN
6690,6690.jpg,1,swimmer,,"[1132, 981, 50, 23]",33.91164991562634,32-64,,,,FN
6690,6690.jpg,5,buoy,,"[793, 678, 50, 64]",56.568542494923804,32-64,,,,FN
6690,6690.jpg,1,swimmer,,"[1738, 939, 22, 21]",21.494185260204677,16-32,,,,FN
6691,6691.jpg,1,swimmer,,"[1672, 948, 20, 21]",20.493901531919196,16-32,,,,FN
6691,6691.jpg,1,swimmer,,"[1901, 843, 31, 21]",25.514701644346147,16-32,,,,FN
6691,6691.jpg,1,swimmer,,"[1653, 728, 21, 16]",18.33030277982336,16-32,,,,FN
6691,6691.jpg,1,swimmer,,"[1467, 950, 22, 15]",18.16590212458495,16-32,,,,FN
6691,6691.jpg,1,swimmer,,"[1252, 971, 24, 23]",23.49468024894146,16-32,,,,FN
6691,6691.jpg,1,swimmer,,"[1275, 939, 32, 21]",25.92296279363144,16-32,,,,FN
6691,6691.jpg,1,swimmer,,"[1130, 980, 50, 25]",35.35533905932738,32-64,,,,FN
6691,6691.jpg,5,buoy,,"[795, 681, 49, 65]",56.43580423808985,32-64,,,,FN
6691,6691.jpg,1,swimmer,,"[1737, 942, 21, 22]",21.494185260204677,16-32,,,,FN
6692,6692.jpg,1,swimmer,,"[1668, 951, 19, 20]",19.493588689617926,16-32,,,,FN
6692,6692.jpg,1,swimmer,,"[1897, 838, 29, 22]",25.25866188063018,16-32,,,,FN
6692,6692.jpg,1,swimmer,,"[1647, 727, 23, 17]",19.77371993328519,16-32,,,,FN
6692,6692.jpg,1,swimmer,,"[1460, 948, 28, 18]",22.44994432064365,16-32,,,,FN
6692,6692.jpg,1,swimmer,,"[1251, 968, 25, 24]",24.49489742783178,16-32,,,,FN
6692,6692.jpg,1,swimmer,,"[1271, 941, 32, 21]",25.92296279363144,16-32,,,,FN
6692,6692.jpg,1,swimmer,,"[1128, 978, 52, 26]",36.76955262170047,32-64,,,,FN
6692,6692.jpg,5,buoy,,"[796, 686, 50, 65]",57.0087712549569,32-64,,,,FN
6692,6692.jpg,1,swimmer,,"[1730, 947, 23, 23]",23.0,16-32,,,,FN
6693,6693.jpg,1,swimmer,,"[1667, 951, 19, 19]",19.0,16-32,,,,FN
6693,6693.jpg,1,swimmer,,"[1888, 838, 33, 21]",26.324893162176366,16-32,,,,FN
6693,6693.jpg,1,swimmer,,"[1643, 729, 22, 16]",18.76166303929372,16-32,,,,FN
6693,6693.jpg,1,swimmer,,"[1460, 946, 27, 17]",21.42428528562855,16-32,,,,FN
6693,6693.jpg,1,swimmer,,"[1250, 966, 26, 25]",25.495097567963924,16-32,,,,FN
6693,6693.jpg,1,swimmer,,"[1269, 939, 31, 21]",25.514701644346147,16-32,,,,FN
6693,6693.jpg,1,swimmer,,"[1128, 981, 51, 21]",32.72613634390714,32-64,,,,FN
6693,6693.jpg,5,buoy,,"[795, 688, 49, 64]",56.0,32-64,,,,FN
6693,6693.jpg,1,swimmer,,"[1727, 946, 25, 23]",23.979157616563597,16-32,,,,FN
6694,6694.jpg,1,swimmer,,"[1663, 950, 20, 21]",20.493901531919196,16-32,,,,FN
6694,6694.jpg,1,swimmer,,"[1889, 830, 29, 23]",25.826343140289914,16-32,,,,FN
6694,6694.jpg,1,swimmer,,"[1636, 732, 22, 16]",18.76166303929372,16-32,,,,FN
6694,6694.jpg,1,swimmer,,"[1447, 951, 33, 18]",24.372115213907882,16-32,,,,FN
6694,6694.jpg,1,swimmer,,"[1248, 966, 26, 24]",24.979991993593593,16-32,,,,FN
6694,6694.jpg,1,swimmer,,"[1264, 936, 31, 20]",24.899799195977465,16-32,,,,FN
6694,6694.jpg,1,swimmer,,"[1127, 979, 49, 25]",35.0,32-64,,,,FN
6694,6694.jpg,5,buoy,,"[794, 683, 49, 65]",56.43580423808985,32-64,,,,FN
6694,6694.jpg,1,swimmer,,"[1727, 948, 21, 22]",21.494185260204677,16-32,,,,FN
6695,6695.jpg,1,swimmer,,"[1659, 949, 20, 21]",20.493901531919196,16-32,,,,FN
6695,6695.jpg,1,swimmer,,"[1883, 833, 29, 22]",25.25866188063018,16-32,,,,FN
6695,6695.jpg,1,swimmer,,"[1630, 733, 21, 16]",18.33030277982336,16-32,,,,FN
6695,6695.jpg,1,swimmer,,"[1446, 950, 37, 18]",25.80697580112788,16-32,,,,FN
6695,6695.jpg,1,swimmer,,"[1249, 966, 23, 23]",23.0,16-32,,,,FN
6695,6695.jpg,1,swimmer,,"[1263, 940, 29, 21]",24.677925358506133,16-32,,,,FN
6695,6695.jpg,1,swimmer,,"[1123, 979, 53, 23]",34.91418050019218,32-64,,,,FN
6695,6695.jpg,5,buoy,,"[792, 681, 49, 65]",56.43580423808985,32-64,,,,FN
6695,6695.jpg,1,swimmer,,"[1728, 949, 19, 21]",19.974984355438178,16-32,,,,FN
6696,6696.jpg,1,swimmer,,"[1656, 952, 21, 19]",19.974984355438178,16-32,,,,FN
6696,6696.jpg,1,swimmer,,"[1878, 840, 29, 22]",25.25866188063018,16-32,,,,FN
6696,6696.jpg,1,swimmer,,"[1626, 729, 22, 16]",18.76166303929372,16-32,,,,FN
6696,6696.jpg,1,swimmer,,"[1446, 952, 34, 17]",24.041630560342615,16-32,,,,FN
6696,6696.jpg,1,swimmer,,"[1251, 968, 23, 22]",22.494443758403985,16-32,,,,FN
6696,6696.jpg,1,swimmer,,"[1258, 947, 33, 20]",25.69046515733026,16-32,,,,FN
6696,6696.jpg,1,swimmer,,"[1119, 985, 48, 21]",31.74901573277509,16-32,,,,FN
6696,6696.jpg,5,buoy,,"[793, 686, 49, 64]",56.0,32-64,,,,FN
6696,6696.jpg,1,swimmer,,"[1728, 947, 17, 20]",18.439088914585774,16-32,,,,FN
6697,6697.jpg,1,swimmer,,"[1652, 951, 47, 23]",32.87856444554719,32-64,,,,FN
6697,6697.jpg,1,swimmer,,"[1874, 842, 29, 22]",25.25866188063018,16-32,,,,FN
6697,6697.jpg,1,swimmer,,"[1624, 729, 20, 16]",17.88854381999832,16-32,,,,FN
6697,6697.jpg,1,swimmer,,"[1454, 952, 33, 18]",24.372115213907882,16-32,,,,FN
6697,6697.jpg,1,swimmer,,"[1249, 973, 23, 28]",25.37715508089904,16-32,,,,FN
6697,6697.jpg,1,swimmer,,"[1254, 950, 29, 20]",24.08318915758459,16-32,,,,FN
6697,6697.jpg,1,swimmer,,"[1112, 988, 53, 24]",35.66510900025401,32-64,,,,FN
6697,6697.jpg,5,buoy,,"[793, 690, 49, 64]",56.0,32-64,,,,FN
6697,6697.jpg,2,boat,,"[1497, 0, 121, 91]",104.93331215586402,>64,,,,FN
6697,6697.jpg,1,swimmer,,"[1726, 947, 18, 20]",18.973665961010276,16-32,,,,FN
6698,6698.jpg,1,swimmer,,"[1650, 954, 48, 22]",32.49615361854384,32-64,,,,FN
6698,6698.jpg,1,swimmer,,"[1870, 842, 30, 22]",25.69046515733026,16-32,,,,FN
6698,6698.jpg,1,swimmer,,"[1623, 726, 17, 18]",17.4928556845359,16-32,,,,FN
6698,6698.jpg,1,swimmer,,"[1454, 960, 23, 16]",19.183326093250876,16-32,,,,FN
6698,6698.jpg,1,swimmer,,"[1250, 980, 22, 22]",22.0,16-32,,,,FN
6698,6698.jpg,1,swimmer,,"[1255, 953, 32, 22]",26.5329983228432,16-32,,,,FN
6698,6698.jpg,1,swimmer,,"[1109, 994, 55, 22]",34.785054261852174,32-64,,,,FN
6698,6698.jpg,5,buoy,,"[795, 690, 49, 64]",56.0,32-64,,,,FN
6698,6698.jpg,2,boat,,"[1476, 0, 122, 91]",105.36602868097478,>64,,,,FN
6698,6698.jpg,1,swimmer,,"[1725, 953, 18, 19]",18.49324200890693,16-32,,,,FN
6699,6699.jpg,1,swimmer,,"[1650, 960, 42, 20]",28.982753492378876,16-32,,,,FN
6699,6699.jpg,1,swimmer,,"[1865, 836, 29, 23]",25.826343140289914,16-32,,,,FN
6699,6699.jpg,1,swimmer,,"[1620, 725, 18, 18]",18.0,16-32,,,,FN
6699,6699.jpg,1,swimmer,,"[1450, 967, 25, 16]",20.0,16-32,,,,FN
6699,6699.jpg,1,swimmer,,"[1252, 982, 22, 22]",22.0,16-32,,,,FN
6699,6699.jpg,1,swimmer,,"[1253, 953, 30, 22]",25.69046515733026,16-32,,,,FN
6699,6699.jpg,1,swimmer,,"[1107, 999, 51, 23]",34.249087579087416,32-64,,,,FN
6699,6699.jpg,5,buoy,,"[793, 686, 50, 64]",56.568542494923804,32-64,,,,FN
6699,6699.jpg,2,boat,,"[1456, 0, 122, 92]",105.94338110519222,>64,,,,FN
6699,6699.jpg,1,swimmer,,"[1722, 959, 21, 20]",20.493901531919196,16-32,,,,FN
6700,6700.jpg,1,swimmer,,"[1652, 963, 38, 20]",27.568097504180443,16-32,,,,FN
6700,6700.jpg,1,swimmer,,"[1855, 839, 29, 23]",25.826343140289914,16-32,,,,FN
6700,6700.jpg,1,swimmer,,"[1621, 724, 15, 18]",16.431676725154983,16-32,,,,FN
6700,6700.jpg,1,swimmer,,"[1451, 970, 26, 15]",19.748417658131498,16-32,,,,FN
6700,6700.jpg,1,swimmer,,"[1250, 977, 26, 25]",25.495097567963924,16-32,,,,FN
6700,6700.jpg,1,swimmer,,"[1250, 951, 27, 20]",23.2379000772445,16-32,,,,FN
6700,6700.jpg,1,swimmer,,"[1104, 998, 53, 24]",35.66510900025401,32-64,,,,FN
6700,6700.jpg,5,buoy,,"[789, 684, 51, 64]",57.1314274283428,32-64,,,,FN
6700,6700.jpg,1,swimmer,,"[1722, 963, 21, 20]",20.493901531919196,16-32,,,,FN
7172,7172.jpg,5,buoy,,"[1730, 1128, 16, 21]",18.33030277982336,16-32,,,,FN
7172,7172.jpg,2,boat,,"[1909, 892, 23, 62]",37.76241517699841,32-64,,,,FN
7172,7172.jpg,2,boat,,"[1588, 824, 15, 39]",24.186773244895647,16-32,,,,FN
7172,7172.jpg,2,boat,,"[1541, 830, 23, 45]",32.17141588429082,32-64,,,,FN
7172,7172.jpg,5,buoy,,"[2781, 1016, 14, 22]",17.549928774784245,16-32,,,,FN
7173,7173.jpg,5,buoy,,"[1731, 1127, 16, 21]",18.33030277982336,16-32,,,,FN
7173,7173.jpg,2,boat,,"[1909, 892, 23, 61]",37.456641600656084,32-64,,,,FN
7173,7173.jpg,2,boat,,"[1588, 826, 13, 35]",21.330729007701542,16-32,,,,FN
7173,7173.jpg,2,boat,,"[1540, 830, 23, 45]",32.17141588429082,32-64,,,,FN
7173,7173.jpg,5,buoy,,"[2781, 1016, 13, 22]",16.911534525287763,16-32,,,,FN
7174,7174.jpg,5,buoy,,"[1731, 1124, 17, 21]",18.894443627691185,16-32,,,,FN
7174,7174.jpg,2,boat,,"[1907, 892, 23, 61]",37.456641600656084,32-64,,,,FN
7174,7174.jpg,2,boat,,"[1589, 825, 13, 36]",21.633307652783937,16-32,,,,FN
7174,7174.jpg,2,boat,,"[1539, 829, 24, 44]",32.49615361854384,32-64,,,,FN
7174,7174.jpg,5,buoy,,"[2779, 1015, 14, 22]",17.549928774784245,16-32,,,,FN
7175,7175.jpg,5,buoy,,"[1733, 1123, 16, 20]",17.88854381999832,16-32,,,,FN
7175,7175.jpg,2,boat,,"[1906, 890, 24, 60]",37.94733192202055,32-64,,,,FN
7175,7175.jpg,2,boat,,"[1590, 823, 12, 38]",21.354156504062622,16-32,,,,FN
7175,7175.jpg,2,boat,,"[1541, 830, 23, 42]",31.080540535840107,16-32,,,,FN
7175,7175.jpg,5,buoy,,"[2777, 1014, 15, 23]",18.57417562100671,16-32,,,,FN
7176,7176.jpg,5,buoy,,"[1733, 1121, 16, 21]",18.33030277982336,16-32,,,,FN
7176,7176.jpg,2,boat,,"[1904, 888, 24, 62]",38.57460304397182,32-64,,,,FN
7176,7176.jpg,2,boat,,"[1588, 824, 13, 37]",21.93171219946131,16-32,,,,FN
7176,7176.jpg,2,boat,,"[1539, 827, 22, 46]",31.811947441173732,16-32,,,,FN
7176,7176.jpg,5,buoy,,"[2774, 1013, 14, 23]",17.944358444926362,16-32,,,,FN
7177,7177.jpg,5,buoy,,"[1734, 1121, 16, 21]",18.33030277982336,16-32,,,,FN
7177,7177.jpg,2,boat,,"[1902, 890, 23, 59]",36.837480912787726,32-64,,,,FN
7177,7177.jpg,2,boat,,"[1587, 823, 14, 38]",23.065125189341593,16-32,,,,FN
7177,7177.jpg,2,boat,,"[1537, 828, 23, 44]",31.811947441173732,16-32,,,,FN
7177,7177.jpg,5,buoy,,"[2773, 1013, 15, 22]",18.16590212458495,16-32,,,,FN
7178,7178.jpg,5,buoy,,"[1735, 1121, 17, 21]",18.894443627691185,16-32,,,,FN
7178,7178.jpg,2,boat,,"[1900, 889, 22, 60]",36.3318042491699,32-64,,,,FN
7178,7178.jpg,2,boat,,"[1588, 823, 13, 38]",22.22611077089287,16-32,,,,FN
7178,7178.jpg,2,boat,,"[1535, 829, 23, 43]",31.448370387032774,16-32,,,,FN
7178,7178.jpg,5,buoy,,"[2771, 1013, 15, 23]",18.57417562100671,16-32,,,,FN
7179,7179.jpg,5,buoy,,"[1735, 1120, 17, 20]",18.439088914585774,16-32,,,,FN
7179,7179.jpg,2,boat,,"[1897, 889, 23, 61]",37.456641600656084,32-64,,,,FN
7179,7179.jpg,2,boat,,"[1588, 825, 13, 37]",21.93171219946131,16-32,,,,FN
7179,7179.jpg,2,boat,,"[1533, 828, 22, 45]",31.464265445104548,16-32,,,,FN
7179,7179.jpg,5,buoy,,"[2770, 1012, 14, 23]",17.944358444926362,16-32,,,,FN
7180,7180.jpg,5,buoy,,"[1735, 1119, 18, 20]",18.973665961010276,16-32,,,,FN
7180,7180.jpg,2,boat,,"[1896, 889, 24, 59]",37.62977544445356,32-64,,,,FN
7180,7180.jpg,2,boat,,"[1587, 829, 13, 33]",20.71231517720798,16-32,,,,FN
7180,7180.jpg,2,boat,,"[1534, 827, 21, 46]",31.080540535840107,16-32,,,,FN
7180,7180.jpg,5,buoy,,"[2767, 1011, 15, 24]",18.973665961010276,16-32,,,,FN
7181,7181.jpg,2,boat,,"[1407, 1218, 36, 22]",28.142494558940577,16-32,,,,FN
7181,7181.jpg,5,buoy,,"[1735, 1119, 16, 19]",17.435595774162696,16-32,,,,FN
7181,7181.jpg,2,boat,,"[1893, 887, 25, 60]",38.72983346207417,32-64,,,,FN
7181,7181.jpg,2,boat,,"[1587, 830, 13, 30]",19.748417658131498,16-32,,,,FN
7181,7181.jpg,2,boat,,"[1535, 826, 21, 46]",31.080540535840107,16-32,,,,FN
7181,7181.jpg,5,buoy,,"[2765, 1009, 16, 26]",20.396078054371138,16-32,,,,FN
7182,7182.jpg,2,boat,,"[1403, 1213, 35, 21]",27.110883423451916,16-32,,,,FN
7182,7182.jpg,5,buoy,,"[1734, 1111, 16, 19]",17.435595774162696,16-32,,,,FN
7182,7182.jpg,2,boat,,"[1891, 883, 24, 59]",37.62977544445356,32-64,,,,FN
7182,7182.jpg,2,boat,,"[1585, 822, 13, 33]",20.71231517720798,16-32,,,,FN
7182,7182.jpg,2,boat,,"[1533, 824, 20, 45]",30.0,16-32,,,,FN
7182,7182.jpg,5,buoy,,"[2763, 1004, 14, 25]",18.708286933869708,16-32,,,,FN
7183,7183.jpg,2,boat,,"[1397, 1215, 34, 22]",27.349588662354687,16-32,,,,FN
7183,7183.jpg,5,buoy,,"[1733, 1113, 15, 17]",15.968719422671311,<16,,,,FN
7183,7183.jpg,2,boat,,"[1889, 884, 22, 59]",36.02776706930364,32-64,,,,FN
7183,7183.jpg,2,boat,,"[1582, 825, 13, 32]",20.396078054371138,16-32,,,,FN
7183,7183.jpg,2,boat,,"[1531, 825, 21, 44]",30.397368307141328,16-32,,,,FN
7183,7183.jpg,5,buoy,,"[2761, 1006, 14, 23]",17.944358444926362,16-32,,,,FN
7184,7184.jpg,2,boat,,"[1392, 1219, 35, 22]",27.748873851023216,16-32,,,,FN
7184,7184.jpg,5,buoy,,"[1731, 1115, 16, 18]",16.97056274847714,16-32,,,,FN
7184,7184.jpg,2,boat,,"[1886, 884, 22, 60]",36.3318042491699,32-64,,,,FN
7184,7184.jpg,2,boat,,"[1580, 826, 14, 34]",21.817424229271428,16-32,,,,FN
7184,7184.jpg,2,boat,,"[1529, 829, 22, 42]",30.397368307141328,16-32,,,,FN
7184,7184.jpg,5,buoy,,"[2761, 1009, 14, 22]",17.549928774784245,16-32,,,,FN
7185,7185.jpg,2,boat,,"[1395, 1220, 32, 22]",26.5329983228432,16-32,,,,FN
7185,7185.jpg,5,buoy,,"[1731, 1114, 16, 19]",17.435595774162696,16-32,,,,FN
7185,7185.jpg,2,boat,,"[1883, 883, 25, 60]",38.72983346207417,32-64,,,,FN
7185,7185.jpg,2,boat,,"[1581, 825, 13, 34]",21.02379604162864,16-32,,,,FN
7185,7185.jpg,2,boat,,"[1527, 832, 23, 41]",30.708305065568176,16-32,,,,FN
7185,7185.jpg,5,buoy,,"[2761, 1006, 16, 22]",18.76166303929372,16-32,,,,FN
7186,7186.jpg,5,buoy,,"[1730, 1117, 17, 20]",18.439088914585774,16-32,,,,FN
7186,7186.jpg,2,boat,,"[1880, 884, 23, 59]",36.837480912787726,32-64,,,,FN
7186,7186.jpg,2,boat,,"[1579, 827, 13, 33]",20.71231517720798,16-32,,,,FN
7186,7186.jpg,2,boat,,"[1526, 832, 23, 41]",30.708305065568176,16-32,,,,FN
7186,7186.jpg,5,buoy,,"[2760, 1007, 15, 25]",19.364916731037084,16-32,,,,FN
7187,7187.jpg,5,buoy,,"[1732, 1121, 15, 21]",17.74823934929885,16-32,,,,FN
7187,7187.jpg,2,boat,,"[1877, 887, 22, 59]",36.02776706930364,32-64,,,,FN
7187,7187.jpg,2,boat,,"[1578, 831, 13, 31]",20.074859899884732,16-32,,,,FN
7187,7187.jpg,2,boat,,"[1525, 833, 22, 41]",30.033314835362415,16-32,,,,FN
7187,7187.jpg,5,buoy,,"[2760, 1011, 14, 22]",17.549928774784245,16-32,,,,FN
7188,7188.jpg,5,buoy,,"[1732, 1123, 14, 19]",16.30950643030009,16-32,,,,FN
7188,7188.jpg,2,boat,,"[1872, 890, 24, 57]",36.98648401781386,32-64,,,,FN
7188,7188.jpg,2,boat,,"[1576, 832, 13, 30]",19.748417658131498,16-32,,,,FN
7188,7188.jpg,2,boat,,"[1524, 834, 20, 42]",28.982753492378876,16-32,,,,FN
7188,7188.jpg,5,buoy,,"[2761, 1014, 13, 20]",16.1245154965971,16-32,,,,FN
7189,7189.jpg,5,buoy,,"[1733, 1124, 14, 20]",16.73320053068151,16-32,,,,FN
7189,7189.jpg,2,boat,,"[1871, 890, 24, 58]",37.30951621235526,32-64,,,,FN
7189,7189.jpg,2,boat,,"[1575, 828, 13, 35]",21.330729007701542,16-32,,,,FN
7189,7189.jpg,2,boat,,"[1522, 836, 20, 41]",28.635642126552707,16-32,,,,FN
7189,7189.jpg,5,buoy,,"[2762, 1015, 13, 21]",16.522711641858304,16-32,,,,FN
7190,7190.jpg,5,buoy,,"[1734, 1125, 15, 20]",17.320508075688775,16-32,,,,FN
7190,7190.jpg,2,boat,,"[1871, 892, 24, 57]",36.98648401781386,32-64,,,,FN
7190,7190.jpg,2,boat,,"[1574, 831, 14, 35]",22.135943621178654,16-32,,,,FN
7190,7190.jpg,2,boat,,"[1520, 840, 22, 38]",28.91366458960192,16-32,,,,FN
7190,7190.jpg,5,buoy,,"[2760, 1013, 15, 23]",18.57417562100671,16-32,,,,FN
7191,7191.jpg,5,buoy,,"[1734, 1126, 15, 21]",17.74823934929885,16-32,,,,FN
7191,7191.jpg,2,boat,,"[1869, 892, 22, 58]",35.7211421989835,32-64,,,,FN
7191,7191.jpg,2,boat,,"[1573, 835, 13, 32]",20.396078054371138,16-32,,,,FN
7191,7191.jpg,2,boat,,"[1518, 843, 23, 36]",28.77498913987632,16-32,,,,FN
7191,7191.jpg,5,buoy,,"[2760, 1014, 14, 24]",18.33030277982336,16-32,,,,FN
7192,7192.jpg,5,buoy,,"[1733, 1127, 14, 22]",17.549928774784245,16-32,,,,FN
7192,7192.jpg,2,boat,,"[1866, 894, 21, 56]",34.292856398964496,32-64,,,,FN
7192,7192.jpg,2,boat,,"[1571, 838, 12, 29]",18.65475810617763,16-32,,,,FN
7192,7192.jpg,2,boat,,"[1517, 843, 22, 37]",28.53068523537421,16-32,,,,FN
7192,7192.jpg,5,buoy,,"[2758, 1015, 13, 23]",17.291616465790582,16-32,,,,FN
7193,7193.jpg,5,buoy,,"[1732, 1127, 14, 19]",16.30950643030009,16-32,,,,FN
7193,7193.jpg,2,boat,,"[1864, 895, 21, 57]",34.597687784012386,32-64,,,,FN
7193,7193.jpg,2,boat,,"[1570, 834, 14, 36]",22.44994432064365,16-32,,,,FN
7193,7193.jpg,2,boat,,"[1515, 842, 22, 40]",29.664793948382652,16-32,,,,FN
7193,7193.jpg,5,buoy,,"[2757, 1018, 13, 21]",16.522711641858304,16-32,,,,FN
7194,7194.jpg,5,buoy,,"[1731, 1128, 15, 20]",17.320508075688775,16-32,,,,FN
7194,7194.jpg,2,boat,,"[1860, 895, 21, 57]",34.597687784012386,32-64,,,,FN
7194,7194.jpg,2,boat,,"[1567, 836, 14, 33]",21.494185260204677,16-32,,,,FN
7194,7194.jpg,2,boat,,"[1513, 838, 23, 45]",32.17141588429082,32-64,,,,FN
7194,7194.jpg,5,buoy,,"[2756, 1019, 14, 20]",16.73320053068151,16-32,,,,FN
7195,7195.jpg,5,buoy,,"[1730, 1129, 15, 19]",16.881943016134134,16-32,,,,FN
7195,7195.jpg,2,boat,,"[1858, 896, 22, 57]",35.41186241925155,32-64,,,,FN
7195,7195.jpg,2,boat,,"[1566, 840, 13, 31]",20.074859899884732,16-32,,,,FN
7195,7195.jpg,2,boat,,"[1512, 837, 24, 47]",33.58571124749333,32-64,,,,FN
7195,7195.jpg,5,buoy,,"[2757, 1020, 15, 22]",18.16590212458495,16-32,,,,FN
7196,7196.jpg,5,buoy,,"[1731, 1132, 14, 21]",17.146428199482248,16-32,,,,FN
7196,7196.jpg,2,boat,,"[1858, 899, 22, 59]",36.02776706930364,32-64,,,,FN
7196,7196.jpg,2,boat,,"[1567, 841, 14, 33]",21.494185260204677,16-32,,,,FN
7196,7196.jpg,2,boat,,"[1512, 843, 24, 43]",32.12475680841802,32-64,,,,FN
7196,7196.jpg,5,buoy,,"[2757, 1024, 15, 23]",18.57417562100671,16-32,,,,FN
7197,7197.jpg,5,buoy,,"[1731, 1132, 14, 19]",16.30950643030009,16-32,,,,FN
7197,7197.jpg,2,boat,,"[1858, 902, 22, 55]",34.785054261852174,32-64,,,,FN
7197,7197.jpg,2,boat,,"[1568, 840, 14, 36]",22.44994432064365,16-32,,,,FN
7197,7197.jpg,2,boat,,"[1512, 848, 24, 40]",30.983866769659336,16-32,,,,FN
7197,7197.jpg,5,buoy,,"[2756, 1026, 15, 22]",18.16590212458495,16-32,,,,FN
7198,7198.jpg,5,buoy,,"[1731, 1132, 15, 21]",17.74823934929885,16-32,,,,FN
7198,7198.jpg,2,boat,,"[1857, 906, 21, 54]",33.67491648096547,32-64,,,,FN
7198,7198.jpg,2,boat,,"[1569, 843, 14, 36]",22.44994432064365,16-32,,,,FN
7198,7198.jpg,2,boat,,"[1513, 851, 23, 40]",30.331501776206203,16-32,,,,FN
7198,7198.jpg,5,buoy,,"[2754, 1029, 14, 21]",17.146428199482248,16-32,,,,FN
7199,7199.jpg,5,buoy,,"[1732, 1134, 15, 20]",17.320508075688775,16-32,,,,FN
7199,7199.jpg,2,boat,,"[1857, 905, 22, 56]",35.09985754956849,32-64,,,,FN
7199,7199.jpg,2,boat,,"[1570, 846, 14, 35]",22.135943621178654,16-32,,,,FN
7199,7199.jpg,2,boat,,"[1515, 854, 23, 40]",30.331501776206203,16-32,,,,FN
7199,7199.jpg,5,buoy,,"[2752, 1031, 13, 21]",16.522711641858304,16-32,,,,FN
7200,7200.jpg,5,buoy,,"[1732, 1135, 15, 20]",17.320508075688775,16-32,,,,FN
7200,7200.jpg,2,boat,,"[1855, 907, 22, 56]",35.09985754956849,32-64,,,,FN
7200,7200.jpg,2,boat,,"[1571, 851, 13, 33]",20.71231517720798,16-32,,,,FN
7200,7200.jpg,2,boat,,"[1516, 857, 21, 38]",28.24889378365107,16-32,,,,FN
7200,7200.jpg,5,buoy,,"[2747, 1031, 14, 23]",17.944358444926362,16-32,,,,FN
7201,7201.jpg,5,buoy,,"[1733, 1133, 15, 19]",16.881943016134134,16-32,,,,FN
7201,7201.jpg,2,boat,,"[1853, 907, 21, 54]",33.67491648096547,32-64,,,,FN
7201,7201.jpg,2,boat,,"[1570, 851, 13, 33]",20.71231517720798,16-32,,,,FN
7201,7201.jpg,2,boat,,"[1500, 858, 20, 37]",27.202941017470888,16-32,,,,FN
7201,7201.jpg,5,buoy,,"[2740, 1030, 14, 25]",18.708286933869708,16-32,,,,FN
7202,7202.jpg,5,buoy,,"[1634, 1131, 13, 19]",15.716233645501712,<16,,,,FN
7202,7202.jpg,2,boat,,"[1747, 906, 22, 54]",34.46737587922817,32-64,,,,FN
7202,7202.jpg,2,boat,,"[1466, 855, 17, 28]",21.817424229271428,16-32,,,,FN
7202,7202.jpg,2,boat,,"[1411, 854, 21, 36]",27.49545416973504,16-32,,,,FN
7202,7202.jpg,5,buoy,,"[2625, 1028, 18, 21]",19.44222209522358,16-32,,,,FN
7203,7203.jpg,2,boat,,"[1320, 1226, 64, 26]",40.792156108742276,32-64,,,,FN
7203,7203.jpg,5,buoy,,"[1615, 1126, 14, 19]",16.30950643030009,16-32,,,,FN
7203,7203.jpg,2,boat,,"[1728, 905, 22, 54]",34.46737587922817,32-64,,,,FN
7203,7203.jpg,2,boat,,"[1447, 853, 19, 29]",23.473389188611005,16-32,,,,FN
7203,7203.jpg,2,boat,,"[1392, 848, 20, 42]",28.982753492378876,16-32,,,,FN
7203,7203.jpg,5,buoy,,"[2601, 1025, 17, 19]",17.97220075561143,16-32,,,,FN
7204,7204.jpg,2,boat,,"[336, 1076, 105, 32]",57.96550698475775,32-64,,,,FN
7204,7204.jpg,2,boat,,"[665, 916, 30, 61]",42.77849927241488,32-64,,,,FN
7204,7204.jpg,2,boat,,"[195, 1283, 74, 26]",43.86342439892262,32-64,,,,FN
7204,7204.jpg,5,buoy,,"[540, 1152, 17, 24]",20.199009876724155,16-32,,,,FN
7204,7204.jpg,5,buoy,,"[1588, 1018, 15, 18]",16.431676725154983,16-32,,,,FN
7205,7205.jpg,2,boat,,"[208, 1077, 97, 34]",57.42821606144492,32-64,,,,FN
7205,7205.jpg,2,boat,,"[529, 917, 27, 59]",39.91240408695021,32-64,,,,FN
7205,7205.jpg,2,boat,,"[92, 1280, 72, 32]",48.0,32-64,,,,FN
7205,7205.jpg,5,buoy,,"[421, 1155, 20, 23]",21.447610589527216,16-32,,,,FN
7205,7205.jpg,5,buoy,,"[1471, 1016, 16, 18]",16.97056274847714,16-32,,,,FN
7206,7206.jpg,2,boat,,"[1339, 902, 22, 53]",34.14674215792775,32-64,,,,FN
7206,7206.jpg,5,buoy,,"[1238, 1118, 16, 20]",17.88854381999832,16-32,,,,FN
7206,7206.jpg,5,buoy,,"[2195, 1007, 14, 19]",16.30950643030009,16-32,,,,FN
7207,7207.jpg,2,boat,,"[1341, 899, 21, 52]",33.04542328371661,32-64,,,,FN
7207,7207.jpg,5,buoy,,"[1245, 1113, 16, 19]",17.435595774162696,16-32,,,,FN
7207,7207.jpg,5,buoy,,"[2193, 1003, 13, 19]",15.716233645501712,<16,,,,FN
7208,7208.jpg,2,boat,,"[1344, 891, 21, 52]",33.04542328371661,32-64,,,,FN
7208,7208.jpg,5,buoy,,"[1257, 1103, 15, 19]",16.881943016134134,16-32,,,,FN
7208,7208.jpg,5,buoy,,"[2194, 995, 12, 18]",14.696938456699069,<16,,,,FN
7209,7209.jpg,2,boat,,"[1353, 886, 20, 51]",31.937438845342623,16-32,,,,FN
7209,7209.jpg,5,buoy,,"[1275, 1093, 16, 21]",18.33030277982336,16-32,,,,FN
7209,7209.jpg,5,buoy,,"[2199, 987, 14, 19]",16.30950643030009,16-32,,,,FN
7210,7210.jpg,2,boat,,"[1365, 880, 20, 52]",32.2490309931942,32-64,,,,FN
7210,7210.jpg,5,buoy,,"[1297, 1084, 15, 19]",16.881943016134134,16-32,,,,FN
7210,7210.jpg,2,boat,,"[1119, 1019, 84, 24]",44.8998886412873,32-64,,,,FN
7210,7210.jpg,5,buoy,,"[2210, 979, 14, 19]",16.30950643030009,16-32,,,,FN
7211,7211.jpg,2,boat,,"[1379, 873, 19, 51]",31.12876483254676,16-32,,,,FN
7211,7211.jpg,5,buoy,,"[1323, 1076, 15, 19]",16.881943016134134,16-32,,,,FN
7211,7211.jpg,2,boat,,"[1114, 1168, 57, 23]",36.207733980463345,32-64,,,,FN
7211,7211.jpg,5,buoy,,"[2223, 973, 13, 19]",15.716233645501712,<16,,,,FN
7212,7212.jpg,2,boat,,"[1394, 865, 20, 52]",32.2490309931942,32-64,,,,FN
7212,7212.jpg,5,buoy,,"[1352, 1069, 15, 18]",16.431676725154983,16-32,,,,FN
7212,7212.jpg,5,buoy,,"[2242, 966, 13, 17]",14.866068747318506,<16,,,,FN
7213,7213.jpg,2,boat,,"[1410, 859, 21, 52]",33.04542328371661,32-64,,,,FN
7213,7213.jpg,5,buoy,,"[1384, 1060, 15, 18]",16.431676725154983,16-32,,,,FN
7213,7213.jpg,2,boat,,"[1201, 1151, 56, 23]",35.888716889852724,32-64,,,,FN
7213,7213.jpg,5,buoy,,"[2260, 958, 13, 17]",14.866068747318506,<16,,,,FN
7214,7214.jpg,2,boat,,"[1427, 855, 22, 51]",33.49626844888845,32-64,,,,FN
7214,7214.jpg,5,buoy,,"[1416, 1053, 16, 18]",16.97056274847714,16-32,,,,FN
7214,7214.jpg,5,buoy,,"[2279, 950, 15, 19]",16.881943016134134,16-32,,,,FN
7215,7215.jpg,2,boat,,"[1446, 851, 22, 51]",33.49626844888845,32-64,,,,FN
7215,7215.jpg,5,buoy,,"[1449, 1046, 16, 19]",17.435595774162696,16-32,,,,FN
7215,7215.jpg,5,buoy,,"[2301, 944, 16, 20]",17.88854381999832,16-32,,,,FN
7216,7216.jpg,2,boat,,"[1468, 850, 21, 49]",32.07802986469088,32-64,,,,FN
7216,7216.jpg,5,buoy,,"[1483, 1041, 15, 19]",16.881943016134134,16-32,,,,FN
7216,7216.jpg,5,buoy,,"[2324, 941, 14, 18]",15.874507866387544,<16,,,,FN
7217,7217.jpg,2,boat,,"[1488, 848, 22, 49]",32.83291031876401,32-64,,,,FN
7217,7217.jpg,5,buoy,,"[1519, 1037, 15, 18]",16.431676725154983,16-32,,,,FN
7217,7217.jpg,5,buoy,,"[2348, 935, 15, 18]",16.431676725154983,16-32,,,,FN
7218,7218.jpg,2,boat,,"[1510, 844, 21, 50]",32.4037034920393,32-64,,,,FN
7218,7218.jpg,5,buoy,,"[1555, 1033, 14, 17]",15.427248620541512,<16,,,,FN
7218,7218.jpg,2,boat,,"[1449, 1118, 57, 22]",35.41186241925155,32-64,,,,FN
7218,7218.jpg,5,buoy,,"[2373, 932, 16, 17]",16.492422502470642,16-32,,,,FN
7219,7219.jpg,2,boat,,"[1530, 842, 21, 50]",32.4037034920393,32-64,,,,FN
7219,7219.jpg,5,buoy,,"[1590, 1029, 14, 16]",14.966629547095765,<16,,,,FN
7219,7219.jpg,2,boat,,"[1498, 1113, 55, 22]",34.785054261852174,32-64,,,,FN
7219,7219.jpg,5,buoy,,"[2396, 928, 15, 18]",16.431676725154983,16-32,,,,FN
7220,7220.jpg,2,boat,,"[1551, 842, 21, 50]",32.4037034920393,32-64,,,,FN
7220,7220.jpg,5,buoy,,"[1625, 1025, 14, 16]",14.966629547095765,<16,,,,FN
7220,7220.jpg,5,buoy,,"[2419, 925, 15, 17]",15.968719422671311,<16,,,,FN
7747,7747.jpg,1,swimmer,,"[3094, 1430, 30, 29]",29.49576240750525,16-32,,,,FN
7747,7747.jpg,1,swimmer,,"[2797, 1582, 42, 39]",40.47221268969612,32-64,,,,FN
7747,7747.jpg,1,swimmer,,"[2912, 1450, 38, 42]",39.949968710876355,32-64,,,,FN
7747,7747.jpg,1,swimmer,,"[3444, 1815, 30, 25]",27.386127875258307,16-32,,,,FN
7747,7747.jpg,1,swimmer,,"[3765, 1949, 39, 31]",34.77067730142742,32-64,,,,FN
7748,7748.jpg,1,swimmer,,"[3049, 1425, 27, 29]",27.982137159266443,16-32,,,,FN
7748,7748.jpg,1,swimmer,,"[2747, 1585, 40, 39]",39.496835316262995,32-64,,,,FN
7748,7748.jpg,1,swimmer,,"[3111, 1318, 22, 22]",22.0,16-32,,,,FN
7748,7748.jpg,1,swimmer,,"[3129, 1345, 21, 23]",21.97726097583591,16-32,,,,FN
7748,7748.jpg,1,swimmer,,"[3032, 1337, 28, 25]",26.457513110645905,16-32,,,,FN
7748,7748.jpg,1,swimmer,,"[2877, 1458, 40, 38]",38.98717737923585,32-64,,,,FN
7748,7748.jpg,1,swimmer,,"[3397, 1817, 32, 21]",25.92296279363144,16-32,,,,FN
7748,7748.jpg,1,swimmer,,"[3713, 1946, 38, 30]",33.76388603226827,32-64,,,,FN
7749,7749.jpg,1,swimmer,,"[3047, 1422, 26, 25]",25.495097567963924,16-32,,,,FN
7749,7749.jpg,1,swimmer,,"[2750, 1592, 34, 34]",34.0,32-64,,,,FN
7749,7749.jpg,1,swimmer,,"[3109, 1322, 23, 20]",21.447610589527216,16-32,,,,FN
7749,7749.jpg,1,swimmer,,"[3129, 1347, 18, 22]",19.8997487421324,16-32,,,,FN
7749,7749.jpg,1,swimmer,,"[3034, 1340, 19, 22]",20.445048300260872,16-32,,,,FN
7749,7749.jpg,1,swimmer,,"[2867, 1439, 40, 48]",43.81780460041329,32-64,,,,FN
7749,7749.jpg,1,swimmer,,"[3396, 1823, 29, 19]",23.473389188611005,16-32,,,,FN
7749,7749.jpg,1,swimmer,,"[3700, 1952, 36, 29]",32.31098884280702,32-64,,,,FN
7750,7750.jpg,1,swimmer,,"[3023, 1418, 28, 30]",28.982753492378876,16-32,,,,FN
7750,7750.jpg,1,swimmer,,"[2737, 1610, 43, 29]",35.31288716601915,32-64,,,,FN
7750,7750.jpg,1,swimmer,,"[3091, 1324, 25, 17]",20.615528128088304,16-32,,,,FN
7750,7750.jpg,1,swimmer,,"[3113, 1347, 17, 21]",18.894443627691185,16-32,,,,FN
7750,7750.jpg,1,swimmer,,"[3022, 1341, 21, 19]",19.974984355438178,16-32,,,,FN
7750,7750.jpg,1,swimmer,,"[2850, 1439, 38, 56]",46.130250378683186,32-64,,,,FN
7750,7750.jpg,1,swimmer,,"[3683, 1963, 28, 23]",25.37715508089904,16-32,,,,FN
7750,7750.jpg,1,swimmer,,"[3378, 1826, 30, 22]",25.69046515733026,16-32,,,,FN
7751,7751.jpg,1,swimmer,,"[2973, 1425, 29, 32]",30.463092423455635,16-32,,,,FN
7751,7751.jpg,1,swimmer,,"[2699, 1623, 38, 28]",32.61901286060018,32-64,,,,FN
7751,7751.jpg,1,swimmer,,"[3042, 1317, 26, 21]",23.366642891095847,16-32,,,,FN
7751,7751.jpg,1,swimmer,,"[3063, 1348, 17, 20]",18.439088914585774,16-32,,,,FN
7751,7751.jpg,1,swimmer,,"[2974, 1341, 23, 21]",21.97726097583591,16-32,,,,FN
7751,7751.jpg,1,swimmer,,"[2811, 1464, 36, 54]",44.090815370097204,32-64,,,,FN
7751,7751.jpg,1,swimmer,,"[3625, 1974, 35, 26]",30.166206257996713,16-32,,,,FN
7751,7751.jpg,1,swimmer,,"[3325, 1832, 30, 20]",24.49489742783178,16-32,,,,FN
7752,7752.jpg,1,swimmer,,"[2899, 1438, 30, 30]",30.0,16-32,,,,FN
7752,7752.jpg,1,swimmer,,"[2630, 1634, 37, 28]",32.18695387886216,32-64,,,,FN
7752,7752.jpg,1,swimmer,,"[2968, 1325, 25, 22]",23.45207879911715,16-32,,,,FN
7752,7752.jpg,1,swimmer,,"[2987, 1356, 19, 20]",19.493588689617926,16-32,,,,FN
7752,7752.jpg,1,swimmer,,"[2896, 1344, 22, 23]",22.494443758403985,16-32,,,,FN
7752,7752.jpg,1,swimmer,,"[2730, 1485, 37, 43]",39.88734135035826,32-64,,,,FN
7752,7752.jpg,1,swimmer,,"[3552, 1985, 26, 23]",24.454038521274967,16-32,,,,FN
7752,7752.jpg,1,swimmer,,"[3238, 1844, 31, 19]",24.269322199023193,16-32,,,,FN
7752,7752.jpg,1,swimmer,,"[2948, 1768, 32, 21]",25.92296279363144,16-32,,,,FN
7753,7753.jpg,1,swimmer,,"[2796, 1448, 31, 28]",29.46183972531247,16-32,,,,FN
7753,7753.jpg,1,swimmer,,"[2527, 1649, 38, 28]",32.61901286060018,32-64,,,,FN
7753,7753.jpg,1,swimmer,,"[2866, 1334, 26, 25]",25.495097567963924,16-32,,,,FN
7753,7753.jpg,1,swimmer,,"[2888, 1370, 17, 22]",19.339079605813716,16-32,,,,FN
7753,7753.jpg,1,swimmer,,"[2794, 1359, 27, 21]",23.811761799581316,16-32,,,,FN
7753,7753.jpg,1,swimmer,,"[2640, 1497, 34, 36]",34.9857113690718,32-64,,,,FN
7753,7753.jpg,1,swimmer,,"[3439, 1996, 33, 28]",30.397368307141328,16-32,,,,FN
7753,7753.jpg,1,swimmer,,"[3125, 1856, 32, 20]",25.298221281347036,16-32,,,,FN
7753,7753.jpg,1,swimmer,,"[2838, 1775, 32, 20]",25.298221281347036,16-32,,,,FN
7754,7754.jpg,1,swimmer,,"[2674, 1455, 30, 27]",28.460498941515414,16-32,,,,FN
7754,7754.jpg,1,swimmer,,"[2401, 1671, 39, 25]",31.22498999199199,16-32,,,,FN
7754,7754.jpg,1,swimmer,,"[2746, 1346, 23, 23]",23.0,16-32,,,,FN
7754,7754.jpg,1,swimmer,,"[2766, 1380, 17, 21]",18.894443627691185,16-32,,,,FN
7754,7754.jpg,1,swimmer,,"[2676, 1371, 25, 23]",23.979157616563597,16-32,,,,FN
7754,7754.jpg,1,swimmer,,"[2523, 1522, 32, 34]",32.984845004941285,32-64,,,,FN
7754,7754.jpg,1,swimmer,,"[3295, 2012, 34, 28]",30.854497241083024,16-32,,,,FN
7754,7754.jpg,1,swimmer,,"[2993, 1876, 31, 19]",24.269322199023193,16-32,,,,FN
7754,7754.jpg,1,swimmer,,"[2682, 1767, 53, 58]",55.44366510251645,32-64,,,,FN
7755,7755.jpg,1,swimmer,,"[2526, 1453, 28, 32]",29.93325909419153,16-32,,,,FN
7755,7755.jpg,1,swimmer,,"[2247, 1690, 41, 26]",32.64965543462902,32-64,,,,FN
7755,7755.jpg,1,swimmer,,"[2608, 1353, 23, 22]",22.494443758403985,16-32,,,,FN
7755,7755.jpg,1,swimmer,,"[2623, 1384, 21, 25]",22.9128784747792,16-32,,,,FN
7755,7755.jpg,1,swimmer,,"[2537, 1377, 39, 20]",27.92848008753788,16-32,,,,FN
7755,7755.jpg,1,swimmer,,"[2379, 1518, 25, 37]",30.4138126514911,16-32,,,,FN
7755,7755.jpg,1,swimmer,,"[3123, 2026, 38, 23]",29.563490998188964,16-32,,,,FN
7755,7755.jpg,1,swimmer,,"[2841, 1893, 30, 19]",23.874672772626646,16-32,,,,FN
7755,7755.jpg,1,swimmer,,"[2532, 1790, 57, 58]",57.4978260458602,32-64,,,,FN
7756,7756.jpg,1,swimmer,,"[2434, 1444, 29, 28]",28.495613697550013,16-32,,,,FN
7756,7756.jpg,1,swimmer,,"[2147, 1692, 38, 28]",32.61901286060018,32-64,,,,FN
7756,7756.jpg,1,swimmer,,"[2516, 1345, 22, 22]",22.0,16-32,,,,FN
7756,7756.jpg,1,swimmer,,"[2533, 1378, 19, 25]",21.79449471770337,16-32,,,,FN
7756,7756.jpg,1,swimmer,,"[2443, 1370, 37, 20]",27.202941017470888,16-32,,,,FN
7756,7756.jpg,1,swimmer,,"[2276, 1503, 26, 51]",36.41428291206625,32-64,,,,FN
7756,7756.jpg,1,swimmer,,"[3016, 2024, 32, 20]",25.298221281347036,16-32,,,,FN
7756,7756.jpg,1,swimmer,,"[2737, 1893, 30, 19]",23.874672772626646,16-32,,,,FN
7756,7756.jpg,1,swimmer,,"[2431, 1791, 47, 50]",48.47679857416329,32-64,,,,FN
7757,7757.jpg,1,swimmer,,"[2391, 1433, 29, 31]",29.9833287011299,16-32,,,,FN
7757,7757.jpg,1,swimmer,,"[2099, 1690, 35, 34]",34.49637662132068,32-64,,,,FN
7757,7757.jpg,1,swimmer,,"[2472, 1334, 21, 20]",20.493901531919196,16-32,,,,FN
7757,7757.jpg,1,swimmer,,"[2490, 1370, 19, 22]",20.445048300260872,16-32,,,,FN
7757,7757.jpg,1,swimmer,,"[2404, 1355, 30, 26]",27.92848008753788,16-32,,,,FN
7757,7757.jpg,1,swimmer,,"[2230, 1503, 29, 58]",41.012193308819754,32-64,,,,FN
7757,7757.jpg,1,swimmer,,"[2966, 2013, 36, 22]",28.142494558940577,16-32,,,,FN
7757,7757.jpg,1,swimmer,,"[2698, 1884, 31, 22]",26.115129714401192,16-32,,,,FN
7757,7757.jpg,1,swimmer,,"[2387, 1793, 36, 39]",37.469987990390386,32-64,,,,FN
7758,7758.jpg,1,swimmer,,"[2389, 1435, 27, 36]",31.176914536239792,16-32,,,,FN
7758,7758.jpg,1,swimmer,,"[2099, 1691, 35, 30]",32.4037034920393,32-64,,,,FN
7758,7758.jpg,1,swimmer,,"[2471, 1331, 22, 18]",19.8997487421324,16-32,,,,FN
7758,7758.jpg,1,swimmer,,"[2498, 1367, 16, 25]",20.0,16-32,,,,FN
7758,7758.jpg,1,swimmer,,"[2407, 1351, 24, 20]",21.908902300206645,16-32,,,,FN
7758,7758.jpg,1,swimmer,,"[2224, 1515, 27, 51]",37.107950630558946,32-64,,,,FN
7758,7758.jpg,1,swimmer,,"[2973, 2008, 36, 24]",29.393876913398138,16-32,,,,FN
7758,7758.jpg,1,swimmer,,"[2699, 1879, 33, 22]",26.94438717061496,16-32,,,,FN
7758,7758.jpg,1,swimmer,,"[2394, 1786, 31, 36]",33.406586176980134,32-64,,,,FN
7759,7759.jpg,1,swimmer,,"[2389, 1442, 25, 31]",27.83882181415011,16-32,,,,FN
7759,7759.jpg,1,swimmer,,"[2101, 1690, 39, 33]",35.874782229304195,32-64,,,,FN
7759,7759.jpg,1,swimmer,,"[2474, 1328, 26, 19]",22.22611077089287,16-32,,,,FN
7759,7759.jpg,1,swimmer,,"[2506, 1367, 15, 23]",18.57417562100671,16-32,,,,FN
7759,7759.jpg,1,swimmer,,"[2409, 1351, 26, 21]",23.366642891095847,16-32,,,,FN
7759,7759.jpg,1,swimmer,,"[2223, 1522, 31, 43]",36.51027252705737,32-64,,,,FN
7759,7759.jpg,1,swimmer,,"[2978, 2016, 39, 25]",31.22498999199199,16-32,,,,FN
7759,7759.jpg,1,swimmer,,"[2707, 1885, 34, 22]",27.349588662354687,16-32,,,,FN
7759,7759.jpg,1,swimmer,,"[2392, 1791, 35, 35]",35.0,32-64,,,,FN
7760,7760.jpg,1,swimmer,,"[2396, 1443, 26, 29]",27.459060435491963,16-32,,,,FN
7760,7760.jpg,1,swimmer,,"[2111, 1693, 35, 36]",35.4964786985977,32-64,,,,FN
7760,7760.jpg,1,swimmer,,"[2481, 1333, 26, 18]",21.633307652783937,16-32,,,,FN
7760,7760.jpg,1,swimmer,,"[2516, 1368, 17, 25]",20.615528128088304,16-32,,,,FN
7760,7760.jpg,1,swimmer,,"[2418, 1358, 25, 20]",22.360679774997898,16-32,,,,FN
7760,7760.jpg,1,swimmer,,"[2225, 1529, 36, 36]",36.0,32-64,,,,FN
7760,7760.jpg,1,swimmer,,"[2994, 2023, 39, 25]",31.22498999199199,16-32,,,,FN
7760,7760.jpg,1,swimmer,,"[2724, 1899, 36, 43]",39.344631145812,32-64,,,,FN
7760,7760.jpg,1,swimmer,,"[2391, 1796, 39, 33]",35.874782229304195,32-64,,,,FN
7761,7761.jpg,1,swimmer,,"[2402, 1438, 26, 28]",26.981475126464083,16-32,,,,FN
7761,7761.jpg,1,swimmer,,"[2122, 1695, 32, 31]",31.496031496047245,16-32,,,,FN
7761,7761.jpg,1,swimmer,,"[2486, 1339, 23, 16]",19.183326093250876,16-32,,,,FN
7761,7761.jpg,1,swimmer,,"[2523, 1374, 17, 23]",19.77371993328519,16-32,,,,FN
7761,7761.jpg,1,swimmer,,"[2422, 1361, 22, 19]",20.445048300260872,16-32,,,,FN
7761,7761.jpg,1,swimmer,,"[2229, 1530, 58, 38]",46.94677837722201,32-64,,,,FN
7761,7761.jpg,1,swimmer,,"[3005, 2032, 35, 23]",28.372521918222215,16-32,,,,FN
7761,7761.jpg,1,swimmer,,"[2735, 1914, 33, 42]",37.22902093797257,32-64,,,,FN
7761,7761.jpg,1,swimmer,,"[2397, 1799, 35, 35]",35.0,32-64,,,,FN
7762,7762.jpg,1,swimmer,,"[2404, 1432, 25, 30]",27.386127875258307,16-32,,,,FN
7762,7762.jpg,1,swimmer,,"[2124, 1701, 38, 38]",38.0,32-64,,,,FN
7762,7762.jpg,1,swimmer,,"[2481, 1342, 28, 17]",21.817424229271428,16-32,,,,FN
7762,7762.jpg,1,swimmer,,"[2529, 1376, 15, 21]",17.74823934929885,16-32,,,,FN
7762,7762.jpg,1,swimmer,,"[2422, 1356, 25, 20]",22.360679774997898,16-32,,,,FN
7762,7762.jpg,1,swimmer,,"[2228, 1531, 56, 40]",47.32863826479693,32-64,,,,FN
7762,7762.jpg,1,swimmer,,"[3012, 2033, 32, 22]",26.5329983228432,16-32,,,,FN
7762,7762.jpg,1,swimmer,,"[2749, 1922, 28, 40]",33.46640106136302,32-64,,,,FN
7762,7762.jpg,1,swimmer,,"[2404, 1809, 33, 35]",33.98529093593286,32-64,,,,FN
7763,7763.jpg,1,swimmer,,"[2404, 1428, 27, 28]",27.49545416973504,16-32,,,,FN
7763,7763.jpg,1,swimmer,,"[2137, 1707, 31, 37]",33.8673884437522,32-64,,,,FN
7763,7763.jpg,1,swimmer,,"[2483, 1339, 27, 18]",22.045407685048602,16-32,,,,FN
7763,7763.jpg,1,swimmer,,"[2530, 1369, 15, 19]",16.881943016134134,16-32,,,,FN
7763,7763.jpg,1,swimmer,,"[2422, 1348, 31, 22]",26.115129714401192,16-32,,,,FN
7763,7763.jpg,1,swimmer,,"[2246, 1530, 29, 46]",36.52396473549935,32-64,,,,FN
7763,7763.jpg,1,swimmer,,"[3006, 2028, 35, 28]",31.304951684997057,16-32,,,,FN
7763,7763.jpg,1,swimmer,,"[2750, 1921, 29, 34]",31.400636936215164,16-32,,,,FN
7763,7763.jpg,1,swimmer,,"[2412, 1810, 36, 39]",37.469987990390386,32-64,,,,FN
7764,7764.jpg,1,swimmer,,"[2405, 1428, 29, 30]",29.49576240750525,16-32,,,,FN
7764,7764.jpg,1,swimmer,,"[2140, 1711, 35, 35]",35.0,32-64,,,,FN
7764,7764.jpg,1,swimmer,,"[2485, 1336, 26, 18]",21.633307652783937,16-32,,,,FN
7764,7764.jpg,1,swimmer,,"[2528, 1359, 19, 24]",21.354156504062622,16-32,,,,FN
7764,7764.jpg,1,swimmer,,"[2423, 1345, 31, 22]",26.115129714401192,16-32,,,,FN
7764,7764.jpg,1,swimmer,,"[2251, 1533, 26, 51]",36.41428291206625,32-64,,,,FN
7764,7764.jpg,1,swimmer,,"[3000, 2033, 36, 27]",31.176914536239792,16-32,,,,FN
7764,7764.jpg,1,swimmer,,"[2759, 1923, 29, 35]",31.85906464414798,16-32,,,,FN
7764,7764.jpg,1,swimmer,,"[2414, 1815, 30, 34]",31.937438845342623,16-32,,,,FN
7765,7765.jpg,1,swimmer,,"[2414, 1426, 25, 36]",30.0,16-32,,,,FN
7765,7765.jpg,1,swimmer,,"[2157, 1713, 33, 34]",33.49626844888845,32-64,,,,FN
7765,7765.jpg,1,swimmer,,"[2496, 1333, 28, 19]",23.065125189341593,16-32,,,,FN
7765,7765.jpg,1,swimmer,,"[2540, 1356, 19, 27]",22.64950330581225,16-32,,,,FN
7765,7765.jpg,1,swimmer,,"[2439, 1344, 28, 21]",24.24871130596428,16-32,,,,FN
7765,7765.jpg,1,swimmer,,"[2255, 1537, 35, 55]",43.87482193696061,32-64,,,,FN
7765,7765.jpg,1,swimmer,,"[3017, 2045, 33, 27]",29.8496231131986,16-32,,,,FN
7765,7765.jpg,1,swimmer,,"[2771, 1918, 30, 37]",33.31666249791537,32-64,,,,FN
7765,7765.jpg,1,swimmer,,"[2426, 1816, 28, 31]",29.46183972531247,16-32,,,,FN
7766,7766.jpg,1,swimmer,,"[2407, 1438, 32, 31]",31.496031496047245,16-32,,,,FN
7766,7766.jpg,1,swimmer,,"[2149, 1711, 38, 37]",37.49666651850535,32-64,,,,FN
7766,7766.jpg,1,swimmer,,"[2487, 1337, 30, 21]",25.099800796022265,16-32,,,,FN
7766,7766.jpg,1,swimmer,,"[2531, 1362, 21, 27]",23.811761799581316,16-32,,,,FN
7766,7766.jpg,1,swimmer,,"[2430, 1345, 29, 23]",25.826343140289914,16-32,,,,FN
7766,7766.jpg,1,swimmer,,"[2256, 1545, 34, 49]",40.8166632639171,32-64,,,,FN
7766,7766.jpg,1,swimmer,,"[3013, 2053, 28, 24]",25.92296279363144,16-32,,,,FN
7766,7766.jpg,1,swimmer,,"[2766, 1923, 30, 36]",32.863353450309965,32-64,,,,FN
7766,7766.jpg,1,swimmer,,"[2418, 1802, 31, 39]",34.77067730142742,32-64,,,,FN
7767,7767.jpg,1,swimmer,,"[2373, 1437, 22, 26]",23.916521486202797,16-32,,,,FN
7767,7767.jpg,1,swimmer,,"[2120, 1714, 34, 34]",34.0,32-64,,,,FN
7767,7767.jpg,1,swimmer,,"[2454, 1347, 26, 19]",22.22611077089287,16-32,,,,FN
7767,7767.jpg,1,swimmer,,"[2499, 1372, 18, 24]",20.784609690826528,16-32,,,,FN
7767,7767.jpg,1,swimmer,,"[2392, 1352, 32, 22]",26.5329983228432,16-32,,,,FN
7767,7767.jpg,1,swimmer,,"[2228, 1540, 31, 54]",40.91454509095757,32-64,,,,FN
7767,7767.jpg,1,swimmer,,"[2976, 2053, 25, 23]",23.979157616563597,16-32,,,,FN
7767,7767.jpg,1,swimmer,,"[2730, 1935, 29, 37]",32.7566787083184,32-64,,,,FN
7767,7767.jpg,1,swimmer,,"[2379, 1812, 32, 35]",33.46640106136302,32-64,,,,FN
7768,7768.jpg,1,swimmer,,"[2333, 1437, 28, 21]",24.24871130596428,16-32,,,,FN
7768,7768.jpg,1,swimmer,,"[2077, 1721, 36, 41]",38.41874542459709,32-64,,,,FN
7768,7768.jpg,1,swimmer,,"[2415, 1356, 24, 17]",20.199009876724155,16-32,,,,FN
7768,7768.jpg,1,swimmer,,"[2457, 1377, 18, 23]",20.346989949375804,16-32,,,,FN
7768,7768.jpg,1,swimmer,,"[2358, 1357, 28, 24]",25.92296279363144,16-32,,,,FN
7768,7768.jpg,1,swimmer,,"[2191, 1555, 35, 38]",36.46916505762094,32-64,,,,FN
7768,7768.jpg,1,swimmer,,"[2927, 2064, 38, 29]",33.19638534539566,32-64,,,,FN
7768,7768.jpg,1,swimmer,,"[2696, 1955, 28, 34]",30.854497241083024,16-32,,,,FN
7768,7768.jpg,1,swimmer,,"[2329, 1825, 31, 34]",32.46536616149585,32-64,,,,FN
7769,7769.jpg,1,swimmer,,"[2259, 1436, 26, 23]",24.454038521274967,16-32,,,,FN
7769,7769.jpg,1,swimmer,,"[1994, 1737, 41, 38]",39.4715087119811,32-64,,,,FN
7769,7769.jpg,1,swimmer,,"[2346, 1358, 25, 18]",21.213203435596427,16-32,,,,FN
7769,7769.jpg,1,swimmer,,"[2385, 1378, 19, 23]",20.904544960366874,16-32,,,,FN
7769,7769.jpg,1,swimmer,,"[2289, 1358, 28, 20]",23.664319132398465,16-32,,,,FN
7769,7769.jpg,1,swimmer,,"[2117, 1557, 29, 36]",32.31098884280702,32-64,,,,FN
7769,7769.jpg,1,swimmer,,"[2847, 2076, 36, 29]",32.31098884280702,32-64,,,,FN
7769,7769.jpg,1,swimmer,,"[2616, 1963, 33, 30]",31.464265445104548,16-32,,,,FN
7769,7769.jpg,1,swimmer,,"[2246, 1840, 30, 36]",32.863353450309965,32-64,,,,FN
7770,7770.jpg,1,swimmer,,"[2223, 1432, 30, 22]",25.69046515733026,16-32,,,,FN
7770,7770.jpg,1,swimmer,,"[1953, 1736, 37, 33]",34.942810419312295,32-64,,,,FN
7770,7770.jpg,1,swimmer,,"[2315, 1348, 25, 18]",21.213203435596427,16-32,,,,FN
7770,7770.jpg,1,swimmer,,"[2355, 1369, 17, 21]",18.894443627691185,16-32,,,,FN
7770,7770.jpg,1,swimmer,,"[2256, 1347, 29, 21]",24.677925358506133,16-32,,,,FN
7770,7770.jpg,1,swimmer,,"[2078, 1566, 33, 31]",31.984371183438952,16-32,,,,FN
7770,7770.jpg,1,swimmer,,"[2814, 2077, 27, 24]",25.45584412271571,16-32,,,,FN
7770,7770.jpg,1,swimmer,,"[2573, 1958, 35, 25]",29.58039891549808,16-32,,,,FN
7770,7770.jpg,1,swimmer,,"[2204, 1840, 29, 36]",32.31098884280702,32-64,,,,FN
7771,7771.jpg,1,swimmer,,"[2216, 1426, 26, 20]",22.80350850198276,16-32,,,,FN
7771,7771.jpg,1,swimmer,,"[1950, 1741, 35, 33]",33.98529093593286,32-64,,,,FN
7771,7771.jpg,1,swimmer,,"[2311, 1346, 25, 17]",20.615528128088304,16-32,,,,FN
7771,7771.jpg,1,swimmer,,"[2352, 1365, 17, 25]",20.615528128088304,16-32,,,,FN
7771,7771.jpg,1,swimmer,,"[2248, 1342, 33, 23]",27.54995462791182,16-32,,,,FN
7771,7771.jpg,1,swimmer,,"[2075, 1567, 29, 31]",29.9833287011299,16-32,,,,FN
7771,7771.jpg,1,swimmer,,"[2816, 2070, 30, 21]",25.099800796022265,16-32,,,,FN
7771,7771.jpg,1,swimmer,,"[2574, 1963, 35, 29]",31.85906464414798,16-32,,,,FN
7771,7771.jpg,1,swimmer,,"[2192, 1837, 33, 36]",34.46737587922817,32-64,,,,FN
7772,7772.jpg,1,swimmer,,"[2216, 1429, 24, 21]",22.44994432064365,16-32,,,,FN
7772,7772.jpg,1,swimmer,,"[1953, 1740, 39, 29]",33.63034344160047,32-64,,,,FN
7772,7772.jpg,1,swimmer,,"[2311, 1349, 25, 18]",21.213203435596427,16-32,,,,FN
7772,7772.jpg,1,swimmer,,"[2351, 1364, 16, 26]",20.396078054371138,16-32,,,,FN
7772,7772.jpg,1,swimmer,,"[2246, 1345, 33, 25]",28.722813232690143,16-32,,,,FN
7772,7772.jpg,1,swimmer,,"[2080, 1573, 26, 31]",28.39013913315678,16-32,,,,FN
7772,7772.jpg,1,swimmer,,"[2814, 2063, 37, 24]",29.79932885150268,16-32,,,,FN
7772,7772.jpg,1,swimmer,,"[2584, 1969, 32, 31]",31.496031496047245,16-32,,,,FN
7772,7772.jpg,1,swimmer,,"[2181, 1841, 37, 32]",34.40930106817051,32-64,,,,FN
7773,7773.jpg,1,swimmer,,"[2228, 1437, 25, 23]",23.979157616563597,16-32,,,,FN
7773,7773.jpg,1,swimmer,,"[1965, 1731, 42, 26]",33.04542328371661,32-64,,,,FN
7773,7773.jpg,1,swimmer,,"[2336, 1361, 23, 19]",20.904544960366874,16-32,,,,FN
7773,7773.jpg,1,swimmer,,"[2372, 1381, 19, 26]",22.22611077089287,16-32,,,,FN
7773,7773.jpg,1,swimmer,,"[2268, 1352, 38, 23]",29.563490998188964,16-32,,,,FN
7773,7773.jpg,1,swimmer,,"[2100, 1585, 24, 27]",25.45584412271571,16-32,,,,FN
7773,7773.jpg,1,swimmer,,"[2824, 2084, 34, 27]",30.298514815086232,16-32,,,,FN
7773,7773.jpg,1,swimmer,,"[2595, 1987, 39, 28]",33.04542328371661,32-64,,,,FN
7773,7773.jpg,1,swimmer,,"[2194, 1844, 33, 32]",32.49615361854384,32-64,,,,FN
7774,7774.jpg,1,swimmer,,"[2283, 1447, 24, 22]",22.978250586152114,16-32,,,,FN
7774,7774.jpg,1,swimmer,,"[2020, 1727, 42, 28]",34.292856398964496,32-64,,,,FN
7774,7774.jpg,1,swimmer,,"[2387, 1349, 36, 38]",36.98648401781386,32-64,,,,FN
7774,7774.jpg,1,swimmer,,"[2326, 1356, 32, 21]",25.92296279363144,16-32,,,,FN
7774,7774.jpg,1,swimmer,,"[2152, 1585, 26, 25]",25.495097567963924,16-32,,,,FN
7774,7774.jpg,1,swimmer,,"[2863, 2111, 39, 24]",30.59411708155671,16-32,,,,FN
7774,7774.jpg,1,swimmer,,"[2642, 2002, 37, 26]",31.016124838541646,16-32,,,,FN
7774,7774.jpg,1,swimmer,,"[2231, 1840, 37, 35]",35.98610843089316,32-64,,,,FN
7774,7774.jpg,1,swimmer,,"[2421, 1390, 21, 29]",24.677925358506133,16-32,,,,FN
7775,7775.jpg,1,swimmer,,"[2322, 1451, 21, 22]",21.494185260204677,16-32,,,,FN
7775,7775.jpg,1,swimmer,,"[2063, 1727, 39, 27]",32.449961479175904,32-64,,,,FN
7775,7775.jpg,1,swimmer,,"[2425, 1364, 30, 36]",32.863353450309965,32-64,,,,FN
7775,7775.jpg,1,swimmer,,"[2361, 1364, 32, 23]",27.129319932501073,16-32,,,,FN
7775,7775.jpg,1,swimmer,,"[2190, 1575, 36, 19]",26.153393661244042,16-32,,,,FN
7775,7775.jpg,1,swimmer,,"[2893, 2135, 41, 24]",31.368774282716245,16-32,,,,FN
7775,7775.jpg,1,swimmer,,"[2675, 2016, 40, 27]",32.863353450309965,32-64,,,,FN
7775,7775.jpg,1,swimmer,,"[2264, 1843, 39, 31]",34.77067730142742,32-64,,,,FN
7775,7775.jpg,1,swimmer,,"[2460, 1401, 21, 26]",23.366642891095847,16-32,,,,FN
7776,7776.jpg,1,swimmer,,"[2080, 1534, 37, 39]",37.986839826445156,32-64,,,,FN
7776,7776.jpg,1,swimmer,,"[2363, 1183, 32, 25]",28.284271247461902,16-32,,,,FN
7776,7776.jpg,1,swimmer,,"[2188, 1378, 53, 44]",48.29078587059855,32-64,,,,FN
7776,7776.jpg,1,swimmer,,"[2891, 1933, 30, 28]",28.982753492378876,16-32,,,,FN
7776,7776.jpg,1,swimmer,,"[2677, 1825, 35, 34]",34.49637662132068,32-64,,,,FN
7776,7776.jpg,1,swimmer,,"[2276, 1652, 45, 25]",33.54101966249684,32-64,,,,FN
7776,7776.jpg,1,swimmer,,"[2458, 1217, 28, 29]",28.495613697550013,16-32,,,,FN
7776,7776.jpg,1,swimmer,,"[2427, 1180, 28, 42]",34.292856398964496,32-64,,,,FN
7776,7776.jpg,1,swimmer,,"[2325, 1262, 26, 21]",23.366642891095847,16-32,,,,FN
7777,7777.jpg,1,swimmer,,"[2095, 1353, 42, 41]",41.49698784249286,32-64,,,,FN
7777,7777.jpg,1,swimmer,,"[2375, 1000, 32, 21]",25.92296279363144,16-32,,,,FN
7777,7777.jpg,1,swimmer,,"[2196, 1192, 61, 39]",48.774993593028796,32-64,,,,FN
7777,7777.jpg,1,swimmer,,"[2898, 1739, 31, 28]",29.46183972531247,16-32,,,,FN
7777,7777.jpg,1,swimmer,,"[2687, 1641, 37, 38]",37.49666651850535,32-64,,,,FN
7777,7777.jpg,1,swimmer,,"[2292, 1462, 32, 32]",32.0,32-64,,,,FN
7777,7777.jpg,1,swimmer,,"[2467, 1027, 22, 30]",25.69046515733026,16-32,,,,FN
7777,7777.jpg,1,swimmer,,"[2436, 997, 29, 44]",35.7211421989835,32-64,,,,FN
7777,7777.jpg,1,swimmer,,"[2334, 1066, 26, 24]",24.979991993593593,16-32,,,,FN
7778,7778.jpg,1,swimmer,,"[2104, 1349, 34, 34]",34.0,32-64,,,,FN
7778,7778.jpg,1,swimmer,,"[2383, 984, 29, 22]",25.25866188063018,16-32,,,,FN
7778,7778.jpg,1,swimmer,,"[2206, 1189, 64, 40]",50.59644256269407,32-64,,,,FN
7778,7778.jpg,1,swimmer,,"[2909, 1730, 31, 25]",27.83882181415011,16-32,,,,FN
7778,7778.jpg,1,swimmer,,"[2708, 1644, 34, 27]",30.298514815086232,16-32,,,,FN
7778,7778.jpg,1,swimmer,,"[2308, 1454, 30, 34]",31.937438845342623,16-32,,,,FN
7778,7778.jpg,1,swimmer,,"[2345, 1055, 25, 27]",25.98076211353316,16-32,,,,FN
7778,7778.jpg,1,swimmer,,"[2442, 979, 29, 42]",34.899856733230294,32-64,,,,FN
7778,7778.jpg,1,swimmer,,"[2470, 1019, 26, 25]",25.495097567963924,16-32,,,,FN
7779,7779.jpg,1,swimmer,,"[2169, 1362, 35, 33]",33.98529093593286,32-64,,,,FN
7779,7779.jpg,1,swimmer,,"[2462, 987, 30, 24]",26.832815729997478,16-32,,,,FN
7779,7779.jpg,1,swimmer,,"[2286, 1207, 65, 28]",42.661458015403085,32-64,,,,FN
7779,7779.jpg,1,swimmer,,"[2981, 1756, 30, 28]",28.982753492378876,16-32,,,,FN
7779,7779.jpg,1,swimmer,,"[2780, 1677, 36, 25]",30.0,16-32,,,,FN
7779,7779.jpg,1,swimmer,,"[2367, 1476, 32, 33]",32.49615361854384,32-64,,,,FN
7779,7779.jpg,1,swimmer,,"[2520, 989, 28, 43]",34.698703145794944,32-64,,,,FN
7779,7779.jpg,1,swimmer,,"[2547, 1027, 32, 28]",29.93325909419153,16-32,,,,FN
7779,7779.jpg,1,swimmer,,"[2422, 1065, 24, 25]",24.49489742783178,16-32,,,,FN
7780,7780.jpg,1,swimmer,,"[2122, 1375, 43, 36]",39.344631145812,32-64,,,,FN
7780,7780.jpg,1,swimmer,,"[2420, 985, 37, 26]",31.016124838541646,16-32,,,,FN
7780,7780.jpg,1,swimmer,,"[2243, 1210, 62, 28]",41.66533331199932,32-64,,,,FN
7780,7780.jpg,1,swimmer,,"[2925, 1763, 34, 28]",30.854497241083024,16-32,,,,FN
7780,7780.jpg,1,swimmer,,"[2729, 1680, 36, 24]",29.393876913398138,16-32,,,,FN
7780,7780.jpg,1,swimmer,,"[2317, 1478, 30, 43]",35.91656999213594,32-64,,,,FN
7780,7780.jpg,1,swimmer,,"[2480, 990, 32, 41]",36.22154055254967,32-64,,,,FN
7780,7780.jpg,1,swimmer,,"[2507, 1029, 28, 25]",26.457513110645905,16-32,,,,FN
7780,7780.jpg,1,swimmer,,"[2377, 1067, 27, 26]",26.49528259898354,16-32,,,,FN
7781,7781.jpg,1,swimmer,,"[2112, 1384, 41, 38]",39.4715087119811,32-64,,,,FN
7781,7781.jpg,1,swimmer,,"[2426, 993, 35, 26]",30.166206257996713,16-32,,,,FN
7781,7781.jpg,1,swimmer,,"[2245, 1217, 60, 29]",41.71330722922842,32-64,,,,FN
7781,7781.jpg,1,swimmer,,"[2910, 1784, 35, 30]",32.4037034920393,32-64,,,,FN
7781,7781.jpg,1,swimmer,,"[2717, 1701, 35, 24]",28.982753492378876,16-32,,,,FN
7781,7781.jpg,1,swimmer,,"[2310, 1497, 24, 35]",28.982753492378876,16-32,,,,FN
7781,7781.jpg,1,swimmer,,"[2484, 1007, 35, 33]",33.98529093593286,32-64,,,,FN
7781,7781.jpg,1,swimmer,,"[2380, 1079, 24, 29]",26.38181191654584,16-32,,,,FN
7781,7781.jpg,1,swimmer,,"[2504, 1042, 35, 24]",28.982753492378876,16-32,,,,FN
7782,7782.jpg,1,swimmer,,"[2025, 1387, 42, 40]",40.98780306383839,32-64,,,,FN
7782,7782.jpg,1,swimmer,,"[2358, 1001, 39, 27]",32.449961479175904,32-64,,,,FN
7782,7782.jpg,1,swimmer,,"[2166, 1209, 60, 47]",53.103672189407014,32-64,,,,FN
7782,7782.jpg,1,swimmer,,"[2820, 1798, 37, 30]",33.31666249791537,32-64,,,,FN
7782,7782.jpg,1,swimmer,,"[2627, 1703, 36, 25]",30.0,16-32,,,,FN
7782,7782.jpg,1,swimmer,,"[2216, 1507, 26, 26]",26.0,16-32,,,,FN
7782,7782.jpg,1,swimmer,,"[2412, 1018, 31, 33]",31.984371183438952,16-32,,,,FN
7782,7782.jpg,1,swimmer,,"[2305, 1086, 25, 25]",25.0,16-32,,,,FN
7782,7782.jpg,1,swimmer,,"[2436, 1050, 35, 23]",28.372521918222215,16-32,,,,FN
7783,7783.jpg,1,swimmer,,"[1920, 1396, 42, 36]",38.88444419044716,32-64,,,,FN
7783,7783.jpg,1,swimmer,,"[2254, 1015, 52, 28]",38.157568056677825,32-64,,,,FN
7783,7783.jpg,1,swimmer,,"[2063, 1224, 59, 55]",56.96490147450446,32-64,,,,FN
7783,7783.jpg,1,swimmer,,"[2700, 1818, 37, 34]",35.4682957019364,32-64,,,,FN
7783,7783.jpg,1,swimmer,,"[2510, 1718, 32, 38]",34.87119154832539,32-64,,,,FN
7783,7783.jpg,1,swimmer,,"[2102, 1507, 22, 26]",23.916521486202797,16-32,,,,FN
7783,7783.jpg,1,swimmer,,"[2314, 1031, 28, 32]",29.93325909419153,16-32,,,,FN
7783,7783.jpg,1,swimmer,,"[2202, 1088, 28, 28]",28.0,16-32,,,,FN
7783,7783.jpg,1,swimmer,,"[2337, 1056, 36, 26]",30.59411708155671,16-32,,,,FN
7784,7784.jpg,1,swimmer,,"[1800, 1395, 44, 37]",40.34848200366403,32-64,,,,FN
7784,7784.jpg,1,swimmer,,"[2149, 1018, 46, 25]",33.91164991562634,32-64,,,,FN
7784,7784.jpg,1,swimmer,,"[1953, 1230, 43, 56]",49.07137658554119,32-64,,,,FN
7784,7784.jpg,1,swimmer,,"[2571, 1829, 34, 38]",35.94440151122286,32-64,,,,FN
7784,7784.jpg,1,swimmer,,"[2379, 1734, 34, 31]",32.46536616149585,32-64,,,,FN
7784,7784.jpg,1,swimmer,,"[1966, 1501, 41, 33]",36.78314831549904,32-64,,,,FN
7784,7784.jpg,1,swimmer,,"[2198, 1028, 32, 34]",32.984845004941285,32-64,,,,FN
7784,7784.jpg,1,swimmer,,"[2091, 1088, 28, 30]",28.982753492378876,16-32,,,,FN
7784,7784.jpg,1,swimmer,,"[2228, 1059, 32, 22]",26.5329983228432,16-32,,,,FN
7785,7785.jpg,1,swimmer,,"[1832, 1381, 36, 37]",36.49657518178932,32-64,,,,FN
7785,7785.jpg,1,swimmer,,"[2195, 1014, 33, 28]",30.397368307141328,16-32,,,,FN
7785,7785.jpg,1,swimmer,,"[1995, 1226, 41, 50]",45.27692569068709,32-64,,,,FN
7785,7785.jpg,1,swimmer,,"[2566, 1853, 45, 30]",36.742346141747674,32-64,,,,FN
7785,7785.jpg,1,swimmer,,"[2380, 1759, 39, 35]",36.945906403822335,32-64,,,,FN
7785,7785.jpg,1,swimmer,,"[1972, 1503, 49, 31]",38.97435053981015,32-64,,,,FN
7785,7785.jpg,1,swimmer,,"[2238, 1030, 36, 44]",39.7994974842648,32-64,,,,FN
7785,7785.jpg,1,swimmer,,"[2135, 1092, 28, 28]",28.0,16-32,,,,FN
7785,7785.jpg,1,swimmer,,"[2258, 1065, 36, 27]",31.176914536239792,16-32,,,,FN
7786,7786.jpg,1,swimmer,,"[1782, 1379, 47, 37]",41.701318923986086,32-64,,,,FN
7786,7786.jpg,1,swimmer,,"[2155, 1014, 43, 25]",32.78719262151,32-64,,,,FN
7786,7786.jpg,1,swimmer,,"[1965, 1216, 36, 50]",42.42640687119285,32-64,,,,FN
7786,7786.jpg,1,swimmer,,"[2519, 1852, 34, 29]",31.400636936215164,16-32,,,,FN
7786,7786.jpg,1,swimmer,,"[2338, 1761, 35, 24]",28.982753492378876,16-32,,,,FN
7786,7786.jpg,1,swimmer,,"[1937, 1507, 35, 26]",30.166206257996713,16-32,,,,FN
7786,7786.jpg,1,swimmer,,"[2187, 1041, 35, 28]",31.304951684997057,16-32,,,,FN
7786,7786.jpg,1,swimmer,,"[2225, 1068, 34, 22]",27.349588662354687,16-32,,,,FN
7786,7786.jpg,1,swimmer,,"[2086, 1087, 26, 33]",29.29163703175362,16-32,,,,FN
7787,7787.jpg,1,swimmer,,"[1776, 1379, 44, 35]",39.242833740697165,32-64,,,,FN
7787,7787.jpg,1,swimmer,,"[2139, 1011, 46, 26]",34.583232931581165,32-64,,,,FN
7787,7787.jpg,1,swimmer,,"[1952, 1206, 36, 46]",40.69397989875161,32-64,,,,FN
7787,7787.jpg,1,swimmer,,"[2510, 1847, 33, 29]",30.93541659651604,16-32,,,,FN
7787,7787.jpg,1,swimmer,,"[2318, 1751, 41, 29]",34.48187929913333,32-64,,,,FN
7787,7787.jpg,1,swimmer,,"[1931, 1504, 35, 26]",30.166206257996713,16-32,,,,FN
7787,7787.jpg,1,swimmer,,"[2179, 1037, 31, 33]",31.984371183438952,16-32,,,,FN
7787,7787.jpg,1,swimmer,,"[2078, 1082, 23, 30]",26.267851073127396,16-32,,,,FN
7787,7787.jpg,1,swimmer,,"[2210, 1064, 34, 29]",31.400636936215164,16-32,,,,FN
7788,7788.jpg,1,swimmer,,"[1790, 1377, 34, 35]",34.49637662132068,32-64,,,,FN
7788,7788.jpg,1,swimmer,,"[2143, 1009, 37, 27]",31.606961258558215,16-32,,,,FN
7788,7788.jpg,1,swimmer,,"[1953, 1203, 36, 50]",42.42640687119285,32-64,,,,FN
7788,7788.jpg,1,swimmer,,"[2513, 1847, 30, 27]",28.460498941515414,16-32,,,,FN
7788,7788.jpg,1,swimmer,,"[2327, 1747, 39, 29]",33.63034344160047,32-64,,,,FN
7788,7788.jpg,1,swimmer,,"[1938, 1506, 36, 27]",31.176914536239792,16-32,,,,FN
7788,7788.jpg,1,swimmer,,"[2177, 1034, 29, 29]",29.0,16-32,,,,FN
7788,7788.jpg,1,swimmer,,"[2084, 1071, 22, 28]",24.819347291981714,16-32,,,,FN
7788,7788.jpg,1,swimmer,,"[2212, 1055, 31, 28]",29.46183972531247,16-32,,,,FN
7789,7789.jpg,1,swimmer,,"[1800, 1382, 34, 35]",34.49637662132068,32-64,,,,FN
7789,7789.jpg,1,swimmer,,"[2152, 1000, 41, 22]",30.033314835362415,16-32,,,,FN
7789,7789.jpg,1,swimmer,,"[1965, 1224, 33, 38]",35.41186241925155,32-64,,,,FN
7789,7789.jpg,1,swimmer,,"[2527, 1845, 28, 30]",28.982753492378876,16-32,,,,FN
7789,7789.jpg,1,swimmer,,"[2341, 1751, 38, 29]",33.19638534539566,32-64,,,,FN
7789,7789.jpg,1,swimmer,,"[1952, 1508, 31, 30]",30.495901363953813,16-32,,,,FN
7789,7789.jpg,1,swimmer,,"[2183, 1026, 26, 30]",27.92848008753788,16-32,,,,FN
7789,7789.jpg,1,swimmer,,"[2088, 1060, 22, 27]",24.372115213907882,16-32,,,,FN
7789,7789.jpg,1,swimmer,,"[2217, 1045, 31, 32]",31.496031496047245,16-32,,,,FN
7790,7790.jpg,1,swimmer,,"[1810, 1386, 38, 36]",36.98648401781386,32-64,,,,FN
7790,7790.jpg,1,swimmer,,"[2159, 989, 37, 26]",31.016124838541646,16-32,,,,FN
7790,7790.jpg,1,swimmer,,"[1983, 1235, 27, 28]",27.49545416973504,16-32,,,,FN
7790,7790.jpg,1,swimmer,,"[2543, 1849, 29, 28]",28.495613697550013,16-32,,,,FN
7790,7790.jpg,1,swimmer,,"[2352, 1760, 39, 24]",30.59411708155671,16-32,,,,FN
7790,7790.jpg,1,swimmer,,"[1966, 1508, 25, 34]",29.154759474226502,16-32,,,,FN
7790,7790.jpg,1,swimmer,,"[2191, 1018, 28, 36]",31.74901573277509,16-32,,,,FN
7790,7790.jpg,1,swimmer,,"[2092, 1055, 26, 25]",25.495097567963924,16-32,,,,FN
7790,7790.jpg,1,swimmer,,"[2224, 1044, 36, 28]",31.74901573277509,16-32,,,,FN
7791,7791.jpg,1,swimmer,,"[1818, 1390, 40, 35]",37.416573867739416,32-64,,,,FN
7791,7791.jpg,1,swimmer,,"[2167, 987, 35, 25]",29.58039891549808,16-32,,,,FN
7791,7791.jpg,1,swimmer,,"[1994, 1236, 27, 30]",28.460498941515414,16-32,,,,FN
7791,7791.jpg,1,swimmer,,"[2546, 1856, 38, 27]",32.03123475609393,32-64,,,,FN
7791,7791.jpg,1,swimmer,,"[2365, 1765, 38, 25]",30.822070014844883,16-32,,,,FN
7791,7791.jpg,1,swimmer,,"[1976, 1509, 27, 33]",29.8496231131986,16-32,,,,FN
7791,7791.jpg,1,swimmer,,"[2199, 1022, 26, 37]",31.016124838541646,16-32,,,,FN
7791,7791.jpg,1,swimmer,,"[2100, 1056, 30, 31]",30.495901363953813,16-32,,,,FN
7791,7791.jpg,1,swimmer,,"[2236, 1048, 39, 29]",33.63034344160047,32-64,,,,FN
7792,7792.jpg,1,swimmer,,"[1833, 1393, 37, 39]",37.986839826445156,32-64,,,,FN
7792,7792.jpg,1,swimmer,,"[2175, 987, 32, 26]",28.844410203711913,16-32,,,,FN
7792,7792.jpg,1,swimmer,,"[2001, 1227, 34, 39]",36.41428291206625,32-64,,,,FN
7792,7792.jpg,1,swimmer,,"[2540, 1863, 51, 45]",47.90615826801394,32-64,,,,FN
7792,7792.jpg,1,swimmer,,"[2376, 1765, 37, 23]",29.171904291629644,16-32,,,,FN
7792,7792.jpg,1,swimmer,,"[1962, 1509, 52, 37]",43.86342439892262,32-64,,,,FN
7792,7792.jpg,1,swimmer,,"[2210, 1032, 26, 34]",29.732137494637012,16-32,,,,FN
7792,7792.jpg,1,swimmer,,"[2109, 1063, 27, 30]",28.460498941515414,16-32,,,,FN
7792,7792.jpg,1,swimmer,,"[2244, 1054, 34, 28]",30.854497241083024,16-32,,,,FN
7793,7793.jpg,1,swimmer,,"[1842, 1397, 35, 34]",34.49637662132068,32-64,,,,FN
7793,7793.jpg,1,swimmer,,"[2184, 992, 35, 26]",30.166206257996713,16-32,,,,FN
7793,7793.jpg,1,swimmer,,"[2014, 1216, 33, 51]",41.02438299353203,32-64,,,,FN
7793,7793.jpg,1,swimmer,,"[2571, 1872, 42, 45]",43.474130238568314,32-64,,,,FN
7793,7793.jpg,1,swimmer,,"[2390, 1770, 34, 23]",27.964262908219126,16-32,,,,FN
7793,7793.jpg,1,swimmer,,"[1978, 1507, 52, 40]",45.60701700396552,32-64,,,,FN
7793,7793.jpg,1,swimmer,,"[2217, 1036, 26, 33]",29.29163703175362,16-32,,,,FN
7793,7793.jpg,1,swimmer,,"[2118, 1061, 26, 26]",26.0,16-32,,,,FN
7793,7793.jpg,1,swimmer,,"[2250, 1058, 37, 24]",29.79932885150268,16-32,,,,FN
7794,7794.jpg,1,swimmer,,"[1849, 1395, 33, 35]",33.98529093593286,32-64,,,,FN
7794,7794.jpg,1,swimmer,,"[2193, 995, 34, 23]",27.964262908219126,16-32,,,,FN
7794,7794.jpg,1,swimmer,,"[2017, 1220, 35, 50]",41.83300132670378,32-64,,,,FN
7794,7794.jpg,1,swimmer,,"[2590, 1874, 37, 39]",37.986839826445156,32-64,,,,FN
7794,7794.jpg,1,swimmer,,"[2404, 1774, 35, 25]",29.58039891549808,16-32,,,,FN
7794,7794.jpg,1,swimmer,,"[1988, 1505, 40, 43]",41.47288270665544,32-64,,,,FN
7794,7794.jpg,1,swimmer,,"[2225, 1040, 25, 35]",29.58039891549808,16-32,,,,FN
7794,7794.jpg,1,swimmer,,"[2126, 1060, 25, 28]",26.457513110645905,16-32,,,,FN
7794,7794.jpg,1,swimmer,,"[2259, 1057, 34, 23]",27.964262908219126,16-32,,,,FN
7795,7795.jpg,1,swimmer,,"[1856, 1388, 36, 36]",36.0,32-64,,,,FN
7795,7795.jpg,1,swimmer,,"[2199, 993, 37, 24]",29.79932885150268,16-32,,,,FN
7795,7795.jpg,1,swimmer,,"[2017, 1222, 36, 53]",43.68065933568311,32-64,,,,FN
7795,7795.jpg,1,swimmer,,"[2599, 1873, 41, 35]",37.881393849751625,32-64,,,,FN
7795,7795.jpg,1,swimmer,,"[2416, 1781, 37, 24]",29.79932885150268,16-32,,,,FN
7795,7795.jpg,1,swimmer,,"[2000, 1493, 40, 36]",37.94733192202055,32-64,,,,FN
7795,7795.jpg,1,swimmer,,"[2235, 1038, 24, 35]",28.982753492378876,16-32,,,,FN
7795,7795.jpg,1,swimmer,,"[2132, 1055, 27, 31]",28.930952282978865,16-32,,,,FN
7795,7795.jpg,1,swimmer,,"[2268, 1058, 33, 21]",26.324893162176366,16-32,,,,FN
7796,7796.jpg,1,swimmer,,"[1866, 1388, 36, 34]",34.9857113690718,32-64,,,,FN
7796,7796.jpg,1,swimmer,,"[2208, 991, 42, 23]",31.080540535840107,16-32,,,,FN
7796,7796.jpg,1,swimmer,,"[2026, 1225, 35, 51]",42.24926034855522,32-64,,,,FN
7796,7796.jpg,1,swimmer,,"[2597, 1867, 60, 52]",55.85696017507576,32-64,,,,FN
7796,7796.jpg,1,swimmer,,"[2431, 1779, 37, 23]",29.171904291629644,16-32,,,,FN
7796,7796.jpg,1,swimmer,,"[2005, 1491, 50, 35]",41.83300132670378,32-64,,,,FN
7796,7796.jpg,1,swimmer,,"[2246, 1037, 24, 37]",29.79932885150268,16-32,,,,FN
7796,7796.jpg,1,swimmer,,"[2138, 1050, 31, 37]",33.8673884437522,32-64,,,,FN
7796,7796.jpg,1,swimmer,,"[2277, 1054, 33, 22]",26.94438717061496,16-32,,,,FN
7797,7797.jpg,1,swimmer,,"[1872, 1383, 36, 40]",37.94733192202055,32-64,,,,FN
7797,7797.jpg,1,swimmer,,"[2217, 987, 33, 27]",29.8496231131986,16-32,,,,FN
7797,7797.jpg,1,swimmer,,"[2036, 1222, 31, 51]",39.761790704142086,32-64,,,,FN
7797,7797.jpg,1,swimmer,,"[2605, 1855, 50, 48]",48.98979485566356,32-64,,,,FN
7797,7797.jpg,1,swimmer,,"[2444, 1770, 37, 26]",31.016124838541646,16-32,,,,FN
7797,7797.jpg,1,swimmer,,"[2028, 1492, 31, 35]",32.93933818400121,32-64,,,,FN
7797,7797.jpg,1,swimmer,,"[2253, 1036, 24, 42]",31.74901573277509,16-32,,,,FN
7797,7797.jpg,1,swimmer,,"[2141, 1052, 27, 28]",27.49545416973504,16-32,,,,FN
7797,7797.jpg,1,swimmer,,"[2283, 1051, 36, 26]",30.59411708155671,16-32,,,,FN
7798,7798.jpg,1,swimmer,,"[1876, 1389, 37, 35]",35.98610843089316,32-64,,,,FN
7798,7798.jpg,1,swimmer,,"[2221, 991, 33, 23]",27.54995462791182,16-32,,,,FN
7798,7798.jpg,1,swimmer,,"[2043, 1224, 31, 50]",39.370039370059054,32-64,,,,FN
7798,7798.jpg,1,swimmer,,"[2620, 1849, 42, 42]",42.0,32-64,,,,FN
7798,7798.jpg,1,swimmer,,"[2446, 1756, 42, 26]",33.04542328371661,32-64,,,,FN
7798,7798.jpg,1,swimmer,,"[2032, 1485, 32, 45]",37.94733192202055,32-64,,,,FN
7798,7798.jpg,1,swimmer,,"[2255, 1042, 24, 34]",28.5657137141714,16-32,,,,FN
7798,7798.jpg,1,swimmer,,"[2144, 1055, 25, 25]",25.0,16-32,,,,FN
7798,7798.jpg,1,swimmer,,"[2282, 1056, 35, 29]",31.85906464414798,16-32,,,,FN
7799,7799.jpg,1,swimmer,,"[1877, 1386, 38, 34]",35.94440151122286,32-64,,,,FN
7799,7799.jpg,1,swimmer,,"[2222, 988, 31, 26]",28.39013913315678,16-32,,,,FN
7799,7799.jpg,1,swimmer,,"[2047, 1218, 33, 55]",42.60281680828159,32-64,,,,FN
7799,7799.jpg,1,swimmer,,"[2629, 1847, 47, 40]",43.3589667773576,32-64,,,,FN
7799,7799.jpg,1,swimmer,,"[2456, 1757, 41, 23]",30.708305065568176,16-32,,,,FN
7799,7799.jpg,1,swimmer,,"[2022, 1501, 61, 29]",42.05948168962618,32-64,,,,FN
7799,7799.jpg,1,swimmer,,"[2259, 1047, 22, 35]",27.748873851023216,16-32,,,,FN
7799,7799.jpg,1,swimmer,,"[2144, 1050, 25, 27]",25.98076211353316,16-32,,,,FN
7799,7799.jpg,1,swimmer,,"[2283, 1057, 30, 26]",27.92848008753788,16-32,,,,FN
7800,7800.jpg,1,swimmer,,"[1886, 1386, 37, 34]",35.4682957019364,32-64,,,,FN
7800,7800.jpg,1,swimmer,,"[2223, 988, 30, 21]",25.099800796022265,16-32,,,,FN
7800,7800.jpg,1,swimmer,,"[2048, 1214, 49, 61]",54.67174773134658,32-64,,,,FN
7800,7800.jpg,1,swimmer,,"[2631, 1853, 55, 39]",46.314144707637645,32-64,,,,FN
7800,7800.jpg,1,swimmer,,"[2455, 1759, 37, 25]",30.4138126514911,16-32,,,,FN
7800,7800.jpg,1,swimmer,,"[2012, 1498, 58, 35]",45.05552130427524,32-64,,,,FN
7800,7800.jpg,1,swimmer,,"[2260, 1047, 22, 35]",27.748873851023216,16-32,,,,FN
7800,7800.jpg,1,swimmer,,"[2145, 1044, 24, 25]",24.49489742783178,16-32,,,,FN
7800,7800.jpg,1,swimmer,,"[2286, 1055, 30, 30]",30.0,16-32,,,,FN
7801,7801.jpg,1,swimmer,,"[1890, 1381, 36, 37]",36.49657518178932,32-64,,,,FN
7801,7801.jpg,1,swimmer,,"[2223, 986, 31, 23]",26.70205984563738,16-32,,,,FN
7801,7801.jpg,1,swimmer,,"[2050, 1221, 47, 61]",53.54437412091022,32-64,,,,FN
7801,7801.jpg,1,swimmer,,"[2633, 1859, 62, 44]",52.230259428802384,32-64,,,,FN
7801,7801.jpg,1,swimmer,,"[2461, 1765, 32, 25]",28.284271247461902,16-32,,,,FN
7801,7801.jpg,1,swimmer,,"[2038, 1492, 37, 33]",34.942810419312295,32-64,,,,FN
7801,7801.jpg,1,swimmer,,"[2262, 1047, 24, 30]",26.832815729997478,16-32,,,,FN
7801,7801.jpg,1,swimmer,,"[2145, 1038, 26, 27]",26.49528259898354,16-32,,,,FN
7801,7801.jpg,1,swimmer,,"[2288, 1051, 27, 27]",27.0,16-32,,,,FN
7802,7802.jpg,1,swimmer,,"[1899, 1380, 36, 38]",36.98648401781386,32-64,,,,FN
7802,7802.jpg,1,swimmer,,"[2227, 981, 31, 23]",26.70205984563738,16-32,,,,FN
7802,7802.jpg,1,swimmer,,"[2054, 1227, 34, 53]",42.44997055358225,32-64,,,,FN
7802,7802.jpg,1,swimmer,,"[2644, 1870, 55, 36]",44.49719092257398,32-64,,,,FN
7802,7802.jpg,1,swimmer,,"[2463, 1770, 31, 26]",28.39013913315678,16-32,,,,FN
7802,7802.jpg,1,swimmer,,"[2028, 1484, 51, 28]",37.78888725538237,32-64,,,,FN
7802,7802.jpg,1,swimmer,,"[2267, 1044, 26, 26]",26.0,16-32,,,,FN
7802,7802.jpg,1,swimmer,,"[2149, 1039, 28, 26]",26.981475126464083,16-32,,,,FN
7802,7802.jpg,1,swimmer,,"[2293, 1046, 23, 26]",24.454038521274967,16-32,,,,FN
7803,7803.jpg,1,swimmer,,"[1900, 1378, 38, 36]",36.98648401781386,32-64,,,,FN
7803,7803.jpg,1,swimmer,,"[2228, 975, 34, 24]",28.5657137141714,16-32,,,,FN
7803,7803.jpg,1,swimmer,,"[2060, 1221, 35, 53]",43.069710934716056,32-64,,,,FN
7803,7803.jpg,1,swimmer,,"[2644, 1870, 58, 40]",48.16637831516918,32-64,,,,FN
7803,7803.jpg,1,swimmer,,"[2468, 1777, 32, 24]",27.712812921102035,16-32,,,,FN
7803,7803.jpg,1,swimmer,,"[2042, 1485, 30, 35]",32.4037034920393,32-64,,,,FN
7803,7803.jpg,1,swimmer,,"[2270, 1046, 25, 27]",25.98076211353316,16-32,,,,FN
7803,7803.jpg,1,swimmer,,"[2149, 1036, 26, 25]",25.495097567963924,16-32,,,,FN
7803,7803.jpg,1,swimmer,,"[2295, 1040, 26, 35]",30.166206257996713,16-32,,,,FN
7804,7804.jpg,1,swimmer,,"[1902, 1374, 37, 33]",34.942810419312295,32-64,,,,FN
7804,7804.jpg,1,swimmer,,"[2237, 972, 37, 26]",31.016124838541646,16-32,,,,FN
7804,7804.jpg,1,swimmer,,"[2073, 1211, 38, 57]",46.54030511288038,32-64,,,,FN
7804,7804.jpg,1,swimmer,,"[2652, 1872, 61, 39]",48.774993593028796,32-64,,,,FN
7804,7804.jpg,1,swimmer,,"[2480, 1785, 34, 24]",28.5657137141714,16-32,,,,FN
7804,7804.jpg,1,swimmer,,"[2043, 1488, 36, 33]",34.46737587922817,32-64,,,,FN
7804,7804.jpg,1,swimmer,,"[2279, 1052, 21, 23]",21.97726097583591,16-32,,,,FN
7804,7804.jpg,1,swimmer,,"[2158, 1034, 30, 23]",26.267851073127396,16-32,,,,FN
7804,7804.jpg,1,swimmer,,"[2308, 1042, 22, 31]",26.115129714401192,16-32,,,,FN
7805,7805.jpg,1,swimmer,,"[1911, 1378, 40, 35]",37.416573867739416,32-64,,,,FN
7805,7805.jpg,1,swimmer,,"[2249, 980, 37, 22]",28.53068523537421,16-32,,,,FN
7805,7805.jpg,1,swimmer,,"[2080, 1211, 37, 58]",46.32493928760188,32-64,,,,FN
7805,7805.jpg,1,swimmer,,"[2661, 1886, 58, 40]",48.16637831516918,32-64,,,,FN
7805,7805.jpg,1,swimmer,,"[2490, 1800, 35, 23]",28.372521918222215,16-32,,,,FN
7805,7805.jpg,1,swimmer,,"[2050, 1485, 43, 37]",39.88734135035826,32-64,,,,FN
7805,7805.jpg,1,swimmer,,"[2288, 1051, 22, 22]",22.0,16-32,,,,FN
7805,7805.jpg,1,swimmer,,"[2171, 1037, 30, 23]",26.267851073127396,16-32,,,,FN
7805,7805.jpg,1,swimmer,,"[2322, 1046, 21, 30]",25.099800796022265,16-32,,,,FN
7806,7806.jpg,1,swimmer,,"[1866, 1386, 40, 35]",37.416573867739416,32-64,,,,FN
7806,7806.jpg,1,swimmer,,"[2214, 982, 34, 22]",27.349588662354687,16-32,,,,FN
7806,7806.jpg,1,swimmer,,"[2034, 1220, 39, 60]",48.373546489791295,32-64,,,,FN
7806,7806.jpg,1,swimmer,,"[2624, 1896, 50, 31]",39.370039370059054,32-64,,,,FN
7806,7806.jpg,1,swimmer,,"[2448, 1808, 35, 22]",27.748873851023216,16-32,,,,FN
7806,7806.jpg,1,swimmer,,"[2018, 1506, 33, 39]",35.874782229304195,32-64,,,,FN
7806,7806.jpg,1,swimmer,,"[2250, 1052, 21, 23]",21.97726097583591,16-32,,,,FN
7806,7806.jpg,1,swimmer,,"[2134, 1038, 28, 24]",25.92296279363144,16-32,,,,FN
7806,7806.jpg,1,swimmer,,"[2288, 1047, 21, 24]",22.44994432064365,16-32,,,,FN
8115,8115.jpg,1,swimmer,,"[2064, 231, 187, 83]",124.58330546265017,>64,,,,FN
8115,8115.jpg,5,buoy,,"[2465, 388, 51, 70]",59.74947698515862,32-64,,,,FN
8115,8115.jpg,3,jetski,,"[1947, 588, 128, 54]",83.13843876330611,>64,,,,FN
8115,8115.jpg,1,swimmer,,"[2376, 747, 21, 27]",23.811761799581316,16-32,,,,FN
8115,8115.jpg,1,swimmer,,"[2450, 867, 29, 23]",25.826343140289914,16-32,,,,FN
8115,8115.jpg,1,swimmer,,"[1976, 793, 67, 27]",42.532340636273474,32-64,,,,FN
8115,8115.jpg,1,swimmer,,"[2287, 761, 29, 25]",26.92582403567252,16-32,,,,FN
8115,8115.jpg,1,swimmer,,"[2205, 767, 20, 23]",21.447610589527216,16-32,,,,FN
8115,8115.jpg,1,swimmer,,"[2981, 1252, 49, 60]",54.22176684690383,32-64,,,,FN
8115,8115.jpg,1,swimmer,,"[2567, 1253, 42, 43]",42.49705872175156,32-64,,,,FN
8115,8115.jpg,1,swimmer,,"[2676, 1293, 34, 30]",31.937438845342623,16-32,,,,FN
8115,8115.jpg,1,swimmer,,"[3131, 1439, 102, 83]",92.01086892318754,>64,,,,FN
8116,8116.jpg,1,swimmer,,"[2080, 0, 190, 76]",120.16655108639841,>64,,,,FN
8116,8116.jpg,5,buoy,,"[2479, 128, 52, 69]",59.89991652748775,32-64,,,,FN
8116,8116.jpg,3,jetski,,"[1942, 337, 130, 55]",84.55767262643882,>64,,,,FN
8116,8116.jpg,1,swimmer,,"[2384, 489, 20, 26]",22.80350850198276,16-32,,,,FN
8116,8116.jpg,1,swimmer,,"[2452, 599, 33, 23]",27.54995462791182,16-32,,,,FN
8116,8116.jpg,1,swimmer,,"[2292, 501, 29, 23]",25.826343140289914,16-32,,,,FN
8116,8116.jpg,1,swimmer,,"[2208, 506, 27, 24]",25.45584412271571,16-32,,,,FN
8116,8116.jpg,1,swimmer,,"[1985, 541, 53, 30]",39.87480407475377,32-64,,,,FN
8116,8116.jpg,1,swimmer,,"[2981, 985, 49, 62]",55.11805511808268,32-64,,,,FN
8116,8116.jpg,1,swimmer,,"[2678, 1019, 31, 31]",31.0,16-32,,,,FN
8116,8116.jpg,1,swimmer,,"[3132, 1156, 100, 73]",85.44003745317531,>64,,,,FN
8116,8116.jpg,1,swimmer,,"[2564, 983, 37, 33]",34.942810419312295,32-64,,,,FN
8117,8117.jpg,1,swimmer,,"[2472, 74, 27, 27]",27.0,16-32,,,,FN
8117,8117.jpg,1,swimmer,,"[1982, 6, 58, 40]",48.16637831516918,32-64,,,,FN
8117,8117.jpg,1,swimmer,,"[3001, 500, 47, 59]",52.65928218272634,32-64,,,,FN
8117,8117.jpg,1,swimmer,,"[2685, 528, 33, 30]",31.464265445104548,16-32,,,,FN
8117,8117.jpg,1,swimmer,,"[3142, 689, 75, 76]",75.49834435270749,>64,,,,FN
8117,8117.jpg,1,swimmer,,"[2571, 486, 39, 40]",39.496835316262995,32-64,,,,FN
8118,8118.jpg,1,swimmer,,"[3193, 109, 83, 87]",84.97646733066749,>64,,,,FN
8119,8119.jpg,1,swimmer,,"[3195, 90, 93, 83]",87.8578397184907,>64,,,,FN
8618,8618.jpg,2,boat,,"[1459, 995, 154, 208]",178.97485856957675,>64,,,,FN
8618,8618.jpg,1,swimmer,,"[1872, 1335, 37, 45]",40.80441152620633,32-64,,,,FN
8618,8618.jpg,1,swimmer,,"[2040, 802, 39, 29]",33.63034344160047,32-64,,,,FN
8618,8618.jpg,1,swimmer,,"[1823, 1553, 48, 42]",44.8998886412873,32-64,,,,FN
8618,8618.jpg,1,swimmer,,"[2344, 908, 31, 42]",36.08323710533743,32-64,,,,FN
8618,8618.jpg,1,swimmer,,"[2064, 1004, 31, 25]",27.83882181415011,16-32,,,,FN
8618,8618.jpg,1,swimmer,,"[2026, 1554, 38, 34]",35.94440151122286,32-64,,,,FN
8618,8618.jpg,1,swimmer,,"[2282, 1392, 30, 34]",31.937438845342623,16-32,,,,FN
8618,8618.jpg,1,swimmer,,"[2040, 1034, 54, 50]",51.96152422706632,32-64,,,,FN
8618,8618.jpg,1,swimmer,,"[1842, 1264, 35, 39]",36.945906403822335,32-64,,,,FN
8618,8618.jpg,5,buoy,,"[2399, 450, 47, 45]",45.98912915026767,32-64,,,,FN
8618,8618.jpg,4,life_saving_appliances,,"[2220, 1012, 15, 19]",16.881943016134134,16-32,,,,FN
8618,8618.jpg,4,life_saving_appliances,,"[2260, 1417, 27, 17]",21.42428528562855,16-32,,,,FN
8619,8619.jpg,2,boat,,"[1459, 995, 156, 207]",179.69974958246326,>64,,,,FN
8619,8619.jpg,1,swimmer,,"[1876, 1338, 37, 45]",40.80441152620633,32-64,,,,FN
8619,8619.jpg,1,swimmer,,"[2043, 799, 39, 29]",33.63034344160047,32-64,,,,FN
8619,8619.jpg,1,swimmer,,"[1816, 1552, 48, 42]",44.8998886412873,32-64,,,,FN
8619,8619.jpg,1,swimmer,,"[2343, 910, 30, 35]",32.4037034920393,32-64,,,,FN
8619,8619.jpg,1,swimmer,,"[2059, 1004, 36, 29]",32.31098884280702,32-64,,,,FN
8619,8619.jpg,1,swimmer,,"[2021, 1562, 40, 25]",31.622776601683793,16-32,,,,FN
8619,8619.jpg,1,swimmer,,"[2276, 1393, 31, 35]",32.93933818400121,32-64,,,,FN
8619,8619.jpg,1,swimmer,,"[2027, 1046, 46, 39]",42.35563716909474,32-64,,,,FN
8619,8619.jpg,1,swimmer,,"[1845, 1258, 40, 44]",41.95235392680606,32-64,,,,FN
8619,8619.jpg,5,buoy,,"[2395, 446, 51, 49]",49.98999899979995,32-64,,,,FN
8619,8619.jpg,4,life_saving_appliances,,"[2216, 1014, 15, 18]",16.431676725154983,16-32,,,,FN
8619,8619.jpg,4,life_saving_appliances,,"[2257, 1419, 28, 18]",22.44994432064365,16-32,,,,FN
8620,8620.jpg,2,boat,,"[1460, 1010, 157, 205]",179.4017837146554,>64,,,,FN
8620,8620.jpg,1,swimmer,,"[1871, 1354, 37, 45]",40.80441152620633,32-64,,,,FN
8620,8620.jpg,1,swimmer,,"[2046, 807, 39, 29]",33.63034344160047,32-64,,,,FN
8620,8620.jpg,1,swimmer,,"[1818, 1562, 48, 42]",44.8998886412873,32-64,,,,FN
8620,8620.jpg,1,swimmer,,"[2341, 924, 30, 35]",32.4037034920393,32-64,,,,FN
8620,8620.jpg,1,swimmer,,"[2060, 1016, 36, 29]",32.31098884280702,32-64,,,,FN
8620,8620.jpg,1,swimmer,,"[2021, 1577, 39, 24]",30.59411708155671,16-32,,,,FN
8620,8620.jpg,1,swimmer,,"[2273, 1412, 29, 28]",28.495613697550013,16-32,,,,FN
8620,8620.jpg,1,swimmer,,"[2006, 1062, 62, 49]",55.11805511808268,32-64,,,,FN
8620,8620.jpg,1,swimmer,,"[1845, 1280, 42, 36]",38.88444419044716,32-64,,,,FN
8620,8620.jpg,5,buoy,,"[2398, 455, 49, 47]",47.989582202807306,32-64,,,,FN
8620,8620.jpg,4,life_saving_appliances,,"[2215, 1027, 15, 18]",16.431676725154983,16-32,,,,FN
8620,8620.jpg,4,life_saving_appliances,,"[2256, 1430, 25, 18]",21.213203435596427,16-32,,,,FN
8621,8621.jpg,2,boat,,"[1459, 1031, 158, 205]",179.97222007854435,>64,,,,FN
8621,8621.jpg,1,swimmer,,"[1870, 1378, 37, 45]",40.80441152620633,32-64,,,,FN
8621,8621.jpg,1,swimmer,,"[2045, 827, 39, 29]",33.63034344160047,32-64,,,,FN
8621,8621.jpg,1,swimmer,,"[1818, 1585, 48, 42]",44.8998886412873,32-64,,,,FN
8621,8621.jpg,1,swimmer,,"[2335, 940, 30, 35]",32.4037034920393,32-64,,,,FN
8621,8621.jpg,1,swimmer,,"[2062, 1044, 30, 29]",29.49576240750525,16-32,,,,FN
8621,8621.jpg,1,swimmer,,"[2018, 1592, 41, 35]",37.881393849751625,32-64,,,,FN
8621,8621.jpg,1,swimmer,,"[2270, 1435, 28, 27]",27.49545416973504,16-32,,,,FN
8621,8621.jpg,1,swimmer,,"[2003, 1094, 49, 40]",44.27188724235731,32-64,,,,FN
8621,8621.jpg,1,swimmer,,"[1848, 1300, 35, 32]",33.46640106136302,32-64,,,,FN
8621,8621.jpg,5,buoy,,"[2398, 470, 49, 51]",49.98999899979995,32-64,,,,FN
8621,8621.jpg,4,life_saving_appliances,,"[2207, 1053, 17, 17]",17.0,16-32,,,,FN
8621,8621.jpg,4,life_saving_appliances,,"[2249, 1454, 26, 18]",21.633307652783937,16-32,,,,FN
8622,8622.jpg,1,swimmer,,"[1869, 1400, 37, 45]",40.80441152620633,32-64,,,,FN
8622,8622.jpg,1,swimmer,,"[2046, 848, 39, 29]",33.63034344160047,32-64,,,,FN
8622,8622.jpg,1,swimmer,,"[1821, 1608, 48, 42]",44.8998886412873,32-64,,,,FN
8622,8622.jpg,1,swimmer,,"[2334, 964, 30, 35]",32.4037034920393,32-64,,,,FN
8622,8622.jpg,1,swimmer,,"[2060, 1065, 35, 34]",34.49637662132068,32-64,,,,FN
8622,8622.jpg,1,swimmer,,"[2023, 1614, 35, 33]",33.98529093593286,32-64,,,,FN
8622,8622.jpg,1,swimmer,,"[2266, 1455, 32, 31]",31.496031496047245,16-32,,,,FN
8622,8622.jpg,1,swimmer,,"[1983, 1115, 63, 47]",54.415071441651165,32-64,,,,FN
8622,8622.jpg,1,swimmer,,"[1855, 1311, 39, 36]",37.469987990390386,32-64,,,,FN
8622,8622.jpg,5,buoy,,"[2396, 485, 51, 51]",51.0,32-64,,,,FN
8622,8622.jpg,4,life_saving_appliances,,"[2209, 1074, 18, 17]",17.4928556845359,16-32,,,,FN
8622,8622.jpg,4,life_saving_appliances,,"[2245, 1472, 29, 19]",23.473389188611005,16-32,,,,FN
8623,8623.jpg,2,boat,,"[1459, 1089, 161, 205]",181.6727827716634,>64,,,,FN
8623,8623.jpg,1,swimmer,,"[1867, 1445, 37, 45]",40.80441152620633,32-64,,,,FN
8623,8623.jpg,1,swimmer,,"[2046, 894, 39, 29]",33.63034344160047,32-64,,,,FN
8623,8623.jpg,1,swimmer,,"[1822, 1654, 48, 42]",44.8998886412873,32-64,,,,FN
8623,8623.jpg,1,swimmer,,"[2328, 1011, 33, 39]",35.874782229304195,32-64,,,,FN
8623,8623.jpg,1,swimmer,,"[2062, 1114, 31, 31]",31.0,16-32,,,,FN
8623,8623.jpg,1,swimmer,,"[2023, 1669, 36, 33]",34.46737587922817,32-64,,,,FN
8623,8623.jpg,1,swimmer,,"[2267, 1499, 32, 33]",32.49615361854384,32-64,,,,FN
8623,8623.jpg,1,swimmer,,"[1981, 1171, 59, 38]",47.34976240700686,32-64,,,,FN
8623,8623.jpg,1,swimmer,,"[1858, 1361, 35, 36]",35.4964786985977,32-64,,,,FN
8623,8623.jpg,5,buoy,,"[2398, 526, 49, 48]",48.49742261192856,32-64,,,,FN
8623,8623.jpg,4,life_saving_appliances,,"[2210, 1121, 18, 18]",18.0,16-32,,,,FN
8623,8623.jpg,4,life_saving_appliances,,"[2245, 1520, 31, 20]",24.899799195977465,16-32,,,,FN
8624,8624.jpg,1,swimmer,,"[1865, 1487, 37, 45]",40.80441152620633,32-64,,,,FN
8624,8624.jpg,1,swimmer,,"[2042, 934, 39, 29]",33.63034344160047,32-64,,,,FN
8624,8624.jpg,1,swimmer,,"[1820, 1696, 48, 42]",44.8998886412873,32-64,,,,FN
8624,8624.jpg,1,swimmer,,"[2322, 1050, 33, 39]",35.874782229304195,32-64,,,,FN
8624,8624.jpg,1,swimmer,,"[2061, 1161, 28, 28]",28.0,16-32,,,,FN
8624,8624.jpg,1,swimmer,,"[2023, 1720, 37, 27]",31.606961258558215,16-32,,,,FN
8624,8624.jpg,1,swimmer,,"[2268, 1542, 31, 29]",29.9833287011299,16-32,,,,FN
8624,8624.jpg,1,swimmer,,"[1973, 1218, 55, 33]",42.60281680828159,32-64,,,,FN
8624,8624.jpg,1,swimmer,,"[1862, 1395, 33, 37]",34.942810419312295,32-64,,,,FN
8624,8624.jpg,5,buoy,,"[2396, 560, 49, 48]",48.49742261192856,32-64,,,,FN
8624,8624.jpg,4,life_saving_appliances,,"[2208, 1169, 18, 17]",17.4928556845359,16-32,,,,FN
8624,8624.jpg,4,life_saving_appliances,,"[2245, 1562, 30, 21]",25.099800796022265,16-32,,,,FN
8625,8625.jpg,1,swimmer,,"[1866, 1494, 37, 45]",40.80441152620633,32-64,,,,FN
8625,8625.jpg,1,swimmer,,"[2040, 942, 39, 29]",33.63034344160047,32-64,,,,FN
8625,8625.jpg,1,swimmer,,"[1820, 1700, 48, 42]",44.8998886412873,32-64,,,,FN
8625,8625.jpg,1,swimmer,,"[2325, 1059, 33, 39]",35.874782229304195,32-64,,,,FN
8625,8625.jpg,1,swimmer,,"[2059, 1165, 26, 31]",28.39013913315678,16-32,,,,FN
8625,8625.jpg,1,swimmer,,"[2020, 1726, 42, 26]",33.04542328371661,32-64,,,,FN
8625,8625.jpg,1,swimmer,,"[2268, 1545, 33, 34]",33.49626844888845,32-64,,,,FN
8625,8625.jpg,1,swimmer,,"[1965, 1231, 50, 31]",39.370039370059054,32-64,,,,FN
8625,8625.jpg,1,swimmer,,"[1872, 1394, 39, 37]",37.986839826445156,32-64,,,,FN
8625,8625.jpg,5,buoy,,"[2401, 566, 49, 47]",47.989582202807306,32-64,,,,FN
8625,8625.jpg,4,life_saving_appliances,,"[2207, 1180, 18, 17]",17.4928556845359,16-32,,,,FN
8625,8625.jpg,4,life_saving_appliances,,"[2249, 1569, 30, 21]",25.099800796022265,16-32,,,,FN
8626,8626.jpg,2,boat,,"[1525, 1106, 163, 204]",182.3513092906108,>64,,,,FN
8626,8626.jpg,1,swimmer,,"[2112, 956, 39, 29]",33.63034344160047,32-64,,,,FN
8626,8626.jpg,1,swimmer,,"[1853, 1698, 48, 42]",44.8998886412873,32-64,,,,FN
8626,8626.jpg,1,swimmer,,"[2115, 1181, 27, 29]",27.982137159266443,16-32,,,,FN
8626,8626.jpg,1,swimmer,,"[2392, 1088, 24, 34]",28.5657137141714,16-32,,,,FN
8626,8626.jpg,1,swimmer,,"[2054, 1734, 42, 28]",34.292856398964496,32-64,,,,FN
8626,8626.jpg,1,swimmer,,"[2314, 1565, 31, 35]",32.93933818400121,32-64,,,,FN
8626,8626.jpg,1,swimmer,,"[2010, 1242, 52, 29]",38.8329756778952,32-64,,,,FN
8626,8626.jpg,1,swimmer,,"[1919, 1394, 38, 41]",39.4715087119811,32-64,,,,FN
8626,8626.jpg,1,swimmer,,"[1888, 1483, 57, 49]",52.848841046895245,32-64,,,,FN
8626,8626.jpg,5,buoy,,"[2487, 594, 49, 46]",47.47630988187688,32-64,,,,FN
8626,8626.jpg,4,life_saving_appliances,,"[2263, 1201, 18, 17]",17.4928556845359,16-32,,,,FN
8626,8626.jpg,4,life_saving_appliances,,"[2292, 1590, 28, 23]",25.37715508089904,16-32,,,,FN
8627,8627.jpg,2,boat,,"[1587, 1086, 170, 197]",183.0027322200409,>64,,,,FN
8627,8627.jpg,1,swimmer,,"[2185, 974, 39, 29]",33.63034344160047,32-64,,,,FN
8627,8627.jpg,1,swimmer,,"[1868, 1689, 48, 42]",44.8998886412873,32-64,,,,FN
8627,8627.jpg,1,swimmer,,"[2177, 1195, 23, 28]",25.37715508089904,16-32,,,,FN
8627,8627.jpg,1,swimmer,,"[2452, 1125, 25, 33]",28.722813232690143,16-32,,,,FN
8627,8627.jpg,1,swimmer,,"[2075, 1741, 37, 31]",33.8673884437522,32-64,,,,FN
8627,8627.jpg,1,swimmer,,"[2345, 1596, 36, 40]",37.94733192202055,32-64,,,,FN
8627,8627.jpg,1,swimmer,,"[2054, 1249, 51, 35]",42.24926034855522,32-64,,,,FN
8627,8627.jpg,1,swimmer,,"[1961, 1401, 40, 32]",35.77708763999664,32-64,,,,FN
8627,8627.jpg,1,swimmer,,"[1924, 1484, 47, 46]",46.49731175025068,32-64,,,,FN
8627,8627.jpg,5,buoy,,"[2594, 639, 50, 46]",47.958315233127195,32-64,,,,FN
8627,8627.jpg,4,life_saving_appliances,,"[2320, 1228, 20, 18]",18.973665961010276,16-32,,,,FN
8627,8627.jpg,4,life_saving_appliances,,"[2325, 1618, 28, 20]",23.664319132398465,16-32,,,,FN
8628,8628.jpg,2,boat,,"[1633, 1065, 180, 188]",183.9565166010707,>64,,,,FN
8628,8628.jpg,1,swimmer,,"[2239, 993, 39, 29]",33.63034344160047,32-64,,,,FN
8628,8628.jpg,1,swimmer,,"[1863, 1678, 48, 42]",44.8998886412873,32-64,,,,FN
8628,8628.jpg,1,swimmer,,"[2217, 1211, 24, 25]",24.49489742783178,16-32,,,,FN
8628,8628.jpg,1,swimmer,,"[2496, 1164, 22, 29]",25.25866188063018,16-32,,,,FN
8628,8628.jpg,1,swimmer,,"[2067, 1745, 41, 29]",34.48187929913333,32-64,,,,FN
8628,8628.jpg,1,swimmer,,"[2357, 1624, 33, 30]",31.464265445104548,16-32,,,,FN
8628,8628.jpg,1,swimmer,,"[2077, 1253, 49, 33]",40.2119385257662,32-64,,,,FN
8628,8628.jpg,1,swimmer,,"[1988, 1393, 43, 32]",37.094473981982816,32-64,,,,FN
8628,8628.jpg,1,swimmer,,"[1937, 1478, 42, 38]",39.949968710876355,32-64,,,,FN
8628,8628.jpg,5,buoy,,"[2678, 688, 52, 48]",49.95998398718719,32-64,,,,FN
8628,8628.jpg,4,life_saving_appliances,,"[2355, 1254, 22, 17]",19.339079605813716,16-32,,,,FN
8628,8628.jpg,4,life_saving_appliances,,"[2332, 1643, 29, 20]",24.08318915758459,16-32,,,,FN
8629,8629.jpg,2,boat,,"[1663, 1044, 189, 175]",181.86533479473212,>64,,,,FN
8629,8629.jpg,1,swimmer,,"[2274, 1001, 37, 32]",34.40930106817051,32-64,,,,FN
8629,8629.jpg,1,swimmer,,"[1842, 1657, 48, 42]",44.8998886412873,32-64,,,,FN
8629,8629.jpg,1,swimmer,,"[2239, 1220, 24, 25]",24.49489742783178,16-32,,,,FN
8629,8629.jpg,1,swimmer,,"[2522, 1200, 20, 25]",22.360679774997898,16-32,,,,FN
8629,8629.jpg,1,swimmer,,"[2042, 1744, 40, 28]",33.46640106136302,32-64,,,,FN
8629,8629.jpg,1,swimmer,,"[2348, 1652, 29, 25]",26.92582403567252,16-32,,,,FN
8629,8629.jpg,1,swimmer,,"[2088, 1250, 46, 42]",43.95452195167182,32-64,,,,FN
8629,8629.jpg,1,swimmer,,"[1992, 1378, 53, 44]",48.29078587059855,32-64,,,,FN
8629,8629.jpg,1,swimmer,,"[1936, 1461, 48, 44]",45.95650117230423,32-64,,,,FN
8629,8629.jpg,5,buoy,,"[2750, 744, 51, 47]",48.95916665957459,32-64,,,,FN
8629,8629.jpg,4,life_saving_appliances,,"[2374, 1280, 23, 17]",19.77371993328519,16-32,,,,FN
8629,8629.jpg,4,life_saving_appliances,,"[2319, 1660, 30, 20]",24.49489742783178,16-32,,,,FN
8630,8630.jpg,2,boat,,"[1686, 1023, 196, 161]",177.6400855662933,>64,,,,FN
8630,8630.jpg,1,swimmer,,"[2307, 1012, 37, 32]",34.40930106817051,32-64,,,,FN
8630,8630.jpg,1,swimmer,,"[1813, 1630, 48, 42]",44.8998886412873,32-64,,,,FN
8630,8630.jpg,1,swimmer,,"[2251, 1227, 26, 27]",26.49528259898354,16-32,,,,FN
8630,8630.jpg,1,swimmer,,"[2537, 1231, 23, 29]",25.826343140289914,16-32,,,,FN
8630,8630.jpg,1,swimmer,,"[2003, 1734, 43, 29]",35.31288716601915,32-64,,,,FN
8630,8630.jpg,1,swimmer,,"[2324, 1663, 31, 26]",28.39013913315678,16-32,,,,FN
8630,8630.jpg,1,swimmer,,"[2079, 1248, 51, 32]",40.39801975344831,32-64,,,,FN
8630,8630.jpg,1,swimmer,,"[1991, 1372, 54, 37]",44.69899327725402,32-64,,,,FN
8630,8630.jpg,1,swimmer,,"[1929, 1440, 44, 47]",45.47526800360829,32-64,,,,FN
8630,8630.jpg,5,buoy,,"[2807, 799, 50, 47]",48.47679857416329,32-64,,,,FN
8630,8630.jpg,4,life_saving_appliances,,"[2383, 1301, 22, 16]",18.76166303929372,16-32,,,,FN
8630,8630.jpg,4,life_saving_appliances,,"[2296, 1672, 29, 19]",23.473389188611005,16-32,,,,FN
8631,8631.jpg,1,swimmer,,"[2342, 1022, 37, 32]",34.40930106817051,32-64,,,,FN
8631,8631.jpg,1,swimmer,,"[1780, 1592, 48, 42]",44.8998886412873,32-64,,,,FN
8631,8631.jpg,1,swimmer,,"[2535, 1254, 31, 31]",31.0,16-32,,,,FN
8631,8631.jpg,1,swimmer,,"[2260, 1233, 29, 30]",29.49576240750525,16-32,,,,FN
8631,8631.jpg,1,swimmer,,"[1964, 1714, 39, 26]",31.843366656181317,16-32,,,,FN
8631,8631.jpg,1,swimmer,,"[2293, 1667, 41, 29]",34.48187929913333,32-64,,,,FN
8631,8631.jpg,1,swimmer,,"[2085, 1237, 58, 42]",49.35585071701227,32-64,,,,FN
8631,8631.jpg,1,swimmer,,"[2005, 1359, 46, 28]",35.888716889852724,32-64,,,,FN
8631,8631.jpg,1,swimmer,,"[1922, 1416, 33, 46]",38.961519477556315,32-64,,,,FN
8631,8631.jpg,5,buoy,,"[2860, 857, 52, 47]",49.4368283772331,32-64,,,,FN
8631,8631.jpg,4,life_saving_appliances,,"[2386, 1319, 22, 16]",18.76166303929372,16-32,,,,FN
8631,8631.jpg,4,life_saving_appliances,,"[2266, 1673, 31, 22]",26.115129714401192,16-32,,,,FN
8632,8632.jpg,1,swimmer,,"[2371, 1032, 37, 32]",34.40930106817051,32-64,,,,FN
8632,8632.jpg,1,swimmer,,"[1756, 1557, 40, 27]",32.863353450309965,32-64,,,,FN
8632,8632.jpg,1,swimmer,,"[2546, 1287, 31, 31]",31.0,16-32,,,,FN
8632,8632.jpg,1,swimmer,,"[2275, 1237, 32, 33]",32.49615361854384,32-64,,,,FN
8632,8632.jpg,1,swimmer,,"[1929, 1680, 40, 39]",39.496835316262995,32-64,,,,FN
8632,8632.jpg,1,swimmer,,"[2269, 1670, 33, 25]",28.722813232690143,16-32,,,,FN
8632,8632.jpg,1,swimmer,,"[2079, 1225, 60, 43]",50.79370039680118,32-64,,,,FN
8632,8632.jpg,1,swimmer,,"[1998, 1334, 64, 36]",48.0,32-64,,,,FN
8632,8632.jpg,1,swimmer,,"[1899, 1386, 56, 48]",51.84592558726288,32-64,,,,FN
8632,8632.jpg,5,buoy,,"[2908, 915, 52, 48]",49.95998398718719,32-64,,,,FN
8632,8632.jpg,4,life_saving_appliances,,"[2389, 1334, 22, 16]",18.76166303929372,16-32,,,,FN
8632,8632.jpg,4,life_saving_appliances,,"[2238, 1670, 30, 23]",26.267851073127396,16-32,,,,FN
8633,8633.jpg,1,swimmer,,"[2402, 1050, 43, 33]",37.66961640367472,32-64,,,,FN
8633,8633.jpg,1,swimmer,,"[1743, 1503, 37, 25]",30.4138126514911,16-32,,,,FN
8633,8633.jpg,1,swimmer,,"[2556, 1307, 34, 39]",36.41428291206625,32-64,,,,FN
8633,8633.jpg,1,swimmer,,"[2288, 1243, 31, 32]",31.496031496047245,16-32,,,,FN
8633,8633.jpg,1,swimmer,,"[1897, 1643, 38, 37]",37.49666651850535,32-64,,,,FN
8633,8633.jpg,1,swimmer,,"[2242, 1668, 30, 25]",27.386127875258307,16-32,,,,FN
8633,8633.jpg,1,swimmer,,"[2084, 1203, 54, 49]",51.43928459844674,32-64,,,,FN
8633,8633.jpg,1,swimmer,,"[2008, 1310, 48, 42]",44.8998886412873,32-64,,,,FN
8633,8633.jpg,1,swimmer,,"[1902, 1350, 31, 50]",39.370039370059054,32-64,,,,FN
8633,8633.jpg,5,buoy,,"[2953, 975, 52, 48]",49.95998398718719,32-64,,,,FN
8633,8633.jpg,4,life_saving_appliances,,"[2391, 1345, 22, 16]",18.76166303929372,16-32,,,,FN
8633,8633.jpg,4,life_saving_appliances,,"[2210, 1666, 31, 24]",27.27636339397171,16-32,,,,FN
8634,8634.jpg,1,swimmer,,"[2434, 1067, 43, 33]",37.66961640367472,32-64,,,,FN
8634,8634.jpg,1,swimmer,,"[1735, 1441, 36, 32]",33.94112549695428,32-64,,,,FN
8634,8634.jpg,1,swimmer,,"[2567, 1330, 34, 39]",36.41428291206625,32-64,,,,FN
8634,8634.jpg,1,swimmer,,"[2301, 1245, 28, 31]",29.46183972531247,16-32,,,,FN
8634,8634.jpg,1,swimmer,,"[1868, 1603, 41, 36]",38.41874542459709,32-64,,,,FN
8634,8634.jpg,1,swimmer,,"[2205, 1663, 37, 22]",28.53068523537421,16-32,,,,FN
8634,8634.jpg,1,swimmer,,"[2079, 1177, 57, 44]",50.07993610219566,32-64,,,,FN
8634,8634.jpg,1,swimmer,,"[2021, 1293, 48, 27]",36.0,32-64,,,,FN
8634,8634.jpg,1,swimmer,,"[1900, 1312, 35, 48]",40.98780306383839,32-64,,,,FN
8634,8634.jpg,5,buoy,,"[2995, 1038, 53, 48]",50.438080851673966,32-64,,,,FN
8634,8634.jpg,4,life_saving_appliances,,"[2395, 1357, 22, 15]",18.16590212458495,16-32,,,,FN
8634,8634.jpg,4,life_saving_appliances,,"[2183, 1653, 30, 24]",26.832815729997478,16-32,,,,FN
8635,8635.jpg,1,swimmer,,"[2470, 1088, 43, 33]",37.66961640367472,32-64,,,,FN
8635,8635.jpg,1,swimmer,,"[1733, 1373, 44, 44]",44.0,32-64,,,,FN
8635,8635.jpg,1,swimmer,,"[2573, 1358, 34, 39]",36.41428291206625,32-64,,,,FN
8635,8635.jpg,1,swimmer,,"[2317, 1249, 28, 31]",29.46183972531247,16-32,,,,FN
8635,8635.jpg,1,swimmer,,"[1852, 1559, 37, 32]",34.40930106817051,32-64,,,,FN
8635,8635.jpg,1,swimmer,,"[2185, 1649, 35, 21]",27.110883423451916,16-32,,,,FN
8635,8635.jpg,1,swimmer,,"[2099, 1159, 54, 44]",48.744230427815765,32-64,,,,FN
8635,8635.jpg,1,swimmer,,"[2038, 1264, 51, 34]",41.641325627314025,32-64,,,,FN
8635,8635.jpg,1,swimmer,,"[1901, 1272, 52, 52]",52.0,32-64,,,,FN
8635,8635.jpg,5,buoy,,"[3037, 1105, 53, 48]",50.438080851673966,32-64,,,,FN
8635,8635.jpg,4,life_saving_appliances,,"[2402, 1368, 22, 15]",18.16590212458495,16-32,,,,FN
8635,8635.jpg,4,life_saving_appliances,,"[2160, 1637, 31, 24]",27.27636339397171,16-32,,,,FN
8636,8636.jpg,1,swimmer,,"[2502, 1107, 43, 33]",37.66961640367472,32-64,,,,FN
8636,8636.jpg,1,swimmer,,"[1743, 1315, 44, 44]",44.0,32-64,,,,FN
8636,8636.jpg,1,swimmer,,"[2580, 1388, 34, 39]",36.41428291206625,32-64,,,,FN
8636,8636.jpg,1,swimmer,,"[2331, 1256, 27, 27]",27.0,16-32,,,,FN
8636,8636.jpg,1,swimmer,,"[1842, 1514, 38, 34]",35.94440151122286,32-64,,,,FN
8636,8636.jpg,1,swimmer,,"[2167, 1634, 35, 21]",27.110883423451916,16-32,,,,FN
8636,8636.jpg,1,swimmer,,"[2107, 1134, 67, 60]",63.40346993658943,32-64,,,,FN
8636,8636.jpg,1,swimmer,,"[2061, 1238, 48, 37]",42.14261501141095,32-64,,,,FN
8636,8636.jpg,1,swimmer,,"[1917, 1234, 40, 49]",44.27188724235731,32-64,,,,FN
8636,8636.jpg,5,buoy,,"[3075, 1173, 55, 50]",52.44044240850758,32-64,,,,FN
8636,8636.jpg,4,life_saving_appliances,,"[2406, 1379, 22, 16]",18.76166303929372,16-32,,,,FN
8636,8636.jpg,4,life_saving_appliances,,"[2143, 1620, 30, 24]",26.832815729997478,16-32,,,,FN
8637,8637.jpg,1,swimmer,,"[2546, 1132, 43, 33]",37.66961640367472,32-64,,,,FN
8637,8637.jpg,1,swimmer,,"[1776, 1265, 44, 44]",44.0,32-64,,,,FN
8637,8637.jpg,1,swimmer,,"[2597, 1424, 34, 39]",36.41428291206625,32-64,,,,FN
8637,8637.jpg,1,swimmer,,"[2356, 1262, 32, 26]",28.844410203711913,16-32,,,,FN
8637,8637.jpg,1,swimmer,,"[1845, 1466, 37, 33]",34.942810419312295,32-64,,,,FN
8637,8637.jpg,1,swimmer,,"[2161, 1623, 34, 20]",26.076809620810597,16-32,,,,FN
8637,8637.jpg,1,swimmer,,"[2149, 1109, 46, 52]",48.908077042549934,32-64,,,,FN
8637,8637.jpg,1,swimmer,,"[2107, 1224, 35, 26]",30.166206257996713,16-32,,,,FN
8637,8637.jpg,1,swimmer,,"[1955, 1199, 38, 47]",42.261093218230876,32-64,,,,FN
8637,8637.jpg,5,buoy,,"[3123, 1259, 55, 50]",52.44044240850758,32-64,,,,FN
8637,8637.jpg,4,life_saving_appliances,,"[2419, 1394, 20, 17]",18.439088914585774,16-32,,,,FN
8637,8637.jpg,4,life_saving_appliances,,"[2137, 1605, 29, 23]",25.826343140289914,16-32,,,,FN
8638,8638.jpg,1,swimmer,,"[2599, 1155, 34, 48]",40.39801975344831,32-64,,,,FN
8638,8638.jpg,1,swimmer,,"[1814, 1213, 44, 44]",44.0,32-64,,,,FN
8638,8638.jpg,1,swimmer,,"[2615, 1453, 34, 32]",32.984845004941285,32-64,,,,FN
8638,8638.jpg,1,swimmer,,"[2386, 1269, 31, 27]",28.930952282978865,16-32,,,,FN
8638,8638.jpg,1,swimmer,,"[1860, 1417, 35, 31]",32.93933818400121,32-64,,,,FN
8638,8638.jpg,1,swimmer,,"[2158, 1607, 36, 21]",27.49545416973504,16-32,,,,FN
8638,8638.jpg,1,swimmer,,"[2191, 1085, 47, 61]",53.54437412091022,32-64,,,,FN
8638,8638.jpg,1,swimmer,,"[2155, 1205, 41, 31]",35.651086939951774,32-64,,,,FN
8638,8638.jpg,1,swimmer,,"[2005, 1165, 41, 47]",43.89760813529594,32-64,,,,FN
8638,8638.jpg,5,buoy,,"[3170, 1357, 58, 52]",54.91812087098393,32-64,,,,FN
8638,8638.jpg,4,life_saving_appliances,,"[2435, 1405, 21, 18]",19.44222209522358,16-32,,,,FN
8638,8638.jpg,4,life_saving_appliances,,"[2138, 1584, 24, 28]",25.92296279363144,16-32,,,,FN
8639,8639.jpg,1,swimmer,,"[2650, 1192, 34, 48]",40.39801975344831,32-64,,,,FN
8639,8639.jpg,1,swimmer,,"[1864, 1168, 39, 49]",43.71498598878879,32-64,,,,FN
8639,8639.jpg,1,swimmer,,"[2625, 1494, 40, 40]",40.0,32-64,,,,FN
8639,8639.jpg,1,swimmer,,"[2424, 1280, 33, 28]",30.397368307141328,16-32,,,,FN
8639,8639.jpg,1,swimmer,,"[1889, 1370, 33, 31]",31.984371183438952,16-32,,,,FN
8639,8639.jpg,1,swimmer,,"[2162, 1592, 44, 22]",31.11269837220809,16-32,,,,FN
8639,8639.jpg,1,swimmer,,"[2253, 1076, 44, 45]",44.49719092257398,32-64,,,,FN
8639,8639.jpg,1,swimmer,,"[2211, 1189, 38, 44]",40.890096600521744,32-64,,,,FN
8639,8639.jpg,1,swimmer,,"[2062, 1137, 41, 47]",43.89760813529594,32-64,,,,FN
8639,8639.jpg,5,buoy,,"[3212, 1466, 57, 54]",55.47972602672079,32-64,,,,FN
8639,8639.jpg,4,life_saving_appliances,,"[2457, 1420, 21, 19]",19.974984355438178,16-32,,,,FN
8639,8639.jpg,4,life_saving_appliances,,"[2144, 1565, 22, 28]",24.819347291981714,16-32,,,,FN
8640,8640.jpg,2,boat,,"[610, 1983, 173, 139]",155.0709515028524,>64,,,,FN
8640,8640.jpg,1,swimmer,,"[2130, 1119, 42, 47]",44.429719783046124,32-64,,,,FN
8640,8640.jpg,1,swimmer,,"[2709, 1244, 37, 35]",35.98610843089316,32-64,,,,FN
8640,8640.jpg,1,swimmer,,"[1931, 1130, 35, 43]",38.79432948254165,32-64,,,,FN
8640,8640.jpg,1,swimmer,,"[2638, 1538, 40, 40]",40.0,32-64,,,,FN
8640,8640.jpg,1,swimmer,,"[2476, 1302, 28, 26]",26.981475126464083,16-32,,,,FN
8640,8640.jpg,1,swimmer,,"[1931, 1330, 33, 34]",33.49626844888845,32-64,,,,FN
8640,8640.jpg,1,swimmer,,"[2176, 1578, 46, 25]",33.91164991562634,32-64,,,,FN
8640,8640.jpg,1,swimmer,,"[2326, 1071, 42, 51]",46.281745861624536,32-64,,,,FN
8640,8640.jpg,1,swimmer,,"[2277, 1195, 41, 27]",33.27160951922825,32-64,,,,FN
8640,8640.jpg,5,buoy,,"[3246, 1596, 59, 53]",55.91958512006326,32-64,,,,FN
8640,8640.jpg,4,life_saving_appliances,,"[2485, 1440, 21, 20]",20.493901531919196,16-32,,,,FN
8640,8640.jpg,4,life_saving_appliances,,"[2158, 1550, 21, 29]",24.677925358506133,16-32,,,,FN
8641,8641.jpg,1,swimmer,,"[2204, 1108, 42, 47]",44.429719783046124,32-64,,,,FN
8641,8641.jpg,1,swimmer,,"[2766, 1300, 37, 36]",36.49657518178932,32-64,,,,FN
8641,8641.jpg,2,boat,,"[626, 1767, 173, 139]",155.0709515028524,>64,,,,FN
8641,8641.jpg,1,swimmer,,"[2660, 1574, 40, 40]",40.0,32-64,,,,FN
8641,8641.jpg,1,swimmer,,"[2008, 1101, 31, 33]",31.984371183438952,16-32,,,,FN
8641,8641.jpg,1,swimmer,,"[2531, 1332, 26, 25]",25.495097567963924,16-32,,,,FN
8641,8641.jpg,1,swimmer,,"[1983, 1300, 30, 34]",31.937438845342623,16-32,,,,FN
8641,8641.jpg,1,swimmer,,"[2192, 1568, 48, 24]",33.94112549695428,32-64,,,,FN
8641,8641.jpg,1,swimmer,,"[2345, 1207, 49, 29]",37.69615364994153,32-64,,,,FN
8641,8641.jpg,1,swimmer,,"[2408, 1082, 32, 47]",38.781438859330635,32-64,,,,FN
8641,8641.jpg,5,buoy,,"[3265, 1731, 58, 53]",55.44366510251645,32-64,,,,FN
8641,8641.jpg,4,life_saving_appliances,,"[2518, 1467, 21, 21]",21.0,16-32,,,,FN
8641,8641.jpg,4,life_saving_appliances,,"[2178, 1537, 22, 29]",25.25866188063018,16-32,,,,FN
8642,8642.jpg,1,swimmer,,"[2822, 1370, 39, 36]",37.469987990390386,32-64,,,,FN
8642,8642.jpg,2,boat,,"[667, 1569, 173, 121]",144.68241081762497,>64,,,,FN
8642,8642.jpg,1,swimmer,,"[2681, 1626, 40, 40]",40.0,32-64,,,,FN
8642,8642.jpg,1,swimmer,,"[2089, 1073, 31, 33]",31.984371183438952,16-32,,,,FN
8642,8642.jpg,1,swimmer,,"[2583, 1368, 27, 26]",26.49528259898354,16-32,,,,FN
8642,8642.jpg,1,swimmer,,"[2041, 1269, 30, 34]",31.937438845342623,16-32,,,,FN
8642,8642.jpg,1,swimmer,,"[2218, 1551, 29, 27]",27.982137159266443,16-32,,,,FN
8642,8642.jpg,1,swimmer,,"[2429, 1227, 38, 25]",30.822070014844883,16-32,,,,FN
8642,8642.jpg,1,swimmer,,"[2489, 1095, 32, 58]",43.08131845707603,32-64,,,,FN
8642,8642.jpg,1,swimmer,,"[2284, 1114, 49, 41]",44.82186966202994,32-64,,,,FN
8642,8642.jpg,5,buoy,,"[3268, 1864, 59, 55]",56.96490147450446,32-64,,,,FN
8642,8642.jpg,4,life_saving_appliances,,"[2552, 1502, 21, 21]",21.0,16-32,,,,FN
8642,8642.jpg,4,life_saving_appliances,,"[2203, 1529, 22, 26]",23.916521486202797,16-32,,,,FN
8643,8643.jpg,1,swimmer,,"[2877, 1445, 34, 42]",37.78888725538237,32-64,,,,FN
8643,8643.jpg,2,boat,,"[733, 1371, 173, 121]",144.68241081762497,>64,,,,FN
8643,8643.jpg,1,swimmer,,"[2695, 1666, 40, 40]",40.0,32-64,,,,FN
8643,8643.jpg,1,swimmer,,"[2183, 1057, 31, 33]",31.984371183438952,16-32,,,,FN
8643,8643.jpg,1,swimmer,,"[2635, 1417, 23, 22]",22.494443758403985,16-32,,,,FN
8643,8643.jpg,1,swimmer,,"[2107, 1239, 26, 44]",33.823069050575526,32-64,,,,FN
8643,8643.jpg,1,swimmer,,"[2245, 1549, 29, 32]",30.463092423455635,16-32,,,,FN
8643,8643.jpg,1,swimmer,,"[2500, 1258, 40, 30]",34.64101615137755,32-64,,,,FN
8643,8643.jpg,1,swimmer,,"[2571, 1127, 38, 53]",44.87761134463375,32-64,,,,FN
8643,8643.jpg,1,swimmer,,"[2366, 1129, 53, 36]",43.68065933568311,32-64,,,,FN
8643,8643.jpg,5,buoy,,"[3258, 1998, 60, 57]",58.48076606885378,32-64,,,,FN
8643,8643.jpg,4,life_saving_appliances,,"[2584, 1540, 20, 21]",20.493901531919196,16-32,,,,FN
8643,8643.jpg,4,life_saving_appliances,,"[2233, 1524, 22, 27]",24.372115213907882,16-32,,,,FN
8643,8643.jpg,3,jetski,,"[0, 411, 34, 93]",56.231663678038196,32-64,,,,FN
8644,8644.jpg,1,swimmer,,"[2923, 1539, 42, 31]",36.08323710533743,32-64,,,,FN
8644,8644.jpg,2,boat,,"[825, 1203, 167, 96]",126.6175343307553,>64,,,,FN
8644,8644.jpg,1,swimmer,,"[2714, 1735, 42, 33]",37.22902093797257,32-64,,,,FN
8644,8644.jpg,1,swimmer,,"[2275, 1053, 31, 33]",31.984371183438952,16-32,,,,FN
8644,8644.jpg,1,swimmer,,"[2678, 1473, 27, 24]",25.45584412271571,16-32,,,,FN
8644,8644.jpg,1,swimmer,,"[2179, 1231, 29, 38]",33.19638534539566,32-64,,,,FN
8644,8644.jpg,1,swimmer,,"[2277, 1550, 33, 41]",36.78314831549904,32-64,,,,FN
8644,8644.jpg,1,swimmer,,"[2567, 1295, 34, 36]",34.9857113690718,32-64,,,,FN
8644,8644.jpg,1,swimmer,,"[2655, 1158, 32, 58]",43.08131845707603,32-64,,,,FN
8644,8644.jpg,1,swimmer,,"[2452, 1149, 52, 36]",43.266615305567875,32-64,,,,FN
8644,8644.jpg,4,life_saving_appliances,,"[2610, 1585, 19, 20]",19.493588689617926,16-32,,,,FN
8644,8644.jpg,4,life_saving_appliances,,"[2266, 1527, 22, 28]",24.819347291981714,16-32,,,,FN
8644,8644.jpg,3,jetski,,"[232, 169, 39, 92]",59.89991652748775,32-64,,,,FN
8644,8644.jpg,5,buoy,,"[3233, 2127, 62, 33]",45.232731511594565,32-64,,,,FN
8645,8645.jpg,1,swimmer,,"[2955, 1628, 42, 31]",36.08323710533743,32-64,,,,FN
8645,8645.jpg,2,boat,,"[935, 1035, 167, 96]",126.6175343307553,>64,,,,FN
8645,8645.jpg,1,swimmer,,"[2723, 1794, 40, 40]",40.0,32-64,,,,FN
8645,8645.jpg,1,swimmer,,"[2371, 1062, 33, 43]",37.66961640367472,32-64,,,,FN
8645,8645.jpg,1,swimmer,,"[2715, 1533, 28, 25]",26.457513110645905,16-32,,,,FN
8645,8645.jpg,1,swimmer,,"[2249, 1226, 36, 38]",36.98648401781386,32-64,,,,FN
8645,8645.jpg,1,swimmer,,"[2309, 1556, 33, 47]",39.382737335030434,32-64,,,,FN
8645,8645.jpg,1,swimmer,,"[2632, 1343, 35, 31]",32.93933818400121,32-64,,,,FN
8645,8645.jpg,1,swimmer,,"[2738, 1206, 34, 57]",44.02272140611028,32-64,,,,FN
8645,8645.jpg,1,swimmer,,"[2536, 1175, 55, 41]",47.486840282335066,32-64,,,,FN
8645,8645.jpg,4,life_saving_appliances,,"[2634, 1633, 19, 20]",19.493588689617926,16-32,,,,FN
8645,8645.jpg,4,life_saving_appliances,,"[2302, 1532, 22, 28]",24.819347291981714,16-32,,,,FN
8645,8645.jpg,3,jetski,,"[488, 0, 44, 91]",63.2771680782255,32-64,,,,FN
8646,8646.jpg,1,swimmer,,"[2974, 1724, 43, 38]",40.422765862815474,32-64,,,,FN
8646,8646.jpg,2,boat,,"[1061, 885, 167, 80]",115.58546621439912,>64,,,,FN
8646,8646.jpg,1,swimmer,,"[2722, 1855, 40, 40]",40.0,32-64,,,,FN
8646,8646.jpg,1,swimmer,,"[2466, 1088, 33, 31]",31.984371183438952,16-32,,,,FN
8646,8646.jpg,1,swimmer,,"[2743, 1598, 35, 25]",29.58039891549808,16-32,,,,FN
8646,8646.jpg,1,swimmer,,"[2311, 1226, 48, 38]",42.708313008125245,32-64,,,,FN
8646,8646.jpg,1,swimmer,,"[2341, 1569, 26, 41]",32.64965543462902,32-64,,,,FN
8646,8646.jpg,1,swimmer,,"[2700, 1399, 37, 35]",35.98610843089316,32-64,,,,FN
8646,8646.jpg,1,swimmer,,"[2818, 1253, 44, 64]",53.0659966456864,32-64,,,,FN
8646,8646.jpg,1,swimmer,,"[2621, 1209, 56, 41]",47.916594202843754,32-64,,,,FN
8646,8646.jpg,4,life_saving_appliances,,"[2653, 1683, 19, 21]",19.974984355438178,16-32,,,,FN
8646,8646.jpg,4,life_saving_appliances,,"[2338, 1544, 23, 28]",25.37715508089904,16-32,,,,FN
8647,8647.jpg,1,swimmer,,"[2979, 1826, 43, 38]",40.422765862815474,32-64,,,,FN
8647,8647.jpg,2,boat,,"[1200, 755, 167, 80]",115.58546621439912,>64,,,,FN
8647,8647.jpg,1,swimmer,,"[2713, 1916, 29, 48]",37.30951621235526,32-64,,,,FN
8647,8647.jpg,1,swimmer,,"[2568, 1114, 32, 33]",32.49615361854384,32-64,,,,FN
8647,8647.jpg,1,swimmer,,"[2767, 1662, 35, 25]",29.58039891549808,16-32,,,,FN
8647,8647.jpg,1,swimmer,,"[2397, 1243, 33, 30]",31.464265445104548,16-32,,,,FN
8647,8647.jpg,1,swimmer,,"[2367, 1584, 32, 41]",36.22154055254967,32-64,,,,FN
8647,8647.jpg,1,swimmer,,"[2898, 1324, 41, 57]",48.342527861087284,32-64,,,,FN
8647,8647.jpg,1,swimmer,,"[2747, 1452, 44, 41]",42.473521163190604,32-64,,,,FN
8647,8647.jpg,1,swimmer,,"[2703, 1262, 56, 43]",49.07137658554119,32-64,,,,FN
8647,8647.jpg,4,life_saving_appliances,,"[2665, 1734, 21, 21]",21.0,16-32,,,,FN
8647,8647.jpg,4,life_saving_appliances,,"[2371, 1561, 25, 28]",26.457513110645905,16-32,,,,FN
8648,8648.jpg,1,swimmer,,"[2972, 1919, 60, 34]",45.16635916254486,32-64,,,,FN
8648,8648.jpg,1,swimmer,,"[2660, 1162, 35, 33]",33.98529093593286,32-64,,,,FN
8648,8648.jpg,1,swimmer,,"[2788, 1729, 32, 25]",28.284271247461902,16-32,,,,FN
8648,8648.jpg,1,swimmer,,"[2692, 1973, 27, 41]",33.27160951922825,32-64,,,,FN
8648,8648.jpg,1,swimmer,,"[2471, 1271, 37, 33]",34.942810419312295,32-64,,,,FN
8648,8648.jpg,1,swimmer,,"[2392, 1602, 28, 51]",37.78888725538237,32-64,,,,FN
8648,8648.jpg,1,swimmer,,"[2963, 1397, 58, 55]",56.480084985771754,32-64,,,,FN
8648,8648.jpg,1,swimmer,,"[2804, 1524, 45, 25]",33.54101966249684,32-64,,,,FN
8648,8648.jpg,1,swimmer,,"[2779, 1331, 56, 36]",44.8998886412873,32-64,,,,FN
8648,8648.jpg,4,life_saving_appliances,,"[2670, 1787, 23, 21]",21.97726097583591,16-32,,,,FN
8648,8648.jpg,4,life_saving_appliances,,"[2400, 1580, 27, 27]",27.0,16-32,,,,FN
8649,8649.jpg,1,swimmer,,"[2961, 2011, 60, 34]",45.16635916254486,32-64,,,,FN
8649,8649.jpg,2,boat,,"[1518, 547, 155, 99]",123.87493693237546,>64,,,,FN
8649,8649.jpg,1,swimmer,,"[2804, 1798, 31, 25]",27.83882181415011,16-32,,,,FN
8649,8649.jpg,1,swimmer,,"[2665, 2028, 28, 42]",34.292856398964496,32-64,,,,FN
8649,8649.jpg,1,swimmer,,"[2543, 1303, 36, 32]",33.94112549695428,32-64,,,,FN
8649,8649.jpg,1,swimmer,,"[2421, 1622, 23, 38]",29.563490998188964,16-32,,,,FN
8649,8649.jpg,1,swimmer,,"[3027, 1494, 51, 49]",49.98999899979995,32-64,,,,FN
8649,8649.jpg,1,swimmer,,"[2848, 1605, 45, 32]",37.94733192202055,32-64,,,,FN
8649,8649.jpg,1,swimmer,,"[2846, 1395, 55, 44]",49.193495504995376,32-64,,,,FN
8649,8649.jpg,4,life_saving_appliances,,"[2673, 1839, 22, 21]",21.494185260204677,16-32,,,,FN
8649,8649.jpg,4,life_saving_appliances,,"[2429, 1601, 29, 26]",27.459060435491963,16-32,,,,FN
8649,8649.jpg,1,swimmer,,"[2752, 1219, 34, 35]",34.49637662132068,32-64,,,,FN
8650,8650.jpg,2,boat,,"[3193, 1534, 115, 231]",162.98772959950082,>64,,,,FN
8650,8650.jpg,1,swimmer,,"[2934, 2077, 60, 34]",45.16635916254486,32-64,,,,FN
8650,8650.jpg,1,swimmer,,"[2801, 1847, 33, 26]",29.29163703175362,16-32,,,,FN
8650,8650.jpg,1,swimmer,,"[2633, 2060, 36, 53]",43.68065933568311,32-64,,,,FN
8650,8650.jpg,1,swimmer,,"[2582, 1330, 50, 24]",34.64101615137755,32-64,,,,FN
8650,8650.jpg,1,swimmer,,"[2426, 1634, 26, 46]",34.583232931581165,32-64,,,,FN
8650,8650.jpg,1,swimmer,,"[2864, 1665, 48, 25]",34.64101615137755,32-64,,,,FN
8650,8650.jpg,1,swimmer,,"[3064, 1556, 61, 49]",54.67174773134658,32-64,,,,FN
8650,8650.jpg,1,swimmer,,"[2886, 1449, 57, 46]",51.20546845796843,32-64,,,,FN
8650,8650.jpg,4,life_saving_appliances,,"[2666, 1873, 24, 21]",22.44994432064365,16-32,,,,FN
8650,8650.jpg,4,life_saving_appliances,,"[2439, 1616, 29, 25]",26.92582403567252,16-32,,,,FN
8650,8650.jpg,1,swimmer,,"[2800, 1269, 49, 32]",39.59797974644666,32-64,,,,FN
8651,8651.jpg,1,swimmer,,"[2898, 2090, 60, 34]",45.16635916254486,32-64,,,,FN
8651,8651.jpg,2,boat,,"[1720, 452, 142, 111]",125.54680402144851,>64,,,,FN
8651,8651.jpg,1,swimmer,,"[2776, 1858, 30, 24]",26.832815729997478,16-32,,,,FN
8651,8651.jpg,1,swimmer,,"[2596, 2061, 31, 54]",40.91454509095757,32-64,,,,FN
8651,8651.jpg,1,swimmer,,"[2588, 1334, 40, 27]",32.863353450309965,32-64,,,,FN
8651,8651.jpg,1,swimmer,,"[2408, 1629, 27, 49]",36.373066958946424,32-64,,,,FN
8651,8651.jpg,1,swimmer,,"[2854, 1684, 29, 36]",32.31098884280702,32-64,,,,FN
8651,8651.jpg,1,swimmer,,"[3060, 1587, 54, 43]",48.187135212627034,32-64,,,,FN
8651,8651.jpg,1,swimmer,,"[2886, 1473, 55, 42]",48.062459362791664,32-64,,,,FN
8651,8651.jpg,4,life_saving_appliances,,"[2639, 1873, 24, 20]",21.908902300206645,16-32,,,,FN
8651,8651.jpg,4,life_saving_appliances,,"[2421, 1610, 30, 26]",27.92848008753788,16-32,,,,FN
8651,8651.jpg,1,swimmer,,"[2810, 1281, 32, 22]",26.5329983228432,16-32,,,,FN
8652,8652.jpg,2,boat,,"[3107, 1556, 129, 235]",174.11203289836115,>64,,,,FN
8652,8652.jpg,1,swimmer,,"[2835, 2071, 60, 34]",45.16635916254486,32-64,,,,FN
8652,8652.jpg,2,boat,,"[1700, 430, 142, 111]",125.54680402144851,>64,,,,FN
8652,8652.jpg,1,swimmer,,"[2773, 1266, 28, 27]",27.49545416973504,16-32,,,,FN
8652,8652.jpg,1,swimmer,,"[2714, 1838, 35, 29]",31.85906464414798,16-32,,,,FN
8652,8652.jpg,1,swimmer,,"[2537, 2040, 37, 47]",41.701318923986086,32-64,,,,FN
8652,8652.jpg,1,swimmer,,"[2541, 1313, 36, 27]",31.176914536239792,16-32,,,,FN
8652,8652.jpg,1,swimmer,,"[2356, 1609, 27, 38]",32.03123475609393,32-64,,,,FN
8652,8652.jpg,1,swimmer,,"[2784, 1673, 57, 30]",41.352146256270665,32-64,,,,FN
8652,8652.jpg,1,swimmer,,"[3010, 1564, 68, 48]",57.1314274283428,32-64,,,,FN
8652,8652.jpg,1,swimmer,,"[2836, 1463, 57, 40]",47.74934554525329,32-64,,,,FN
8652,8652.jpg,4,life_saving_appliances,,"[2581, 1851, 25, 20]",22.360679774997898,16-32,,,,FN
8652,8652.jpg,4,life_saving_appliances,,"[2371, 1592, 31, 24]",27.27636339397171,16-32,,,,FN
8653,8653.jpg,1,swimmer,,"[2783, 2049, 58, 38]",46.94677837722201,32-64,,,,FN
8653,8653.jpg,1,swimmer,,"[2491, 1277, 48, 37]",42.14261501141095,32-64,,,,FN
8653,8653.jpg,1,swimmer,,"[2662, 1816, 34, 28]",30.854497241083024,16-32,,,,FN
8653,8653.jpg,1,swimmer,,"[2487, 2004, 29, 62]",42.40283009422838,32-64,,,,FN
8653,8653.jpg,1,swimmer,,"[2306, 1584, 31, 33]",31.984371183438952,16-32,,,,FN
8653,8653.jpg,1,swimmer,,"[2749, 1657, 30, 29]",29.49576240750525,16-32,,,,FN
8653,8653.jpg,1,swimmer,,"[2977, 1546, 53, 37]",44.28317965096906,32-64,,,,FN
8653,8653.jpg,1,swimmer,,"[2786, 1439, 60, 45]",51.96152422706632,32-64,,,,FN
8653,8653.jpg,4,life_saving_appliances,,"[2532, 1825, 26, 20]",22.80350850198276,16-32,,,,FN
8653,8653.jpg,4,life_saving_appliances,,"[2323, 1567, 29, 25]",26.92582403567252,16-32,,,,FN
8654,8654.jpg,2,boat,,"[3008, 1526, 133, 228]",174.13787640832192,>64,,,,FN
8654,8654.jpg,1,swimmer,,"[2736, 2028, 58, 38]",46.94677837722201,32-64,,,,FN
8654,8654.jpg,1,swimmer,,"[2625, 1799, 29, 28]",28.495613697550013,16-32,,,,FN
8654,8654.jpg,1,swimmer,,"[2445, 1980, 30, 61]",42.77849927241488,32-64,,,,FN
8654,8654.jpg,1,swimmer,,"[2458, 1264, 35, 25]",29.58039891549808,16-32,,,,FN
8654,8654.jpg,1,swimmer,,"[2270, 1563, 28, 40]",33.46640106136302,32-64,,,,FN
8654,8654.jpg,1,swimmer,,"[2709, 1641, 30, 32]",30.983866769659336,16-32,,,,FN
8654,8654.jpg,1,swimmer,,"[2942, 1520, 67, 43]",53.67494760127857,32-64,,,,FN
8654,8654.jpg,1,swimmer,,"[2753, 1418, 58, 41]",48.76474136094644,32-64,,,,FN
8654,8654.jpg,4,life_saving_appliances,,"[2489, 1801, 25, 20]",22.360679774997898,16-32,,,,FN
8654,8654.jpg,4,life_saving_appliances,,"[2287, 1544, 29, 26]",27.459060435491963,16-32,,,,FN
8655,8655.jpg,1,swimmer,,"[2723, 2017, 58, 38]",46.94677837722201,32-64,,,,FN
8655,8655.jpg,1,swimmer,,"[2441, 1250, 43, 34]",38.23610858861032,32-64,,,,FN
8655,8655.jpg,1,swimmer,,"[2605, 1788, 31, 30]",30.495901363953813,16-32,,,,FN
8655,8655.jpg,1,swimmer,,"[2439, 1973, 25, 51]",35.70714214271425,32-64,,,,FN
8655,8655.jpg,1,swimmer,,"[2258, 1549, 27, 50]",36.742346141747674,32-64,,,,FN
8655,8655.jpg,1,swimmer,,"[2687, 1634, 48, 29]",37.30951621235526,32-64,,,,FN
8655,8655.jpg,1,swimmer,,"[2944, 1516, 49, 30]",38.34057902536163,32-64,,,,FN
8655,8655.jpg,1,swimmer,,"[2744, 1410, 55, 39]",46.314144707637645,32-64,,,,FN
8655,8655.jpg,1,swimmer,,"[2671, 1212, 28, 24]",25.92296279363144,16-32,,,,FN
8655,8655.jpg,4,life_saving_appliances,,"[2473, 1789, 22, 19]",20.445048300260872,16-32,,,,FN
8655,8655.jpg,4,life_saving_appliances,,"[2273, 1532, 28, 24]",25.92296279363144,16-32,,,,FN
8656,8656.jpg,2,boat,,"[2986, 1516, 137, 221]",174.0028735394907,>64,,,,FN
8656,8656.jpg,1,swimmer,,"[2719, 2014, 58, 38]",46.94677837722201,32-64,,,,FN
8656,8656.jpg,1,swimmer,,"[2600, 1781, 30, 29]",29.49576240750525,16-32,,,,FN
8656,8656.jpg,1,swimmer,,"[2434, 1968, 26, 40]",32.2490309931942,32-64,,,,FN
8656,8656.jpg,1,swimmer,,"[2435, 1246, 54, 25]",36.742346141747674,32-64,,,,FN
8656,8656.jpg,1,swimmer,,"[2252, 1540, 31, 37]",33.8673884437522,32-64,,,,FN
8656,8656.jpg,1,swimmer,,"[2694, 1633, 31, 23]",26.70205984563738,16-32,,,,FN
8656,8656.jpg,1,swimmer,,"[2944, 1506, 65, 28]",42.661458015403085,32-64,,,,FN
8656,8656.jpg,1,swimmer,,"[2744, 1402, 54, 41]",47.05316142407437,32-64,,,,FN
8656,8656.jpg,1,swimmer,,"[2671, 1206, 23, 25]",23.979157616563597,16-32,,,,FN
8656,8656.jpg,4,life_saving_appliances,,"[2470, 1780, 22, 20]",20.97617696340303,16-32,,,,FN
8656,8656.jpg,4,life_saving_appliances,,"[2271, 1525, 28, 24]",25.92296279363144,16-32,,,,FN
8657,8657.jpg,1,swimmer,,"[2730, 2004, 48, 45]",46.475800154489,32-64,,,,FN
8657,8657.jpg,1,swimmer,,"[2598, 1776, 32, 31]",31.496031496047245,16-32,,,,FN
8657,8657.jpg,1,swimmer,,"[2432, 1969, 28, 36]",31.74901573277509,16-32,,,,FN
8657,8657.jpg,1,swimmer,,"[2437, 1247, 43, 25]",32.78719262151,32-64,,,,FN
8657,8657.jpg,1,swimmer,,"[2250, 1538, 32, 34]",32.984845004941285,32-64,,,,FN
8657,8657.jpg,1,swimmer,,"[2698, 1635, 29, 34]",31.400636936215164,16-32,,,,FN
8657,8657.jpg,1,swimmer,,"[2954, 1500, 60, 36]",46.475800154489,32-64,,,,FN
8657,8657.jpg,1,swimmer,,"[2742, 1394, 56, 47]",51.30302135352264,32-64,,,,FN
8657,8657.jpg,1,swimmer,,"[2671, 1205, 34, 30]",31.937438845342623,16-32,,,,FN
8657,8657.jpg,4,life_saving_appliances,,"[2466, 1774, 23, 19]",20.904544960366874,16-32,,,,FN
8657,8657.jpg,4,life_saving_appliances,,"[2270, 1518, 28, 26]",26.981475126464083,16-32,,,,FN
8658,8658.jpg,1,swimmer,,"[2730, 2001, 48, 45]",46.475800154489,32-64,,,,FN
8658,8658.jpg,1,swimmer,,"[2592, 1772, 34, 33]",33.49626844888845,32-64,,,,FN
8658,8658.jpg,1,swimmer,,"[2431, 1961, 36, 49]",42.0,32-64,,,,FN
8658,8658.jpg,1,swimmer,,"[2443, 1247, 36, 35]",35.4964786985977,32-64,,,,FN
8658,8658.jpg,1,swimmer,,"[2247, 1538, 32, 42]",36.66060555964672,32-64,,,,FN
8658,8658.jpg,1,swimmer,,"[2696, 1637, 32, 36]",33.94112549695428,32-64,,,,FN
8658,8658.jpg,1,swimmer,,"[2957, 1495, 66, 34]",47.37087712930804,32-64,,,,FN
8658,8658.jpg,1,swimmer,,"[2743, 1394, 57, 46]",51.20546845796843,32-64,,,,FN
8658,8658.jpg,1,swimmer,,"[2665, 1209, 41, 31]",35.651086939951774,32-64,,,,FN
8658,8658.jpg,4,life_saving_appliances,,"[2464, 1769, 22, 19]",20.445048300260872,16-32,,,,FN
8658,8658.jpg,4,life_saving_appliances,,"[2265, 1518, 28, 26]",26.981475126464083,16-32,,,,FN
8659,8659.jpg,2,boat,,"[2970, 1518, 143, 214]",174.934273371458,>64,,,,FN
8659,8659.jpg,1,swimmer,,"[2729, 1998, 48, 45]",46.475800154489,32-64,,,,FN
8659,8659.jpg,1,swimmer,,"[2585, 1768, 30, 27]",28.460498941515414,16-32,,,,FN
8659,8659.jpg,1,swimmer,,"[2429, 1955, 37, 54]",44.69899327725402,32-64,,,,FN
8659,8659.jpg,1,swimmer,,"[2438, 1254, 40, 41]",40.496913462633174,32-64,,,,FN
8659,8659.jpg,1,swimmer,,"[2244, 1540, 32, 48]",39.191835884530846,32-64,,,,FN
8659,8659.jpg,1,swimmer,,"[2691, 1640, 42, 29]",34.899856733230294,32-64,,,,FN
8659,8659.jpg,1,swimmer,,"[2966, 1500, 69, 28]",43.95452195167182,32-64,,,,FN
8659,8659.jpg,1,swimmer,,"[2747, 1399, 55, 42]",48.062459362791664,32-64,,,,FN
8659,8659.jpg,1,swimmer,,"[2671, 1215, 29, 26]",27.459060435491963,16-32,,,,FN
8659,8659.jpg,4,life_saving_appliances,,"[2463, 1765, 22, 20]",20.97617696340303,16-32,,,,FN
8659,8659.jpg,4,life_saving_appliances,,"[2264, 1522, 27, 25]",25.98076211353316,16-32,,,,FN
8660,8660.jpg,1,swimmer,,"[2722, 1978, 48, 45]",46.475800154489,32-64,,,,FN
8660,8660.jpg,1,swimmer,,"[2580, 1749, 30, 27]",28.460498941515414,16-32,,,,FN
8660,8660.jpg,1,swimmer,,"[2427, 1934, 37, 59]",46.72258554489466,32-64,,,,FN
8660,8660.jpg,1,swimmer,,"[2431, 1252, 47, 34]",39.97499218261337,32-64,,,,FN
8660,8660.jpg,1,swimmer,,"[2245, 1528, 25, 38]",30.822070014844883,16-32,,,,FN
8660,8660.jpg,1,swimmer,,"[2697, 1627, 26, 31]",28.39013913315678,16-32,,,,FN
8660,8660.jpg,1,swimmer,,"[2972, 1485, 68, 26]",42.04759208325728,32-64,,,,FN
8660,8660.jpg,1,swimmer,,"[2748, 1388, 55, 42]",48.062459362791664,32-64,,,,FN
8660,8660.jpg,1,swimmer,,"[2675, 1209, 23, 25]",23.979157616563597,16-32,,,,FN
8660,8660.jpg,4,life_saving_appliances,,"[2458, 1745, 21, 19]",19.974984355438178,16-32,,,,FN
8660,8660.jpg,4,life_saving_appliances,,"[2262, 1512, 28, 22]",24.819347291981714,16-32,,,,FN
8661,8661.jpg,2,boat,,"[2937, 1469, 145, 213]",175.7412871239994,>64,,,,FN
8661,8661.jpg,1,swimmer,,"[2701, 1932, 48, 45]",46.475800154489,32-64,,,,FN
8661,8661.jpg,2,boat,,"[1656, 348, 133, 115]",123.67295581492341,>64,,,,FN
8661,8661.jpg,1,swimmer,,"[2559, 1709, 29, 26]",27.459060435491963,16-32,,,,FN
8661,8661.jpg,1,swimmer,,"[2411, 1898, 37, 35]",35.98610843089316,32-64,,,,FN
8661,8661.jpg,1,swimmer,,"[2420, 1223, 33, 32]",32.49615361854384,32-64,,,,FN
8661,8661.jpg,1,swimmer,,"[2228, 1496, 24, 36]",29.393876913398138,16-32,,,,FN
8661,8661.jpg,1,swimmer,,"[2681, 1596, 28, 34]",30.854497241083024,16-32,,,,FN
8661,8661.jpg,1,swimmer,,"[2963, 1446, 58, 30]",41.71330722922842,32-64,,,,FN
8661,8661.jpg,1,swimmer,,"[2659, 1181, 29, 31]",29.9833287011299,16-32,,,,FN
8661,8661.jpg,1,swimmer,,"[2735, 1357, 51, 39]",44.598206241955516,32-64,,,,FN
8661,8661.jpg,4,life_saving_appliances,,"[2440, 1704, 22, 19]",20.445048300260872,16-32,,,,FN
8661,8661.jpg,4,life_saving_appliances,,"[2244, 1481, 28, 21]",24.24871130596428,16-32,,,,FN
8662,8662.jpg,1,swimmer,,"[2669, 1860, 48, 45]",46.475800154489,32-64,,,,FN
8662,8662.jpg,2,boat,,"[1640, 300, 133, 115]",123.67295581492341,>64,,,,FN
8662,8662.jpg,1,swimmer,,"[2527, 1643, 28, 25]",26.457513110645905,16-32,,,,FN
8662,8662.jpg,1,swimmer,,"[2378, 1830, 35, 34]",34.49637662132068,32-64,,,,FN
8662,8662.jpg,1,swimmer,,"[2393, 1172, 36, 33]",34.46737587922817,32-64,,,,FN
8662,8662.jpg,1,swimmer,,"[2202, 1440, 22, 33]",26.94438717061496,16-32,,,,FN
8662,8662.jpg,1,swimmer,,"[2645, 1538, 44, 30]",36.3318042491699,32-64,,,,FN
8662,8662.jpg,1,swimmer,,"[2961, 1395, 36, 26]",30.59411708155671,16-32,,,,FN
8662,8662.jpg,1,swimmer,,"[2622, 1126, 43, 29]",35.31288716601915,32-64,,,,FN
8662,8662.jpg,1,swimmer,,"[2710, 1303, 48, 36]",41.569219381653056,32-64,,,,FN
8662,8662.jpg,4,life_saving_appliances,,"[2410, 1637, 21, 18]",19.44222209522358,16-32,,,,FN
8662,8662.jpg,4,life_saving_appliances,,"[2216, 1424, 28, 21]",24.24871130596428,16-32,,,,FN
8663,8663.jpg,2,boat,,"[2871, 1366, 149, 210]",176.8897962009115,>64,,,,FN
8663,8663.jpg,1,swimmer,,"[2648, 1810, 48, 45]",46.475800154489,32-64,,,,FN
8663,8663.jpg,1,swimmer,,"[2508, 1602, 27, 24]",25.45584412271571,16-32,,,,FN
8663,8663.jpg,1,swimmer,,"[2358, 1773, 36, 43]",39.344631145812,32-64,,,,FN
8663,8663.jpg,1,swimmer,,"[2372, 1133, 44, 34]",38.67815921162743,32-64,,,,FN
8663,8663.jpg,1,swimmer,,"[2186, 1404, 20, 31]",24.899799195977465,16-32,,,,FN
8663,8663.jpg,1,swimmer,,"[2603, 1087, 38, 24]",30.199337741083,16-32,,,,FN
8663,8663.jpg,1,swimmer,,"[2692, 1266, 49, 36]",42.0,32-64,,,,FN
8663,8663.jpg,4,life_saving_appliances,,"[2392, 1594, 21, 18]",19.44222209522358,16-32,,,,FN
8663,8663.jpg,4,life_saving_appliances,,"[2199, 1387, 26, 19]",22.22611077089287,16-32,,,,FN
8663,8663.jpg,1,swimmer,,"[2634, 1503, 25, 26]",25.495097567963924,16-32,,,,FN
8664,8664.jpg,2,boat,,"[2866, 1365, 147, 206]",174.01724052518475,>64,,,,FN
8664,8664.jpg,1,swimmer,,"[2644, 1803, 48, 45]",46.475800154489,32-64,,,,FN
8664,8664.jpg,2,boat,,"[1628, 270, 133, 115]",123.67295581492341,>64,,,,FN
8664,8664.jpg,1,swimmer,,"[2507, 1595, 27, 24]",25.45584412271571,16-32,,,,FN
8664,8664.jpg,1,swimmer,,"[2363, 1766, 33, 42]",37.22902093797257,32-64,,,,FN
8664,8664.jpg,1,swimmer,,"[2373, 1128, 44, 26]",33.823069050575526,32-64,,,,FN
8664,8664.jpg,1,swimmer,,"[2184, 1400, 21, 32]",25.92296279363144,16-32,,,,FN
8664,8664.jpg,1,swimmer,,"[2604, 1081, 29, 22]",25.25866188063018,16-32,,,,FN
8664,8664.jpg,1,swimmer,,"[2692, 1262, 49, 36]",42.0,32-64,,,,FN
8664,8664.jpg,4,life_saving_appliances,,"[2393, 1587, 21, 18]",19.44222209522358,16-32,,,,FN
8664,8664.jpg,4,life_saving_appliances,,"[2198, 1388, 25, 18]",21.213203435596427,16-32,,,,FN
8664,8664.jpg,1,swimmer,,"[2637, 1501, 20, 32]",25.298221281347036,16-32,,,,FN
8665,8665.jpg,2,boat,,"[2859, 1369, 147, 204]",173.17043627594174,>64,,,,FN
8665,8665.jpg,1,swimmer,,"[2642, 1800, 48, 45]",46.475800154489,32-64,,,,FN
8665,8665.jpg,2,boat,,"[1628, 275, 133, 115]",123.67295581492341,>64,,,,FN
8665,8665.jpg,1,swimmer,,"[2501, 1594, 34, 27]",30.298514815086232,16-32,,,,FN
8665,8665.jpg,1,swimmer,,"[2359, 1767, 35, 40]",37.416573867739416,32-64,,,,FN
8665,8665.jpg,1,swimmer,,"[2375, 1129, 39, 25]",31.22498999199199,16-32,,,,FN
8665,8665.jpg,1,swimmer,,"[2181, 1405, 25, 37]",30.4138126514911,16-32,,,,FN
8665,8665.jpg,1,swimmer,,"[2602, 1079, 29, 23]",25.826343140289914,16-32,,,,FN
8665,8665.jpg,1,swimmer,,"[2688, 1260, 53, 40]",46.04345773288535,32-64,,,,FN
8665,8665.jpg,4,life_saving_appliances,,"[2390, 1586, 21, 18]",19.44222209522358,16-32,,,,FN
8665,8665.jpg,4,life_saving_appliances,,"[2192, 1390, 25, 20]",22.360679774997898,16-32,,,,FN
8665,8665.jpg,1,swimmer,,"[2629, 1509, 33, 30]",31.464265445104548,16-32,,,,FN
8666,8666.jpg,2,boat,,"[2853, 1372, 147, 204]",173.17043627594174,>64,,,,FN
8666,8666.jpg,1,swimmer,,"[2642, 1803, 48, 45]",46.475800154489,32-64,,,,FN
8666,8666.jpg,2,boat,,"[1630, 279, 133, 115]",123.67295581492341,>64,,,,FN
8666,8666.jpg,1,swimmer,,"[2496, 1596, 37, 30]",33.31666249791537,32-64,,,,FN
8666,8666.jpg,1,swimmer,,"[2359, 1769, 35, 46]",40.124805295477756,32-64,,,,FN
8666,8666.jpg,1,swimmer,,"[2374, 1129, 34, 23]",27.964262908219126,16-32,,,,FN
8666,8666.jpg,1,swimmer,,"[2177, 1411, 25, 52]",36.05551275463989,32-64,,,,FN
8666,8666.jpg,1,swimmer,,"[2595, 1076, 43, 26]",33.436506994600975,32-64,,,,FN
8666,8666.jpg,1,swimmer,,"[2691, 1265, 48, 35]",40.98780306383839,32-64,,,,FN
8666,8666.jpg,4,life_saving_appliances,,"[2389, 1590, 20, 18]",18.973665961010276,16-32,,,,FN
8666,8666.jpg,4,life_saving_appliances,,"[2188, 1395, 25, 19]",21.79449471770337,16-32,,,,FN
8666,8666.jpg,1,swimmer,,"[2621, 1518, 37, 24]",29.79932885150268,16-32,,,,FN
8667,8667.jpg,2,boat,,"[2850, 1378, 146, 203]",172.15690517664402,>64,,,,FN
8667,8667.jpg,1,swimmer,,"[2643, 1810, 48, 45]",46.475800154489,32-64,,,,FN
8667,8667.jpg,1,swimmer,,"[2491, 1600, 44, 36]",39.7994974842648,32-64,,,,FN
8667,8667.jpg,1,swimmer,,"[2360, 1772, 31, 49]",38.97435053981015,32-64,,,,FN
8667,8667.jpg,1,swimmer,,"[2363, 1128, 44, 25]",33.166247903554,32-64,,,,FN
8667,8667.jpg,1,swimmer,,"[2176, 1415, 22, 44]",31.11269837220809,16-32,,,,FN
8667,8667.jpg,1,swimmer,,"[2601, 1080, 33, 24]",28.142494558940577,16-32,,,,FN
8667,8667.jpg,1,swimmer,,"[2693, 1265, 48, 36]",41.569219381653056,32-64,,,,FN
8667,8667.jpg,4,life_saving_appliances,,"[2390, 1594, 21, 18]",19.44222209522358,16-32,,,,FN
8667,8667.jpg,4,life_saving_appliances,,"[2187, 1398, 25, 20]",22.360679774997898,16-32,,,,FN
8667,8667.jpg,1,swimmer,,"[2624, 1528, 30, 22]",25.69046515733026,16-32,,,,FN
8668,8668.jpg,2,boat,,"[2840, 1377, 148, 205]",174.18381095842403,>64,,,,FN
8668,8668.jpg,1,swimmer,,"[2639, 1817, 48, 45]",46.475800154489,32-64,,,,FN
8668,8668.jpg,1,swimmer,,"[2492, 1602, 38, 32]",34.87119154832539,32-64,,,,FN
8668,8668.jpg,1,swimmer,,"[2360, 1786, 33, 33]",33.0,32-64,,,,FN
8668,8668.jpg,1,swimmer,,"[2356, 1129, 45, 25]",33.54101966249684,32-64,,,,FN
8668,8668.jpg,1,swimmer,,"[2173, 1415, 24, 46]",33.2264954516723,32-64,,,,FN
8668,8668.jpg,1,swimmer,,"[2600, 1081, 28, 24]",25.92296279363144,16-32,,,,FN
8668,8668.jpg,1,swimmer,,"[2695, 1265, 47, 37]",41.701318923986086,32-64,,,,FN
8668,8668.jpg,4,life_saving_appliances,,"[2182, 1399, 26, 22]",23.916521486202797,16-32,,,,FN
8668,8668.jpg,1,swimmer,,"[2627, 1531, 21, 39]",28.61817604250837,16-32,,,,FN
8669,8669.jpg,2,boat,,"[2838, 1380, 149, 204]",174.34448657758008,>64,,,,FN
8669,8669.jpg,1,swimmer,,"[2635, 1824, 48, 28]",36.66060555964672,32-64,,,,FN
8669,8669.jpg,1,swimmer,,"[2488, 1614, 44, 25]",33.166247903554,32-64,,,,FN
8669,8669.jpg,1,swimmer,,"[2354, 1793, 32, 31]",31.496031496047245,16-32,,,,FN
8669,8669.jpg,1,swimmer,,"[2351, 1132, 42, 23]",31.080540535840107,16-32,,,,FN
8669,8669.jpg,1,swimmer,,"[2171, 1417, 29, 49]",37.69615364994153,32-64,,,,FN
8669,8669.jpg,1,swimmer,,"[2597, 1084, 27, 25]",25.98076211353316,16-32,,,,FN
8669,8669.jpg,1,swimmer,,"[2693, 1264, 51, 40]",45.16635916254486,32-64,,,,FN
8669,8669.jpg,4,life_saving_appliances,,"[2176, 1399, 28, 23]",25.37715508089904,16-32,,,,FN
8669,8669.jpg,1,swimmer,,"[2615, 1543, 41, 29]",34.48187929913333,32-64,,,,FN
8670,8670.jpg,1,swimmer,,"[2627, 1814, 57, 30]",41.352146256270665,32-64,,,,FN
8670,8670.jpg,2,boat,,"[1646, 277, 133, 115]",123.67295581492341,>64,,,,FN
8670,8670.jpg,1,swimmer,,"[2485, 1597, 35, 29]",31.85906464414798,16-32,,,,FN
8670,8670.jpg,1,swimmer,,"[2349, 1785, 32, 31]",31.496031496047245,16-32,,,,FN
8670,8670.jpg,1,swimmer,,"[2353, 1123, 39, 23]",29.949958263743873,16-32,,,,FN
8670,8670.jpg,1,swimmer,,"[2166, 1403, 25, 49]",35.0,32-64,,,,FN
8670,8670.jpg,1,swimmer,,"[2591, 1071, 35, 27]",30.740852297878796,16-32,,,,FN
8670,8670.jpg,1,swimmer,,"[2699, 1255, 48, 37]",42.14261501141095,32-64,,,,FN
8670,8670.jpg,4,life_saving_appliances,,"[2170, 1384, 29, 26]",27.459060435491963,16-32,,,,FN
8670,8670.jpg,1,swimmer,,"[2616, 1535, 35, 23]",28.372521918222215,16-32,,,,FN
8671,8671.jpg,1,swimmer,,"[2603, 1781, 44, 38]",40.890096600521744,32-64,,,,FN
8671,8671.jpg,2,boat,,"[1628, 260, 133, 115]",123.67295581492341,>64,,,,FN
8671,8671.jpg,1,swimmer,,"[2453, 1573, 35, 31]",32.93933818400121,32-64,,,,FN
8671,8671.jpg,1,swimmer,,"[2316, 1763, 32, 22]",26.5329983228432,16-32,,,,FN
8671,8671.jpg,1,swimmer,,"[2331, 1102, 34, 24]",28.5657137141714,16-32,,,,FN
8671,8671.jpg,1,swimmer,,"[2134, 1381, 24, 47]",33.58571124749333,32-64,,,,FN
8671,8671.jpg,1,swimmer,,"[2569, 1050, 26, 26]",26.0,16-32,,,,FN
8671,8671.jpg,1,swimmer,,"[2670, 1234, 46, 36]",40.69397989875161,32-64,,,,FN
8671,8671.jpg,4,life_saving_appliances,,"[2139, 1360, 28, 26]",26.981475126464083,16-32,,,,FN
8671,8671.jpg,1,swimmer,,"[2592, 1513, 26, 29]",27.459060435491963,16-32,,,,FN
8672,8672.jpg,1,swimmer,,"[2546, 1747, 48, 45]",46.475800154489,32-64,,,,FN
8672,8672.jpg,2,boat,,"[1586, 241, 133, 114]",123.13407326974935,>64,,,,FN
8672,8672.jpg,1,swimmer,,"[2393, 1533, 30, 29]",29.49576240750525,16-32,,,,FN
8672,8672.jpg,1,swimmer,,"[2258, 1724, 30, 25]",27.386127875258307,16-32,,,,FN
8672,8672.jpg,1,swimmer,,"[2276, 1071, 34, 20]",26.076809620810597,16-32,,,,FN
8672,8672.jpg,1,swimmer,,"[2081, 1349, 21, 45]",30.740852297878796,16-32,,,,FN
8672,8672.jpg,1,swimmer,,"[2515, 1021, 24, 29]",26.38181191654584,16-32,,,,FN
8672,8672.jpg,1,swimmer,,"[2618, 1203, 44, 36]",39.7994974842648,32-64,,,,FN
8672,8672.jpg,4,life_saving_appliances,,"[2084, 1329, 27, 27]",27.0,16-32,,,,FN
8672,8672.jpg,1,swimmer,,"[2534, 1481, 39, 27]",32.449961479175904,32-64,,,,FN
8673,8673.jpg,1,swimmer,,"[2502, 1711, 38, 31]",34.322004603461025,32-64,,,,FN
8673,8673.jpg,1,swimmer,,"[2344, 1497, 32, 30]",30.983866769659336,16-32,,,,FN
8673,8673.jpg,1,swimmer,,"[2209, 1685, 30, 25]",27.386127875258307,16-32,,,,FN
8673,8673.jpg,1,swimmer,,"[2232, 1043, 36, 25]",30.0,16-32,,,,FN
8673,8673.jpg,1,swimmer,,"[2037, 1321, 22, 50]",33.166247903554,32-64,,,,FN
8673,8673.jpg,1,swimmer,,"[2463, 990, 38, 30]",33.76388603226827,32-64,,,,FN
8673,8673.jpg,1,swimmer,,"[2566, 1165, 50, 39]",44.15880433163923,32-64,,,,FN
8673,8673.jpg,4,life_saving_appliances,,"[2040, 1300, 26, 27]",26.49528259898354,16-32,,,,FN
8673,8673.jpg,1,swimmer,,"[2488, 1448, 30, 25]",27.386127875258307,16-32,,,,FN
8674,8674.jpg,1,swimmer,,"[2490, 1690, 40, 34]",36.87817782917155,32-64,,,,FN
8674,8674.jpg,1,swimmer,,"[2331, 1482, 36, 28]",31.74901573277509,16-32,,,,FN
8674,8674.jpg,1,swimmer,,"[2192, 1662, 37, 34]",35.4682957019364,32-64,,,,FN
8674,8674.jpg,1,swimmer,,"[2222, 1033, 37, 29]",32.7566787083184,32-64,,,,FN
8674,8674.jpg,1,swimmer,,"[2026, 1310, 25, 35]",29.58039891549808,16-32,,,,FN
8674,8674.jpg,1,swimmer,,"[2454, 976, 33, 30]",31.464265445104548,16-32,,,,FN
8674,8674.jpg,1,swimmer,,"[2553, 1153, 55, 40]",46.9041575982343,32-64,,,,FN
8674,8674.jpg,4,life_saving_appliances,,"[2033, 1288, 25, 27]",25.98076211353316,16-32,,,,FN
8674,8674.jpg,1,swimmer,,"[2478, 1439, 22, 31]",26.115129714401192,16-32,,,,FN
8675,8675.jpg,2,boat,,"[2694, 1248, 153, 201]",175.3653329481058,>64,,,,FN
8675,8675.jpg,1,swimmer,,"[2508, 1678, 47, 31]",38.17066936798463,32-64,,,,FN
8675,8675.jpg,2,boat,,"[1551, 197, 133, 114]",123.13407326974935,>64,,,,FN
8675,8675.jpg,1,swimmer,,"[2344, 1468, 48, 31]",38.57460304397182,32-64,,,,FN
8675,8675.jpg,1,swimmer,,"[2214, 1644, 39, 41]",39.98749804626441,32-64,,,,FN
8675,8675.jpg,1,swimmer,,"[2241, 1025, 40, 31]",35.21363372331802,32-64,,,,FN
8675,8675.jpg,1,swimmer,,"[2050, 1304, 27, 37]",31.606961258558215,16-32,,,,FN
8675,8675.jpg,1,swimmer,,"[2480, 971, 25, 27]",25.98076211353316,16-32,,,,FN
8675,8675.jpg,1,swimmer,,"[2589, 1145, 45, 37]",40.80441152620633,32-64,,,,FN
8675,8675.jpg,4,life_saving_appliances,,"[2058, 1283, 23, 26]",24.454038521274967,16-32,,,,FN
8675,8675.jpg,1,swimmer,,"[2487, 1433, 45, 21]",30.740852297878796,16-32,,,,FN
8676,8676.jpg,1,swimmer,,"[2537, 1672, 48, 45]",46.475800154489,32-64,,,,FN
8676,8676.jpg,1,swimmer,,"[2386, 1472, 35, 24]",28.982753492378876,16-32,,,,FN
8676,8676.jpg,1,swimmer,,"[2247, 1643, 37, 38]",37.49666651850535,32-64,,,,FN
8676,8676.jpg,1,swimmer,,"[2274, 1026, 37, 28]",32.18695387886216,32-64,,,,FN
8676,8676.jpg,1,swimmer,,"[2080, 1306, 25, 41]",32.01562118716424,32-64,,,,FN
8676,8676.jpg,1,swimmer,,"[2510, 973, 23, 28]",25.37715508089904,16-32,,,,FN
8676,8676.jpg,1,swimmer,,"[2620, 1146, 45, 37]",40.80441152620633,32-64,,,,FN
8676,8676.jpg,4,life_saving_appliances,,"[2091, 1285, 23, 26]",24.454038521274967,16-32,,,,FN
8676,8676.jpg,1,swimmer,,"[2519, 1435, 40, 18]",26.832815729997478,16-32,,,,FN
8677,8677.jpg,1,swimmer,,"[2569, 1674, 48, 45]",46.475800154489,32-64,,,,FN
8677,8677.jpg,1,swimmer,,"[2416, 1472, 35, 25]",29.58039891549808,16-32,,,,FN
8677,8677.jpg,1,swimmer,,"[2275, 1648, 36, 28]",31.74901573277509,16-32,,,,FN
8677,8677.jpg,1,swimmer,,"[2303, 1031, 38, 27]",32.03123475609393,32-64,,,,FN
8677,8677.jpg,1,swimmer,,"[2114, 1309, 23, 44]",31.811947441173732,16-32,,,,FN
8677,8677.jpg,1,swimmer,,"[2534, 976, 32, 27]",29.393876913398138,16-32,,,,FN
8677,8677.jpg,1,swimmer,,"[2643, 1149, 53, 40]",46.04345773288535,32-64,,,,FN
8677,8677.jpg,4,life_saving_appliances,,"[2121, 1288, 22, 26]",23.916521486202797,16-32,,,,FN
8677,8677.jpg,1,swimmer,,"[2555, 1442, 29, 22]",25.25866188063018,16-32,,,,FN
9216,9216.jpg,3,jetski,,"[1729, 791, 135, 105]",119.05880899790658,>64,,,,FN
9216,9216.jpg,1,swimmer,,"[1871, 711, 41, 24]",31.368774282716245,16-32,,,,FN
9216,9216.jpg,1,swimmer,,"[1961, 707, 33, 31]",31.984371183438952,16-32,,,,FN
9216,9216.jpg,4,life_saving_appliances,,"[2369, 1060, 31, 19]",24.269322199023193,16-32,,,,FN
9216,9216.jpg,1,swimmer,,"[1943, 671, 88, 38]",57.82732917920384,32-64,,,,FN
9217,9217.jpg,3,jetski,,"[1733, 821, 132, 103]",116.60188677718727,>64,,,,FN
9217,9217.jpg,1,swimmer,,"[1873, 737, 37, 28]",32.18695387886216,32-64,,,,FN
9217,9217.jpg,1,swimmer,,"[1955, 737, 38, 26]",31.432467291003423,16-32,,,,FN
9217,9217.jpg,4,life_saving_appliances,,"[2367, 1090, 32, 20]",25.298221281347036,16-32,,,,FN
9217,9217.jpg,1,swimmer,,"[1942, 704, 87, 33]",53.58171329847526,32-64,,,,FN
9218,9218.jpg,3,jetski,,"[1736, 858, 131, 102]",115.59411749738825,>64,,,,FN
9218,9218.jpg,1,swimmer,,"[1868, 771, 37, 26]",31.016124838541646,16-32,,,,FN
9218,9218.jpg,1,swimmer,,"[1954, 772, 39, 28]",33.04542328371661,32-64,,,,FN
9218,9218.jpg,4,life_saving_appliances,,"[2366, 1137, 31, 18]",23.62202362203543,16-32,,,,FN
9218,9218.jpg,1,swimmer,,"[1935, 743, 83, 29]",49.06118628814432,32-64,,,,FN
9219,9219.jpg,3,jetski,,"[1741, 890, 126, 109]",117.19214990774766,>64,,,,FN
9219,9219.jpg,1,swimmer,,"[1867, 808, 39, 22]",29.29163703175362,16-32,,,,FN
9219,9219.jpg,1,swimmer,,"[1953, 804, 39, 27]",32.449961479175904,32-64,,,,FN
9219,9219.jpg,4,life_saving_appliances,,"[2365, 1177, 32, 20]",25.298221281347036,16-32,,,,FN
9219,9219.jpg,1,swimmer,,"[1922, 779, 77, 30]",48.062459362791664,32-64,,,,FN
9219,9219.jpg,4,life_saving_appliances,,"[2455, 997, 35, 22]",27.748873851023216,16-32,,,,FN
9219,9219.jpg,1,swimmer,,"[2465, 959, 61, 49]",54.67174773134658,32-64,,,,FN
9220,9220.jpg,3,jetski,,"[1742, 924, 123, 108]",115.25623627379127,>64,,,,FN
9220,9220.jpg,1,swimmer,,"[1870, 839, 32, 23]",27.129319932501073,16-32,,,,FN
9220,9220.jpg,1,swimmer,,"[1952, 835, 35, 26]",30.166206257996713,16-32,,,,FN
9220,9220.jpg,1,swimmer,,"[1939, 816, 41, 28]",33.88214869219483,32-64,,,,FN
9220,9220.jpg,1,swimmer,,"[2461, 1003, 51, 48]",49.47726750741192,32-64,,,,FN
9220,9220.jpg,4,life_saving_appliances,,"[2451, 1039, 32, 23]",27.129319932501073,16-32,,,,FN
9221,9221.jpg,3,jetski,,"[1746, 963, 118, 108]",112.88932633336067,>64,,,,FN
9221,9221.jpg,1,swimmer,,"[1859, 871, 40, 30]",34.64101615137755,32-64,,,,FN
9221,9221.jpg,1,swimmer,,"[1953, 867, 37, 29]",32.7566787083184,32-64,,,,FN
9221,9221.jpg,1,swimmer,,"[1924, 850, 39, 30]",34.20526275297414,32-64,,,,FN
9221,9221.jpg,1,swimmer,,"[2453, 1051, 51, 42]",46.281745861624536,32-64,,,,FN
9221,9221.jpg,4,life_saving_appliances,,"[2440, 1084, 34, 22]",27.349588662354687,16-32,,,,FN
9222,9222.jpg,3,jetski,,"[1748, 997, 117, 111]",113.96051947933547,>64,,,,FN
9222,9222.jpg,1,swimmer,,"[1873, 906, 26, 27]",26.49528259898354,16-32,,,,FN
9222,9222.jpg,1,swimmer,,"[1952, 899, 40, 25]",31.622776601683793,16-32,,,,FN
9222,9222.jpg,4,life_saving_appliances,,"[2350, 1344, 45, 29]",36.124783736376884,32-64,,,,FN
9222,9222.jpg,4,life_saving_appliances,,"[2355, 1301, 30, 19]",23.874672772626646,16-32,,,,FN
9222,9222.jpg,1,swimmer,,"[1918, 886, 43, 33]",37.66961640367472,32-64,,,,FN
9222,9222.jpg,1,swimmer,,"[2444, 1097, 52, 43]",47.286361670147556,32-64,,,,FN
9222,9222.jpg,4,life_saving_appliances,,"[2428, 1130, 33, 20]",25.69046515733026,16-32,,,,FN
9222,9222.jpg,1,swimmer,,"[2385, 1261, 37, 37]",37.0,32-64,,,,FN
9223,9223.jpg,3,jetski,,"[1750, 1035, 116, 110]",112.96016997154351,>64,,,,FN
9223,9223.jpg,1,swimmer,,"[1868, 944, 27, 25]",25.98076211353316,16-32,,,,FN
9223,9223.jpg,1,swimmer,,"[1960, 936, 30, 30]",30.0,16-32,,,,FN
9223,9223.jpg,4,life_saving_appliances,,"[2344, 1386, 47, 29]",36.91882988394946,32-64,,,,FN
9223,9223.jpg,4,life_saving_appliances,,"[2351, 1338, 29, 24]",26.38181191654584,16-32,,,,FN
9223,9223.jpg,1,swimmer,,"[1921, 926, 32, 31]",31.496031496047245,16-32,,,,FN
9223,9223.jpg,1,swimmer,,"[2433, 1132, 50, 50]",50.0,32-64,,,,FN
9223,9223.jpg,4,life_saving_appliances,,"[2422, 1171, 32, 23]",27.129319932501073,16-32,,,,FN
9223,9223.jpg,2,boat,,"[1815, 2025, 218, 135]",171.55174146594956,>64,,,,FN
9223,9223.jpg,1,swimmer,,"[2360, 1306, 54, 43]",48.187135212627034,32-64,,,,FN
9224,9224.jpg,3,jetski,,"[1745, 1229, 111, 115]",112.98229949863828,>64,,,,FN
9224,9224.jpg,1,swimmer,,"[1863, 1143, 29, 24]",26.38181191654584,16-32,,,,FN
9224,9224.jpg,1,swimmer,,"[1953, 1134, 33, 28]",30.397368307141328,16-32,,,,FN
9224,9224.jpg,4,life_saving_appliances,,"[2341, 1588, 45, 30]",36.742346141747674,32-64,,,,FN
9224,9224.jpg,1,swimmer,,"[1905, 1125, 45, 32]",37.94733192202055,32-64,,,,FN
9224,9224.jpg,1,swimmer,,"[2420, 1340, 54, 42]",47.62352359916263,32-64,,,,FN
9224,9224.jpg,4,life_saving_appliances,,"[2407, 1371, 36, 25]",30.0,16-32,,,,FN
9224,9224.jpg,1,swimmer,,"[2372, 1504, 35, 41]",37.881393849751625,32-64,,,,FN
9224,9224.jpg,4,life_saving_appliances,,"[2345, 1539, 32, 23]",27.129319932501073,16-32,,,,FN
9225,9225.jpg,3,jetski,,"[1744, 1230, 109, 113]",110.98198051936178,>64,,,,FN
9225,9225.jpg,1,swimmer,,"[1857, 1145, 34, 23]",27.964262908219126,16-32,,,,FN
9225,9225.jpg,1,swimmer,,"[1952, 1133, 34, 28]",30.854497241083024,16-32,,,,FN
9225,9225.jpg,4,life_saving_appliances,,"[2340, 1588, 45, 30]",36.742346141747674,32-64,,,,FN
9225,9225.jpg,1,swimmer,,"[1914, 1131, 30, 25]",27.386127875258307,16-32,,,,FN
9225,9225.jpg,1,swimmer,,"[2416, 1335, 56, 47]",51.30302135352264,32-64,,,,FN
9225,9225.jpg,4,life_saving_appliances,,"[2403, 1371, 37, 25]",30.4138126514911,16-32,,,,FN
9225,9225.jpg,1,swimmer,,"[2372, 1510, 36, 31]",33.406586176980134,32-64,,,,FN
9225,9225.jpg,4,life_saving_appliances,,"[2344, 1536, 31, 25]",27.83882181415011,16-32,,,,FN
9226,9226.jpg,3,jetski,,"[1741, 1129, 107, 111]",108.9816498315198,>64,,,,FN
9226,9226.jpg,1,swimmer,,"[1845, 1047, 46, 23]",32.526911934581186,32-64,,,,FN
9226,9226.jpg,1,swimmer,,"[1952, 1032, 31, 31]",31.0,16-32,,,,FN
9226,9226.jpg,4,life_saving_appliances,,"[2333, 1482, 43, 29]",35.31288716601915,32-64,,,,FN
9226,9226.jpg,1,swimmer,,"[1908, 1032, 31, 29]",29.9833287011299,16-32,,,,FN
9226,9226.jpg,1,swimmer,,"[2412, 1241, 58, 39]",47.56048780237646,32-64,,,,FN
9226,9226.jpg,4,life_saving_appliances,,"[2398, 1269, 36, 23]",28.77498913987632,16-32,,,,FN
9226,9226.jpg,1,swimmer,,"[2366, 1404, 36, 27]",31.176914536239792,16-32,,,,FN
9226,9226.jpg,4,life_saving_appliances,,"[2339, 1428, 29, 23]",25.826343140289914,16-32,,,,FN
9227,9227.jpg,3,jetski,,"[1736, 1091, 105, 109]",106.98130677833394,>64,,,,FN
9227,9227.jpg,1,swimmer,,"[1844, 1008, 45, 22]",31.464265445104548,16-32,,,,FN
9227,9227.jpg,1,swimmer,,"[1946, 987, 32, 27]",29.393876913398138,16-32,,,,FN
9227,9227.jpg,4,life_saving_appliances,,"[2322, 1441, 44, 29]",35.7211421989835,32-64,,,,FN
9227,9227.jpg,1,swimmer,,"[1895, 993, 40, 31]",35.21363372331802,32-64,,,,FN
9227,9227.jpg,1,swimmer,,"[2406, 1207, 52, 39]",45.033320996790806,32-64,,,,FN
9227,9227.jpg,4,life_saving_appliances,,"[2393, 1236, 36, 23]",28.77498913987632,16-32,,,,FN
9227,9227.jpg,1,swimmer,,"[2361, 1369, 33, 31]",31.984371183438952,16-32,,,,FN
9227,9227.jpg,4,life_saving_appliances,,"[2330, 1387, 29, 22]",25.25866188063018,16-32,,,,FN
9227,9227.jpg,2,boat,,"[1797, 2082, 187, 78]",120.77251342917394,>64,,,,FN
9228,9228.jpg,3,jetski,,"[1730, 1086, 106, 110]",107.9814798935447,>64,,,,FN
9228,9228.jpg,1,swimmer,,"[1837, 1003, 40, 21]",28.982753492378876,16-32,,,,FN
9228,9228.jpg,4,life_saving_appliances,,"[2314, 1431, 43, 29]",35.31288716601915,32-64,,,,FN
9228,9228.jpg,1,swimmer,,"[1887, 987, 46, 32]",38.36665218650175,32-64,,,,FN
9228,9228.jpg,1,swimmer,,"[1945, 981, 26, 32]",28.844410203711913,16-32,,,,FN
9228,9228.jpg,1,swimmer,,"[2398, 1196, 54, 51]",52.478567053607705,32-64,,,,FN
9228,9228.jpg,4,life_saving_appliances,,"[2385, 1238, 36, 24]",29.393876913398138,16-32,,,,FN
9228,9228.jpg,1,swimmer,,"[2344, 1360, 49, 42]",45.36518488885502,32-64,,,,FN
9228,9228.jpg,4,life_saving_appliances,,"[2322, 1379, 30, 23]",26.267851073127396,16-32,,,,FN
9228,9228.jpg,2,boat,,"[1783, 2064, 195, 96]",136.82105101189657,>64,,,,FN
9229,9229.jpg,3,jetski,,"[1732, 1084, 95, 111]",102.68885041717041,>64,,,,FN
9229,9229.jpg,1,swimmer,,"[1826, 994, 49, 23]",33.57082066318904,32-64,,,,FN
9229,9229.jpg,4,life_saving_appliances,,"[2309, 1428, 44, 28]",35.09985754956849,32-64,,,,FN
9229,9229.jpg,1,swimmer,,"[1883, 985, 37, 33]",34.942810419312295,32-64,,,,FN
9229,9229.jpg,1,swimmer,,"[1938, 972, 28, 31]",29.46183972531247,16-32,,,,FN
9229,9229.jpg,1,swimmer,,"[2388, 1199, 57, 50]",53.38539126015655,32-64,,,,FN
9229,9229.jpg,4,life_saving_appliances,,"[2374, 1238, 37, 24]",29.79932885150268,16-32,,,,FN
9229,9229.jpg,1,swimmer,,"[2342, 1357, 43, 33]",37.66961640367472,32-64,,,,FN
9229,9229.jpg,4,life_saving_appliances,,"[2315, 1376, 28, 22]",24.819347291981714,16-32,,,,FN
9229,9229.jpg,2,boat,,"[1771, 2057, 197, 103]",142.44648117801998,>64,,,,FN
9230,9230.jpg,3,jetski,,"[1729, 1081, 95, 112]",103.15037566582102,>64,,,,FN
9230,9230.jpg,1,swimmer,,"[1819, 989, 48, 24]",33.94112549695428,32-64,,,,FN
9230,9230.jpg,4,life_saving_appliances,,"[2305, 1429, 44, 28]",35.09985754956849,32-64,,,,FN
9230,9230.jpg,1,swimmer,,"[1930, 965, 30, 35]",32.4037034920393,32-64,,,,FN
9230,9230.jpg,1,swimmer,,"[2383, 1204, 51, 48]",49.47726750741192,32-64,,,,FN
9230,9230.jpg,4,life_saving_appliances,,"[2368, 1241, 35, 23]",28.372521918222215,16-32,,,,FN
9230,9230.jpg,1,swimmer,,"[1883, 980, 26, 30]",27.92848008753788,16-32,,,,FN
9230,9230.jpg,1,swimmer,,"[2342, 1363, 34, 36]",34.9857113690718,32-64,,,,FN
9230,9230.jpg,4,life_saving_appliances,,"[2310, 1375, 30, 23]",26.267851073127396,16-32,,,,FN
9230,9230.jpg,2,boat,,"[1767, 2055, 200, 105]",144.9137674618944,>64,,,,FN
9231,9231.jpg,3,jetski,,"[1731, 1079, 88, 111]",98.83319280484669,>64,,,,FN
9231,9231.jpg,1,swimmer,,"[1822, 987, 40, 22]",29.664793948382652,16-32,,,,FN
9231,9231.jpg,4,life_saving_appliances,,"[2305, 1432, 45, 28]",35.4964786985977,32-64,,,,FN
9231,9231.jpg,1,swimmer,,"[2375, 1211, 53, 47]",49.90991885387112,32-64,,,,FN
9231,9231.jpg,4,life_saving_appliances,,"[2361, 1247, 37, 24]",29.79932885150268,16-32,,,,FN
9231,9231.jpg,1,swimmer,,"[1928, 957, 30, 33]",31.464265445104548,16-32,,,,FN
9231,9231.jpg,1,swimmer,,"[1871, 973, 33, 30]",31.464265445104548,16-32,,,,FN
9231,9231.jpg,1,swimmer,,"[2332, 1368, 43, 44]",43.497126341863094,32-64,,,,FN
9231,9231.jpg,4,life_saving_appliances,,"[2310, 1377, 29, 22]",25.25866188063018,16-32,,,,FN
9231,9231.jpg,2,boat,,"[1764, 2055, 198, 105]",144.187378088375,>64,,,,FN
9232,9232.jpg,3,jetski,,"[1733, 1075, 81, 115]",96.51424765287247,>64,,,,FN
9232,9232.jpg,1,swimmer,,"[1821, 981, 36, 25]",30.0,16-32,,,,FN
9232,9232.jpg,4,life_saving_appliances,,"[2309, 1432, 44, 28]",35.09985754956849,32-64,,,,FN
9232,9232.jpg,1,swimmer,,"[2373, 1219, 57, 46]",51.20546845796843,32-64,,,,FN
9232,9232.jpg,4,life_saving_appliances,,"[2359, 1254, 37, 23]",29.171904291629644,16-32,,,,FN
9232,9232.jpg,1,swimmer,,"[1924, 947, 27, 35]",30.740852297878796,16-32,,,,FN
9232,9232.jpg,1,swimmer,,"[1874, 973, 28, 33]",30.397368307141328,16-32,,,,FN
9232,9232.jpg,1,swimmer,,"[2342, 1364, 42, 40]",40.98780306383839,32-64,,,,FN
9232,9232.jpg,2,boat,,"[1763, 2057, 198, 103]",142.80756282494286,>64,,,,FN
9232,9232.jpg,4,life_saving_appliances,,"[2313, 1373, 31, 24]",27.27636339397171,16-32,,,,FN
9233,9233.jpg,3,jetski,,"[1731, 1073, 79, 115]",95.31526635329726,>64,,,,FN
9233,9233.jpg,1,swimmer,,"[1812, 978, 37, 24]",29.79932885150268,16-32,,,,FN
9233,9233.jpg,4,life_saving_appliances,,"[2313, 1432, 43, 29]",35.31288716601915,32-64,,,,FN
9233,9233.jpg,1,swimmer,,"[2372, 1225, 55, 47]",50.84289527554464,32-64,,,,FN
9233,9233.jpg,4,life_saving_appliances,,"[2359, 1261, 37, 22]",28.53068523537421,16-32,,,,FN
9233,9233.jpg,1,swimmer,,"[1925, 942, 33, 31]",31.984371183438952,16-32,,,,FN
9233,9233.jpg,1,swimmer,,"[1877, 970, 27, 31]",28.930952282978865,16-32,,,,FN
9233,9233.jpg,1,swimmer,,"[2344, 1369, 35, 37]",35.98610843089316,32-64,,,,FN
9233,9233.jpg,2,boat,,"[1763, 2062, 198, 98]",139.2982411949268,>64,,,,FN
9233,9233.jpg,4,life_saving_appliances,,"[2313, 1373, 31, 23]",26.70205984563738,16-32,,,,FN
9234,9234.jpg,3,jetski,,"[1733, 1070, 74, 116]",92.64987857520376,>64,,,,FN
9234,9234.jpg,1,swimmer,,"[1810, 976, 39, 27]",32.449961479175904,32-64,,,,FN
9234,9234.jpg,4,life_saving_appliances,,"[2313, 1433, 43, 29]",35.31288716601915,32-64,,,,FN
9234,9234.jpg,1,swimmer,,"[2371, 1227, 55, 49]",51.91338940966964,32-64,,,,FN
9234,9234.jpg,4,life_saving_appliances,,"[2355, 1265, 38, 23]",29.563490998188964,16-32,,,,FN
9234,9234.jpg,1,swimmer,,"[1914, 933, 47, 32]",38.781438859330635,32-64,,,,FN
9234,9234.jpg,1,swimmer,,"[1869, 969, 28, 30]",28.982753492378876,16-32,,,,FN
9234,9234.jpg,1,swimmer,,"[2330, 1382, 46, 41]",43.42810150121693,32-64,,,,FN
9234,9234.jpg,2,boat,,"[1761, 2072, 192, 88]",129.98461447417537,>64,,,,FN
9234,9234.jpg,4,life_saving_appliances,,"[2309, 1377, 30, 22]",25.69046515733026,16-32,,,,FN
9235,9235.jpg,3,jetski,,"[1731, 1067, 73, 115]",91.62423260251624,>64,,,,FN
9235,9235.jpg,1,swimmer,,"[1813, 969, 36, 25]",30.0,16-32,,,,FN
9235,9235.jpg,4,life_saving_appliances,,"[2313, 1436, 42, 28]",34.292856398964496,32-64,,,,FN
9235,9235.jpg,1,swimmer,,"[2365, 1223, 58, 56]",56.991227395100026,32-64,,,,FN
9235,9235.jpg,4,life_saving_appliances,,"[2353, 1269, 38, 23]",29.563490998188964,16-32,,,,FN
9235,9235.jpg,1,swimmer,,"[1920, 927, 31, 30]",30.495901363953813,16-32,,,,FN
9235,9235.jpg,1,swimmer,,"[1872, 968, 24, 32]",27.712812921102035,16-32,,,,FN
9235,9235.jpg,1,swimmer,,"[2339, 1383, 44, 40]",41.95235392680606,32-64,,,,FN
9235,9235.jpg,2,boat,,"[1757, 2083, 192, 77]",121.58947322856531,>64,,,,FN
9235,9235.jpg,4,life_saving_appliances,,"[2307, 1380, 31, 23]",26.70205984563738,16-32,,,,FN
9236,9236.jpg,3,jetski,,"[1732, 1064, 68, 115]",88.43076387773658,>64,,,,FN
9236,9236.jpg,1,swimmer,,"[1810, 965, 39, 23]",29.949958263743873,16-32,,,,FN
9236,9236.jpg,1,swimmer,,"[1919, 921, 37, 30]",33.31666249791537,32-64,,,,FN
9236,9236.jpg,4,life_saving_appliances,,"[2311, 1440, 44, 28]",35.09985754956849,32-64,,,,FN
9236,9236.jpg,1,swimmer,,"[2362, 1233, 58, 47]",52.21110992882645,32-64,,,,FN
9236,9236.jpg,4,life_saving_appliances,,"[2348, 1271, 38, 23]",29.563490998188964,16-32,,,,FN
9236,9236.jpg,1,swimmer,,"[1870, 959, 24, 33]",28.142494558940577,16-32,,,,FN
9236,9236.jpg,1,swimmer,,"[2343, 1386, 36, 36]",36.0,32-64,,,,FN
9236,9236.jpg,2,boat,,"[1759, 2090, 183, 70]",113.18127053536729,>64,,,,FN
9236,9236.jpg,4,life_saving_appliances,,"[2307, 1377, 31, 23]",26.70205984563738,16-32,,,,FN
9237,9237.jpg,3,jetski,,"[1731, 1063, 66, 114]",86.74099376880577,>64,,,,FN
9237,9237.jpg,1,swimmer,,"[1812, 958, 35, 25]",29.58039891549808,16-32,,,,FN
9237,9237.jpg,1,swimmer,,"[1913, 916, 44, 28]",35.09985754956849,32-64,,,,FN
9237,9237.jpg,4,life_saving_appliances,,"[2313, 1439, 43, 30]",35.91656999213594,32-64,,,,FN
9237,9237.jpg,1,swimmer,,"[2357, 1233, 53, 52]",52.49761899362675,32-64,,,,FN
9237,9237.jpg,4,life_saving_appliances,,"[2344, 1274, 37, 23]",29.171904291629644,16-32,,,,FN
9237,9237.jpg,1,swimmer,,"[1863, 955, 30, 26]",27.92848008753788,16-32,,,,FN
9237,9237.jpg,1,swimmer,,"[2325, 1391, 49, 43]",45.902069670114,32-64,,,,FN
9237,9237.jpg,4,life_saving_appliances,,"[2304, 1374, 29, 22]",25.25866188063018,16-32,,,,FN
9238,9238.jpg,3,jetski,,"[1735, 1063, 63, 113]",84.3741666625514,>64,,,,FN
9238,9238.jpg,1,swimmer,,"[1812, 954, 31, 23]",26.70205984563738,16-32,,,,FN
9238,9238.jpg,1,swimmer,,"[1921, 909, 27, 27]",27.0,16-32,,,,FN
9238,9238.jpg,4,life_saving_appliances,,"[2312, 1437, 43, 30]",35.91656999213594,32-64,,,,FN
9238,9238.jpg,1,swimmer,,"[2350, 1237, 55, 50]",52.44044240850758,32-64,,,,FN
9238,9238.jpg,4,life_saving_appliances,,"[2335, 1277, 40, 24]",30.983866769659336,16-32,,,,FN
9238,9238.jpg,1,swimmer,,"[1859, 954, 30, 26]",27.92848008753788,16-32,,,,FN
9238,9238.jpg,1,swimmer,,"[2333, 1388, 43, 39]",40.95119045888654,32-64,,,,FN
9238,9238.jpg,4,life_saving_appliances,,"[2298, 1372, 30, 22]",25.69046515733026,16-32,,,,FN
9239,9239.jpg,3,jetski,,"[1738, 1064, 57, 113]",80.25584090893322,>64,,,,FN
9239,9239.jpg,4,life_saving_appliances,,"[2306, 1438, 44, 30]",36.3318042491699,32-64,,,,FN
9239,9239.jpg,4,life_saving_appliances,,"[2293, 1371, 28, 20]",23.664319132398465,16-32,,,,FN
9239,9239.jpg,1,swimmer,,"[2346, 1244, 50, 50]",50.0,32-64,,,,FN
9239,9239.jpg,4,life_saving_appliances,,"[2330, 1282, 38, 23]",29.563490998188964,16-32,,,,FN
9239,9239.jpg,1,swimmer,,"[1922, 905, 28, 32]",29.93325909419153,16-32,,,,FN
9239,9239.jpg,1,swimmer,,"[1851, 954, 44, 27]",34.46737587922817,32-64,,,,FN
9239,9239.jpg,1,swimmer,,"[1808, 952, 45, 29]",36.124783736376884,32-64,,,,FN
9239,9239.jpg,1,swimmer,,"[2330, 1395, 39, 36]",37.469987990390386,32-64,,,,FN
9240,9240.jpg,2,boat,,"[1424, 790, 178, 104]",136.0588108135596,>64,,,,FN
9240,9240.jpg,3,jetski,,"[1515, 1082, 52, 114]",76.99350621968063,>64,,,,FN
9240,9240.jpg,4,life_saving_appliances,,"[2093, 1428, 44, 26]",33.823069050575526,32-64,,,,FN
9240,9240.jpg,1,swimmer,,"[2118, 1241, 54, 44]",48.744230427815765,32-64,,,,FN
9240,9240.jpg,4,life_saving_appliances,,"[2104, 1274, 38, 24]",30.199337741083,16-32,,,,FN
9240,9240.jpg,1,swimmer,,"[1689, 914, 29, 35]",31.85906464414798,16-32,,,,FN
9240,9240.jpg,1,swimmer,,"[1637, 962, 32, 28]",29.93325909419153,16-32,,,,FN
9240,9240.jpg,1,swimmer,,"[1580, 966, 32, 28]",29.93325909419153,16-32,,,,FN
9240,9240.jpg,1,swimmer,,"[2097, 1383, 52, 41]",46.17358552246078,32-64,,,,FN
9240,9240.jpg,4,life_saving_appliances,,"[2073, 1356, 30, 23]",26.267851073127396,16-32,,,,FN
9241,9241.jpg,3,jetski,,"[1300, 1107, 54, 119]",80.16233529532433,>64,,,,FN
9241,9241.jpg,4,life_saving_appliances,,"[1897, 1423, 45, 29]",36.124783736376884,32-64,,,,FN
9241,9241.jpg,1,swimmer,,"[1919, 1240, 46, 49]",47.47630988187688,32-64,,,,FN
9241,9241.jpg,4,life_saving_appliances,,"[1903, 1279, 37, 23]",29.171904291629644,16-32,,,,FN
9241,9241.jpg,1,swimmer,,"[1469, 933, 31, 37]",33.8673884437522,32-64,,,,FN
9241,9241.jpg,1,swimmer,,"[1408, 987, 38, 26]",31.432467291003423,16-32,,,,FN
9241,9241.jpg,1,swimmer,,"[1350, 989, 38, 29]",33.19638534539566,32-64,,,,FN
9241,9241.jpg,4,life_saving_appliances,,"[1876, 1356, 32, 24]",27.712812921102035,16-32,,,,FN
9241,9241.jpg,1,swimmer,,"[1898, 1373, 55, 52]",53.47896782848375,32-64,,,,FN
9242,9242.jpg,3,jetski,,"[1396, 1102, 61, 115]",83.75559682791354,>64,,,,FN
9242,9242.jpg,4,life_saving_appliances,,"[1985, 1429, 44, 27]",34.46737587922817,32-64,,,,FN
9242,9242.jpg,1,swimmer,,"[2008, 1244, 53, 52]",52.49761899362675,32-64,,,,FN
9242,9242.jpg,4,life_saving_appliances,,"[1992, 1285, 39, 24]",30.59411708155671,16-32,,,,FN
9242,9242.jpg,1,swimmer,,"[1572, 933, 29, 31]",29.9833287011299,16-32,,,,FN
9242,9242.jpg,1,swimmer,,"[1492, 980, 46, 30]",37.14835124201342,32-64,,,,FN
9242,9242.jpg,1,swimmer,,"[1447, 985, 39, 27]",32.449961479175904,32-64,,,,FN
9242,9242.jpg,4,life_saving_appliances,,"[1966, 1358, 31, 23]",26.70205984563738,16-32,,,,FN
9242,9242.jpg,1,swimmer,,"[1988, 1373, 48, 37]",42.14261501141095,32-64,,,,FN
9243,9243.jpg,3,jetski,,"[1616, 1086, 65, 116]",86.83317338436964,>64,,,,FN
9243,9243.jpg,4,life_saving_appliances,,"[2196, 1439, 44, 27]",34.46737587922817,32-64,,,,FN
9243,9243.jpg,1,swimmer,,"[2220, 1263, 54, 47]",50.37856687124,32-64,,,,FN
9243,9243.jpg,4,life_saving_appliances,,"[2206, 1298, 39, 24]",30.59411708155671,16-32,,,,FN
9243,9243.jpg,1,swimmer,,"[1802, 921, 28, 33]",30.397368307141328,16-32,,,,FN
9243,9243.jpg,1,swimmer,,"[1715, 966, 41, 32]",36.22154055254967,32-64,,,,FN
9243,9243.jpg,1,swimmer,,"[1676, 973, 34, 27]",30.298514815086232,16-32,,,,FN
9243,9243.jpg,4,life_saving_appliances,,"[2187, 1372, 28, 22]",24.819347291981714,16-32,,,,FN
9243,9243.jpg,1,swimmer,,"[2209, 1392, 33, 41]",36.78314831549904,32-64,,,,FN
9244,9244.jpg,3,jetski,,"[1809, 1085, 66, 111]",85.59205570612264,>64,,,,FN
9244,9244.jpg,4,life_saving_appliances,,"[2383, 1459, 45, 26]",34.20526275297414,32-64,,,,FN
9244,9244.jpg,1,swimmer,,"[2417, 1280, 59, 54]",56.444663166680336,32-64,,,,FN
9244,9244.jpg,4,life_saving_appliances,,"[2400, 1322, 39, 24]",30.59411708155671,16-32,,,,FN
9244,9244.jpg,1,swimmer,,"[2009, 919, 25, 37]",30.4138126514911,16-32,,,,FN
9244,9244.jpg,1,swimmer,,"[1909, 965, 53, 30]",39.87480407475377,32-64,,,,FN
9244,9244.jpg,1,swimmer,,"[1864, 965, 45, 27]",34.85685011586675,32-64,,,,FN
9244,9244.jpg,4,life_saving_appliances,,"[2386, 1391, 27, 24]",25.45584412271571,16-32,,,,FN
9244,9244.jpg,1,swimmer,,"[2394, 1412, 34, 34]",34.0,32-64,,,,FN
9245,9245.jpg,3,jetski,,"[2373, 1098, 57, 116]",81.3142054010245,>64,,,,FN
9245,9245.jpg,4,life_saving_appliances,,"[2927, 1561, 45, 32]",37.94733192202055,32-64,,,,FN
9245,9245.jpg,1,swimmer,,"[2981, 1400, 70, 44]",55.49774770204643,32-64,,,,FN
9245,9245.jpg,4,life_saving_appliances,,"[2961, 1431, 41, 27]",33.27160951922825,32-64,,,,FN
9245,9245.jpg,1,swimmer,,"[2611, 955, 25, 33]",28.722813232690143,16-32,,,,FN
9245,9245.jpg,1,swimmer,,"[2503, 977, 53, 61]",56.859475903318,32-64,,,,FN
9245,9245.jpg,1,swimmer,,"[2458, 983, 41, 27]",33.27160951922825,32-64,,,,FN
9245,9245.jpg,4,life_saving_appliances,,"[2945, 1492, 29, 23]",25.826343140289914,16-32,,,,FN
9245,9245.jpg,1,swimmer,,"[2942, 1513, 37, 40]",38.47076812334269,32-64,,,,FN
9246,9246.jpg,3,jetski,,"[2131, 1076, 60, 116]",83.42661445845684,>64,,,,FN
9246,9246.jpg,4,life_saving_appliances,,"[2680, 1511, 48, 31]",38.57460304397182,32-64,,,,FN
9246,9246.jpg,1,swimmer,,"[2726, 1352, 62, 51]",56.231663678038196,32-64,,,,FN
9246,9246.jpg,4,life_saving_appliances,,"[2707, 1390, 40, 27]",32.863353450309965,32-64,,,,FN
9246,9246.jpg,1,swimmer,,"[2371, 929, 26, 32]",28.844410203711913,16-32,,,,FN
9246,9246.jpg,1,swimmer,,"[2266, 955, 50, 44]",46.9041575982343,32-64,,,,FN
9246,9246.jpg,1,swimmer,,"[2224, 959, 35, 29]",31.85906464414798,16-32,,,,FN
9246,9246.jpg,4,life_saving_appliances,,"[2701, 1444, 27, 25]",25.98076211353316,16-32,,,,FN
9246,9246.jpg,1,swimmer,,"[2682, 1466, 48, 46]",46.98936049788292,32-64,,,,FN
9247,9247.jpg,3,jetski,,"[1769, 1073, 68, 110]",86.48699324175861,>64,,,,FN
9247,9247.jpg,4,life_saving_appliances,,"[2340, 1461, 47, 30]",37.54996671103717,32-64,,,,FN
9247,9247.jpg,1,swimmer,,"[2368, 1311, 62, 49]",55.11805511808268,32-64,,,,FN
9247,9247.jpg,4,life_saving_appliances,,"[2353, 1346, 35, 27]",30.740852297878796,16-32,,,,FN
9247,9247.jpg,1,swimmer,,"[1990, 901, 36, 31]",33.406586176980134,32-64,,,,FN
9247,9247.jpg,1,swimmer,,"[1876, 930, 43, 38]",40.422765862815474,32-64,,,,FN
9247,9247.jpg,1,swimmer,,"[1851, 945, 34, 27]",30.298514815086232,16-32,,,,FN
9248,9248.jpg,3,jetski,,"[1636, 1073, 69, 114]",88.6904729945669,>64,,,,FN
9248,9248.jpg,1,swimmer,,"[1869, 897, 30, 24]",26.832815729997478,16-32,,,,FN
9248,9248.jpg,4,life_saving_appliances,,"[2212, 1457, 46, 28]",35.888716889852724,32-64,,,,FN
9248,9248.jpg,1,swimmer,,"[2231, 1308, 55, 49]",51.91338940966964,32-64,,,,FN
9248,9248.jpg,4,life_saving_appliances,,"[2217, 1346, 34, 25]",29.154759474226502,16-32,,,,FN
9248,9248.jpg,1,swimmer,,"[1735, 929, 62, 40]",49.79959839195493,32-64,,,,FN
9248,9248.jpg,1,swimmer,,"[1722, 946, 27, 26]",26.49528259898354,16-32,,,,FN
9249,9249.jpg,3,jetski,,"[1596, 1069, 77, 114]",93.69098142297368,>64,,,,FN
9249,9249.jpg,1,swimmer,,"[1815, 886, 29, 29]",29.0,16-32,,,,FN
9249,9249.jpg,1,swimmer,,"[2191, 1314, 57, 46]",51.20546845796843,32-64,,,,FN
9249,9249.jpg,4,life_saving_appliances,,"[2177, 1349, 34, 25]",29.154759474226502,16-32,,,,FN
9249,9249.jpg,1,swimmer,,"[1699, 916, 49, 48]",48.49742261192856,32-64,,,,FN
9249,9249.jpg,1,swimmer,,"[1674, 941, 31, 25]",27.83882181415011,16-32,,,,FN
9250,9250.jpg,3,jetski,,"[2370, 1087, 74, 111]",90.6311204829776,>64,,,,FN
9250,9250.jpg,1,swimmer,,"[2945, 1440, 65, 49]",56.43580423808985,32-64,,,,FN
9250,9250.jpg,4,life_saving_appliances,,"[2930, 1475, 37, 26]",31.016124838541646,16-32,,,,FN
9250,9250.jpg,1,swimmer,,"[2631, 926, 27, 35]",30.740852297878796,16-32,,,,FN
9250,9250.jpg,1,swimmer,,"[2490, 933, 53, 45]",48.83646178829912,32-64,,,,FN
9250,9250.jpg,1,swimmer,,"[2473, 958, 30, 25]",27.386127875258307,16-32,,,,FN
9251,9251.jpg,3,jetski,,"[2447, 1098, 77, 112]",92.8654941299512,>64,,,,FN
9251,9251.jpg,1,swimmer,,"[3023, 1454, 64, 49]",56.0,32-64,,,,FN
9251,9251.jpg,4,life_saving_appliances,,"[3008, 1489, 38, 27]",32.03123475609393,32-64,,,,FN
9251,9251.jpg,1,swimmer,,"[2702, 930, 25, 36]",30.0,16-32,,,,FN
9251,9251.jpg,1,swimmer,,"[2550, 939, 31, 26]",28.39013913315678,16-32,,,,FN
9251,9251.jpg,1,swimmer,,"[2543, 960, 33, 28]",30.397368307141328,16-32,,,,FN
9252,9252.jpg,3,jetski,,"[2474, 1102, 85, 115]",98.86859966642594,>64,,,,FN
9252,9252.jpg,1,swimmer,,"[3053, 1459, 58, 51]",54.38749856354859,32-64,,,,FN
9252,9252.jpg,4,life_saving_appliances,,"[3037, 1495, 40, 28]",33.46640106136302,32-64,,,,FN
9252,9252.jpg,1,swimmer,,"[2727, 932, 29, 31]",29.9833287011299,16-32,,,,FN
9252,9252.jpg,1,swimmer,,"[2581, 946, 32, 20]",25.298221281347036,16-32,,,,FN
9252,9252.jpg,1,swimmer,,"[2563, 962, 43, 29]",35.31288716601915,32-64,,,,FN
9253,9253.jpg,3,jetski,,"[2474, 1103, 87, 116]",100.45894683899488,>64,,,,FN
9253,9253.jpg,1,swimmer,,"[3055, 1462, 57, 47]",51.75905717843013,32-64,,,,FN
9253,9253.jpg,4,life_saving_appliances,,"[3039, 1495, 39, 27]",32.449961479175904,32-64,,,,FN
9253,9253.jpg,1,swimmer,,"[2726, 931, 34, 33]",33.49626844888845,32-64,,,,FN
9253,9253.jpg,1,swimmer,,"[2586, 947, 28, 24]",25.92296279363144,16-32,,,,FN
9253,9253.jpg,1,swimmer,,"[2569, 968, 50, 25]",35.35533905932738,32-64,,,,FN
9254,9254.jpg,3,jetski,,"[2447, 1101, 93, 119]",105.19980988575978,>64,,,,FN
9254,9254.jpg,1,swimmer,,"[3034, 1462, 54, 49]",51.43928459844674,32-64,,,,FN
9254,9254.jpg,4,life_saving_appliances,,"[3019, 1497, 39, 27]",32.449961479175904,32-64,,,,FN
9254,9254.jpg,1,swimmer,,"[2712, 937, 24, 30]",26.832815729997478,16-32,,,,FN
9254,9254.jpg,1,swimmer,,"[2552, 969, 39, 27]",32.449961479175904,32-64,,,,FN
9255,9255.jpg,3,jetski,,"[2389, 1101, 98, 119]",107.99074034379059,>64,,,,FN
9255,9255.jpg,1,swimmer,,"[2978, 1462, 60, 53]",56.39148871948674,32-64,,,,FN
9255,9255.jpg,4,life_saving_appliances,,"[2965, 1502, 38, 27]",32.03123475609393,32-64,,,,FN
9255,9255.jpg,1,swimmer,,"[2660, 941, 25, 29]",26.92582403567252,16-32,,,,FN
9255,9255.jpg,1,swimmer,,"[2492, 972, 42, 28]",34.292856398964496,32-64,,,,FN
9256,9256.jpg,3,jetski,,"[2300, 1098, 99, 113]",105.76861538282516,>64,,,,FN
9256,9256.jpg,1,swimmer,,"[2887, 1459, 50, 57]",53.38539126015655,32-64,,,,FN
9256,9256.jpg,4,life_saving_appliances,,"[2874, 1502, 38, 27]",32.03123475609393,32-64,,,,FN
9256,9256.jpg,1,swimmer,,"[2577, 941, 25, 29]",26.92582403567252,16-32,,,,FN
9256,9256.jpg,1,swimmer,,"[2405, 969, 61, 30]",42.77849927241488,32-64,,,,FN
9256,9256.jpg,4,life_saving_appliances,,"[2768, 1669, 44, 32]",37.52332607858744,32-64,,,,FN
9257,9257.jpg,3,jetski,,"[2246, 1096, 99, 113]",105.76861538282516,>64,,,,FN
9257,9257.jpg,4,life_saving_appliances,,"[2706, 1669, 35, 25]",29.58039891549808,16-32,,,,FN
9257,9257.jpg,1,swimmer,,"[2827, 1462, 57, 52]",54.4426303552648,32-64,,,,FN
9257,9257.jpg,4,life_saving_appliances,,"[2813, 1500, 39, 27]",32.449961479175904,32-64,,,,FN
9257,9257.jpg,1,swimmer,,"[2523, 943, 29, 28]",28.495613697550013,16-32,,,,FN
9257,9257.jpg,1,swimmer,,"[2364, 968, 41, 28]",33.88214869219483,32-64,,,,FN
9258,9258.jpg,3,jetski,,"[2210, 1076, 100, 112]",105.83005244258362,>64,,,,FN
9258,9258.jpg,4,life_saving_appliances,,"[2660, 1640, 38, 27]",32.03123475609393,32-64,,,,FN
9258,9258.jpg,1,swimmer,,"[2785, 1440, 54, 51]",52.478567053607705,32-64,,,,FN
9258,9258.jpg,4,life_saving_appliances,,"[2771, 1480, 38, 24]",30.199337741083,16-32,,,,FN
9258,9258.jpg,1,swimmer,,"[2492, 926, 23, 26]",24.454038521274967,16-32,,,,FN
9258,9258.jpg,1,swimmer,,"[2331, 941, 32, 30]",30.983866769659336,16-32,,,,FN
9259,9259.jpg,3,jetski,,"[2184, 1057, 99, 111]",104.82843125793688,>64,,,,FN
9259,9259.jpg,4,life_saving_appliances,,"[2627, 1609, 38, 27]",32.03123475609393,32-64,,,,FN
9259,9259.jpg,1,swimmer,,"[2749, 1423, 61, 46]",52.97169055259611,32-64,,,,FN
9259,9259.jpg,4,life_saving_appliances,,"[2734, 1458, 37, 24]",29.79932885150268,16-32,,,,FN
9259,9259.jpg,1,swimmer,,"[2469, 916, 24, 27]",25.45584412271571,16-32,,,,FN
9259,9259.jpg,1,swimmer,,"[2316, 921, 35, 33]",33.98529093593286,32-64,,,,FN
9260,9260.jpg,4,life_saving_appliances,,"[2601, 1573, 35, 34]",34.49637662132068,32-64,,,,FN
9260,9260.jpg,3,jetski,,"[2166, 1045, 95, 102]",98.4377976185977,>64,,,,FN
9260,9260.jpg,4,life_saving_appliances,,"[2702, 1438, 38, 27]",32.03123475609393,32-64,,,,FN
9260,9260.jpg,1,swimmer,,"[2718, 1404, 57, 47]",51.75905717843013,32-64,,,,FN
9261,9261.jpg,4,life_saving_appliances,,"[2562, 1544, 34, 31]",32.46536616149585,32-64,,,,FN
9261,9261.jpg,3,jetski,,"[2142, 1032, 92, 98]",94.95261976375376,>64,,,,FN
9261,9261.jpg,4,life_saving_appliances,,"[2663, 1422, 36, 25]",30.0,16-32,,,,FN
9261,9261.jpg,1,swimmer,,"[2678, 1385, 60, 48]",53.665631459994955,32-64,,,,FN
9261,9261.jpg,2,boat,,"[1870, 2071, 171, 89]",123.36531116971253,>64,,,,FN
9262,9262.jpg,4,life_saving_appliances,,"[2508, 1500, 34, 32]",32.984845004941285,32-64,,,,FN
9262,9262.jpg,3,jetski,,"[2107, 1004, 92, 95]",93.48796714016194,>64,,,,FN
9262,9262.jpg,2,boat,,"[1814, 2001, 181, 159]",169.64374435858224,>64,,,,FN
9262,9262.jpg,4,life_saving_appliances,,"[2609, 1390, 34, 22]",27.349588662354687,16-32,,,,FN
9262,9262.jpg,1,swimmer,,"[2624, 1356, 61, 44]",51.807335387954474,32-64,,,,FN
9263,9263.jpg,4,life_saving_appliances,,"[2445, 1478, 35, 30]",32.4037034920393,32-64,,,,FN
9263,9263.jpg,3,jetski,,"[2063, 988, 90, 95]",92.46621004453465,>64,,,,FN
9263,9263.jpg,2,boat,,"[1747, 1955, 183, 205]",193.68789327162398,>64,,,,FN
9263,9263.jpg,4,life_saving_appliances,,"[2540, 1369, 35, 25]",29.58039891549808,16-32,,,,FN
9263,9263.jpg,1,swimmer,,"[2556, 1346, 50, 35]",41.83300132670378,32-64,,,,FN
9264,9264.jpg,3,jetski,,"[2017, 976, 91, 95]",92.97849213662265,>64,,,,FN
9264,9264.jpg,2,boat,,"[1670, 1922, 187, 238]",210.96445198184458,>64,,,,FN
9264,9264.jpg,4,life_saving_appliances,,"[2473, 1359, 33, 24]",28.142494558940577,16-32,,,,FN
9264,9264.jpg,1,swimmer,,"[2488, 1339, 57, 33]",43.37049688440288,32-64,,,,FN
9264,9264.jpg,4,life_saving_appliances,,"[2381, 1466, 36, 34]",34.9857113690718,32-64,,,,FN
9264,9264.jpg,1,swimmer,,"[2486, 1419, 38, 34]",35.94440151122286,32-64,,,,FN
9264,9264.jpg,4,life_saving_appliances,,"[2488, 1399, 47, 26]",34.95711658589707,32-64,,,,FN
9265,9265.jpg,3,jetski,,"[2583, 997, 86, 103]",94.11694852681954,>64,,,,FN
9265,9265.jpg,4,life_saving_appliances,,"[2997, 1456, 37, 27]",31.606961258558215,16-32,,,,FN
9265,9265.jpg,1,swimmer,,"[3016, 1443, 70, 28]",44.27188724235731,32-64,,,,FN
9265,9265.jpg,4,life_saving_appliances,,"[2880, 1556, 40, 32]",35.77708763999664,32-64,,,,FN
9265,9265.jpg,1,swimmer,,"[2987, 1525, 56, 34]",43.634848458542855,32-64,,,,FN
9265,9265.jpg,4,life_saving_appliances,,"[3021, 1500, 44, 34]",38.67815921162743,32-64,,,,FN
9266,9266.jpg,4,life_saving_appliances,,"[2788, 1545, 38, 28]",32.61901286060018,32-64,,,,FN
9266,9266.jpg,3,jetski,,"[2509, 980, 84, 103]",93.01612763386788,>64,,,,FN
9266,9266.jpg,4,life_saving_appliances,,"[2908, 1444, 37, 28]",32.18695387886216,32-64,,,,FN
9266,9266.jpg,1,swimmer,,"[2927, 1430, 64, 28]",42.33202097703345,32-64,,,,FN
9266,9266.jpg,1,swimmer,,"[2884, 1515, 65, 38]",49.69909455915671,32-64,,,,FN
9266,9266.jpg,4,life_saving_appliances,,"[2928, 1487, 47, 36]",41.13392760240627,32-64,,,,FN
9267,9267.jpg,4,life_saving_appliances,,"[2721, 1542, 41, 29]",34.48187929913333,32-64,,,,FN
9267,9267.jpg,3,jetski,,"[2458, 974, 77, 102]",88.6227961644181,>64,,,,FN
9267,9267.jpg,4,life_saving_appliances,,"[2842, 1441, 36, 26]",30.59411708155671,16-32,,,,FN
9267,9267.jpg,1,swimmer,,"[2861, 1418, 77, 37]",53.376024580330075,32-64,,,,FN
9267,9267.jpg,1,swimmer,,"[2837, 1514, 49, 37]",42.579337712087536,32-64,,,,FN
9267,9267.jpg,4,life_saving_appliances,,"[2871, 1488, 41, 34]",37.33630940518894,32-64,,,,FN
9268,9268.jpg,4,life_saving_appliances,,"[2665, 1542, 40, 29]",34.058772731852805,32-64,,,,FN
9268,9268.jpg,3,jetski,,"[2413, 972, 76, 101]",87.61278445523804,>64,,,,FN
9268,9268.jpg,4,life_saving_appliances,,"[2782, 1445, 37, 27]",31.606961258558215,16-32,,,,FN
9268,9268.jpg,1,swimmer,,"[2766, 1514, 64, 38]",49.31531202375181,32-64,,,,FN
9268,9268.jpg,4,life_saving_appliances,,"[2815, 1492, 40, 33]",36.3318042491699,32-64,,,,FN
9268,9268.jpg,1,swimmer,,"[2801, 1423, 83, 37]",55.41660400998964,32-64,,,,FN
9269,9269.jpg,4,life_saving_appliances,,"[2616, 1542, 42, 28]",34.292856398964496,32-64,,,,FN
9269,9269.jpg,3,jetski,,"[2374, 968, 76, 99]",86.74099376880577,>64,,,,FN
9269,9269.jpg,4,life_saving_appliances,,"[2733, 1448, 35, 25]",29.58039891549808,16-32,,,,FN
9269,9269.jpg,1,swimmer,,"[2749, 1420, 82, 43]",59.38013135721409,32-64,,,,FN
9270,9270.jpg,3,jetski,,"[3012, 1052, 75, 109]",90.41570660012562,>64,,,,FN
9270,9270.jpg,4,life_saving_appliances,,"[3338, 1614, 40, 29]",34.058772731852805,32-64,,,,FN
9270,9270.jpg,4,life_saving_appliances,,"[3200, 1693, 50, 31]",39.370039370059054,32-64,,,,FN
9270,9270.jpg,4,life_saving_appliances,,"[3248, 1698, 49, 47]",47.989582202807306,32-64,,,,FN
9270,9270.jpg,1,swimmer,,"[3312, 1697, 81, 34]",52.478567053607705,32-64,,,,FN
9270,9270.jpg,1,swimmer,,"[3359, 1606, 96, 29]",52.76362383309168,32-64,,,,FN
9271,9271.jpg,3,jetski,,"[3001, 1054, 70, 110]",87.74964387392122,>64,,,,FN
9271,9271.jpg,4,life_saving_appliances,,"[3303, 1615, 39, 32]",35.32704346531139,32-64,,,,FN
9271,9271.jpg,4,life_saving_appliances,,"[3163, 1692, 56, 28]",39.59797974644666,32-64,,,,FN
9271,9271.jpg,4,life_saving_appliances,,"[3162, 1728, 54, 35]",43.474130238568314,32-64,,,,FN
9271,9271.jpg,1,swimmer,,"[3280, 1701, 64, 36]",48.0,32-64,,,,FN
9271,9271.jpg,1,swimmer,,"[3323, 1606, 96, 30]",53.665631459994955,32-64,,,,FN
9272,9272.jpg,3,jetski,,"[2964, 1049, 70, 111]",88.14760348415605,>64,,,,FN
9272,9272.jpg,4,life_saving_appliances,,"[3252, 1609, 40, 33]",36.3318042491699,32-64,,,,FN
9272,9272.jpg,4,life_saving_appliances,,"[3116, 1685, 55, 27]",38.535697735995385,32-64,,,,FN
9272,9272.jpg,4,life_saving_appliances,,"[3110, 1724, 53, 34]",42.44997055358225,32-64,,,,FN
9272,9272.jpg,1,swimmer,,"[3216, 1676, 95, 63]",77.36278174936577,>64,,,,FN
9272,9272.jpg,1,swimmer,,"[3275, 1599, 97, 29]",53.03772242470448,32-64,,,,FN
9273,9273.jpg,4,life_saving_appliances,,"[3024, 1680, 54, 24]",36.0,32-64,,,,FN
9273,9273.jpg,3,jetski,,"[2891, 1051, 67, 108]",85.06468127254695,>64,,,,FN
9273,9273.jpg,4,life_saving_appliances,,"[3163, 1612, 39, 31]",34.77067730142742,32-64,,,,FN
9273,9273.jpg,4,life_saving_appliances,,"[3017, 1719, 52, 34]",42.04759208325728,32-64,,,,FN
9273,9273.jpg,1,swimmer,,"[3142, 1683, 83, 42]",59.04235767650204,32-64,,,,FN
9273,9273.jpg,1,swimmer,,"[3182, 1591, 95, 38]",60.08327554319921,32-64,,,,FN
9274,9274.jpg,4,life_saving_appliances,,"[2899, 1667, 57, 24]",36.98648401781386,32-64,,,,FN
9274,9274.jpg,3,jetski,,"[2793, 1046, 63, 107]",82.10359310042405,>64,,,,FN
9274,9274.jpg,1,swimmer,,"[2992, 1664, 125, 54]",82.15838362577492,>64,,,,FN
9274,9274.jpg,4,life_saving_appliances,,"[2893, 1703, 51, 36]",42.8485705712571,32-64,,,,FN
9812,9812.jpg,3,jetski,,"[2224, 250, 80, 48]",61.96773353931867,32-64,,,,FN
9812,9812.jpg,1,swimmer,,"[2776, 1332, 80, 39]",55.85696017507576,32-64,,,,FN
9812,9812.jpg,1,swimmer,,"[976, 1735, 29, 34]",31.400636936215164,16-32,,,,FN
9812,9812.jpg,1,swimmer,,"[1942, 1243, 55, 39]",46.314144707637645,32-64,,,,FN
9812,9812.jpg,1,swimmer,,"[1658, 1311, 53, 57]",54.96362433464518,32-64,,,,FN
9812,9812.jpg,1,swimmer,,"[1938, 1333, 51, 33]",41.02438299353203,32-64,,,,FN
9812,9812.jpg,4,life_saving_appliances,,"[868, 1411, 41, 26]",32.64965543462902,32-64,,,,FN
9813,9813.jpg,3,jetski,,"[2200, 274, 88, 47]",64.31174076325411,>64,,,,FN
9813,9813.jpg,1,swimmer,,"[2771, 1351, 96, 39]",61.18823416311342,32-64,,,,FN
9813,9813.jpg,1,swimmer,,"[965, 1711, 28, 33]",30.397368307141328,16-32,,,,FN
9813,9813.jpg,1,swimmer,,"[1946, 1243, 47, 37]",41.701318923986086,32-64,,,,FN
9813,9813.jpg,1,swimmer,,"[1667, 1296, 52, 66]",58.58327406350724,32-64,,,,FN
9813,9813.jpg,1,swimmer,,"[1937, 1328, 53, 39]",45.46427168667722,32-64,,,,FN
9813,9813.jpg,4,life_saving_appliances,,"[874, 1385, 41, 26]",32.64965543462902,32-64,,,,FN
9814,9814.jpg,3,jetski,,"[2179, 292, 91, 45]",63.99218702310463,32-64,,,,FN
9814,9814.jpg,1,swimmer,,"[2783, 1369, 87, 41]",59.724366886556446,32-64,,,,FN
9814,9814.jpg,1,swimmer,,"[951, 1687, 30, 36]",32.863353450309965,32-64,,,,FN
9814,9814.jpg,1,swimmer,,"[1957, 1246, 41, 33]",36.78314831549904,32-64,,,,FN
9814,9814.jpg,1,swimmer,,"[1677, 1291, 48, 71]",58.378078077305695,32-64,,,,FN
9814,9814.jpg,1,swimmer,,"[1940, 1325, 52, 37]",43.86342439892262,32-64,,,,FN
9814,9814.jpg,4,life_saving_appliances,,"[881, 1360, 40, 26]",32.2490309931942,32-64,,,,FN
9815,9815.jpg,3,jetski,,"[2155, 321, 104, 37]",62.03224967708329,32-64,,,,FN
9815,9815.jpg,1,swimmer,,"[2797, 1387, 86, 42]",60.09991680526688,32-64,,,,FN
9815,9815.jpg,1,swimmer,,"[937, 1662, 28, 34]",30.854497241083024,16-32,,,,FN
9815,9815.jpg,1,swimmer,,"[1967, 1247, 50, 37]",43.01162633521314,32-64,,,,FN
9815,9815.jpg,1,swimmer,,"[1687, 1288, 39, 70]",52.24940191045253,32-64,,,,FN
9815,9815.jpg,1,swimmer,,"[1945, 1327, 51, 34]",41.641325627314025,32-64,,,,FN
9815,9815.jpg,4,life_saving_appliances,,"[890, 1333, 38, 26]",31.432467291003423,16-32,,,,FN
9816,9816.jpg,3,jetski,,"[2138, 340, 106, 40]",65.11528238439882,>64,,,,FN
9816,9816.jpg,1,swimmer,,"[2803, 1410, 97, 47]",67.52036729757918,>64,,,,FN
9816,9816.jpg,1,swimmer,,"[921, 1631, 27, 31]",28.930952282978865,16-32,,,,FN
9816,9816.jpg,1,swimmer,,"[1972, 1251, 54, 37]",44.69899327725402,32-64,,,,FN
9816,9816.jpg,1,swimmer,,"[1687, 1297, 44, 64]",53.0659966456864,32-64,,,,FN
9816,9816.jpg,1,swimmer,,"[1945, 1328, 51, 37]",43.439613257946945,32-64,,,,FN
9816,9816.jpg,4,life_saving_appliances,,"[899, 1304, 38, 28]",32.61901286060018,32-64,,,,FN
9817,9817.jpg,3,jetski,,"[2127, 356, 106, 42]",66.7233092704491,>64,,,,FN
9817,9817.jpg,1,swimmer,,"[2820, 1436, 90, 44]",62.928530890209096,32-64,,,,FN
9817,9817.jpg,1,swimmer,,"[906, 1592, 27, 31]",28.930952282978865,16-32,,,,FN
9817,9817.jpg,1,swimmer,,"[1978, 1258, 43, 32]",37.094473981982816,32-64,,,,FN
9817,9817.jpg,1,swimmer,,"[1686, 1301, 39, 56]",46.73328578219169,32-64,,,,FN
9817,9817.jpg,1,swimmer,,"[1950, 1335, 49, 33]",40.2119385257662,32-64,,,,FN
9817,9817.jpg,4,life_saving_appliances,,"[912, 1279, 32, 30]",30.983866769659336,16-32,,,,FN
9818,9818.jpg,3,jetski,,"[2125, 371, 109, 41]",66.85057965343307,>64,,,,FN
9818,9818.jpg,1,swimmer,,"[2831, 1461, 93, 41]",61.74949392505172,32-64,,,,FN
9818,9818.jpg,1,swimmer,,"[892, 1553, 28, 35]",31.304951684997057,16-32,,,,FN
9818,9818.jpg,1,swimmer,,"[1981, 1266, 46, 35]",40.124805295477756,32-64,,,,FN
9818,9818.jpg,1,swimmer,,"[1680, 1296, 41, 58]",48.76474136094644,32-64,,,,FN
9818,9818.jpg,1,swimmer,,"[1948, 1338, 53, 36]",43.68065933568311,32-64,,,,FN
9818,9818.jpg,4,life_saving_appliances,,"[928, 1256, 29, 33]",30.93541659651604,16-32,,,,FN
9819,9819.jpg,3,jetski,,"[2129, 383, 119, 39]",68.1248853210044,>64,,,,FN
9819,9819.jpg,1,swimmer,,"[2841, 1489, 104, 46]",69.16646586316233,>64,,,,FN
9819,9819.jpg,1,swimmer,,"[883, 1522, 27, 33]",29.8496231131986,16-32,,,,FN
9819,9819.jpg,1,swimmer,,"[1976, 1271, 49, 36]",42.0,32-64,,,,FN
9819,9819.jpg,1,swimmer,,"[1674, 1294, 49, 58]",53.31041174104736,32-64,,,,FN
9819,9819.jpg,1,swimmer,,"[1942, 1343, 49, 37]",42.579337712087536,32-64,,,,FN
9819,9819.jpg,4,life_saving_appliances,,"[943, 1241, 29, 31]",29.9833287011299,16-32,,,,FN
9820,9820.jpg,3,jetski,,"[2144, 392, 130, 41]",73.00684899377592,>64,,,,FN
9820,9820.jpg,1,swimmer,,"[2850, 1517, 98, 48]",68.58571279792899,>64,,,,FN
9820,9820.jpg,1,swimmer,,"[878, 1493, 26, 31]",28.39013913315678,16-32,,,,FN
9820,9820.jpg,1,swimmer,,"[1974, 1271, 35, 34]",34.49637662132068,32-64,,,,FN
9820,9820.jpg,1,swimmer,,"[1676, 1293, 47, 59]",52.65928218272634,32-64,,,,FN
9820,9820.jpg,1,swimmer,,"[1943, 1346, 45, 38]",41.352146256270665,32-64,,,,FN
9820,9820.jpg,4,life_saving_appliances,,"[964, 1223, 28, 32]",29.93325909419153,16-32,,,,FN
9821,9821.jpg,3,jetski,,"[2171, 403, 126, 41]",71.87489130426563,>64,,,,FN
9821,9821.jpg,1,swimmer,,"[2868, 1547, 92, 44]",63.623894882347464,32-64,,,,FN
9821,9821.jpg,1,swimmer,,"[879, 1467, 26, 31]",28.39013913315678,16-32,,,,FN
9821,9821.jpg,1,swimmer,,"[1971, 1270, 35, 34]",34.49637662132068,32-64,,,,FN
9821,9821.jpg,1,swimmer,,"[1676, 1284, 47, 60]",53.103672189407014,32-64,,,,FN
9821,9821.jpg,1,swimmer,,"[1935, 1345, 47, 38]",42.261093218230876,32-64,,,,FN
9821,9821.jpg,4,life_saving_appliances,,"[985, 1205, 28, 33]",30.397368307141328,16-32,,,,FN
9822,9822.jpg,3,jetski,,"[2193, 414, 122, 42]",71.58212067269312,>64,,,,FN
9822,9822.jpg,1,swimmer,,"[2864, 1578, 107, 48]",71.66589146867567,>64,,,,FN
9822,9822.jpg,1,swimmer,,"[884, 1445, 26, 32]",28.844410203711913,16-32,,,,FN
9822,9822.jpg,1,swimmer,,"[1973, 1271, 34, 33]",33.49626844888845,32-64,,,,FN
9822,9822.jpg,1,swimmer,,"[1677, 1279, 49, 59]",53.76802023508026,32-64,,,,FN
9822,9822.jpg,1,swimmer,,"[1930, 1341, 46, 37]",41.255302689472536,32-64,,,,FN
9822,9822.jpg,4,life_saving_appliances,,"[1007, 1185, 28, 31]",29.46183972531247,16-32,,,,FN
9823,9823.jpg,3,jetski,,"[2213, 423, 130, 39]",71.20393247567159,>64,,,,FN
9823,9823.jpg,1,swimmer,,"[2867, 1606, 103, 51]",72.47758274114831,>64,,,,FN
9823,9823.jpg,1,swimmer,,"[895, 1427, 25, 29]",26.92582403567252,16-32,,,,FN
9823,9823.jpg,1,swimmer,,"[1980, 1265, 32, 34]",32.984845004941285,32-64,,,,FN
9823,9823.jpg,1,swimmer,,"[1682, 1271, 42, 59]",49.77951385861457,32-64,,,,FN
9823,9823.jpg,1,swimmer,,"[1927, 1337, 44, 37]",40.34848200366403,32-64,,,,FN
9823,9823.jpg,4,life_saving_appliances,,"[1028, 1161, 28, 33]",30.397368307141328,16-32,,,,FN
9824,9824.jpg,3,jetski,,"[2232, 428, 122, 40]",69.85699678629192,>64,,,,FN
9824,9824.jpg,1,swimmer,,"[2875, 1641, 98, 45]",66.40783086353596,>64,,,,FN
9824,9824.jpg,1,swimmer,,"[906, 1402, 25, 30]",27.386127875258307,16-32,,,,FN
9824,9824.jpg,1,swimmer,,"[1986, 1258, 31, 41]",35.651086939951774,32-64,,,,FN
9824,9824.jpg,1,swimmer,,"[1687, 1260, 40, 73]",54.037024344425184,32-64,,,,FN
9824,9824.jpg,1,swimmer,,"[1926, 1334, 47, 38]",42.261093218230876,32-64,,,,FN
9824,9824.jpg,4,life_saving_appliances,,"[1049, 1139, 28, 33]",30.397368307141328,16-32,,,,FN
9825,9825.jpg,3,jetski,,"[2246, 431, 134, 44]",76.78541528180986,>64,,,,FN
9825,9825.jpg,1,swimmer,,"[2868, 1674, 97, 46]",66.79820356865893,>64,,,,FN
9825,9825.jpg,1,swimmer,,"[918, 1375, 26, 31]",28.39013913315678,16-32,,,,FN
9825,9825.jpg,1,swimmer,,"[1988, 1255, 38, 42]",39.949968710876355,32-64,,,,FN
9825,9825.jpg,1,swimmer,,"[1693, 1253, 37, 70]",50.89204259999789,32-64,,,,FN
9825,9825.jpg,1,swimmer,,"[1924, 1329, 46, 36]",40.69397989875161,32-64,,,,FN
9825,9825.jpg,4,life_saving_appliances,,"[1070, 1120, 28, 33]",30.397368307141328,16-32,,,,FN
9826,9826.jpg,3,jetski,,"[2265, 436, 136, 42]",75.57777451076474,>64,,,,FN
9826,9826.jpg,1,swimmer,,"[2844, 1701, 116, 56]",80.59776671843954,>64,,,,FN
9826,9826.jpg,1,swimmer,,"[932, 1346, 25, 29]",26.92582403567252,16-32,,,,FN
9826,9826.jpg,1,swimmer,,"[1971, 1252, 59, 43]",50.368641037852115,32-64,,,,FN
9826,9826.jpg,1,swimmer,,"[1698, 1246, 38, 75]",53.38539126015655,32-64,,,,FN
9826,9826.jpg,1,swimmer,,"[1922, 1323, 46, 44]",44.98888751680797,32-64,,,,FN
9826,9826.jpg,4,life_saving_appliances,,"[1084, 1107, 32, 31]",31.496031496047245,16-32,,,,FN
9827,9827.jpg,3,jetski,,"[2286, 441, 138, 44]",77.92303895511263,>64,,,,FN
9827,9827.jpg,1,swimmer,,"[2842, 1722, 101, 49]",70.34912934784623,>64,,,,FN
9827,9827.jpg,1,swimmer,,"[938, 1316, 25, 29]",26.92582403567252,16-32,,,,FN
9827,9827.jpg,1,swimmer,,"[1977, 1251, 56, 43]",49.07137658554119,32-64,,,,FN
9827,9827.jpg,1,swimmer,,"[1702, 1245, 37, 71]",51.254268114957995,32-64,,,,FN
9827,9827.jpg,1,swimmer,,"[1921, 1326, 39, 37]",37.986839826445156,32-64,,,,FN
9827,9827.jpg,4,life_saving_appliances,,"[1096, 1094, 35, 30]",32.4037034920393,32-64,,,,FN
9828,9828.jpg,3,jetski,,"[2312, 448, 133, 47]",79.06326580656784,>64,,,,FN
9828,9828.jpg,1,swimmer,,"[2824, 1747, 97, 51]",70.33491309442275,>64,,,,FN
9828,9828.jpg,1,swimmer,,"[943, 1290, 26, 30]",27.92848008753788,16-32,,,,FN
9828,9828.jpg,1,swimmer,,"[1989, 1258, 56, 40]",47.32863826479693,32-64,,,,FN
9828,9828.jpg,1,swimmer,,"[1706, 1250, 36, 68]",49.47726750741192,32-64,,,,FN
9828,9828.jpg,1,swimmer,,"[1923, 1328, 41, 35]",37.881393849751625,32-64,,,,FN
9828,9828.jpg,4,life_saving_appliances,,"[1110, 1086, 36, 29]",32.31098884280702,32-64,,,,FN
9829,9829.jpg,3,jetski,,"[2341, 462, 132, 44]",76.2102355330306,>64,,,,FN
9829,9829.jpg,1,swimmer,,"[2805, 1759, 114, 83]",97.27281223445738,>64,,,,FN
9829,9829.jpg,1,swimmer,,"[945, 1268, 25, 29]",26.92582403567252,16-32,,,,FN
9829,9829.jpg,1,swimmer,,"[2001, 1263, 56, 44]",49.63869458396343,32-64,,,,FN
9829,9829.jpg,1,swimmer,,"[1710, 1256, 34, 63]",46.281745861624536,32-64,,,,FN
9829,9829.jpg,1,swimmer,,"[1919, 1332, 52, 41]",46.17358552246078,32-64,,,,FN
9829,9829.jpg,4,life_saving_appliances,,"[1123, 1068, 38, 29]",33.19638534539566,32-64,,,,FN
9830,9830.jpg,3,jetski,,"[2367, 475, 134, 45]",77.6530746332687,>64,,,,FN
9830,9830.jpg,1,swimmer,,"[2794, 1786, 103, 72]",86.11620056644394,>64,,,,FN
9830,9830.jpg,1,swimmer,,"[949, 1248, 24, 29]",26.38181191654584,16-32,,,,FN
9830,9830.jpg,1,swimmer,,"[2010, 1271, 61, 45]",52.392747589718944,32-64,,,,FN
9830,9830.jpg,1,swimmer,,"[1711, 1254, 36, 71]",50.556898639058154,32-64,,,,FN
9830,9830.jpg,1,swimmer,,"[1922, 1338, 42, 39]",40.47221268969612,32-64,,,,FN
9830,9830.jpg,4,life_saving_appliances,,"[1138, 1049, 37, 29]",32.7566787083184,32-64,,,,FN
9831,9831.jpg,3,jetski,,"[2391, 488, 136, 43]",76.47221717722064,>64,,,,FN
9831,9831.jpg,1,swimmer,,"[2788, 1823, 87, 63]",74.03377607551839,>64,,,,FN
9831,9831.jpg,1,swimmer,,"[956, 1227, 24, 28]",25.92296279363144,16-32,,,,FN
9831,9831.jpg,1,swimmer,,"[2017, 1273, 57, 44]",50.07993610219566,32-64,,,,FN
9831,9831.jpg,1,swimmer,,"[1715, 1256, 35, 74]",50.89204259999789,32-64,,,,FN
9831,9831.jpg,1,swimmer,,"[1922, 1343, 49, 39]",43.71498598878879,32-64,,,,FN
9831,9831.jpg,4,life_saving_appliances,,"[1152, 1028, 38, 28]",32.61901286060018,32-64,,,,FN
9832,9832.jpg,3,jetski,,"[2416, 499, 142, 42]",77.22693830523129,>64,,,,FN
9832,9832.jpg,1,swimmer,,"[2773, 1847, 100, 82]",90.55385138137417,>64,,,,FN
9832,9832.jpg,1,swimmer,,"[966, 1207, 22, 27]",24.372115213907882,16-32,,,,FN
9832,9832.jpg,1,swimmer,,"[2026, 1280, 58, 40]",48.16637831516918,32-64,,,,FN
9832,9832.jpg,1,swimmer,,"[1718, 1254, 36, 67]",49.1121166312347,32-64,,,,FN
9832,9832.jpg,1,swimmer,,"[1918, 1345, 55, 42]",48.062459362791664,32-64,,,,FN
9832,9832.jpg,4,life_saving_appliances,,"[1173, 1008, 37, 29]",32.7566787083184,32-64,,,,FN
9833,9833.jpg,3,jetski,,"[2438, 507, 138, 44]",77.92303895511263,>64,,,,FN
9833,9833.jpg,1,swimmer,,"[2757, 1887, 94, 79]",86.17424209124209,>64,,,,FN
9833,9833.jpg,1,swimmer,,"[982, 1182, 22, 27]",24.372115213907882,16-32,,,,FN
9833,9833.jpg,1,swimmer,,"[2029, 1286, 64, 42]",51.84592558726288,32-64,,,,FN
9833,9833.jpg,1,swimmer,,"[1714, 1254, 37, 66]",49.416596402423345,32-64,,,,FN
9833,9833.jpg,1,swimmer,,"[1919, 1348, 45, 39]",41.892720131306824,32-64,,,,FN
9833,9833.jpg,4,life_saving_appliances,,"[1191, 992, 38, 27]",32.03123475609393,32-64,,,,FN
9834,9834.jpg,3,jetski,,"[2457, 519, 142, 39]",74.41773982055622,>64,,,,FN
9834,9834.jpg,1,swimmer,,"[2746, 1922, 76, 80]",77.9743547584717,>64,,,,FN
9834,9834.jpg,1,swimmer,,"[998, 1156, 22, 28]",24.819347291981714,16-32,,,,FN
9834,9834.jpg,1,swimmer,,"[2036, 1290, 65, 44]",53.47896782848375,32-64,,,,FN
9834,9834.jpg,1,swimmer,,"[1714, 1250, 39, 71]",52.62128846769148,32-64,,,,FN
9834,9834.jpg,1,swimmer,,"[1909, 1348, 59, 41]",49.18333050943175,32-64,,,,FN
9834,9834.jpg,4,life_saving_appliances,,"[1213, 977, 35, 29]",31.85906464414798,16-32,,,,FN
9835,9835.jpg,3,jetski,,"[2475, 527, 143, 41]",76.5702292016943,>64,,,,FN
9835,9835.jpg,1,swimmer,,"[2722, 1954, 91, 91]",91.0,>64,,,,FN
9835,9835.jpg,1,swimmer,,"[1017, 1136, 21, 26]",23.366642891095847,16-32,,,,FN
9835,9835.jpg,1,swimmer,,"[2033, 1288, 58, 45]",51.088159097779204,32-64,,,,FN
9835,9835.jpg,1,swimmer,,"[1711, 1241, 39, 68]",51.49757275833493,32-64,,,,FN
9835,9835.jpg,1,swimmer,,"[1906, 1348, 47, 40]",43.3589667773576,32-64,,,,FN
9835,9835.jpg,4,life_saving_appliances,,"[1232, 966, 34, 27]",30.298514815086232,16-32,,,,FN
9836,9836.jpg,3,jetski,,"[2493, 539, 144, 41]",76.83749084919418,>64,,,,FN
9836,9836.jpg,1,swimmer,,"[2701, 1990, 82, 91]",86.38286867197685,>64,,,,FN
9836,9836.jpg,1,swimmer,,"[1040, 1118, 21, 26]",23.366642891095847,16-32,,,,FN
9836,9836.jpg,1,swimmer,,"[2035, 1295, 52, 39]",45.033320996790806,32-64,,,,FN
9836,9836.jpg,1,swimmer,,"[1709, 1229, 39, 74]",53.72150407425317,32-64,,,,FN
9836,9836.jpg,1,swimmer,,"[1902, 1348, 44, 35]",39.242833740697165,32-64,,,,FN
9836,9836.jpg,4,life_saving_appliances,,"[1252, 956, 34, 27]",30.298514815086232,16-32,,,,FN
9837,9837.jpg,3,jetski,,"[2512, 548, 145, 41]",77.10382610480494,>64,,,,FN
9837,9837.jpg,1,swimmer,,"[2677, 2025, 71, 88]",79.04429138147802,>64,,,,FN
9837,9837.jpg,1,swimmer,,"[1063, 1099, 23, 27]",24.919871588754223,16-32,,,,FN
9837,9837.jpg,1,swimmer,,"[2023, 1302, 62, 38]",48.53864439804639,32-64,,,,FN
9837,9837.jpg,1,swimmer,,"[1707, 1225, 38, 69]",51.20546845796843,32-64,,,,FN
9837,9837.jpg,1,swimmer,,"[1885, 1340, 54, 42]",47.62352359916263,32-64,,,,FN
9837,9837.jpg,4,life_saving_appliances,,"[1273, 947, 33, 27]",29.8496231131986,16-32,,,,FN
9838,9838.jpg,3,jetski,,"[2528, 556, 146, 41]",77.3692445355388,>64,,,,FN
9838,9838.jpg,1,swimmer,,"[2645, 2051, 78, 97]",86.98275691193054,>64,,,,FN
9838,9838.jpg,1,swimmer,,"[1088, 1085, 22, 26]",23.916521486202797,16-32,,,,FN
9838,9838.jpg,1,swimmer,,"[2020, 1304, 67, 40]",51.76871642217914,32-64,,,,FN
9838,9838.jpg,1,swimmer,,"[1708, 1218, 40, 73]",54.037024344425184,32-64,,,,FN
9838,9838.jpg,1,swimmer,,"[1880, 1340, 41, 35]",37.881393849751625,32-64,,,,FN
9838,9838.jpg,4,life_saving_appliances,,"[1292, 941, 31, 28]",29.46183972531247,16-32,,,,FN
9839,9839.jpg,3,jetski,,"[2544, 561, 149, 41]",78.16009211867653,>64,,,,FN
9839,9839.jpg,1,swimmer,,"[2604, 2074, 76, 86]",80.84553172563095,>64,,,,FN
9839,9839.jpg,1,swimmer,,"[1111, 1071, 21, 25]",22.9128784747792,16-32,,,,FN
9839,9839.jpg,1,swimmer,,"[2016, 1307, 67, 42]",53.04714883949938,32-64,,,,FN
9839,9839.jpg,1,swimmer,,"[1712, 1216, 39, 68]",51.49757275833493,32-64,,,,FN
9839,9839.jpg,1,swimmer,,"[1876, 1340, 38, 35]",36.46916505762094,32-64,,,,FN
9839,9839.jpg,4,life_saving_appliances,,"[1312, 935, 31, 26]",28.39013913315678,16-32,,,,FN
9840,9840.jpg,3,jetski,,"[2562, 568, 148, 41]",77.89736837660179,>64,,,,FN
9840,9840.jpg,1,swimmer,,"[1131, 1056, 22, 26]",23.916521486202797,16-32,,,,FN
9840,9840.jpg,1,swimmer,,"[2016, 1314, 56, 40]",47.32863826479693,32-64,,,,FN
9840,9840.jpg,1,swimmer,,"[1718, 1227, 40, 54]",46.475800154489,32-64,,,,FN
9840,9840.jpg,1,swimmer,,"[1861, 1339, 56, 38]",46.130250378683186,32-64,,,,FN
9840,9840.jpg,4,life_saving_appliances,,"[1333, 928, 31, 26]",28.39013913315678,16-32,,,,FN
9841,9841.jpg,3,jetski,,"[2581, 578, 151, 42]",79.63667496825819,>64,,,,FN
9841,9841.jpg,1,swimmer,,"[1150, 1040, 23, 28]",25.37715508089904,16-32,,,,FN
9841,9841.jpg,1,swimmer,,"[2019, 1326, 59, 37]",46.72258554489466,32-64,,,,FN
9841,9841.jpg,1,swimmer,,"[1866, 1342, 45, 32]",37.94733192202055,32-64,,,,FN
9841,9841.jpg,4,life_saving_appliances,,"[1359, 921, 31, 26]",28.39013913315678,16-32,,,,FN
9842,9842.jpg,3,jetski,,"[2601, 594, 151, 42]",79.63667496825819,>64,,,,FN
9842,9842.jpg,1,swimmer,,"[1174, 1024, 24, 30]",26.832815729997478,16-32,,,,FN
9842,9842.jpg,1,swimmer,,"[2024, 1337, 70, 36]",50.19960159204453,32-64,,,,FN
9842,9842.jpg,1,swimmer,,"[1869, 1351, 49, 33]",40.2119385257662,32-64,,,,FN
9842,9842.jpg,4,life_saving_appliances,,"[1383, 913, 31, 26]",28.39013913315678,16-32,,,,FN
9843,9843.jpg,3,jetski,,"[2619, 612, 154, 43]",81.37567204023571,>64,,,,FN
9843,9843.jpg,1,swimmer,,"[1199, 1009, 23, 28]",25.37715508089904,16-32,,,,FN
9843,9843.jpg,1,swimmer,,"[2033, 1337, 66, 42]",52.64978632435273,32-64,,,,FN
9843,9843.jpg,1,swimmer,,"[1864, 1353, 59, 36]",46.08687448721165,32-64,,,,FN
9843,9843.jpg,4,life_saving_appliances,,"[1410, 902, 32, 26]",28.844410203711913,16-32,,,,FN
9844,9844.jpg,3,jetski,,"[2640, 629, 155, 44]",82.58329128825031,>64,,,,FN
9844,9844.jpg,1,swimmer,,"[1227, 992, 23, 28]",25.37715508089904,16-32,,,,FN
9844,9844.jpg,1,swimmer,,"[2046, 1341, 56, 42]",48.49742261192856,32-64,,,,FN
9844,9844.jpg,1,swimmer,,"[1878, 1356, 45, 33]",38.535697735995385,32-64,,,,FN
9844,9844.jpg,4,life_saving_appliances,,"[1436, 892, 33, 27]",29.8496231131986,16-32,,,,FN
9845,9845.jpg,3,jetski,,"[2659, 646, 156, 43]",81.90238091777309,>64,,,,FN
9845,9845.jpg,1,swimmer,,"[1254, 975, 22, 26]",23.916521486202797,16-32,,,,FN
9845,9845.jpg,1,swimmer,,"[2053, 1352, 54, 40]",46.475800154489,32-64,,,,FN
9845,9845.jpg,1,swimmer,,"[1879, 1355, 54, 37]",44.69899327725402,32-64,,,,FN
9845,9845.jpg,4,life_saving_appliances,,"[1464, 882, 33, 25]",28.722813232690143,16-32,,,,FN
9846,9846.jpg,3,jetski,,"[2676, 658, 157, 43]",82.16446920658588,>64,,,,FN
9846,9846.jpg,1,swimmer,,"[1284, 957, 21, 24]",22.44994432064365,16-32,,,,FN
9846,9846.jpg,1,swimmer,,"[2047, 1356, 64, 39]",49.95998398718719,32-64,,,,FN
9846,9846.jpg,1,swimmer,,"[1874, 1350, 57, 36]",45.2990066116245,32-64,,,,FN
9846,9846.jpg,4,life_saving_appliances,,"[1494, 869, 33, 26]",29.29163703175362,16-32,,,,FN
9847,9847.jpg,3,jetski,,"[2689, 669, 161, 44]",84.16650165000326,>64,,,,FN
9847,9847.jpg,1,swimmer,,"[1314, 937, 20, 24]",21.908902300206645,16-32,,,,FN
9847,9847.jpg,1,swimmer,,"[2043, 1358, 64, 40]",50.59644256269407,32-64,,,,FN
9847,9847.jpg,1,swimmer,,"[1882, 1349, 45, 33]",38.535697735995385,32-64,,,,FN
9847,9847.jpg,4,life_saving_appliances,,"[1522, 859, 33, 25]",28.722813232690143,16-32,,,,FN
9848,9848.jpg,3,jetski,,"[2709, 678, 161, 45]",85.11756575466664,>64,,,,FN
9848,9848.jpg,1,swimmer,,"[1346, 921, 21, 25]",22.9128784747792,16-32,,,,FN
9848,9848.jpg,1,swimmer,,"[2042, 1359, 66, 40]",51.38093031466052,32-64,,,,FN
9848,9848.jpg,1,swimmer,,"[1884, 1347, 52, 35]",42.661458015403085,32-64,,,,FN
9848,9848.jpg,4,life_saving_appliances,,"[1549, 853, 34, 24]",28.5657137141714,16-32,,,,FN
9848,9848.jpg,2,boat,,"[261, 604, 201, 60]",109.81803130633877,>64,,,,FN
9849,9849.jpg,3,jetski,,"[2725, 687, 159, 45]",84.5872330792301,>64,,,,FN
9849,9849.jpg,1,swimmer,,"[1380, 909, 20, 24]",21.908902300206645,16-32,,,,FN
9849,9849.jpg,1,swimmer,,"[2054, 1359, 55, 40]",46.9041575982343,32-64,,,,FN
9849,9849.jpg,1,swimmer,,"[1885, 1343, 44, 36]",39.7994974842648,32-64,,,,FN
9849,9849.jpg,4,life_saving_appliances,,"[1574, 845, 36, 21]",27.49545416973504,16-32,,,,FN
9850,9850.jpg,3,jetski,,"[2741, 695, 162, 46]",86.32496741962895,>64,,,,FN
9850,9850.jpg,1,swimmer,,"[1413, 896, 19, 23]",20.904544960366874,16-32,,,,FN
9850,9850.jpg,1,swimmer,,"[2054, 1364, 55, 39]",46.314144707637645,32-64,,,,FN
9850,9850.jpg,1,swimmer,,"[1884, 1338, 46, 35]",40.124805295477756,32-64,,,,FN
9850,9850.jpg,4,life_saving_appliances,,"[1602, 837, 37, 21]",27.874719729532707,16-32,,,,FN
9851,9851.jpg,3,jetski,,"[2764, 705, 165, 47]",88.06247782114696,>64,,,,FN
9851,9851.jpg,1,swimmer,,"[1445, 881, 21, 26]",23.366642891095847,16-32,,,,FN
9851,9851.jpg,1,swimmer,,"[2046, 1365, 70, 38]",51.57518783291051,32-64,,,,FN
9851,9851.jpg,1,swimmer,,"[1881, 1332, 46, 37]",41.255302689472536,32-64,,,,FN
9851,9851.jpg,4,life_saving_appliances,,"[1623, 831, 38, 22]",28.91366458960192,16-32,,,,FN
9851,9851.jpg,2,boat,,"[486, 517, 193, 68]",114.56002793295748,>64,,,,FN
9852,9852.jpg,3,jetski,,"[2782, 715, 164, 46]",86.85620300243386,>64,,,,FN
9852,9852.jpg,1,swimmer,,"[1477, 871, 20, 24]",21.908902300206645,16-32,,,,FN
9852,9852.jpg,1,swimmer,,"[2031, 1365, 76, 38]",53.74011537017761,32-64,,,,FN
9852,9852.jpg,1,swimmer,,"[1878, 1327, 48, 37]",42.14261501141095,32-64,,,,FN
9852,9852.jpg,4,life_saving_appliances,,"[1649, 824, 37, 23]",29.171904291629644,16-32,,,,FN
9852,9852.jpg,2,boat,,"[561, 490, 191, 67]",113.1238259607586,>64,,,,FN
9853,9853.jpg,3,jetski,,"[2800, 725, 164, 47]",87.79521627059188,>64,,,,FN
9853,9853.jpg,1,swimmer,,"[1507, 862, 20, 24]",21.908902300206645,16-32,,,,FN
9853,9853.jpg,1,swimmer,,"[2041, 1367, 64, 37]",48.662100242385755,32-64,,,,FN
9853,9853.jpg,1,swimmer,,"[1872, 1328, 47, 38]",42.261093218230876,32-64,,,,FN
9853,9853.jpg,4,life_saving_appliances,,"[1677, 822, 34, 21]",26.720778431774775,16-32,,,,FN
9853,9853.jpg,2,boat,,"[635, 468, 186, 64]",109.10545357588684,>64,,,,FN
9854,9854.jpg,3,jetski,,"[2815, 736, 166, 47]",88.32893070789434,>64,,,,FN
9854,9854.jpg,1,swimmer,,"[1537, 854, 20, 24]",21.908902300206645,16-32,,,,FN
9854,9854.jpg,1,swimmer,,"[2036, 1371, 56, 39]",46.73328578219169,32-64,,,,FN
9854,9854.jpg,1,swimmer,,"[1868, 1328, 47, 39]",42.81354925721529,32-64,,,,FN
9854,9854.jpg,4,life_saving_appliances,,"[1707, 818, 32, 22]",26.5329983228432,16-32,,,,FN
9854,9854.jpg,2,boat,,"[707, 448, 183, 63]",107.37318100903968,>64,,,,FN
9855,9855.jpg,3,jetski,,"[2832, 745, 168, 47]",88.85943956609225,>64,,,,FN
9855,9855.jpg,1,swimmer,,"[1569, 846, 20, 24]",21.908902300206645,16-32,,,,FN
9855,9855.jpg,1,swimmer,,"[2028, 1375, 58, 39]",47.56048780237646,32-64,,,,FN
9855,9855.jpg,1,swimmer,,"[1869, 1327, 47, 36]",41.13392760240627,32-64,,,,FN
9855,9855.jpg,4,life_saving_appliances,,"[1739, 813, 33, 23]",27.54995462791182,16-32,,,,FN
9855,9855.jpg,2,boat,,"[782, 432, 179, 61]",104.4940189675945,>64,,,,FN
9856,9856.jpg,3,jetski,,"[2847, 753, 169, 47]",89.12350980521357,>64,,,,FN
9856,9856.jpg,1,swimmer,,"[1603, 841, 19, 24]",21.354156504062622,16-32,,,,FN
9856,9856.jpg,1,swimmer,,"[2002, 1378, 85, 41]",59.033888572581766,32-64,,,,FN
9856,9856.jpg,1,swimmer,,"[1872, 1328, 44, 37]",40.34848200366403,32-64,,,,FN
9856,9856.jpg,4,life_saving_appliances,,"[1779, 806, 33, 22]",26.94438717061496,16-32,,,,FN
9856,9856.jpg,2,boat,,"[855, 415, 174, 60]",102.17631819555841,>64,,,,FN
9857,9857.jpg,3,jetski,,"[2856, 759, 177, 51]",95.01052573267869,>64,,,,FN
9857,9857.jpg,1,swimmer,,"[1641, 834, 19, 24]",21.354156504062622,16-32,,,,FN
9857,9857.jpg,1,swimmer,,"[2021, 1380, 62, 41]",50.41825066382212,32-64,,,,FN
9857,9857.jpg,1,swimmer,,"[1877, 1329, 44, 37]",40.34848200366403,32-64,,,,FN
9857,9857.jpg,4,life_saving_appliances,,"[1813, 797, 37, 23]",29.171904291629644,16-32,,,,FN
9857,9857.jpg,2,boat,,"[926, 397, 172, 59]",100.73728207570423,>64,,,,FN
9858,9858.jpg,3,jetski,,"[2869, 764, 184, 57]",102.41093691593686,>64,,,,FN
9858,9858.jpg,1,swimmer,,"[1678, 822, 21, 22]",21.494185260204677,16-32,,,,FN
9858,9858.jpg,1,swimmer,,"[2020, 1383, 60, 39]",48.373546489791295,32-64,,,,FN
9858,9858.jpg,1,swimmer,,"[1883, 1329, 41, 34]",37.33630940518894,32-64,,,,FN
9858,9858.jpg,4,life_saving_appliances,,"[1849, 788, 37, 23]",29.171904291629644,16-32,,,,FN
9858,9858.jpg,2,boat,,"[997, 375, 168, 61]",101.23240587875011,>64,,,,FN
9859,9859.jpg,3,jetski,,"[2881, 772, 180, 61]",104.78549517943789,>64,,,,FN
9859,9859.jpg,1,swimmer,,"[1719, 809, 21, 22]",21.494185260204677,16-32,,,,FN
9859,9859.jpg,1,swimmer,,"[2011, 1388, 72, 34]",49.47726750741192,32-64,,,,FN
9859,9859.jpg,1,swimmer,,"[1889, 1325, 41, 36]",38.41874542459709,32-64,,,,FN
9859,9859.jpg,4,life_saving_appliances,,"[1887, 781, 37, 22]",28.53068523537421,16-32,,,,FN
9859,9859.jpg,2,boat,,"[1065, 355, 165, 63]",101.95587280779857,>64,,,,FN
9860,9860.jpg,3,jetski,,"[2899, 786, 179, 61]",104.4940189675945,>64,,,,FN
9860,9860.jpg,1,swimmer,,"[1755, 799, 21, 22]",21.494185260204677,16-32,,,,FN
9860,9860.jpg,1,swimmer,,"[2023, 1385, 53, 37]",44.28317965096906,32-64,,,,FN
9860,9860.jpg,1,swimmer,,"[1895, 1319, 41, 36]",38.41874542459709,32-64,,,,FN
9860,9860.jpg,4,life_saving_appliances,,"[1922, 774, 37, 21]",27.874719729532707,16-32,,,,FN
9860,9860.jpg,2,boat,,"[1131, 338, 162, 62]",100.2197585309404,>64,,,,FN
9861,9861.jpg,3,jetski,,"[2914, 798, 177, 65]",107.26136303441235,>64,,,,FN
9861,9861.jpg,1,swimmer,,"[1790, 793, 21, 20]",20.493901531919196,16-32,,,,FN
9861,9861.jpg,1,swimmer,,"[2035, 1382, 38, 40]",38.98717737923585,32-64,,,,FN
9861,9861.jpg,1,swimmer,,"[1900, 1314, 40, 35]",37.416573867739416,32-64,,,,FN
9861,9861.jpg,4,life_saving_appliances,,"[1950, 770, 37, 21]",27.874719729532707,16-32,,,,FN
9861,9861.jpg,2,boat,,"[1195, 322, 161, 62]",99.90995946350894,>64,,,,FN
9862,9862.jpg,3,jetski,,"[2928, 810, 177, 65]",107.26136303441235,>64,,,,FN
9862,9862.jpg,1,swimmer,,"[1825, 787, 21, 21]",21.0,16-32,,,,FN
9862,9862.jpg,1,swimmer,,"[2035, 1381, 38, 37]",37.49666651850535,32-64,,,,FN
9862,9862.jpg,1,swimmer,,"[1904, 1308, 45, 34]",39.11521443121589,32-64,,,,FN
9862,9862.jpg,4,life_saving_appliances,,"[1976, 766, 37, 23]",29.171904291629644,16-32,,,,FN
9862,9862.jpg,2,boat,,"[1262, 308, 160, 65]",101.9803902718557,>64,,,,FN
10416,10416.jpg,1,swimmer,,"[3092, 1114, 57, 61]",58.966091951222275,32-64,,,,FN
10416,10416.jpg,1,swimmer,,"[2881, 1234, 55, 35]",43.87482193696061,32-64,,,,FN
10416,10416.jpg,1,swimmer,,"[3588, 1680, 55, 108]",77.07139547199077,>64,,,,FN
10416,10416.jpg,1,swimmer,,"[3333, 1891, 47, 45]",45.98912915026767,32-64,,,,FN
10416,10416.jpg,1,swimmer,,"[3707, 1656, 88, 77]",82.3164625090267,>64,,,,FN
10416,10416.jpg,3,jetski,,"[2481, 844, 282, 107]",173.70664926824188,>64,,,,FN
10416,10416.jpg,1,swimmer,,"[3711, 1829, 77, 81]",78.9746794865291,>64,,,,FN
10416,10416.jpg,1,swimmer,,"[3738, 1766, 45, 51]",47.90615826801394,32-64,,,,FN
10417,10417.jpg,1,swimmer,,"[2891, 1001, 55, 59]",56.96490147450446,32-64,,,,FN
10417,10417.jpg,1,swimmer,,"[2677, 1118, 52, 29]",38.8329756778952,32-64,,,,FN
10417,10417.jpg,1,swimmer,,"[3344, 1552, 53, 102]",73.5255057786072,>64,,,,FN
10417,10417.jpg,1,swimmer,,"[3091, 1753, 41, 38]",39.4715087119811,32-64,,,,FN
10417,10417.jpg,1,swimmer,,"[3462, 1528, 92, 78]",84.71127433818948,>64,,,,FN
10417,10417.jpg,3,jetski,,"[2313, 745, 274, 104]",168.80758276807353,>64,,,,FN
10417,10417.jpg,1,swimmer,,"[3464, 1693, 74, 78]",75.97367965289031,>64,,,,FN
10417,10417.jpg,1,swimmer,,"[3486, 1632, 43, 49]",45.902069670114,32-64,,,,FN
10417,10417.jpg,1,swimmer,,"[3687, 1563, 67, 97]",80.61637550770935,>64,,,,FN
10417,10417.jpg,1,swimmer,,"[3095, 1978, 95, 65]",78.58116822750856,>64,,,,FN
10417,10417.jpg,1,swimmer,,"[3618, 939, 137, 70]",97.92854537876073,>64,,,,FN
10418,10418.jpg,1,swimmer,,"[2717, 923, 51, 58]",54.38749856354859,32-64,,,,FN
10418,10418.jpg,1,swimmer,,"[2502, 1036, 57, 28]",39.949968710876355,32-64,,,,FN
10418,10418.jpg,1,swimmer,,"[3122, 1457, 53, 93]",70.20683727387241,>64,,,,FN
10418,10418.jpg,1,swimmer,,"[2868, 1648, 40, 37]",38.47076812334269,32-64,,,,FN
10418,10418.jpg,1,swimmer,,"[3239, 1433, 84, 76]",79.89993742175271,>64,,,,FN
10418,10418.jpg,3,jetski,,"[2166, 676, 264, 100]",162.48076809271922,>64,,,,FN
10418,10418.jpg,1,swimmer,,"[3237, 1598, 74, 66]",69.88562083862459,>64,,,,FN
10418,10418.jpg,1,swimmer,,"[3265, 1540, 39, 45]",41.892720131306824,32-64,,,,FN
10418,10418.jpg,1,swimmer,,"[3459, 1478, 64, 105]",81.97560612767678,>64,,,,FN
10418,10418.jpg,1,swimmer,,"[2862, 1879, 89, 60]",73.07530362578044,>64,,,,FN
10418,10418.jpg,1,swimmer,,"[3437, 880, 134, 55]",85.84870412533901,>64,,,,FN
10419,10419.jpg,1,swimmer,,"[3040, 983, 53, 52]",52.49761899362675,32-64,,,,FN
10419,10419.jpg,1,swimmer,,"[3361, 1600, 43, 101]",65.90144156238162,>64,,,,FN
10419,10419.jpg,1,swimmer,,"[3055, 1732, 47, 43]",44.955533585978046,32-64,,,,FN
10419,10419.jpg,3,jetski,,"[2514, 666, 271, 115]",176.53611528522995,>64,,,,FN
10419,10419.jpg,1,swimmer,,"[2791, 1062, 44, 30]",36.3318042491699,32-64,,,,FN
10419,10419.jpg,1,swimmer,,"[3451, 1774, 79, 70]",74.36396977031282,>64,,,,FN
10419,10419.jpg,1,swimmer,,"[3498, 1714, 47, 48]",47.49736834815167,32-64,,,,FN
10419,10419.jpg,1,swimmer,,"[3719, 1699, 71, 116]",90.75241043630741,>64,,,,FN
10419,10419.jpg,1,swimmer,,"[3491, 1601, 95, 91]",92.97849213662265,>64,,,,FN
10419,10419.jpg,1,swimmer,,"[2996, 1970, 93, 103]",97.87236586493657,>64,,,,FN
10420,10420.jpg,1,swimmer,,"[3517, 1189, 61, 51]",55.776339069537364,32-64,,,,FN
10420,10420.jpg,1,swimmer,,"[3338, 1936, 50, 44]",46.9041575982343,32-64,,,,FN
10420,10420.jpg,1,swimmer,,"[3431, 1312, 45, 45]",45.0,32-64,,,,FN
10420,10420.jpg,2,boat,,"[3131, 712, 377, 237]",298.91303083003925,>64,,,,FN
10420,10420.jpg,3,jetski,,"[3027, 756, 266, 171]",213.27447104611466,>64,,,,FN
10420,10420.jpg,1,swimmer,,"[3199, 1202, 62, 48]",54.55272678794342,32-64,,,,FN
10420,10420.jpg,1,swimmer,,"[3727, 2084, 103, 70]",84.91171886141512,>64,,,,FN
10420,10420.jpg,1,swimmer,,"[3687, 1887, 58, 105]",78.03845206050669,>64,,,,FN
10421,10421.jpg,1,swimmer,,"[3437, 1150, 69, 58]",63.26136261573884,32-64,,,,FN
10421,10421.jpg,1,swimmer,,"[3113, 1151, 102, 76]",88.04544281222056,>64,,,,FN
10421,10421.jpg,1,swimmer,,"[3597, 1858, 79, 84]",81.4616474176652,>64,,,,FN
10421,10421.jpg,1,swimmer,,"[3251, 1892, 49, 47]",47.989582202807306,32-64,,,,FN
10421,10421.jpg,1,swimmer,,"[3356, 1280, 47, 44]",45.47526800360829,32-64,,,,FN
10421,10421.jpg,3,jetski,,"[2957, 735, 260, 166]",207.74984957876623,>64,,,,FN
10421,10421.jpg,1,swimmer,,"[3652, 2039, 84, 66]",74.45804187594514,>64,,,,FN
10421,10421.jpg,1,swimmer,,"[3699, 1965, 75, 91]",82.61355820929153,>64,,,,FN
10421,10421.jpg,1,swimmer,,"[3792, 1876, 48, 70]",57.96550698475775,32-64,,,,FN
10421,10421.jpg,1,swimmer,,"[3116, 2089, 77, 71]",73.93916418245476,>64,,,,FN
10422,10422.jpg,1,swimmer,,"[3371, 1153, 70, 55]",62.048368229954285,32-64,,,,FN
10422,10422.jpg,1,swimmer,,"[3072, 1153, 77, 49]",61.424750711744856,32-64,,,,FN
10422,10422.jpg,1,swimmer,,"[3519, 1856, 83, 85]",83.99404740813482,>64,,,,FN
10422,10422.jpg,1,swimmer,,"[3166, 1890, 49, 44]",46.4327470649756,32-64,,,,FN
10422,10422.jpg,1,swimmer,,"[3279, 1277, 51, 42]",46.281745861624536,32-64,,,,FN
10422,10422.jpg,1,swimmer,,"[3559, 2036, 94, 64]",77.56287771866127,>64,,,,FN
10422,10422.jpg,3,jetski,,"[2903, 727, 251, 173]",208.38186101482057,>64,,,,FN
10422,10422.jpg,1,swimmer,,"[3643, 1961, 48, 92]",66.4529909033446,>64,,,,FN
10422,10422.jpg,1,swimmer,,"[3713, 1873, 51, 74]",61.43289021363068,32-64,,,,FN
10422,10422.jpg,1,swimmer,,"[3040, 2106, 60, 54]",56.92099788303083,32-64,,,,FN
10423,10423.jpg,1,swimmer,,"[3503, 1260, 72, 55]",62.928530890209096,32-64,,,,FN
10423,10423.jpg,1,swimmer,,"[3181, 1228, 57, 44]",50.07993610219566,32-64,,,,FN
10423,10423.jpg,1,swimmer,,"[3569, 1984, 96, 92]",93.97872099576584,>64,,,,FN
10423,10423.jpg,1,swimmer,,"[3188, 1976, 49, 45]",46.95742752749558,32-64,,,,FN
10423,10423.jpg,1,swimmer,,"[3396, 1366, 57, 47]",51.75905717843013,32-64,,,,FN
10423,10423.jpg,2,boat,,"[3187, 735, 370, 273]",317.82070417139283,>64,,,,FN
10423,10423.jpg,3,jetski,,"[3072, 762, 244, 203]",222.55785764605122,>64,,,,FN
10423,10423.jpg,1,swimmer,,"[3754, 2027, 71, 85]",77.68526243760782,>64,,,,FN
10423,10423.jpg,1,swimmer,,"[3690, 2105, 54, 55]",54.49770637375485,32-64,,,,FN
10424,10424.jpg,1,swimmer,,"[3296, 1213, 75, 54]",63.63961030678928,32-64,,,,FN
10424,10424.jpg,1,swimmer,,"[2964, 1168, 72, 50]",60.0,32-64,,,,FN
10424,10424.jpg,1,swimmer,,"[3336, 1927, 103, 87]",94.66255859631093,>64,,,,FN
10424,10424.jpg,1,swimmer,,"[2964, 1911, 48, 46]",46.98936049788292,32-64,,,,FN
10424,10424.jpg,1,swimmer,,"[3189, 1306, 50, 56]",52.91502622129181,32-64,,,,FN
10424,10424.jpg,3,jetski,,"[2895, 706, 230, 203]",216.078689370331,>64,,,,FN
10424,10424.jpg,1,swimmer,,"[3509, 1940, 80, 131]",102.37187113655781,>64,,,,FN
10424,10424.jpg,1,swimmer,,"[3438, 2050, 71, 64]",67.40919818541087,>64,,,,FN
10424,10424.jpg,1,swimmer,,"[3359, 2112, 101, 48]",69.62758074211685,>64,,,,FN
10424,10424.jpg,1,swimmer,,"[2755, 2111, 67, 49]",57.29746940310715,32-64,,,,FN
10425,10425.jpg,1,swimmer,,"[3055, 1169, 48, 42]",44.8998886412873,32-64,,,,FN
10425,10425.jpg,1,swimmer,,"[2698, 1110, 84, 52]",66.09084656743322,>64,,,,FN
10425,10425.jpg,1,swimmer,,"[3036, 1862, 96, 85]",90.33271832508971,>64,,,,FN
10425,10425.jpg,1,swimmer,,"[2671, 1842, 47, 45]",45.98912915026767,32-64,,,,FN
10425,10425.jpg,1,swimmer,,"[2918, 1247, 51, 56]",53.44155686354955,32-64,,,,FN
10425,10425.jpg,2,boat,,"[2775, 638, 351, 261]",302.67309097440426,>64,,,,FN
10425,10425.jpg,3,jetski,,"[2661, 659, 227, 195]",210.39249036027877,>64,,,,FN
10425,10425.jpg,1,swimmer,,"[3237, 1896, 47, 79]",60.93439094632849,32-64,,,,FN
10425,10425.jpg,1,swimmer,,"[3133, 1990, 67, 55]",60.70420084310476,32-64,,,,FN
10425,10425.jpg,1,swimmer,,"[3046, 2041, 100, 64]",80.0,>64,,,,FN
10425,10425.jpg,1,swimmer,,"[3359, 2049, 105, 86]",95.0263121456368,>64,,,,FN
10425,10425.jpg,1,swimmer,,"[2452, 2040, 59, 81]",69.13031173081747,>64,,,,FN
10426,10426.jpg,1,swimmer,,"[2752, 1080, 52, 54]",52.99056519796708,32-64,,,,FN
10426,10426.jpg,1,swimmer,,"[2396, 1029, 103, 55]",75.26619427073486,>64,,,,FN
10426,10426.jpg,1,swimmer,,"[2688, 1766, 98, 81]",89.09545442950498,>64,,,,FN
10426,10426.jpg,1,swimmer,,"[2339, 1746, 46, 46]",46.0,32-64,,,,FN
10426,10426.jpg,1,swimmer,,"[2616, 1158, 46, 63]",53.83307533477908,32-64,,,,FN
10426,10426.jpg,3,jetski,,"[2402, 598, 214, 184]",198.4338680769994,>64,,,,FN
10426,10426.jpg,1,swimmer,,"[2887, 1804, 40, 101]",63.56099432828282,32-64,,,,FN
10426,10426.jpg,1,swimmer,,"[2787, 1879, 64, 68]",65.96969000988257,>64,,,,FN
10426,10426.jpg,1,swimmer,,"[2694, 1942, 97, 60]",76.28892449104261,>64,,,,FN
10426,10426.jpg,1,swimmer,,"[2998, 1953, 93, 77]",84.62269199216011,>64,,,,FN
10426,10426.jpg,1,swimmer,,"[2122, 1934, 55, 74]",63.796551630946325,32-64,,,,FN
10426,10426.jpg,1,swimmer,,"[3695, 1486, 145, 115]",129.1317157014496,>64,,,,FN
10427,10427.jpg,1,swimmer,,"[2530, 1003, 41, 46]",43.42810150121693,32-64,,,,FN
10427,10427.jpg,1,swimmer,,"[2173, 933, 95, 52]",70.28513356322232,>64,,,,FN
10427,10427.jpg,1,swimmer,,"[2424, 1659, 102, 83]",92.01086892318754,>64,,,,FN
10427,10427.jpg,1,swimmer,,"[2083, 1642, 43, 43]",43.0,32-64,,,,FN
10427,10427.jpg,1,swimmer,,"[2376, 1058, 48, 59]",53.21653878260028,32-64,,,,FN
10427,10427.jpg,2,boat,,"[2305, 496, 334, 251]",289.5410160927118,>64,,,,FN
10427,10427.jpg,3,jetski,,"[2203, 515, 199, 185]",191.87235340194272,>64,,,,FN
10427,10427.jpg,1,swimmer,,"[2585, 1684, 64, 109]",83.5224520712844,>64,,,,FN
10427,10427.jpg,1,swimmer,,"[2514, 1770, 65, 76]",70.28513356322232,>64,,,,FN
10427,10427.jpg,1,swimmer,,"[2432, 1838, 81, 57]",67.94850991743675,>64,,,,FN
10427,10427.jpg,1,swimmer,,"[2721, 1849, 91, 83]",86.90799733051038,>64,,,,FN
10427,10427.jpg,1,swimmer,,"[1410, 2001, 200, 131]",161.86414056238647,>64,,,,FN
10427,10427.jpg,1,swimmer,,"[1859, 1820, 52, 70]",60.332412515993425,32-64,,,,FN
10427,10427.jpg,1,swimmer,,"[3438, 1393, 170, 118]",141.63332941084172,>64,,,,FN
10428,10428.jpg,1,swimmer,,"[2417, 944, 46, 46]",46.0,32-64,,,,FN
10428,10428.jpg,1,swimmer,,"[2078, 882, 74, 40]",54.405882034941776,32-64,,,,FN
10428,10428.jpg,1,swimmer,,"[2301, 1597, 91, 76]",83.16249154516716,>64,,,,FN
10428,10428.jpg,1,swimmer,,"[1964, 1578, 41, 42]",41.49698784249286,32-64,,,,FN
10428,10428.jpg,2,boat,,"[2207, 448, 328, 247]",284.6330971619428,>64,,,,FN
10428,10428.jpg,3,jetski,,"[2111, 465, 189, 184]",186.48324321504063,>64,,,,FN
10428,10428.jpg,1,swimmer,,"[2461, 1618, 65, 123]",89.41476388158725,>64,,,,FN
10428,10428.jpg,1,swimmer,,"[2401, 1732, 57, 55]",55.991070716677676,32-64,,,,FN
10428,10428.jpg,1,swimmer,,"[2304, 1777, 81, 57]",67.94850991743675,>64,,,,FN
10428,10428.jpg,1,swimmer,,"[2622, 1788, 60, 78]",68.41052550594829,>64,,,,FN
10428,10428.jpg,1,swimmer,,"[1264, 1951, 207, 82]",130.2843045036508,>64,,,,FN
10428,10428.jpg,1,swimmer,,"[1734, 1751, 53, 71]",61.34329629226001,32-64,,,,FN
10428,10428.jpg,1,swimmer,,"[3336, 1350, 169, 77]",114.07453703609758,>64,,,,FN
10429,10429.jpg,1,swimmer,,"[2949, 1102, 60, 50]",54.772255750516614,32-64,,,,FN
10429,10429.jpg,1,swimmer,,"[2628, 963, 65, 39]",50.34878350069642,32-64,,,,FN
10429,10429.jpg,1,swimmer,,"[2343, 1615, 43, 42]",42.49705872175156,32-64,,,,FN
10429,10429.jpg,1,swimmer,,"[2074, 1713, 52, 94]",69.91423317179414,>64,,,,FN
10429,10429.jpg,2,boat,,"[2857, 562, 316, 293]",304.2827632318334,>64,,,,FN
10429,10429.jpg,3,jetski,,"[2759, 559, 162, 207]",183.12290954438225,>64,,,,FN
10429,10429.jpg,1,swimmer,,"[2851, 1806, 39, 80]",55.85696017507576,32-64,,,,FN
10429,10429.jpg,1,swimmer,,"[2745, 1890, 62, 60]",60.991802727907626,32-64,,,,FN
10429,10429.jpg,1,swimmer,,"[2631, 1910, 89, 60]",73.07530362578044,>64,,,,FN
10429,10429.jpg,1,swimmer,,"[2956, 2039, 58, 43]",49.93996395673509,32-64,,,,FN
10429,10429.jpg,1,swimmer,,"[1528, 1840, 199, 67]",115.46861045323097,>64,,,,FN
10429,10429.jpg,1,swimmer,,"[2671, 1727, 103, 74]",87.3040663428686,>64,,,,FN
10430,10430.jpg,1,swimmer,,"[2948, 1100, 67, 51]",58.45511098270193,32-64,,,,FN
10430,10430.jpg,1,swimmer,,"[2631, 961, 69, 46]",56.3382640840131,32-64,,,,FN
10430,10430.jpg,1,swimmer,,"[2661, 1716, 109, 67]",85.45759182190895,>64,,,,FN
10430,10430.jpg,1,swimmer,,"[2340, 1604, 44, 44]",44.0,32-64,,,,FN
10430,10430.jpg,1,swimmer,,"[2073, 1716, 50, 101]",71.06335201775947,>64,,,,FN
10430,10430.jpg,2,boat,,"[2859, 561, 320, 298]",308.8041450499005,>64,,,,FN
10430,10430.jpg,1,swimmer,,"[2628, 1904, 84, 57]",69.19537556802477,>64,,,,FN
10430,10430.jpg,3,jetski,,"[2770, 565, 152, 210]",178.66169147301835,>64,,,,FN
10430,10430.jpg,1,swimmer,,"[2838, 1762, 41, 113]",68.06614430096654,>64,,,,FN
10430,10430.jpg,1,swimmer,,"[2746, 1867, 56, 71]",63.05553108173778,32-64,,,,FN
10430,10430.jpg,1,swimmer,,"[2946, 2027, 61, 44]",51.807335387954474,32-64,,,,FN
10430,10430.jpg,1,swimmer,,"[1504, 1827, 196, 69]",116.29273408085305,>64,,,,FN
10431,10431.jpg,1,swimmer,,"[2960, 1101, 66, 51]",58.01723881744115,32-64,,,,FN
10431,10431.jpg,1,swimmer,,"[2643, 968, 60, 40]",48.98979485566356,32-64,,,,FN
10431,10431.jpg,1,swimmer,,"[2663, 1709, 109, 69]",86.72369918309528,>64,,,,FN
10431,10431.jpg,1,swimmer,,"[2347, 1601, 42, 42]",42.0,32-64,,,,FN
10431,10431.jpg,1,swimmer,,"[2071, 1714, 46, 81]",61.04096984812741,32-64,,,,FN
10431,10431.jpg,2,boat,,"[2870, 565, 320, 299]",309.32183886689927,>64,,,,FN
10431,10431.jpg,1,swimmer,,"[2630, 1898, 87, 56]",69.79971346646059,>64,,,,FN
10431,10431.jpg,3,jetski,,"[2781, 571, 153, 211]",179.67470606626856,>64,,,,FN
10431,10431.jpg,1,swimmer,,"[1454, 1832, 210, 58]",110.36303729057116,>64,,,,FN
10431,10431.jpg,1,swimmer,,"[2942, 1984, 71, 79]",74.89325737341113,>64,,,,FN
10431,10431.jpg,1,swimmer,,"[2753, 1856, 56, 78]",66.09084656743322,>64,,,,FN
10431,10431.jpg,1,swimmer,,"[2848, 1778, 36, 85]",55.31726674375732,32-64,,,,FN
10432,10432.jpg,1,swimmer,,"[2976, 1113, 68, 55]",61.155539405682624,32-64,,,,FN
10432,10432.jpg,1,swimmer,,"[2659, 983, 58, 39]",47.56048780237646,32-64,,,,FN
10432,10432.jpg,1,swimmer,,"[2673, 1717, 108, 67]",85.06468127254695,>64,,,,FN
10432,10432.jpg,1,swimmer,,"[2362, 1611, 43, 42]",42.49705872175156,32-64,,,,FN
10432,10432.jpg,1,swimmer,,"[2081, 1725, 40, 68]",52.15361924162119,32-64,,,,FN
10432,10432.jpg,2,boat,,"[2886, 579, 320, 299]",309.32183886689927,>64,,,,FN
10432,10432.jpg,1,swimmer,,"[2641, 1905, 84, 55]",67.97058187186572,>64,,,,FN
10432,10432.jpg,3,jetski,,"[2795, 588, 152, 204]",176.0908856244411,>64,,,,FN
10432,10432.jpg,1,swimmer,,"[1419, 1805, 206, 127]",161.74671557716403,>64,,,,FN
10432,10432.jpg,1,swimmer,,"[2928, 1986, 109, 74]",89.81091247727082,>64,,,,FN
10432,10432.jpg,1,swimmer,,"[2767, 1877, 55, 62]",58.39520528262573,32-64,,,,FN
10432,10432.jpg,1,swimmer,,"[2851, 1780, 37, 88]",57.06137047074842,32-64,,,,FN
10433,10433.jpg,1,swimmer,,"[3011, 1157, 76, 58]",66.39277069079132,>64,,,,FN
10433,10433.jpg,1,swimmer,,"[2687, 1028, 38, 44]",40.890096600521744,32-64,,,,FN
10433,10433.jpg,1,swimmer,,"[2703, 1778, 104, 65]",82.21921916437786,>64,,,,FN
10433,10433.jpg,1,swimmer,,"[2383, 1667, 47, 45]",45.98912915026767,32-64,,,,FN
10433,10433.jpg,1,swimmer,,"[2092, 1780, 40, 68]",52.15361924162119,32-64,,,,FN
10433,10433.jpg,1,swimmer,,"[2665, 1966, 93, 59]",74.07428703673091,>64,,,,FN
10433,10433.jpg,3,jetski,,"[2820, 623, 155, 207]",179.12286286233814,>64,,,,FN
10433,10433.jpg,1,swimmer,,"[1374, 1919, 215, 63]",116.38298844762494,>64,,,,FN
10433,10433.jpg,1,swimmer,,"[2951, 2063, 142, 69]",98.98484732523458,>64,,,,FN
10433,10433.jpg,1,swimmer,,"[2792, 1940, 60, 58]",58.9915248150105,32-64,,,,FN
10433,10433.jpg,1,swimmer,,"[2872, 1804, 46, 159]",85.5219270129012,>64,,,,FN
10434,10434.jpg,1,swimmer,,"[3052, 1228, 121, 52]",79.32212806020776,>64,,,,FN
10434,10434.jpg,1,swimmer,,"[2730, 1084, 40, 49]",44.27188724235731,32-64,,,,FN
10434,10434.jpg,1,swimmer,,"[2753, 1890, 94, 65]",78.16648898345122,>64,,,,FN
10434,10434.jpg,1,swimmer,,"[2413, 1773, 49, 48]",48.49742261192856,32-64,,,,FN
10434,10434.jpg,1,swimmer,,"[2091, 1895, 57, 59]",57.99137866959192,32-64,,,,FN
10434,10434.jpg,1,swimmer,,"[2712, 2093, 101, 64]",80.39900496896712,>64,,,,FN
10434,10434.jpg,3,jetski,,"[2857, 664, 164, 219]",189.51517089668573,>64,,,,FN
10434,10434.jpg,1,swimmer,,"[1316, 2012, 197, 103]",142.44648117801998,>64,,,,FN
10434,10434.jpg,1,swimmer,,"[2845, 2062, 66, 64]",64.99230723708769,>64,,,,FN
10434,10434.jpg,1,swimmer,,"[2899, 1953, 88, 98]",92.8654941299512,>64,,,,FN
10435,10435.jpg,1,swimmer,,"[3105, 1420, 99, 58]",75.77598564189053,>64,,,,FN
10435,10435.jpg,1,swimmer,,"[2760, 1247, 47, 55]",50.84289527554464,32-64,,,,FN
10435,10435.jpg,1,swimmer,,"[2435, 2006, 52, 51]",51.49757275833493,32-64,,,,FN
10435,10435.jpg,2,boat,,"[2985, 794, 373, 331]",351.37302116127245,>64,,,,FN
10435,10435.jpg,3,jetski,,"[2886, 792, 175, 234]",202.36106344848062,>64,,,,FN
10435,10435.jpg,1,swimmer,,"[2804, 2135, 79, 25]",44.44097208657794,32-64,,,,FN
10436,10436.jpg,1,swimmer,,"[3128, 1566, 95, 77]",85.5277732669336,>64,,,,FN
10436,10436.jpg,1,swimmer,,"[2765, 1381, 51, 43]",46.82947789587238,32-64,,,,FN
10436,10436.jpg,2,boat,,"[2999, 899, 375, 347]",360.72842970855515,>64,,,,FN
10436,10436.jpg,3,jetski,,"[2898, 889, 173, 255]",210.0357112493016,>64,,,,FN
10437,10437.jpg,1,swimmer,,"[3122, 1627, 109, 80]",93.38094023943002,>64,,,,FN
10437,10437.jpg,1,swimmer,,"[2767, 1430, 53, 48]",50.438080851673966,32-64,,,,FN
10437,10437.jpg,2,boat,,"[3001, 932, 370, 356]",362.93250061133955,>64,,,,FN
10437,10437.jpg,3,jetski,,"[2896, 923, 178, 262]",215.9536987411885,>64,,,,FN
10438,10438.jpg,1,swimmer,,"[3129, 1632, 103, 77]",89.05616205518852,>64,,,,FN
10438,10438.jpg,1,swimmer,,"[2772, 1416, 56, 58]",56.991227395100026,32-64,,,,FN
10438,10438.jpg,2,boat,,"[3005, 916, 376, 362]",368.933598361548,>64,,,,FN
10438,10438.jpg,3,jetski,,"[2902, 908, 178, 267]",218.00458710770286,>64,,,,FN
10439,10439.jpg,1,swimmer,,"[3142, 1575, 119, 71]",91.91844211038392,>64,,,,FN
10439,10439.jpg,1,swimmer,,"[2787, 1347, 52, 70]",60.332412515993425,32-64,,,,FN
10439,10439.jpg,2,boat,,"[3020, 840, 382, 374]",377.9788353863216,>64,,,,FN
10439,10439.jpg,3,jetski,,"[2910, 836, 188, 266]",223.62468557831446,>64,,,,FN
10440,10440.jpg,1,swimmer,,"[3164, 1541, 94, 66]",78.76547467006087,>64,,,,FN
10440,10440.jpg,1,swimmer,,"[2803, 1313, 39, 61]",48.774993593028796,32-64,,,,FN
10440,10440.jpg,2,boat,,"[3030, 799, 387, 379]",382.97911170193083,>64,,,,FN
10440,10440.jpg,3,jetski,,"[2911, 790, 198, 272]",232.0689552697646,>64,,,,FN
10441,10441.jpg,1,swimmer,,"[3121, 1493, 80, 65]",72.11102550927978,>64,,,,FN
10441,10441.jpg,1,swimmer,,"[2781, 1282, 39, 50]",44.15880433163923,32-64,,,,FN
10441,10441.jpg,2,boat,,"[2999, 778, 371, 366]",368.49151957677395,>64,,,,FN
10441,10441.jpg,3,jetski,,"[2887, 769, 182, 266]",220.02727103702395,>64,,,,FN
10441,10441.jpg,1,swimmer,,"[2432, 2117, 55, 43]",48.63126566315131,32-64,,,,FN
10442,10442.jpg,1,swimmer,,"[3044, 1411, 59, 67]",62.8728876384726,32-64,,,,FN
10442,10442.jpg,1,swimmer,,"[2712, 1225, 66, 46]",55.09990925582364,32-64,,,,FN
10442,10442.jpg,1,swimmer,,"[2395, 1979, 46, 52]",48.908077042549934,32-64,,,,FN
10442,10442.jpg,2,boat,,"[2931, 754, 345, 345]",345.0,>64,,,,FN
10442,10442.jpg,3,jetski,,"[2831, 752, 160, 249]",199.5995991979944,>64,,,,FN
10442,10442.jpg,1,swimmer,,"[2045, 2102, 73, 58]",65.06919393998976,>64,,,,FN
10442,10442.jpg,1,swimmer,,"[2727, 2126, 96, 34]",57.1314274283428,32-64,,,,FN
10443,10443.jpg,1,swimmer,,"[2947, 1313, 69, 59]",63.80438856379708,32-64,,,,FN
10443,10443.jpg,1,swimmer,,"[2656, 1145, 63, 44]",52.64978632435273,32-64,,,,FN
10443,10443.jpg,1,swimmer,,"[2640, 1936, 116, 61]",84.11896337925236,>64,,,,FN
10443,10443.jpg,1,swimmer,,"[2355, 1816, 42, 46]",43.95452195167182,32-64,,,,FN
10443,10443.jpg,1,swimmer,,"[2029, 1914, 84, 89]",86.46386528486914,>64,,,,FN
10443,10443.jpg,2,boat,,"[2862, 714, 314, 318]",315.99367082269225,>64,,,,FN
10443,10443.jpg,1,swimmer,,"[2808, 1977, 59, 139]",90.55937278934744,>64,,,,FN
10443,10443.jpg,3,jetski,,"[2782, 721, 131, 225]",171.68284713389394,>64,,,,FN
10444,10444.jpg,1,swimmer,,"[2852, 1204, 75, 58]",65.95452979136459,>64,,,,FN
10444,10444.jpg,1,swimmer,,"[2606, 1053, 50, 39]",44.15880433163923,32-64,,,,FN
10444,10444.jpg,1,swimmer,,"[2572, 1751, 98, 57]",74.73954776421918,>64,,,,FN
10444,10444.jpg,1,swimmer,,"[2316, 1643, 39, 40]",39.496835316262995,32-64,,,,FN
10444,10444.jpg,1,swimmer,,"[2555, 1944, 74, 50]",60.8276253029822,32-64,,,,FN
10444,10444.jpg,1,swimmer,,"[2025, 1732, 73, 99]",85.01176389182852,>64,,,,FN
10444,10444.jpg,1,swimmer,,"[983, 1913, 185, 83]",123.91529364852427,>64,,,,FN
10444,10444.jpg,2,boat,,"[2790, 664, 289, 289]",289.0,>64,,,,FN
10444,10444.jpg,1,swimmer,,"[2719, 1799, 57, 94]",73.1983606373804,>64,,,,FN
10444,10444.jpg,3,jetski,,"[2719, 677, 116, 198]",151.55197128378106,>64,,,,FN
10444,10444.jpg,1,swimmer,,"[2636, 1905, 56, 94]",72.55342858886821,>64,,,,FN
10444,10444.jpg,1,swimmer,,"[2819, 1970, 69, 72]",70.48404074682438,>64,,,,FN
10445,10445.jpg,1,swimmer,,"[2761, 1091, 75, 55]",64.22616289332565,>64,,,,FN
10445,10445.jpg,1,swimmer,,"[2539, 953, 40, 36]",37.94733192202055,32-64,,,,FN
10445,10445.jpg,1,swimmer,,"[2498, 1568, 83, 59]",69.97856814768362,>64,,,,FN
10445,10445.jpg,1,swimmer,,"[2266, 1479, 35, 38]",36.46916505762094,32-64,,,,FN
10445,10445.jpg,1,swimmer,,"[2489, 1741, 71, 46]",57.148928248918196,32-64,,,,FN
10445,10445.jpg,1,swimmer,,"[2002, 1564, 66, 77]",71.28814768248647,>64,,,,FN
10445,10445.jpg,1,swimmer,,"[1030, 1750, 151, 84]",112.6232658024087,>64,,,,FN
10445,10445.jpg,2,boat,,"[2707, 600, 273, 262]",267.4434519669532,>64,,,,FN
10445,10445.jpg,1,swimmer,,"[2649, 1616, 45, 71]",56.52433104425032,32-64,,,,FN
10445,10445.jpg,3,jetski,,"[2642, 610, 105, 178]",136.71137480107498,>64,,,,FN
10445,10445.jpg,1,swimmer,,"[2574, 1690, 45, 77]",58.86425061104575,32-64,,,,FN
10445,10445.jpg,1,swimmer,,"[2713, 1740, 80, 81]",80.49844718999243,>64,,,,FN
10445,10445.jpg,1,swimmer,,"[3756, 1668, 84, 103]",93.01612763386788,>64,,,,FN
10446,10446.jpg,1,swimmer,,"[2720, 956, 68, 52]",59.464274989274024,32-64,,,,FN
10446,10446.jpg,1,swimmer,,"[2508, 833, 37, 34]",35.4682957019364,32-64,,,,FN
10446,10446.jpg,1,swimmer,,"[2463, 1388, 78, 55]",65.49809157525127,>64,,,,FN
10446,10446.jpg,1,swimmer,,"[2240, 1304, 36, 38]",36.98648401781386,32-64,,,,FN
10446,10446.jpg,1,swimmer,,"[2446, 1539, 72, 47]",58.172158288995945,32-64,,,,FN
10446,10446.jpg,1,swimmer,,"[1988, 1381, 68, 64]",65.96969000988257,>64,,,,FN
10446,10446.jpg,1,swimmer,,"[3657, 1482, 143, 89]",112.81400622263178,>64,,,,FN
10446,10446.jpg,1,swimmer,,"[2605, 1425, 40, 78]",55.85696017507576,32-64,,,,FN
10446,10446.jpg,3,jetski,,"[2607, 508, 98, 167]",127.92966817747946,>64,,,,FN
10446,10446.jpg,1,swimmer,,"[2519, 1493, 56, 74]",64.37390775772433,>64,,,,FN
10446,10446.jpg,1,swimmer,,"[2666, 1562, 95, 79]",86.63140308225418,>64,,,,FN
10446,10446.jpg,1,swimmer,,"[1052, 1562, 115, 50]",75.82875444051551,>64,,,,FN
10447,10447.jpg,1,swimmer,,"[2697, 871, 60, 45]",51.96152422706632,32-64,,,,FN
10447,10447.jpg,1,swimmer,,"[2485, 753, 42, 30]",35.4964786985977,32-64,,,,FN
10447,10447.jpg,1,swimmer,,"[2431, 1274, 85, 52]",66.48308055437865,>64,,,,FN
10447,10447.jpg,1,swimmer,,"[2220, 1193, 33, 35]",33.98529093593286,32-64,,,,FN
10447,10447.jpg,1,swimmer,,"[2425, 1424, 63, 39]",49.56813492557492,32-64,,,,FN
10447,10447.jpg,1,swimmer,,"[1973, 1268, 59, 47]",52.65928218272634,32-64,,,,FN
10447,10447.jpg,1,swimmer,,"[3609, 1360, 139, 80]",105.45141061171255,>64,,,,FN
10447,10447.jpg,2,boat,,"[2645, 424, 255, 236]",245.31612258471722,>64,,,,FN
10447,10447.jpg,1,swimmer,,"[2568, 1310, 44, 75]",57.445626465380286,32-64,,,,FN
10447,10447.jpg,3,jetski,,"[2583, 431, 95, 162]",124.056438768812,>64,,,,FN
10447,10447.jpg,1,swimmer,,"[2492, 1392, 55, 54]",54.49770637375485,32-64,,,,FN
10447,10447.jpg,1,swimmer,,"[2662, 1443, 51, 48]",49.47726750741192,32-64,,,,FN
10447,10447.jpg,1,swimmer,,"[1028, 1429, 135, 53]",84.5872330792301,>64,,,,FN
10448,10448.jpg,1,swimmer,,"[2682, 843, 59, 42]",49.77951385861457,32-64,,,,FN
10448,10448.jpg,1,swimmer,,"[2470, 721, 40, 28]",33.46640106136302,32-64,,,,FN
10448,10448.jpg,1,swimmer,,"[2415, 1240, 78, 50]",62.44997998398398,32-64,,,,FN
10448,10448.jpg,1,swimmer,,"[2205, 1159, 31, 32]",31.496031496047245,16-32,,,,FN
10448,10448.jpg,1,swimmer,,"[1953, 1226, 70, 56]",62.609903369994115,32-64,,,,FN
10448,10448.jpg,1,swimmer,,"[2402, 1381, 69, 43]",54.47017532558529,32-64,,,,FN
10448,10448.jpg,1,swimmer,,"[3589, 1316, 137, 77]",102.70832488167646,>64,,,,FN
10448,10448.jpg,2,boat,,"[2627, 390, 253, 233]",242.79415149463549,>64,,,,FN
10448,10448.jpg,1,swimmer,,"[2556, 1276, 38, 68]",50.83306010855534,32-64,,,,FN
10448,10448.jpg,3,jetski,,"[2567, 395, 95, 162]",124.056438768812,>64,,,,FN
10448,10448.jpg,1,swimmer,,"[2487, 1356, 40, 49]",44.27188724235731,32-64,,,,FN
10448,10448.jpg,1,swimmer,,"[2629, 1390, 52, 53]",52.49761899362675,32-64,,,,FN
10448,10448.jpg,1,swimmer,,"[998, 1381, 171, 54]",96.0937042682818,>64,,,,FN
10449,10449.jpg,1,swimmer,,"[2669, 833, 60, 42]",50.19960159204453,32-64,,,,FN
10449,10449.jpg,1,swimmer,,"[2463, 706, 38, 28]",32.61901286060018,32-64,,,,FN
10449,10449.jpg,1,swimmer,,"[2399, 1232, 77, 50]",62.048368229954285,32-64,,,,FN
10449,10449.jpg,1,swimmer,,"[2194, 1152, 31, 31]",31.0,16-32,,,,FN
10449,10449.jpg,1,swimmer,,"[1932, 1215, 76, 70]",72.93833011524188,>64,,,,FN
10449,10449.jpg,1,swimmer,,"[2395, 1377, 63, 38]",48.92851929090027,32-64,,,,FN
10449,10449.jpg,1,swimmer,,"[3583, 1299, 139, 78]",104.12492496996096,>64,,,,FN
10449,10449.jpg,2,boat,,"[2611, 371, 253, 233]",242.79415149463549,>64,,,,FN
10449,10449.jpg,1,swimmer,,"[2542, 1271, 39, 59]",47.968739820845826,32-64,,,,FN
10449,10449.jpg,3,jetski,,"[2555, 378, 93, 159]",121.60180919706745,>64,,,,FN
10449,10449.jpg,1,swimmer,,"[2474, 1347, 39, 48]",43.266615305567875,32-64,,,,FN
10449,10449.jpg,1,swimmer,,"[2590, 1374, 75, 52]",62.44997998398398,32-64,,,,FN
10449,10449.jpg,1,swimmer,,"[968, 1376, 163, 51]",91.1756546453054,>64,,,,FN
10450,10450.jpg,1,swimmer,,"[2665, 829, 54, 35]",43.474130238568314,32-64,,,,FN
10450,10450.jpg,1,swimmer,,"[2461, 694, 38, 29]",33.19638534539566,32-64,,,,FN
10450,10450.jpg,1,swimmer,,"[2399, 1238, 69, 48]",57.54997827975264,32-64,,,,FN
10450,10450.jpg,1,swimmer,,"[2187, 1151, 31, 34]",32.46536616149585,32-64,,,,FN
10450,10450.jpg,1,swimmer,,"[1923, 1213, 67, 72]",69.45502141674135,>64,,,,FN
10450,10450.jpg,1,swimmer,,"[2384, 1380, 62, 42]",51.02940328869229,32-64,,,,FN
10450,10450.jpg,1,swimmer,,"[3584, 1298, 143, 80]",106.9579356569675,>64,,,,FN
10450,10450.jpg,1,swimmer,,"[2530, 1274, 48, 61]",54.11099703387473,32-64,,,,FN
10450,10450.jpg,3,jetski,,"[2535, 359, 108, 170]",135.49907748763457,>64,,,,FN
10450,10450.jpg,1,swimmer,,"[2461, 1351, 42, 46]",43.95452195167182,32-64,,,,FN
10450,10450.jpg,1,swimmer,,"[2580, 1375, 100, 52]",72.11102550927978,>64,,,,FN
10450,10450.jpg,1,swimmer,,"[986, 1382, 121, 53]",80.0812087820857,>64,,,,FN
10451,10451.jpg,1,swimmer,,"[2648, 857, 57, 38]",46.54030511288038,32-64,,,,FN
10451,10451.jpg,1,swimmer,,"[2455, 721, 38, 28]",32.61901286060018,32-64,,,,FN
10451,10451.jpg,1,swimmer,,"[2394, 1272, 54, 52]",52.99056519796708,32-64,,,,FN
10451,10451.jpg,1,swimmer,,"[2179, 1186, 31, 33]",31.984371183438952,16-32,,,,FN
10451,10451.jpg,1,swimmer,,"[1922, 1255, 69, 64]",66.4529909033446,>64,,,,FN
10451,10451.jpg,1,swimmer,,"[2367, 1415, 68, 44]",54.699177324709375,32-64,,,,FN
10451,10451.jpg,1,swimmer,,"[3562, 1335, 142, 81]",107.24737759031686,>64,,,,FN
10451,10451.jpg,2,boat,,"[2579, 396, 249, 230]",239.3115124685814,>64,,,,FN
10451,10451.jpg,1,swimmer,,"[2524, 1318, 46, 51]",48.43552415324934,32-64,,,,FN
10451,10451.jpg,1,swimmer,,"[986, 1428, 115, 48]",74.29670248402684,>64,,,,FN
10451,10451.jpg,3,jetski,,"[2511, 390, 116, 170]",140.42791745233566,>64,,,,FN
10451,10451.jpg,1,swimmer,,"[2434, 1375, 56, 57]",56.49778756730214,32-64,,,,FN
10451,10451.jpg,1,swimmer,,"[2578, 1420, 68, 45]",55.31726674375732,32-64,,,,FN
10452,10452.jpg,1,swimmer,,"[2624, 909, 61, 41]",50.00999900019995,32-64,,,,FN
10452,10452.jpg,1,swimmer,,"[2448, 774, 33, 27]",29.8496231131986,16-32,,,,FN
10452,10452.jpg,1,swimmer,,"[2384, 1319, 47, 54]",50.37856687124,32-64,,,,FN
10452,10452.jpg,1,swimmer,,"[2176, 1238, 30, 30]",30.0,16-32,,,,FN
10452,10452.jpg,1,swimmer,,"[1921, 1323, 68, 46]",55.92852581643825,32-64,,,,FN
10452,10452.jpg,1,swimmer,,"[2354, 1472, 66, 39]",50.73460357586329,32-64,,,,FN
10452,10452.jpg,1,swimmer,,"[3523, 1395, 134, 86]",107.34989520255714,>64,,,,FN
10452,10452.jpg,2,boat,,"[2557, 457, 238, 231]",234.47387914221918,>64,,,,FN
10452,10452.jpg,1,swimmer,,"[2515, 1371, 40, 55]",46.9041575982343,32-64,,,,FN
10452,10452.jpg,1,swimmer,,"[1000, 1489, 107, 49]",72.40856302952021,>64,,,,FN
10452,10452.jpg,3,jetski,,"[2491, 460, 115, 160]",135.64659966250537,>64,,,,FN
10452,10452.jpg,1,swimmer,,"[2436, 1440, 40, 46]",42.89522117905443,32-64,,,,FN
10452,10452.jpg,1,swimmer,,"[2580, 1485, 61, 39]",48.774993593028796,32-64,,,,FN
10453,10453.jpg,1,swimmer,,"[2609, 946, 61, 41]",50.00999900019995,32-64,,,,FN
10453,10453.jpg,1,swimmer,,"[2441, 814, 32, 25]",28.284271247461902,16-32,,,,FN
10453,10453.jpg,1,swimmer,,"[2382, 1352, 50, 56]",52.91502622129181,32-64,,,,FN
10453,10453.jpg,1,swimmer,,"[2173, 1269, 29, 30]",29.49576240750525,16-32,,,,FN
10453,10453.jpg,1,swimmer,,"[1923, 1354, 69, 62]",65.40642170307133,>64,,,,FN
10453,10453.jpg,1,swimmer,,"[2355, 1509, 57, 36]",45.2990066116245,32-64,,,,FN
10453,10453.jpg,1,swimmer,,"[3498, 1437, 141, 102]",119.9249765478401,>64,,,,FN
10453,10453.jpg,2,boat,,"[2548, 503, 231, 230]",230.4994577000128,>64,,,,FN
10453,10453.jpg,1,swimmer,,"[2505, 1391, 42, 71]",54.607691765904185,32-64,,,,FN
10453,10453.jpg,1,swimmer,,"[1008, 1530, 103, 49]",71.04224095564554,>64,,,,FN
10453,10453.jpg,3,jetski,,"[2479, 512, 112, 156]",132.18169313486644,>64,,,,FN
10453,10453.jpg,1,swimmer,,"[2419, 1469, 43, 40]",41.47288270665544,32-64,,,,FN
10453,10453.jpg,1,swimmer,,"[2574, 1518, 72, 40]",53.665631459994955,32-64,,,,FN
10454,10454.jpg,1,swimmer,,"[2595, 960, 61, 42]",50.61620293937506,32-64,,,,FN
10454,10454.jpg,1,swimmer,,"[2372, 1357, 44, 51]",47.37087712930804,32-64,,,,FN
10454,10454.jpg,1,swimmer,,"[2165, 1268, 31, 33]",31.984371183438952,16-32,,,,FN
10454,10454.jpg,1,swimmer,,"[1912, 1353, 58, 82]",68.96375859826666,>64,,,,FN
10454,10454.jpg,1,swimmer,,"[2489, 1411, 48, 48]",48.0,32-64,,,,FN
10454,10454.jpg,1,swimmer,,"[2340, 1518, 58, 35]",45.05552130427524,32-64,,,,FN
10454,10454.jpg,1,swimmer,,"[3482, 1454, 142, 95]",116.14645926587689,>64,,,,FN
10454,10454.jpg,2,boat,,"[2540, 523, 225, 230]",227.48626332154652,>64,,,,FN
10454,10454.jpg,1,swimmer,,"[1000, 1536, 90, 54]",69.7137002317335,>64,,,,FN
10454,10454.jpg,3,jetski,,"[2467, 533, 112, 156]",132.18169313486644,>64,,,,FN
10454,10454.jpg,1,swimmer,,"[2401, 1467, 48, 48]",48.0,32-64,,,,FN
10454,10454.jpg,1,swimmer,,"[2554, 1516, 58, 46]",51.65268628057983,32-64,,,,FN
10455,10455.jpg,1,swimmer,,"[2533, 959, 61, 42]",50.61620293937506,32-64,,,,FN
10455,10455.jpg,1,swimmer,,"[2301, 1340, 49, 54]",51.43928459844674,32-64,,,,FN
10455,10455.jpg,1,swimmer,,"[2107, 1254, 28, 30]",28.982753492378876,16-32,,,,FN
10455,10455.jpg,1,swimmer,,"[1860, 1331, 67, 82]",74.1215218408257,>64,,,,FN
10455,10455.jpg,1,swimmer,,"[2434, 1387, 42, 62]",51.02940328869229,32-64,,,,FN
10455,10455.jpg,1,swimmer,,"[2281, 1502, 54, 36]",44.090815370097204,32-64,,,,FN
10455,10455.jpg,1,swimmer,,"[3427, 1455, 137, 81]",105.34229919647663,>64,,,,FN
10455,10455.jpg,2,boat,,"[2486, 527, 222, 227]",224.486079746607,>64,,,,FN
10455,10455.jpg,1,swimmer,,"[933, 1520, 90, 65]",76.48529270389177,>64,,,,FN
10455,10455.jpg,3,jetski,,"[2414, 536, 112, 156]",132.18169313486644,>64,,,,FN
10455,10455.jpg,1,swimmer,,"[2341, 1456, 48, 50]",48.98979485566356,32-64,,,,FN
10455,10455.jpg,1,swimmer,,"[2478, 1495, 63, 58]",60.44832503882965,32-64,,,,FN
10456,10456.jpg,1,swimmer,,"[2505, 931, 64, 43]",52.459508194416,32-64,,,,FN
10456,10456.jpg,1,swimmer,,"[2263, 1293, 62, 58]",59.9666574022598,32-64,,,,FN
10456,10456.jpg,1,swimmer,,"[2074, 1212, 28, 30]",28.982753492378876,16-32,,,,FN
10456,10456.jpg,1,swimmer,,"[1835, 1305, 64, 44]",53.0659966456864,32-64,,,,FN
10456,10456.jpg,1,swimmer,,"[2403, 1351, 42, 48]",44.8998886412873,32-64,,,,FN
10456,10456.jpg,1,swimmer,,"[2253, 1449, 52, 37]",43.86342439892262,32-64,,,,FN
10456,10456.jpg,1,swimmer,,"[3404, 1422, 129, 68]",93.65895579174476,>64,,,,FN
10456,10456.jpg,2,boat,,"[2461, 496, 224, 225]",224.4994432064365,>64,,,,FN
10456,10456.jpg,1,swimmer,,"[908, 1465, 86, 71]",78.14089838234521,>64,,,,FN
10456,10456.jpg,3,jetski,,"[2390, 505, 110, 154]",130.15375522819156,>64,,,,FN
10456,10456.jpg,1,swimmer,,"[2311, 1411, 42, 39]",40.47221268969612,32-64,,,,FN
10456,10456.jpg,1,swimmer,,"[2441, 1445, 70, 61]",65.34523701081817,>64,,,,FN
10457,10457.jpg,1,swimmer,,"[2503, 782, 60, 43]",50.79370039680118,32-64,,,,FN
10457,10457.jpg,1,swimmer,,"[2249, 1142, 61, 51]",55.776339069537364,32-64,,,,FN
10457,10457.jpg,1,swimmer,,"[2060, 1061, 29, 31]",29.9833287011299,16-32,,,,FN
10457,10457.jpg,1,swimmer,,"[1813, 1147, 58, 58]",58.0,32-64,,,,FN
10457,10457.jpg,1,swimmer,,"[2393, 1196, 39, 48]",43.266615305567875,32-64,,,,FN
10457,10457.jpg,1,swimmer,,"[2241, 1292, 54, 37]",44.69899327725402,32-64,,,,FN
10457,10457.jpg,1,swimmer,,"[903, 1307, 93, 71]",81.25884567233281,>64,,,,FN
10457,10457.jpg,1,swimmer,,"[3397, 1269, 125, 71]",94.20721840708386,>64,,,,FN
10457,10457.jpg,2,boat,,"[2455, 340, 228, 228]",228.0,>64,,,,FN
10457,10457.jpg,3,jetski,,"[2391, 344, 106, 161]",130.63690137170278,>64,,,,FN
10457,10457.jpg,1,swimmer,,"[2293, 1254, 41, 35]",37.881393849751625,32-64,,,,FN
10457,10457.jpg,1,swimmer,,"[2424, 1289, 64, 61]",62.48199740725323,32-64,,,,FN
10458,10458.jpg,1,swimmer,,"[2504, 788, 58, 40]",48.16637831516918,32-64,,,,FN
10458,10458.jpg,1,swimmer,,"[2232, 1147, 71, 48]",58.378078077305695,32-64,,,,FN
10458,10458.jpg,1,swimmer,,"[2044, 1063, 28, 31]",29.46183972531247,16-32,,,,FN
10458,10458.jpg,1,swimmer,,"[1801, 1144, 67, 57]",61.7980582219215,32-64,,,,FN
10458,10458.jpg,1,swimmer,,"[2380, 1183, 46, 75]",58.73670062235365,32-64,,,,FN
10458,10458.jpg,1,swimmer,,"[2232, 1289, 55, 37]",45.110974274559844,32-64,,,,FN
10458,10458.jpg,1,swimmer,,"[899, 1296, 94, 69]",80.53570636680354,>64,,,,FN
10458,10458.jpg,1,swimmer,,"[3396, 1259, 125, 85]",103.07764064044152,>64,,,,FN
10458,10458.jpg,2,boat,,"[2449, 337, 229, 229]",229.0,>64,,,,FN
10458,10458.jpg,3,jetski,,"[2390, 343, 103, 162]",129.1743008496659,>64,,,,FN
10458,10458.jpg,1,swimmer,,"[2282, 1253, 38, 33]",35.41186241925155,32-64,,,,FN
10458,10458.jpg,1,swimmer,,"[2424, 1296, 56, 55]",55.49774770204643,32-64,,,,FN
10459,10459.jpg,1,swimmer,,"[2503, 789, 59, 42]",49.77951385861457,32-64,,,,FN
10459,10459.jpg,1,swimmer,,"[2221, 1153, 81, 48]",62.353829072479584,32-64,,,,FN
10459,10459.jpg,1,swimmer,,"[2035, 1071, 29, 29]",29.0,16-32,,,,FN
10459,10459.jpg,1,swimmer,,"[1790, 1139, 117, 70]",90.49861877399013,>64,,,,FN
10459,10459.jpg,1,swimmer,,"[2376, 1183, 47, 87]",63.94528911499267,32-64,,,,FN
10459,10459.jpg,1,swimmer,,"[2223, 1293, 57, 37]",45.92385001282014,32-64,,,,FN
10459,10459.jpg,1,swimmer,,"[904, 1275, 88, 83]",85.46344247688599,>64,,,,FN
10459,10459.jpg,1,swimmer,,"[3398, 1262, 135, 89]",109.61295543867067,>64,,,,FN
10459,10459.jpg,2,boat,,"[2451, 340, 227, 227]",227.0,>64,,,,FN
10459,10459.jpg,3,jetski,,"[2387, 345, 105, 161]",130.01922934704697,>64,,,,FN
10459,10459.jpg,1,swimmer,,"[2278, 1258, 37, 32]",34.40930106817051,32-64,,,,FN
10459,10459.jpg,1,swimmer,,"[2422, 1294, 52, 71]",60.76183012385325,32-64,,,,FN
10460,10460.jpg,1,swimmer,,"[2500, 793, 59, 42]",49.77951385861457,32-64,,,,FN
10460,10460.jpg,1,swimmer,,"[2218, 1157, 83, 47]",62.457985878508765,32-64,,,,FN
10460,10460.jpg,1,swimmer,,"[2036, 1077, 30, 29]",29.49576240750525,16-32,,,,FN
10460,10460.jpg,1,swimmer,,"[1787, 1135, 118, 90]",103.05338422390601,>64,,,,FN
10460,10460.jpg,1,swimmer,,"[2375, 1189, 43, 76]",57.16642371182581,32-64,,,,FN
10460,10460.jpg,1,swimmer,,"[2220, 1301, 59, 38]",47.34976240700686,32-64,,,,FN
10460,10460.jpg,1,swimmer,,"[916, 1287, 68, 70]",68.99275324264136,>64,,,,FN
10460,10460.jpg,1,swimmer,,"[3405, 1267, 132, 75]",99.498743710662,>64,,,,FN
10460,10460.jpg,2,boat,,"[2452, 343, 226, 226]",226.0,>64,,,,FN
10460,10460.jpg,3,jetski,,"[2383, 352, 109, 157]",130.8166656049603,>64,,,,FN
10460,10460.jpg,1,swimmer,,"[2272, 1266, 41, 35]",37.881393849751625,32-64,,,,FN
10460,10460.jpg,1,swimmer,,"[2424, 1303, 50, 81]",63.63961030678928,32-64,,,,FN
10461,10461.jpg,1,swimmer,,"[2496, 796, 58, 40]",48.16637831516918,32-64,,,,FN
10461,10461.jpg,1,swimmer,,"[2212, 1160, 96, 42]",63.49803146555018,32-64,,,,FN
10461,10461.jpg,1,swimmer,,"[2035, 1079, 29, 31]",29.9833287011299,16-32,,,,FN
10461,10461.jpg,1,swimmer,,"[1787, 1140, 118, 93]",104.75686135046239,>64,,,,FN
10461,10461.jpg,1,swimmer,,"[2375, 1190, 41, 77]",56.18718715152058,32-64,,,,FN
10461,10461.jpg,1,swimmer,,"[2212, 1303, 62, 40]",49.79959839195493,32-64,,,,FN
10461,10461.jpg,1,swimmer,,"[910, 1293, 50, 60]",54.772255750516614,32-64,,,,FN
10461,10461.jpg,2,boat,,"[2449, 347, 225, 225]",225.0,>64,,,,FN
10461,10461.jpg,3,jetski,,"[2379, 354, 108, 157]",130.21520648526422,>64,,,,FN
10461,10461.jpg,1,swimmer,,"[2268, 1269, 40, 34]",36.87817782917155,32-64,,,,FN
10461,10461.jpg,1,swimmer,,"[2417, 1312, 51, 83]",65.06150935845248,>64,,,,FN
10461,10461.jpg,1,swimmer,,"[3421, 1267, 134, 67]",94.75230867899737,>64,,,,FN
10462,10462.jpg,1,swimmer,,"[2500, 800, 55, 39]",46.314144707637645,32-64,,,,FN
10462,10462.jpg,1,swimmer,,"[2214, 1161, 97, 40]",62.289646009589745,32-64,,,,FN
10462,10462.jpg,1,swimmer,,"[2035, 1083, 29, 30]",29.49576240750525,16-32,,,,FN
10462,10462.jpg,1,swimmer,,"[1790, 1167, 115, 72]",90.9945053286186,>64,,,,FN
10462,10462.jpg,1,swimmer,,"[2374, 1191, 43, 83]",59.74110812497538,32-64,,,,FN
10462,10462.jpg,1,swimmer,,"[2213, 1305, 65, 42]",52.24940191045253,32-64,,,,FN
10462,10462.jpg,1,swimmer,,"[906, 1299, 61, 54]",57.39337940912697,32-64,,,,FN
10462,10462.jpg,2,boat,,"[2445, 349, 225, 225]",225.0,>64,,,,FN
10462,10462.jpg,3,jetski,,"[2373, 355, 112, 156]",132.18169313486644,>64,,,,FN
10462,10462.jpg,1,swimmer,,"[2261, 1251, 46, 49]",47.47630988187688,32-64,,,,FN
10462,10462.jpg,1,swimmer,,"[2414, 1326, 56, 55]",55.49774770204643,32-64,,,,FN
10462,10462.jpg,1,swimmer,,"[3444, 1271, 130, 70]",95.39392014169457,>64,,,,FN
10463,10463.jpg,1,swimmer,,"[2458, 806, 54, 38]",45.2990066116245,32-64,,,,FN
10463,10463.jpg,1,swimmer,,"[2166, 1169, 97, 41]",63.06346010171025,32-64,,,,FN
10463,10463.jpg,1,swimmer,,"[1991, 1091, 29, 29]",29.0,16-32,,,,FN
10463,10463.jpg,1,swimmer,,"[1746, 1177, 117, 64]",86.53323061113575,>64,,,,FN
10463,10463.jpg,1,swimmer,,"[2328, 1200, 41, 70]",53.5723809439155,32-64,,,,FN
10463,10463.jpg,1,swimmer,,"[2164, 1310, 68, 42]",53.44155686354955,32-64,,,,FN
10463,10463.jpg,1,swimmer,,"[844, 1313, 96, 55]",72.6636084983398,>64,,,,FN
10463,10463.jpg,2,boat,,"[2401, 352, 225, 225]",225.0,>64,,,,FN
10463,10463.jpg,3,jetski,,"[2329, 357, 112, 156]",132.18169313486644,>64,,,,FN
10463,10463.jpg,1,swimmer,,"[2218, 1254, 48, 59]",53.21653878260028,32-64,,,,FN
10463,10463.jpg,1,swimmer,,"[2369, 1322, 54, 59]",56.444663166680336,32-64,,,,FN
10463,10463.jpg,1,swimmer,,"[3408, 1280, 136, 73]",99.6393496566492,>64,,,,FN
10464,10464.jpg,1,swimmer,,"[2110, 1179, 94, 40]",61.318838867023565,32-64,,,,FN
10464,10464.jpg,1,swimmer,,"[1935, 1098, 29, 29]",29.0,16-32,,,,FN
10464,10464.jpg,1,swimmer,,"[1695, 1174, 112, 77]",92.8654941299512,>64,,,,FN
10464,10464.jpg,1,swimmer,,"[2269, 1216, 41, 64]",51.22499389946279,32-64,,,,FN
10464,10464.jpg,1,swimmer,,"[2108, 1321, 66, 44]",53.88877434122992,32-64,,,,FN
10464,10464.jpg,1,swimmer,,"[792, 1298, 78, 53]",64.29618962271404,>64,,,,FN
10464,10464.jpg,2,boat,,"[2360, 360, 226, 226]",226.0,>64,,,,FN
10464,10464.jpg,1,swimmer,,"[2315, 1333, 45, 69]",55.72252686302013,32-64,,,,FN
10464,10464.jpg,3,jetski,,"[2303, 361, 99, 161]",126.24975247500488,>64,,,,FN
10464,10464.jpg,1,swimmer,,"[2172, 1281, 32, 45]",37.94733192202055,32-64,,,,FN
10464,10464.jpg,1,swimmer,,"[3368, 1328, 144, 75]",103.92304845413264,>64,,,,FN
10464,10464.jpg,1,swimmer,,"[2413, 820, 56, 50]",52.91502622129181,32-64,,,,FN
10465,10465.jpg,1,swimmer,,"[2353, 1157, 119, 93]",105.19980988575978,>64,,,,FN
10465,10465.jpg,1,swimmer,,"[2886, 1443, 64, 73]",68.35202996254024,>64,,,,FN
10465,10465.jpg,1,swimmer,,"[1523, 934, 85, 40]",58.309518948453004,32-64,,,,FN
10465,10465.jpg,2,boat,,"[3394, 651, 189, 282]",230.86359609085187,>64,,,,FN
10465,10465.jpg,1,swimmer,,"[2877, 1586, 69, 74]",71.45628033979938,>64,,,,FN
10465,10465.jpg,3,jetski,,"[3331, 622, 70, 191]",115.62871615649809,>64,,,,FN
10465,10465.jpg,1,swimmer,,"[2762, 1361, 92, 57]",72.41546796092669,>64,,,,FN
10465,10465.jpg,1,swimmer,,"[2767, 1463, 45, 37]",40.80441152620633,32-64,,,,FN
10465,10465.jpg,1,swimmer,,"[2703, 1473, 60, 52]",55.85696017507576,32-64,,,,FN
10465,10465.jpg,1,swimmer,,"[3241, 1136, 58, 53]",55.44366510251645,32-64,,,,FN
10740,10740.jpg,1,swimmer,,"[1644, 1121, 56, 36]",44.8998886412873,32-64,,,,FN
10740,10740.jpg,1,swimmer,,"[1613, 977, 45, 34]",39.11521443121589,32-64,,,,FN
10740,10740.jpg,1,swimmer,,"[1679, 903, 68, 25]",41.23105625617661,32-64,,,,FN
10741,10741.jpg,1,swimmer,,"[1640, 1119, 51, 35]",42.24926034855522,32-64,,,,FN
10741,10741.jpg,1,swimmer,,"[1612, 975, 50, 32]",40.0,32-64,,,,FN
10741,10741.jpg,1,swimmer,,"[1683, 905, 69, 23]",39.83716857408418,32-64,,,,FN
10741,10741.jpg,2,boat,,"[1044, 843, 113, 93]",102.51341375644458,>64,,,,FN
10742,10742.jpg,1,swimmer,,"[1641, 1123, 44, 28]",35.09985754956849,32-64,,,,FN
10742,10742.jpg,1,swimmer,,"[1613, 977, 42, 31]",36.08323710533743,32-64,,,,FN
10742,10742.jpg,1,swimmer,,"[1687, 901, 69, 27]",43.162483709814474,32-64,,,,FN
10743,10743.jpg,1,swimmer,,"[1640, 1123, 32, 40]",35.77708763999664,32-64,,,,FN
10743,10743.jpg,1,swimmer,,"[1614, 977, 39, 29]",33.63034344160047,32-64,,,,FN
10743,10743.jpg,1,swimmer,,"[1698, 897, 64, 29]",43.08131845707603,32-64,,,,FN
10744,10744.jpg,1,swimmer,,"[1639, 1125, 42, 37]",39.42080668885405,32-64,,,,FN
10744,10744.jpg,1,swimmer,,"[1613, 976, 40, 33]",36.3318042491699,32-64,,,,FN
10744,10744.jpg,1,swimmer,,"[1708, 898, 64, 32]",45.254833995939045,32-64,,,,FN
10745,10745.jpg,1,swimmer,,"[1638, 1128, 34, 29]",31.400636936215164,16-32,,,,FN
10745,10745.jpg,1,swimmer,,"[1617, 976, 38, 33]",35.41186241925155,32-64,,,,FN
10745,10745.jpg,1,swimmer,,"[1716, 897, 47, 34]",39.97499218261337,32-64,,,,FN
10746,10746.jpg,1,swimmer,,"[1639, 1129, 32, 25]",28.284271247461902,16-32,,,,FN
10746,10746.jpg,1,swimmer,,"[1618, 980, 36, 29]",32.31098884280702,32-64,,,,FN
10746,10746.jpg,1,swimmer,,"[1709, 891, 64, 48]",55.42562584220407,32-64,,,,FN
10747,10747.jpg,1,swimmer,,"[1637, 1129, 29, 24]",26.38181191654584,16-32,,,,FN
10747,10747.jpg,1,swimmer,,"[1622, 978, 33, 35]",33.98529093593286,32-64,,,,FN
10747,10747.jpg,1,swimmer,,"[1713, 889, 73, 43]",56.02677931132576,32-64,,,,FN
10748,10748.jpg,1,swimmer,,"[1636, 1131, 34, 26]",29.732137494637012,16-32,,,,FN
10748,10748.jpg,1,swimmer,,"[1620, 978, 33, 34]",33.49626844888845,32-64,,,,FN
10748,10748.jpg,1,swimmer,,"[1725, 891, 59, 37]",46.72258554489466,32-64,,,,FN
10749,10749.jpg,1,swimmer,,"[1631, 1128, 43, 34]",38.23610858861032,32-64,,,,FN
10749,10749.jpg,1,swimmer,,"[1614, 978, 38, 30]",33.76388603226827,32-64,,,,FN
10749,10749.jpg,1,swimmer,,"[1734, 892, 44, 37]",40.34848200366403,32-64,,,,FN
10750,10750.jpg,1,swimmer,,"[1635, 1130, 35, 29]",31.85906464414798,16-32,,,,FN
10750,10750.jpg,1,swimmer,,"[1614, 979, 41, 29]",34.48187929913333,32-64,,,,FN
10750,10750.jpg,1,swimmer,,"[1733, 883, 53, 47]",49.90991885387112,32-64,,,,FN
10751,10751.jpg,1,swimmer,,"[1634, 1129, 36, 35]",35.4964786985977,32-64,,,,FN
10751,10751.jpg,1,swimmer,,"[1623, 979, 41, 28]",33.88214869219483,32-64,,,,FN
10751,10751.jpg,1,swimmer,,"[1745, 882, 53, 43]",47.738873049120045,32-64,,,,FN
10752,10752.jpg,1,swimmer,,"[1626, 1124, 46, 41]",43.42810150121693,32-64,,,,FN
10752,10752.jpg,1,swimmer,,"[1617, 978, 40, 28]",33.46640106136302,32-64,,,,FN
10752,10752.jpg,1,swimmer,,"[1751, 877, 43, 40]",41.47288270665544,32-64,,,,FN
10753,10753.jpg,1,swimmer,,"[1615, 1116, 46, 36]",40.69397989875161,32-64,,,,FN
10753,10753.jpg,1,swimmer,,"[1622, 978, 44, 29]",35.7211421989835,32-64,,,,FN
10753,10753.jpg,1,swimmer,,"[1752, 877, 36, 40]",37.94733192202055,32-64,,,,FN
10754,10754.jpg,1,swimmer,,"[1609, 1116, 47, 37]",41.701318923986086,32-64,,,,FN
10754,10754.jpg,1,swimmer,,"[1618, 977, 51, 31]",39.761790704142086,32-64,,,,FN
10754,10754.jpg,1,swimmer,,"[1755, 867, 35, 54]",43.474130238568314,32-64,,,,FN
10755,10755.jpg,1,swimmer,,"[1620, 1115, 39, 34]",36.41428291206625,32-64,,,,FN
10755,10755.jpg,1,swimmer,,"[1618, 977, 44, 30]",36.3318042491699,32-64,,,,FN
10755,10755.jpg,1,swimmer,,"[1745, 867, 44, 45]",44.49719092257398,32-64,,,,FN
10756,10756.jpg,1,swimmer,,"[1612, 1120, 37, 29]",32.7566787083184,32-64,,,,FN
10756,10756.jpg,1,swimmer,,"[1624, 981, 39, 25]",31.22498999199199,16-32,,,,FN
10756,10756.jpg,1,swimmer,,"[1752, 864, 38, 39]",38.49675310984031,32-64,,,,FN
10757,10757.jpg,1,swimmer,,"[1598, 1110, 39, 30]",34.20526275297414,32-64,,,,FN
10757,10757.jpg,1,swimmer,,"[1622, 979, 44, 27]",34.46737587922817,32-64,,,,FN
10757,10757.jpg,1,swimmer,,"[1754, 865, 36, 37]",36.49657518178932,32-64,,,,FN
10758,10758.jpg,1,swimmer,,"[1601, 1106, 38, 35]",36.46916505762094,32-64,,,,FN
10758,10758.jpg,1,swimmer,,"[1621, 978, 41, 31]",35.651086939951774,32-64,,,,FN
10758,10758.jpg,1,swimmer,,"[1742, 855, 45, 49]",46.95742752749558,32-64,,,,FN
10759,10759.jpg,1,swimmer,,"[1599, 1107, 31, 27]",28.930952282978865,16-32,,,,FN
10759,10759.jpg,1,swimmer,,"[1624, 977, 38, 27]",32.03123475609393,32-64,,,,FN
10759,10759.jpg,1,swimmer,,"[1734, 851, 55, 46]",50.299105359837164,32-64,,,,FN
10760,10760.jpg,1,swimmer,,"[1588, 1105, 30, 22]",25.69046515733026,16-32,,,,FN
10760,10760.jpg,1,swimmer,,"[1624, 977, 39, 26]",31.843366656181317,16-32,,,,FN
10760,10760.jpg,1,swimmer,,"[1742, 847, 43, 38]",40.422765862815474,32-64,,,,FN
10761,10761.jpg,1,swimmer,,"[1573, 1099, 38, 29]",33.19638534539566,32-64,,,,FN
10761,10761.jpg,1,swimmer,,"[1624, 972, 36, 36]",36.0,32-64,,,,FN
10761,10761.jpg,1,swimmer,,"[1735, 846, 47, 34]",39.97499218261337,32-64,,,,FN
10762,10762.jpg,1,swimmer,,"[1579, 1105, 36, 29]",32.31098884280702,32-64,,,,FN
10762,10762.jpg,1,swimmer,,"[1623, 974, 36, 33]",34.46737587922817,32-64,,,,FN
10762,10762.jpg,1,swimmer,,"[1714, 841, 70, 45]",56.124860801609124,32-64,,,,FN
10763,10763.jpg,1,swimmer,,"[1574, 1101, 29, 22]",25.25866188063018,16-32,,,,FN
10763,10763.jpg,1,swimmer,,"[1625, 975, 39, 28]",33.04542328371661,32-64,,,,FN
10763,10763.jpg,1,swimmer,,"[1704, 839, 70, 38]",51.57518783291051,32-64,,,,FN
10764,10764.jpg,1,swimmer,,"[1565, 1092, 32, 22]",26.5329983228432,16-32,,,,FN
10764,10764.jpg,1,swimmer,,"[1628, 976, 38, 29]",33.19638534539566,32-64,,,,FN
10764,10764.jpg,1,swimmer,,"[1710, 838, 54, 32]",41.569219381653056,32-64,,,,FN
10765,10765.jpg,1,swimmer,,"[1558, 1086, 41, 33]",36.78314831549904,32-64,,,,FN
10765,10765.jpg,1,swimmer,,"[1629, 976, 32, 35]",33.46640106136302,32-64,,,,FN
10765,10765.jpg,1,swimmer,,"[1708, 839, 46, 31]",37.76241517699841,32-64,,,,FN
10766,10766.jpg,1,swimmer,,"[1568, 1089, 32, 31]",31.496031496047245,16-32,,,,FN
10766,10766.jpg,1,swimmer,,"[1631, 976, 31, 28]",29.46183972531247,16-32,,,,FN
10766,10766.jpg,1,swimmer,,"[1689, 834, 70, 35]",49.49747468305833,32-64,,,,FN
10767,10767.jpg,1,swimmer,,"[1562, 1089, 29, 21]",24.677925358506133,16-32,,,,FN
10767,10767.jpg,1,swimmer,,"[1632, 969, 38, 31]",34.322004603461025,32-64,,,,FN
10767,10767.jpg,1,swimmer,,"[1678, 830, 72, 34]",49.47726750741192,32-64,,,,FN
10768,10768.jpg,1,swimmer,,"[1553, 1082, 35, 24]",28.982753492378876,16-32,,,,FN
10768,10768.jpg,1,swimmer,,"[1633, 970, 45, 33]",38.535697735995385,32-64,,,,FN
10768,10768.jpg,1,swimmer,,"[1681, 830, 59, 28]",40.64480286580315,32-64,,,,FN
10769,10769.jpg,1,swimmer,,"[1551, 1078, 39, 32]",35.32704346531139,32-64,,,,FN
10769,10769.jpg,1,swimmer,,"[1626, 974, 40, 29]",34.058772731852805,32-64,,,,FN
10769,10769.jpg,1,swimmer,,"[1683, 828, 44, 29]",35.7211421989835,32-64,,,,FN
10770,10770.jpg,1,swimmer,,"[1559, 1077, 27, 24]",25.45584412271571,16-32,,,,FN
10770,10770.jpg,1,swimmer,,"[1620, 971, 44, 30]",36.3318042491699,32-64,,,,FN
10770,10770.jpg,1,swimmer,,"[1660, 824, 67, 31]",45.574115460423364,32-64,,,,FN
10771,10771.jpg,1,swimmer,,"[1551, 1074, 28, 20]",23.664319132398465,16-32,,,,FN
10771,10771.jpg,1,swimmer,,"[1615, 973, 57, 28]",39.949968710876355,32-64,,,,FN
10771,10771.jpg,1,swimmer,,"[1647, 821, 74, 31]",47.89572005931219,32-64,,,,FN
10772,10772.jpg,1,swimmer,,"[1542, 1068, 34, 27]",30.298514815086232,16-32,,,,FN
10772,10772.jpg,1,swimmer,,"[1617, 973, 49, 29]",37.69615364994153,32-64,,,,FN
10772,10772.jpg,1,swimmer,,"[1650, 820, 62, 32]",44.54211490264017,32-64,,,,FN
10773,10773.jpg,1,swimmer,,"[1541, 1070, 40, 32]",35.77708763999664,32-64,,,,FN
10773,10773.jpg,1,swimmer,,"[1621, 968, 44, 29]",35.7211421989835,32-64,,,,FN
10773,10773.jpg,1,swimmer,,"[1650, 821, 48, 31]",38.57460304397182,32-64,,,,FN
10774,10774.jpg,1,swimmer,,"[1550, 1070, 27, 24]",25.45584412271571,16-32,,,,FN
10774,10774.jpg,1,swimmer,,"[1617, 969, 48, 31]",38.57460304397182,32-64,,,,FN
10774,10774.jpg,1,swimmer,,"[1638, 821, 52, 33]",41.42463035441596,32-64,,,,FN
10775,10775.jpg,1,swimmer,,"[1544, 1066, 28, 20]",23.664319132398465,16-32,,,,FN
10775,10775.jpg,1,swimmer,,"[1622, 973, 46, 29]",36.52396473549935,32-64,,,,FN
10775,10775.jpg,1,swimmer,,"[1616, 819, 75, 28]",45.8257569495584,32-64,,,,FN
10776,10776.jpg,1,swimmer,,"[1533, 1059, 39, 27]",32.449961479175904,32-64,,,,FN
10776,10776.jpg,1,swimmer,,"[1620, 971, 44, 28]",35.09985754956849,32-64,,,,FN
10776,10776.jpg,1,swimmer,,"[1614, 818, 66, 29]",43.749285708454714,32-64,,,,FN
10777,10777.jpg,1,swimmer,,"[1536, 1059, 40, 34]",36.87817782917155,32-64,,,,FN
10777,10777.jpg,1,swimmer,,"[1622, 968, 44, 30]",36.3318042491699,32-64,,,,FN
10777,10777.jpg,1,swimmer,,"[1619, 819, 51, 25]",35.70714214271425,32-64,,,,FN
10778,10778.jpg,1,swimmer,,"[1542, 1064, 37, 25]",30.4138126514911,16-32,,,,FN
10778,10778.jpg,1,swimmer,,"[1625, 968, 40, 26]",32.2490309931942,32-64,,,,FN
10778,10778.jpg,1,swimmer,,"[1607, 819, 57, 25]",37.749172176353746,32-64,,,,FN
10779,10779.jpg,1,swimmer,,"[1548, 1061, 31, 24]",27.27636339397171,16-32,,,,FN
10779,10779.jpg,1,swimmer,,"[1619, 965, 45, 33]",38.535697735995385,32-64,,,,FN
10779,10779.jpg,1,swimmer,,"[1586, 822, 80, 22]",41.95235392680606,32-64,,,,FN
10780,10780.jpg,1,swimmer,,"[1549, 1055, 34, 31]",32.46536616149585,32-64,,,,FN
10780,10780.jpg,1,swimmer,,"[1621, 967, 41, 35]",37.881393849751625,32-64,,,,FN
10780,10780.jpg,1,swimmer,,"[1589, 823, 69, 25]",41.53311931459037,32-64,,,,FN
10781,10781.jpg,1,swimmer,,"[1549, 1052, 41, 36]",38.41874542459709,32-64,,,,FN
10781,10781.jpg,1,swimmer,,"[1625, 969, 36, 27]",31.176914536239792,16-32,,,,FN
10781,10781.jpg,1,swimmer,,"[1590, 822, 55, 23]",35.566838487557476,32-64,,,,FN
10782,10782.jpg,1,swimmer,,"[1555, 1050, 39, 38]",38.49675310984031,32-64,,,,FN
10782,10782.jpg,1,swimmer,,"[1621, 965, 39, 34]",36.41428291206625,32-64,,,,FN
10782,10782.jpg,1,swimmer,,"[1581, 821, 49, 23]",33.57082066318904,32-64,,,,FN
10783,10783.jpg,1,swimmer,,"[1548, 1054, 46, 36]",40.69397989875161,32-64,,,,FN
10783,10783.jpg,1,swimmer,,"[1629, 967, 31, 38]",34.322004603461025,32-64,,,,FN
10783,10783.jpg,1,swimmer,,"[1565, 821, 63, 24]",38.88444419044716,32-64,,,,FN
10784,10784.jpg,1,swimmer,,"[1540, 1054, 62, 42]",51.02940328869229,32-64,,,,FN
10784,10784.jpg,1,swimmer,,"[1633, 967, 28, 33]",30.397368307141328,16-32,,,,FN
10784,10784.jpg,1,swimmer,,"[1554, 824, 76, 26]",44.45222154178574,32-64,,,,FN
10785,10785.jpg,1,swimmer,,"[1544, 1058, 60, 39]",48.373546489791295,32-64,,,,FN
10785,10785.jpg,1,swimmer,,"[1628, 964, 30, 38]",33.76388603226827,32-64,,,,FN
10785,10785.jpg,1,swimmer,,"[1563, 829, 60, 26]",39.496835316262995,32-64,,,,FN
10786,10786.jpg,1,swimmer,,"[1551, 1058, 55, 36]",44.49719092257398,32-64,,,,FN
10786,10786.jpg,1,swimmer,,"[1627, 966, 31, 37]",33.8673884437522,32-64,,,,FN
10786,10786.jpg,1,swimmer,,"[1558, 827, 48, 22]",32.49615361854384,32-64,,,,FN
10787,10787.jpg,1,swimmer,,"[1555, 1055, 54, 38]",45.2990066116245,32-64,,,,FN
10787,10787.jpg,1,swimmer,,"[1622, 968, 36, 27]",31.176914536239792,16-32,,,,FN
10787,10787.jpg,1,swimmer,,"[1548, 826, 56, 24]",36.66060555964672,32-64,,,,FN
10788,10788.jpg,1,swimmer,,"[1562, 1053, 47, 42]",44.429719783046124,32-64,,,,FN
10788,10788.jpg,1,swimmer,,"[1620, 961, 40, 32]",35.77708763999664,32-64,,,,FN
10788,10788.jpg,1,swimmer,,"[1538, 829, 63, 26]",40.47221268969612,32-64,,,,FN
10789,10789.jpg,1,swimmer,,"[1562, 1052, 49, 46]",47.47630988187688,32-64,,,,FN
10789,10789.jpg,1,swimmer,,"[1623, 960, 34, 40]",36.87817782917155,32-64,,,,FN
10789,10789.jpg,1,swimmer,,"[1531, 830, 67, 29]",44.07947368106838,32-64,,,,FN
10790,10790.jpg,1,swimmer,,"[1569, 1049, 52, 41]",46.17358552246078,32-64,,,,FN
10790,10790.jpg,1,swimmer,,"[1623, 960, 29, 34]",31.400636936215164,16-32,,,,FN
10790,10790.jpg,1,swimmer,,"[1540, 829, 49, 23]",33.57082066318904,32-64,,,,FN
10791,10791.jpg,1,swimmer,,"[1573, 1049, 52, 37]",43.86342439892262,32-64,,,,FN
10791,10791.jpg,1,swimmer,,"[1622, 958, 31, 36]",33.406586176980134,32-64,,,,FN
10791,10791.jpg,1,swimmer,,"[1534, 830, 44, 23]",31.811947441173732,16-32,,,,FN
10792,10792.jpg,1,swimmer,,"[1569, 1047, 58, 38]",46.94677837722201,32-64,,,,FN
10792,10792.jpg,1,swimmer,,"[1622, 958, 29, 37]",32.7566787083184,32-64,,,,FN
10792,10792.jpg,1,swimmer,,"[1523, 833, 54, 26]",37.469987990390386,32-64,,,,FN
10793,10793.jpg,1,swimmer,,"[1573, 1050, 60, 35]",45.8257569495584,32-64,,,,FN
10793,10793.jpg,1,swimmer,,"[1621, 959, 28, 34]",30.854497241083024,16-32,,,,FN
10793,10793.jpg,1,swimmer,,"[1510, 836, 63, 30]",43.474130238568314,32-64,,,,FN
10794,10794.jpg,1,swimmer,,"[1578, 1048, 61, 36]",46.861498055439924,32-64,,,,FN
10794,10794.jpg,1,swimmer,,"[1621, 959, 30, 38]",33.76388603226827,32-64,,,,FN
10794,10794.jpg,1,swimmer,,"[1519, 838, 49, 26]",35.6931365951495,32-64,,,,FN
10795,10795.jpg,1,swimmer,,"[1586, 1044, 57, 39]",47.148700936505136,32-64,,,,FN
10795,10795.jpg,1,swimmer,,"[1620, 957, 28, 35]",31.304951684997057,16-32,,,,FN
10795,10795.jpg,1,swimmer,,"[1519, 842, 39, 22]",29.29163703175362,16-32,,,,FN
10796,10796.jpg,1,swimmer,,"[1589, 1045, 58, 37]",46.32493928760188,32-64,,,,FN
10796,10796.jpg,1,swimmer,,"[1615, 952, 31, 37]",33.8673884437522,32-64,,,,FN
10796,10796.jpg,1,swimmer,,"[1506, 843, 43, 25]",32.78719262151,32-64,,,,FN
10797,10797.jpg,1,swimmer,,"[1589, 1043, 60, 33]",44.49719092257398,32-64,,,,FN
10797,10797.jpg,1,swimmer,,"[1615, 951, 31, 39]",34.77067730142742,32-64,,,,FN
10797,10797.jpg,1,swimmer,,"[1494, 844, 59, 30]",42.07136793592526,32-64,,,,FN
10798,10798.jpg,1,swimmer,,"[1593, 1037, 59, 39]",47.968739820845826,32-64,,,,FN
10798,10798.jpg,1,swimmer,,"[1612, 952, 30, 35]",32.4037034920393,32-64,,,,FN
10798,10798.jpg,1,swimmer,,"[1500, 845, 51, 28]",37.78888725538237,32-64,,,,FN
10799,10799.jpg,1,swimmer,,"[1596, 1039, 58, 35]",45.05552130427524,32-64,,,,FN
10799,10799.jpg,1,swimmer,,"[1612, 952, 30, 36]",32.863353450309965,32-64,,,,FN
10799,10799.jpg,1,swimmer,,"[1503, 849, 37, 22]",28.53068523537421,16-32,,,,FN
10800,10800.jpg,1,swimmer,,"[1600, 1041, 58, 36]",45.69463863518345,32-64,,,,FN
10800,10800.jpg,1,swimmer,,"[1612, 948, 29, 37]",32.7566787083184,32-64,,,,FN
10800,10800.jpg,1,swimmer,,"[1495, 851, 40, 26]",32.2490309931942,32-64,,,,FN
10801,10801.jpg,1,swimmer,,"[1604, 1039, 57, 39]",47.148700936505136,32-64,,,,FN
10801,10801.jpg,1,swimmer,,"[1608, 948, 29, 35]",31.85906464414798,16-32,,,,FN
10801,10801.jpg,1,swimmer,,"[1483, 854, 49, 32]",39.59797974644666,32-64,,,,FN
10802,10802.jpg,1,swimmer,,"[1606, 1040, 60, 38]",47.74934554525329,32-64,,,,FN
10802,10802.jpg,1,swimmer,,"[1606, 948, 33, 39]",35.874782229304195,32-64,,,,FN
10802,10802.jpg,1,swimmer,,"[1470, 855, 61, 32]",44.181444068749045,32-64,,,,FN
10803,10803.jpg,1,swimmer,,"[1614, 1036, 54, 37]",44.69899327725402,32-64,,,,FN
10803,10803.jpg,1,swimmer,,"[1608, 949, 31, 35]",32.93933818400121,32-64,,,,FN
10803,10803.jpg,1,swimmer,,"[1485, 860, 42, 24]",31.74901573277509,16-32,,,,FN
10804,10804.jpg,1,swimmer,,"[1610, 1035, 60, 37]",47.11687595755899,32-64,,,,FN
10804,10804.jpg,1,swimmer,,"[1605, 948, 29, 34]",31.400636936215164,16-32,,,,FN
10804,10804.jpg,1,swimmer,,"[1484, 862, 43, 26]",33.436506994600975,32-64,,,,FN
10805,10805.jpg,1,swimmer,,"[1619, 1036, 66, 34]",47.37087712930804,32-64,,,,FN
10805,10805.jpg,1,swimmer,,"[1606, 945, 29, 36]",32.31098884280702,32-64,,,,FN
10805,10805.jpg,1,swimmer,,"[1474, 862, 48, 39]",43.266615305567875,32-64,,,,FN
10806,10806.jpg,1,swimmer,,"[1625, 1034, 67, 33]",47.02127178203499,32-64,,,,FN
10806,10806.jpg,1,swimmer,,"[1605, 942, 29, 34]",31.400636936215164,16-32,,,,FN
10806,10806.jpg,1,swimmer,,"[1460, 866, 55, 38]",45.71651780264984,32-64,,,,FN
10807,10807.jpg,1,swimmer,,"[1624, 1034, 75, 36]",51.96152422706632,32-64,,,,FN
10807,10807.jpg,1,swimmer,,"[1596, 943, 41, 30]",35.07135583350036,32-64,,,,FN
10807,10807.jpg,1,swimmer,,"[1468, 869, 42, 32]",36.66060555964672,32-64,,,,FN
10807,10807.jpg,2,boat,,"[12, 1443, 165, 162]",163.49311912126456,>64,,,,FN
10808,10808.jpg,1,swimmer,,"[1627, 1026, 74, 40]",54.405882034941776,32-64,,,,FN
10808,10808.jpg,1,swimmer,,"[1599, 946, 41, 31]",35.651086939951774,32-64,,,,FN
10808,10808.jpg,1,swimmer,,"[1470, 874, 38, 27]",32.03123475609393,32-64,,,,FN
10809,10809.jpg,1,swimmer,,"[1640, 1024, 66, 39]",50.73460357586329,32-64,,,,FN
10809,10809.jpg,1,swimmer,,"[1594, 946, 39, 26]",31.843366656181317,16-32,,,,FN
10809,10809.jpg,1,swimmer,,"[1465, 878, 45, 33]",38.535697735995385,32-64,,,,FN
10810,10810.jpg,1,swimmer,,"[1639, 1027, 77, 38]",54.092513345194085,32-64,,,,FN
10810,10810.jpg,1,swimmer,,"[1588, 941, 47, 34]",39.97499218261337,32-64,,,,FN
10810,10810.jpg,1,swimmer,,"[1450, 880, 51, 38]",44.02272140611028,32-64,,,,FN
10811,10811.jpg,1,swimmer,,"[1642, 1026, 77, 36]",52.64978632435273,32-64,,,,FN
10811,10811.jpg,1,swimmer,,"[1593, 942, 42, 31]",36.08323710533743,32-64,,,,FN
10811,10811.jpg,1,swimmer,,"[1450, 884, 50, 31]",39.370039370059054,32-64,,,,FN
10812,10812.jpg,1,swimmer,,"[1656, 1024, 71, 36]",50.556898639058154,32-64,,,,FN
10812,10812.jpg,1,swimmer,,"[1585, 943, 45, 31]",37.3496987939662,32-64,,,,FN
10812,10812.jpg,1,swimmer,,"[1457, 892, 36, 26]",30.59411708155671,16-32,,,,FN
10813,10813.jpg,1,swimmer,,"[1664, 1025, 78, 37]",53.72150407425317,32-64,,,,FN
10813,10813.jpg,1,swimmer,,"[1587, 941, 41, 34]",37.33630940518894,32-64,,,,FN
10813,10813.jpg,1,swimmer,,"[1453, 893, 38, 32]",34.87119154832539,32-64,,,,FN
10814,10814.jpg,1,swimmer,,"[1666, 1019, 88, 36]",56.28498911788115,32-64,,,,FN
10814,10814.jpg,1,swimmer,,"[1591, 942, 39, 30]",34.20526275297414,32-64,,,,FN
10814,10814.jpg,1,swimmer,,"[1444, 896, 45, 37]",40.80441152620633,32-64,,,,FN
10815,10815.jpg,1,swimmer,,"[1674, 1016, 81, 37]",54.74486277268398,32-64,,,,FN
10815,10815.jpg,1,swimmer,,"[1592, 943, 39, 34]",36.41428291206625,32-64,,,,FN
10815,10815.jpg,1,swimmer,,"[1432, 901, 52, 39]",45.033320996790806,32-64,,,,FN
10816,10816.jpg,1,swimmer,,"[1689, 1013, 70, 36]",50.19960159204453,32-64,,,,FN
10816,10816.jpg,1,swimmer,,"[1592, 942, 38, 32]",34.87119154832539,32-64,,,,FN
10816,10816.jpg,1,swimmer,,"[1441, 905, 44, 36]",39.7994974842648,32-64,,,,FN
10817,10817.jpg,1,swimmer,,"[1695, 1018, 77, 39]",54.79963503528103,32-64,,,,FN
10817,10817.jpg,1,swimmer,,"[1586, 941, 42, 31]",36.08323710533743,32-64,,,,FN
10817,10817.jpg,1,swimmer,,"[1448, 910, 36, 30]",32.863353450309965,32-64,,,,FN
10818,10818.jpg,1,swimmer,,"[1700, 1012, 87, 36]",55.96427431853289,32-64,,,,FN
10818,10818.jpg,1,swimmer,,"[1594, 937, 31, 36]",33.406586176980134,32-64,,,,FN
10818,10818.jpg,1,swimmer,,"[1442, 912, 38, 37]",37.49666651850535,32-64,,,,FN
10819,10819.jpg,1,swimmer,,"[1711, 1009, 81, 38]",55.47972602672079,32-64,,,,FN
10819,10819.jpg,1,swimmer,,"[1594, 942, 30, 30]",30.0,16-32,,,,FN
10819,10819.jpg,1,swimmer,,"[1424, 911, 46, 42]",43.95452195167182,32-64,,,,FN
10820,10820.jpg,1,swimmer,,"[1729, 1009, 70, 36]",50.19960159204453,32-64,,,,FN
10820,10820.jpg,1,swimmer,,"[1585, 944, 40, 28]",33.46640106136302,32-64,,,,FN
10820,10820.jpg,1,swimmer,,"[1424, 916, 46, 40]",42.89522117905443,32-64,,,,FN
10821,10821.jpg,1,swimmer,,"[1732, 1005, 82, 40]",57.271284253105414,32-64,,,,FN
10821,10821.jpg,1,swimmer,,"[1594, 943, 41, 29]",34.48187929913333,32-64,,,,FN
10821,10821.jpg,1,swimmer,,"[1437, 929, 35, 28]",31.304951684997057,16-32,,,,FN
10822,10822.jpg,1,swimmer,,"[1743, 1000, 83, 37]",55.41660400998964,32-64,,,,FN
10822,10822.jpg,1,swimmer,,"[1592, 942, 40, 29]",34.058772731852805,32-64,,,,FN
10822,10822.jpg,1,swimmer,,"[1435, 929, 38, 34]",35.94440151122286,32-64,,,,FN
10823,10823.jpg,1,swimmer,,"[1754, 995, 76, 38]",53.74011537017761,32-64,,,,FN
10823,10823.jpg,1,swimmer,,"[1594, 940, 38, 27]",32.03123475609393,32-64,,,,FN
10823,10823.jpg,1,swimmer,,"[1426, 927, 36, 40]",37.94733192202055,32-64,,,,FN
10824,10824.jpg,1,swimmer,,"[1769, 993, 67, 39]",51.11751167652823,32-64,,,,FN
10824,10824.jpg,1,swimmer,,"[1589, 938, 49, 28]",37.04051835490427,32-64,,,,FN
10824,10824.jpg,1,swimmer,,"[1417, 928, 49, 40]",44.27188724235731,32-64,,,,FN
10825,10825.jpg,1,swimmer,,"[1773, 993, 83, 38]",56.16048432839589,32-64,,,,FN
10825,10825.jpg,1,swimmer,,"[1587, 938, 47, 25]",34.27827300200522,32-64,,,,FN
10825,10825.jpg,1,swimmer,,"[1432, 937, 34, 31]",32.46536616149585,32-64,,,,FN
10826,10826.jpg,1,swimmer,,"[1779, 990, 84, 38]",56.49778756730214,32-64,,,,FN
10826,10826.jpg,1,swimmer,,"[1590, 937, 41, 28]",33.88214869219483,32-64,,,,FN
10826,10826.jpg,1,swimmer,,"[1434, 942, 36, 33]",34.46737587922817,32-64,,,,FN
10827,10827.jpg,1,swimmer,,"[1797, 985, 71, 37]",51.254268114957995,32-64,,,,FN
10827,10827.jpg,1,swimmer,,"[1591, 937, 48, 29]",37.30951621235526,32-64,,,,FN
10827,10827.jpg,1,swimmer,,"[1427, 941, 31, 43]",36.51027252705737,32-64,,,,FN
10828,10828.jpg,1,swimmer,,"[1803, 986, 77, 44]",58.20652884342099,32-64,,,,FN
10828,10828.jpg,1,swimmer,,"[1591, 935, 40, 26]",32.2490309931942,32-64,,,,FN
10828,10828.jpg,1,swimmer,,"[1414, 946, 53, 35]",43.069710934716056,32-64,,,,FN
10829,10829.jpg,1,swimmer,,"[1812, 981, 78, 39]",55.154328932550705,32-64,,,,FN
10829,10829.jpg,1,swimmer,,"[1585, 933, 50, 29]",38.07886552931954,32-64,,,,FN
10829,10829.jpg,1,swimmer,,"[1420, 952, 46, 30]",37.14835124201342,32-64,,,,FN
10830,10830.jpg,1,swimmer,,"[1823, 977, 70, 38]",51.57518783291051,32-64,,,,FN
10830,10830.jpg,1,swimmer,,"[1592, 935, 40, 27]",32.863353450309965,32-64,,,,FN
10830,10830.jpg,1,swimmer,,"[1426, 957, 39, 29]",33.63034344160047,32-64,,,,FN
10831,10831.jpg,1,swimmer,,"[1830, 976, 66, 41]",52.01922721455981,32-64,,,,FN
10831,10831.jpg,1,swimmer,,"[1592, 938, 39, 26]",31.843366656181317,16-32,,,,FN
10831,10831.jpg,1,swimmer,,"[1432, 957, 24, 37]",29.79932885150268,16-32,,,,FN
10832,10832.jpg,1,swimmer,,"[1836, 972, 76, 44]",57.82732917920384,32-64,,,,FN
10832,10832.jpg,1,swimmer,,"[1588, 934, 50, 29]",38.07886552931954,32-64,,,,FN
10832,10832.jpg,1,swimmer,,"[1427, 961, 40, 40]",40.0,32-64,,,,FN
10833,10833.jpg,1,swimmer,,"[1849, 971, 72, 40]",53.665631459994955,32-64,,,,FN
10833,10833.jpg,1,swimmer,,"[1594, 935, 40, 28]",33.46640106136302,32-64,,,,FN
10833,10833.jpg,1,swimmer,,"[1425, 967, 49, 36]",42.0,32-64,,,,FN
10834,10834.jpg,1,swimmer,,"[1855, 971, 66, 40]",51.38093031466052,32-64,,,,FN
10834,10834.jpg,1,swimmer,,"[1597, 937, 38, 27]",32.03123475609393,32-64,,,,FN
10834,10834.jpg,1,swimmer,,"[1433, 977, 32, 26]",28.844410203711913,16-32,,,,FN
10835,10835.jpg,1,swimmer,,"[1862, 965, 71, 46]",57.148928248918196,32-64,,,,FN
10835,10835.jpg,1,swimmer,,"[1593, 937, 48, 29]",37.30951621235526,32-64,,,,FN
10835,10835.jpg,1,swimmer,,"[1433, 974, 35, 34]",34.49637662132068,32-64,,,,FN
11580,11580.jpg,1,swimmer,,"[2183, 1563, 145, 126]",135.16656391282572,>64,,,,FN
11580,11580.jpg,1,swimmer,,"[1920, 1503, 112, 76]",92.26050075736637,>64,,,,FN
11581,11581.jpg,1,swimmer,,"[2197, 1566, 154, 126]",139.2982411949268,>64,,,,FN
11581,11581.jpg,1,swimmer,,"[1933, 1504, 122, 77]",96.92264957170744,>64,,,,FN
11582,11582.jpg,1,swimmer,,"[2218, 1553, 149, 121]",134.27211177307072,>64,,,,FN
11582,11582.jpg,1,swimmer,,"[1961, 1508, 78, 80]",78.99367063252599,>64,,,,FN
11583,11583.jpg,1,swimmer,,"[2235, 1554, 141, 140]",140.49911031746785,>64,,,,FN
11583,11583.jpg,1,swimmer,,"[1980, 1530, 63, 86]",73.60706487831179,>64,,,,FN
11584,11584.jpg,1,swimmer,,"[2231, 1553, 131, 138]",134.45445325462447,>64,,,,FN
11584,11584.jpg,1,swimmer,,"[1974, 1511, 77, 84]",80.4238770515324,>64,,,,FN
11585,11585.jpg,1,swimmer,,"[2218, 1556, 131, 140]",135.4252561378416,>64,,,,FN
11585,11585.jpg,1,swimmer,,"[1952, 1488, 73, 85]",78.77182237323191,>64,,,,FN
11586,11586.jpg,1,swimmer,,"[2208, 1582, 125, 119]",121.96310917650467,>64,,,,FN
11586,11586.jpg,1,swimmer,,"[1936, 1531, 76, 68]",71.88880302244571,>64,,,,FN
11587,11587.jpg,1,swimmer,,"[2198, 1606, 116, 120]",117.983049630021,>64,,,,FN
11587,11587.jpg,1,swimmer,,"[1930, 1572, 76, 73]",74.48489779814429,>64,,,,FN
11588,11588.jpg,1,swimmer,,"[2162, 1615, 93, 89]",90.97801932335085,>64,,,,FN
11588,11588.jpg,1,swimmer,,"[1876, 1591, 74, 68]",70.9365914038728,>64,,,,FN
11589,11589.jpg,1,swimmer,,"[2121, 1629, 85, 80]",82.46211251235322,>64,,,,FN
11589,11589.jpg,1,swimmer,,"[1820, 1571, 74, 82]",77.89736837660179,>64,,,,FN
11590,11590.jpg,1,swimmer,,"[2113, 1659, 100, 82]",90.55385138137417,>64,,,,FN
11590,11590.jpg,1,swimmer,,"[1786, 1575, 73, 92]",81.95120499419151,>64,,,,FN
11591,11591.jpg,1,swimmer,,"[2126, 1648, 94, 84]",88.85943956609225,>64,,,,FN
11591,11591.jpg,1,swimmer,,"[1761, 1592, 78, 91]",84.24962907930218,>64,,,,FN
11592,11592.jpg,1,swimmer,,"[2130, 1556, 84, 81]",82.48636250920512,>64,,,,FN
11592,11592.jpg,1,swimmer,,"[1770, 1524, 77, 100]",87.74964387392122,>64,,,,FN
11593,11593.jpg,1,swimmer,,"[2117, 1526, 106, 142]",122.68659258452001,>64,,,,FN
11593,11593.jpg,1,swimmer,,"[1789, 1476, 78, 90]",83.78544026261365,>64,,,,FN
11594,11594.jpg,1,swimmer,,"[2131, 1452, 96, 128]",110.85125168440814,>64,,,,FN
11594,11594.jpg,1,swimmer,,"[1803, 1398, 75, 77]",75.99342076785332,>64,,,,FN
11595,11595.jpg,1,swimmer,,"[2146, 1331, 92, 123]",106.3766891757776,>64,,,,FN
11595,11595.jpg,1,swimmer,,"[1819, 1289, 92, 86]",88.94942383174835,>64,,,,FN
11596,11596.jpg,1,swimmer,,"[2152, 1232, 90, 105]",97.21111047611791,>64,,,,FN
11596,11596.jpg,1,swimmer,,"[1835, 1184, 96, 94]",94.99473669630333,>64,,,,FN
11597,11597.jpg,1,swimmer,,"[2177, 1149, 87, 108]",96.93296652842108,>64,,,,FN
11597,11597.jpg,1,swimmer,,"[1869, 1092, 99, 83]",90.64766957842876,>64,,,,FN
11598,11598.jpg,1,swimmer,,"[2197, 1103, 81, 95]",87.72114910328068,>64,,,,FN
11598,11598.jpg,1,swimmer,,"[1872, 1068, 99, 70]",83.24662155306964,>64,,,,FN
11599,11599.jpg,1,swimmer,,"[2197, 1083, 87, 95]",90.91204540653565,>64,,,,FN
11599,11599.jpg,1,swimmer,,"[1879, 1058, 105, 69]",85.11756575466664,>64,,,,FN
11600,11600.jpg,1,swimmer,,"[2183, 1120, 93, 99]",95.95311355031686,>64,,,,FN
11600,11600.jpg,1,swimmer,,"[1893, 1081, 79, 80]",79.49842765740716,>64,,,,FN
11601,11601.jpg,1,swimmer,,"[2184, 1164, 100, 96]",97.97958971132712,>64,,,,FN
11601,11601.jpg,1,swimmer,,"[1881, 1099, 87, 82]",84.4630096551147,>64,,,,FN
11602,11602.jpg,1,swimmer,,"[2195, 1169, 94, 100]",96.95359714832658,>64,,,,FN
11602,11602.jpg,1,swimmer,,"[1885, 1115, 89, 85]",86.97700845625813,>64,,,,FN
11603,11603.jpg,1,swimmer,,"[2197, 1154, 93, 108]",100.2197585309404,>64,,,,FN
11603,11603.jpg,1,swimmer,,"[1895, 1128, 94, 83]",88.32893070789434,>64,,,,FN
11604,11604.jpg,1,swimmer,,"[2184, 1151, 92, 106]",98.75221516502808,>64,,,,FN
11604,11604.jpg,1,swimmer,,"[1922, 1126, 87, 75]",80.77747210701756,>64,,,,FN
11605,11605.jpg,1,swimmer,,"[2181, 1163, 90, 101]",95.34149149242423,>64,,,,FN
11605,11605.jpg,1,swimmer,,"[1911, 1126, 88, 84]",85.97674104081871,>64,,,,FN
11606,11606.jpg,1,swimmer,,"[2161, 1171, 92, 106]",98.75221516502808,>64,,,,FN
11606,11606.jpg,1,swimmer,,"[1898, 1145, 87, 69]",77.47902942086975,>64,,,,FN
11607,11607.jpg,1,swimmer,,"[2149, 1189, 87, 94]",90.43229511629129,>64,,,,FN
11607,11607.jpg,1,swimmer,,"[1887, 1164, 98, 66]",80.4238770515324,>64,,,,FN
11608,11608.jpg,1,swimmer,,"[2137, 1212, 91, 98]",94.43516294262429,>64,,,,FN
11608,11608.jpg,1,swimmer,,"[1884, 1186, 75, 51]",61.84658438426491,32-64,,,,FN
11609,11609.jpg,1,swimmer,,"[2138, 1231, 90, 103]",96.28083921528727,>64,,,,FN
11609,11609.jpg,1,swimmer,,"[1887, 1222, 64, 59]",61.44916598294886,32-64,,,,FN
11610,11610.jpg,1,swimmer,,"[2127, 1242, 90, 94]",91.97825830053534,>64,,,,FN
11610,11610.jpg,1,swimmer,,"[1889, 1247, 62, 54]",57.86190456595773,32-64,,,,FN
11611,11611.jpg,1,swimmer,,"[2120, 1238, 89, 103]",95.74445153636842,>64,,,,FN
11611,11611.jpg,1,swimmer,,"[1881, 1247, 62, 61]",61.497967446087195,32-64,,,,FN
11612,11612.jpg,1,swimmer,,"[2110, 1250, 92, 107]",99.2169340384997,>64,,,,FN
11612,11612.jpg,1,swimmer,,"[1876, 1247, 65, 64]",64.4980619863884,>64,,,,FN
11613,11613.jpg,1,swimmer,,"[2114, 1266, 90, 94]",91.97825830053534,>64,,,,FN
11613,11613.jpg,1,swimmer,,"[1869, 1263, 80, 66]",72.6636084983398,>64,,,,FN
11614,11614.jpg,1,swimmer,,"[2128, 1262, 91, 96]",93.46657156438339,>64,,,,FN
11614,11614.jpg,1,swimmer,,"[1873, 1271, 71, 65]",67.93379129711516,>64,,,,FN
11615,11615.jpg,1,swimmer,,"[2110, 1247, 87, 96]",91.3892772703669,>64,,,,FN
11615,11615.jpg,1,swimmer,,"[1851, 1267, 84, 72]",77.76888838089432,>64,,,,FN
11616,11616.jpg,1,swimmer,,"[2052, 1228, 95, 104]",99.39818911831343,>64,,,,FN
11616,11616.jpg,1,swimmer,,"[1818, 1242, 78, 79]",78.49840762716146,>64,,,,FN
11617,11617.jpg,1,swimmer,,"[1975, 1223, 87, 95]",90.91204540653565,>64,,,,FN
11617,11617.jpg,1,swimmer,,"[1755, 1233, 80, 73]",76.4198926981712,>64,,,,FN
11618,11618.jpg,1,swimmer,,"[1899, 1226, 69, 87]",77.47902942086975,>64,,,,FN
11618,11618.jpg,1,swimmer,,"[1662, 1222, 69, 73]",70.97182539571601,>64,,,,FN
11619,11619.jpg,1,swimmer,,"[1836, 1226, 63, 74]",68.27884006044626,>64,,,,FN
11619,11619.jpg,1,swimmer,,"[1593, 1228, 78, 68]",72.8285658241325,>64,,,,FN
11620,11620.jpg,1,swimmer,,"[1804, 1225, 68, 68]",68.0,>64,,,,FN
11620,11620.jpg,1,swimmer,,"[1551, 1229, 75, 84]",79.37253933193772,>64,,,,FN
11621,11621.jpg,1,swimmer,,"[1786, 1211, 67, 69]",67.9926466612383,>64,,,,FN
11621,11621.jpg,1,swimmer,,"[1548, 1209, 87, 71]",78.59389289251423,>64,,,,FN
11622,11622.jpg,1,swimmer,,"[1799, 1187, 109, 74]",89.81091247727082,>64,,,,FN
11622,11622.jpg,1,swimmer,,"[1582, 1212, 82, 61]",70.7248188403477,>64,,,,FN
11623,11623.jpg,1,swimmer,,"[1882, 1167, 119, 92]",104.63269087622663,>64,,,,FN
11623,11623.jpg,1,swimmer,,"[1686, 1200, 76, 81]",78.46018098373213,>64,,,,FN
12006,12006.jpg,3,jetski,,"[3263, 156, 43, 55]",48.63126566315131,32-64,,,,FN
12006,12006.jpg,1,swimmer,,"[3774, 776, 35, 28]",31.304951684997057,16-32,,,,FN
12007,12007.jpg,3,jetski,,"[3224, 153, 47, 64]",54.84523680320835,32-64,,,,FN
12007,12007.jpg,1,swimmer,,"[3714, 769, 35, 27]",30.740852297878796,16-32,,,,FN
12008,12008.jpg,3,jetski,,"[3172, 156, 50, 62]",55.67764362830022,32-64,,,,FN
12008,12008.jpg,1,swimmer,,"[3628, 768, 36, 27]",31.176914536239792,16-32,,,,FN
12009,12009.jpg,3,jetski,,"[3091, 159, 56, 56]",56.0,32-64,,,,FN
12009,12009.jpg,1,swimmer,,"[3490, 776, 33, 31]",31.984371183438952,16-32,,,,FN
12009,12009.jpg,1,swimmer,,"[3635, 779, 117, 34]",63.071388124885914,32-64,,,,FN
12010,12010.jpg,3,jetski,,"[2993, 157, 53, 55]",53.99073994677235,32-64,,,,FN
12010,12010.jpg,1,swimmer,,"[3310, 782, 33, 29]",30.93541659651604,16-32,,,,FN
12010,12010.jpg,1,swimmer,,"[3459, 792, 115, 37]",65.23036102920173,>64,,,,FN
12011,12011.jpg,3,jetski,,"[2881, 156, 58, 58]",58.0,32-64,,,,FN
12011,12011.jpg,1,swimmer,,"[3096, 789, 31, 33]",31.984371183438952,16-32,,,,FN
12011,12011.jpg,1,swimmer,,"[3240, 799, 112, 38]",65.23802572120036,>64,,,,FN
12012,12012.jpg,3,jetski,,"[2747, 161, 70, 63]",66.40783086353596,>64,,,,FN
12012,12012.jpg,1,swimmer,,"[2850, 786, 29, 32]",30.463092423455635,16-32,,,,FN
12012,12012.jpg,1,swimmer,,"[2991, 799, 111, 39]",65.79513659838392,>64,,,,FN
12013,12013.jpg,3,jetski,,"[2612, 167, 69, 60]",64.34283176858165,>64,,,,FN
12013,12013.jpg,1,swimmer,,"[2606, 764, 28, 29]",28.495613697550013,16-32,,,,FN
12013,12013.jpg,1,swimmer,,"[2742, 790, 106, 25]",51.478150704935004,32-64,,,,FN
12014,12014.jpg,3,jetski,,"[2480, 167, 67, 56]",61.25357132445422,32-64,,,,FN
12014,12014.jpg,1,swimmer,,"[2383, 725, 29, 32]",30.463092423455635,16-32,,,,FN
12014,12014.jpg,1,swimmer,,"[2513, 753, 97, 24]",48.249352327259274,32-64,,,,FN
12015,12015.jpg,3,jetski,,"[2354, 156, 64, 55]",59.329587896765304,32-64,,,,FN
12015,12015.jpg,1,swimmer,,"[2192, 675, 29, 32]",30.463092423455635,16-32,,,,FN
12015,12015.jpg,1,swimmer,,"[2332, 706, 69, 22]",38.961519477556315,32-64,,,,FN
12016,12016.jpg,3,jetski,,"[2236, 143, 62, 56]",58.92367945062494,32-64,,,,FN
12016,12016.jpg,1,swimmer,,"[2028, 626, 29, 29]",29.0,16-32,,,,FN
12016,12016.jpg,1,swimmer,,"[2135, 649, 91, 31]",53.113086899558006,32-64,,,,FN
12017,12017.jpg,3,jetski,,"[2133, 128, 60, 54]",56.92099788303083,32-64,,,,FN
12017,12017.jpg,1,swimmer,,"[1889, 590, 28, 32]",29.93325909419153,16-32,,,,FN
12017,12017.jpg,1,swimmer,,"[1995, 602, 90, 27]",49.29503017546495,32-64,,,,FN
12018,12018.jpg,3,jetski,,"[2047, 106, 55, 53]",53.99073994677235,32-64,,,,FN
12018,12018.jpg,1,swimmer,,"[1775, 552, 25, 29]",26.92582403567252,16-32,,,,FN
12018,12018.jpg,1,swimmer,,"[1884, 560, 75, 24]",42.42640687119285,32-64,,,,FN
12019,12019.jpg,3,jetski,,"[1980, 88, 50, 51]",50.49752469181039,32-64,,,,FN
12019,12019.jpg,1,swimmer,,"[1682, 507, 23, 27]",24.919871588754223,16-32,,,,FN
12019,12019.jpg,1,swimmer,,"[1778, 516, 83, 24]",44.63182720884279,32-64,,,,FN
12020,12020.jpg,3,jetski,,"[1927, 235, 44, 51]",47.37087712930804,32-64,,,,FN
12020,12020.jpg,1,swimmer,,"[1704, 633, 81, 23]",43.162483709814474,32-64,,,,FN
12020,12020.jpg,1,swimmer,,"[1615, 627, 24, 23]",23.49468024894146,16-32,,,,FN
12021,12021.jpg,3,jetski,,"[1884, 432, 49, 50]",49.49747468305833,32-64,,,,FN
12021,12021.jpg,1,swimmer,,"[1662, 781, 69, 22]",38.961519477556315,32-64,,,,FN
12021,12021.jpg,1,swimmer,,"[1575, 772, 20, 26]",22.80350850198276,16-32,,,,FN
12022,12022.jpg,3,jetski,,"[1854, 421, 47, 44]",45.47526800360829,32-64,,,,FN
12022,12022.jpg,1,swimmer,,"[1637, 744, 70, 22]",39.242833740697165,32-64,,,,FN
12022,12022.jpg,1,swimmer,,"[1552, 735, 21, 22]",21.494185260204677,16-32,,,,FN
12023,12023.jpg,3,jetski,,"[1836, 409, 39, 41]",39.98749804626441,32-64,,,,FN
12023,12023.jpg,1,swimmer,,"[1619, 717, 68, 22]",38.67815921162743,32-64,,,,FN
12023,12023.jpg,1,swimmer,,"[1540, 702, 20, 20]",20.0,16-32,,,,FN
12024,12024.jpg,3,jetski,,"[1822, 396, 35, 43]",38.79432948254165,32-64,,,,FN
12024,12024.jpg,1,swimmer,,"[1611, 688, 66, 21]",37.22902093797257,32-64,,,,FN
12024,12024.jpg,1,swimmer,,"[1538, 676, 17, 19]",17.97220075561143,16-32,,,,FN
12025,12025.jpg,3,jetski,,"[1804, 384, 32, 40]",35.77708763999664,32-64,,,,FN
12025,12025.jpg,1,swimmer,,"[1603, 660, 61, 20]",34.92849839314596,32-64,,,,FN
12025,12025.jpg,1,swimmer,,"[1530, 651, 18, 20]",18.973665961010276,16-32,,,,FN
12026,12026.jpg,3,jetski,,"[1759, 372, 31, 35]",32.93933818400121,32-64,,,,FN
12026,12026.jpg,1,swimmer,,"[1567, 629, 63, 19]",34.597687784012386,32-64,,,,FN
12026,12026.jpg,1,swimmer,,"[1490, 629, 17, 17]",17.0,16-32,,,,FN
12027,12027.jpg,3,jetski,,"[1552, 359, 29, 39]",33.63034344160047,32-64,,,,FN
12027,12027.jpg,1,swimmer,,"[1370, 615, 51, 19]",31.12876483254676,16-32,,,,FN
12027,12027.jpg,1,swimmer,,"[1292, 609, 22, 20]",20.97617696340303,16-32,,,,FN
12028,12028.jpg,1,swimmer,,"[1842, 585, 33, 19]",25.03996805109783,16-32,,,,FN
12028,12028.jpg,1,swimmer,,"[1749, 573, 21, 17]",18.894443627691185,16-32,,,,FN
12028,12028.jpg,3,jetski,,"[2008, 344, 30, 40]",34.64101615137755,32-64,,,,FN
12029,12029.jpg,1,swimmer,,"[1870, 562, 22, 17]",19.339079605813716,16-32,,,,FN
12029,12029.jpg,1,swimmer,,"[1780, 549, 18, 17]",17.4928556845359,16-32,,,,FN
12029,12029.jpg,3,jetski,,"[2030, 343, 28, 40]",33.46640106136302,32-64,,,,FN
12030,12030.jpg,3,jetski,,"[2026, 338, 27, 43]",34.07345007480164,32-64,,,,FN
12031,12031.jpg,3,jetski,,"[2021, 329, 26, 40]",32.2490309931942,32-64,,,,FN
12032,12032.jpg,3,jetski,,"[2019, 326, 24, 38]",30.199337741083,16-32,,,,FN
12033,12033.jpg,3,jetski,,"[2017, 326, 24, 37]",29.79932885150268,16-32,,,,FN
12034,12034.jpg,3,jetski,,"[2019, 428, 23, 38]",29.563490998188964,16-32,,,,FN
12035,12035.jpg,3,jetski,,"[2015, 424, 24, 37]",29.79932885150268,16-32,,,,FN
12036,12036.jpg,3,jetski,,"[2015, 421, 23, 38]",29.563490998188964,16-32,,,,FN
12037,12037.jpg,3,jetski,,"[2015, 422, 24, 38]",30.199337741083,16-32,,,,FN
12038,12038.jpg,3,jetski,,"[2020, 418, 25, 40]",31.622776601683793,16-32,,,,FN
12039,12039.jpg,3,jetski,,"[2027, 419, 25, 41]",32.01562118716424,32-64,,,,FN
12040,12040.jpg,3,jetski,,"[2031, 418, 27, 44]",34.46737587922817,32-64,,,,FN
12041,12041.jpg,3,jetski,,"[2033, 427, 28, 42]",34.292856398964496,32-64,,,,FN
12042,12042.jpg,3,jetski,,"[2035, 434, 28, 41]",33.88214869219483,32-64,,,,FN
12043,12043.jpg,3,jetski,,"[2033, 444, 28, 42]",34.292856398964496,32-64,,,,FN
12044,12044.jpg,3,jetski,,"[2031, 461, 31, 45]",37.3496987939662,32-64,,,,FN
12045,12045.jpg,3,jetski,,"[2029, 469, 31, 47]",38.17066936798463,32-64,,,,FN
12046,12046.jpg,3,jetski,,"[2028, 478, 30, 42]",35.4964786985977,32-64,,,,FN
12047,12047.jpg,3,jetski,,"[2031, 481, 30, 42]",35.4964786985977,32-64,,,,FN
12048,12048.jpg,3,jetski,,"[2020, 481, 30, 44]",36.3318042491699,32-64,,,,FN
12049,12049.jpg,3,jetski,,"[1999, 483, 30, 45]",36.742346141747674,32-64,,,,FN
12050,12050.jpg,3,jetski,,"[1966, 486, 32, 45]",37.94733192202055,32-64,,,,FN
12553,12553.jpg,1,swimmer,,"[1863, 1257, 40, 40]",40.0,32-64,,,,FN
12553,12553.jpg,1,swimmer,,"[1908, 1058, 43, 56]",49.07137658554119,32-64,,,,FN
12554,12554.jpg,1,swimmer,,"[1861, 1284, 39, 40]",39.496835316262995,32-64,,,,FN
12554,12554.jpg,1,swimmer,,"[1901, 1066, 49, 73]",59.80802621722272,32-64,,,,FN
12555,12555.jpg,1,swimmer,,"[1894, 1290, 43, 47]",44.955533585978046,32-64,,,,FN
12555,12555.jpg,1,swimmer,,"[1941, 1077, 51, 68]",58.88972745734183,32-64,,,,FN
12556,12556.jpg,1,swimmer,,"[1922, 1309, 47, 46]",46.49731175025068,32-64,,,,FN
12556,12556.jpg,1,swimmer,,"[1977, 1087, 44, 59]",50.950956811427986,32-64,,,,FN
12557,12557.jpg,1,swimmer,,"[1941, 1344, 50, 44]",46.9041575982343,32-64,,,,FN
12557,12557.jpg,1,swimmer,,"[1996, 1130, 41, 69]",53.1883445878888,32-64,,,,FN
12558,12558.jpg,1,swimmer,,"[1955, 1377, 41, 42]",41.49698784249286,32-64,,,,FN
12558,12558.jpg,1,swimmer,,"[1994, 1152, 63, 77]",69.6491205974634,>64,,,,FN
12559,12559.jpg,1,swimmer,,"[1948, 1395, 44, 43]",43.497126341863094,32-64,,,,FN
12559,12559.jpg,1,swimmer,,"[1998, 1159, 42, 80]",57.96550698475775,32-64,,,,FN
12560,12560.jpg,1,swimmer,,"[1946, 1438, 50, 44]",46.9041575982343,32-64,,,,FN
12560,12560.jpg,1,swimmer,,"[2000, 1192, 45, 80]",60.0,32-64,,,,FN
12561,12561.jpg,1,swimmer,,"[1942, 1479, 54, 49]",51.43928459844674,32-64,,,,FN
12561,12561.jpg,1,swimmer,,"[1998, 1222, 46, 81]",61.04096984812741,32-64,,,,FN
12562,12562.jpg,1,swimmer,,"[1936, 1493, 64, 50]",56.568542494923804,32-64,,,,FN
12562,12562.jpg,1,swimmer,,"[2004, 1224, 44, 80]",59.329587896765304,32-64,,,,FN
12563,12563.jpg,1,swimmer,,"[1948, 1537, 61, 54]",57.39337940912697,32-64,,,,FN
12563,12563.jpg,1,swimmer,,"[2006, 1256, 45, 81]",60.37383539249432,32-64,,,,FN
12564,12564.jpg,1,swimmer,,"[1949, 1622, 60, 64]",61.96773353931867,32-64,,,,FN
12564,12564.jpg,1,swimmer,,"[2012, 1340, 44, 86]",61.514225996918796,32-64,,,,FN
12565,12565.jpg,1,swimmer,,"[1952, 1731, 63, 65]",63.99218702310463,32-64,,,,FN
12565,12565.jpg,1,swimmer,,"[2013, 1448, 48, 91]",66.09084656743322,>64,,,,FN
12566,12566.jpg,1,swimmer,,"[1964, 1748, 61, 61]",61.0,32-64,,,,FN
12566,12566.jpg,1,swimmer,,"[2006, 1466, 46, 86]",62.89674077406555,32-64,,,,FN
12567,12567.jpg,1,swimmer,,"[1957, 1677, 65, 58]",61.40032573203501,32-64,,,,FN
12567,12567.jpg,1,swimmer,,"[1982, 1411, 58, 68]",62.80127387243033,32-64,,,,FN
12568,12568.jpg,1,swimmer,,"[1970, 1861, 51, 98]",70.69653456853455,>64,,,,FN
12569,12569.jpg,1,swimmer,,"[1931, 1639, 85, 105]",94.47221813845591,>64,,,,FN
12569,12569.jpg,1,swimmer,,"[1888, 1931, 109, 88]",97.93875637356236,>64,,,,FN
12570,12570.jpg,1,swimmer,,"[1920, 1370, 92, 111]",101.05444077327824,>64,,,,FN
12570,12570.jpg,1,swimmer,,"[1881, 1657, 109, 82]",94.54099639838793,>64,,,,FN
12571,12571.jpg,1,swimmer,,"[1966, 1063, 46, 98]",67.14164132637808,>64,,,,FN
12571,12571.jpg,1,swimmer,,"[1890, 1341, 108, 76]",90.598013223249,>64,,,,FN
12572,12572.jpg,1,swimmer,,"[1966, 799, 46, 97]",66.79820356865893,>64,,,,FN
12572,12572.jpg,1,swimmer,,"[1902, 1064, 102, 72]",85.6971411425142,>64,,,,FN
12573,12573.jpg,1,swimmer,,"[1948, 617, 48, 95]",67.52777206453653,>64,,,,FN
12573,12573.jpg,1,swimmer,,"[1888, 864, 106, 70]",86.13942186943211,>64,,,,FN
12574,12574.jpg,1,swimmer,,"[2346, 576, 57, 87]",70.42016756583301,>64,,,,FN
12574,12574.jpg,1,swimmer,,"[2225, 784, 102, 70]",84.49852069711044,>64,,,,FN
12575,12575.jpg,1,swimmer,,"[2368, 513, 59, 87]",71.64495795239188,>64,,,,FN
12575,12575.jpg,1,swimmer,,"[2243, 705, 89, 74]",81.15417426109393,>64,,,,FN
12576,12576.jpg,1,swimmer,,"[2334, 456, 58, 96]",74.61903242471053,>64,,,,FN
12576,12576.jpg,1,swimmer,,"[2202, 661, 94, 76]",84.52218643646175,>64,,,,FN
12577,12577.jpg,1,swimmer,,"[2309, 448, 58, 98]",75.39230729988306,>64,,,,FN
12577,12577.jpg,1,swimmer,,"[2162, 666, 95, 75]",84.40971508067067,>64,,,,FN
12578,12578.jpg,1,swimmer,,"[2261, 484, 59, 94]",74.47147104764348,>64,,,,FN
12578,12578.jpg,1,swimmer,,"[2117, 684, 85, 99]",91.73330910852393,>64,,,,FN
12579,12579.jpg,1,swimmer,,"[2188, 554, 64, 108]",83.13843876330611,>64,,,,FN
12579,12579.jpg,1,swimmer,,"[2044, 754, 86, 103]",94.11694852681954,>64,,,,FN
12580,12580.jpg,1,swimmer,,"[1770, 685, 75, 99]",86.16843969807043,>64,,,,FN
12580,12580.jpg,1,swimmer,,"[1690, 907, 104, 88]",95.66608594481119,>64,,,,FN
12581,12581.jpg,1,swimmer,,"[1625, 898, 75, 105]",88.74119674649424,>64,,,,FN
12581,12581.jpg,1,swimmer,,"[1578, 1120, 113, 88]",99.71960689854328,>64,,,,FN
12582,12582.jpg,1,swimmer,,"[1622, 1070, 73, 106]",87.96590248499699,>64,,,,FN
12582,12582.jpg,1,swimmer,,"[1576, 1288, 114, 80]",95.49869109050658,>64,,,,FN
12583,12583.jpg,1,swimmer,,"[1593, 1781, 67, 121]",90.03888049059695,>64,,,,FN
12583,12583.jpg,1,swimmer,,"[1527, 2025, 117, 98]",107.07940978544848,>64,,,,FN
12584,12584.jpg,1,swimmer,,"[1586, 1948, 72, 129]",96.37427042525407,>64,,,,FN
12585,12585.jpg,1,swimmer,,"[1600, 1971, 69, 120]",90.9945053286186,>64,,,,FN
12586,12586.jpg,1,swimmer,,"[1599, 1989, 72, 126]",95.24704719832526,>64,,,,FN
12592,12592.jpg,5,buoy,,"[614, 1617, 20, 26]",22.80350850198276,16-32,,,,FN
12593,12593.jpg,5,buoy,,"[1552, 1572, 19, 29]",23.473389188611005,16-32,,,,FN
12594,12594.jpg,5,buoy,,"[2392, 1563, 20, 28]",23.664319132398465,16-32,,,,FN
12594,12594.jpg,2,boat,,"[1241, 1683, 222, 94]",144.45760623795482,>64,,,,FN
12595,12595.jpg,5,buoy,,"[3649, 1607, 21, 26]",23.366642891095847,16-32,,,,FN
12595,12595.jpg,5,buoy,,"[1110, 1982, 37, 54]",44.69899327725402,32-64,,,,FN
13907,13907.jpg,1,swimmer,,"[737, 260, 39, 59]",47.968739820845826,32-64,,,,FN
13907,13907.jpg,1,swimmer,,"[776, 581, 64, 45]",53.665631459994955,32-64,,,,FN
13907,13907.jpg,1,swimmer,,"[435, 761, 33, 36]",34.46737587922817,32-64,,,,FN
13907,13907.jpg,1,swimmer,,"[945, 183, 38, 49]",43.15089802078283,32-64,,,,FN
13907,13907.jpg,1,swimmer,,"[1317, 676, 41, 65]",51.62363799656123,32-64,,,,FN
13907,13907.jpg,1,swimmer,,"[727, 25, 36, 44]",39.7994974842648,32-64,,,,FN
13908,13908.jpg,1,swimmer,,"[725, 276, 41, 35]",37.881393849751625,32-64,,,,FN
13908,13908.jpg,1,swimmer,,"[783, 576, 49, 46]",47.47630988187688,32-64,,,,FN
13908,13908.jpg,1,swimmer,,"[424, 753, 34, 35]",34.49637662132068,32-64,,,,FN
13908,13908.jpg,1,swimmer,,"[939, 194, 35, 43]",38.79432948254165,32-64,,,,FN
13908,13908.jpg,1,swimmer,,"[1324, 671, 32, 38]",34.87119154832539,32-64,,,,FN
13908,13908.jpg,1,swimmer,,"[725, 28, 31, 38]",34.322004603461025,32-64,,,,FN
13909,13909.jpg,1,swimmer,,"[719, 281, 43, 36]",39.344631145812,32-64,,,,FN
13909,13909.jpg,1,swimmer,,"[774, 579, 51, 46]",48.43552415324934,32-64,,,,FN
13909,13909.jpg,1,swimmer,,"[412, 753, 36, 32]",33.94112549695428,32-64,,,,FN
13909,13909.jpg,1,swimmer,,"[928, 203, 36, 41]",38.41874542459709,32-64,,,,FN
13909,13909.jpg,1,swimmer,,"[1299, 672, 49, 38]",43.15089802078283,32-64,,,,FN
13909,13909.jpg,1,swimmer,,"[727, 29, 28, 32]",29.93325909419153,16-32,,,,FN
13910,13910.jpg,1,swimmer,,"[704, 304, 52, 31]",40.149719799769464,32-64,,,,FN
13910,13910.jpg,1,swimmer,,"[762, 603, 55, 46]",50.299105359837164,32-64,,,,FN
13910,13910.jpg,1,swimmer,,"[403, 779, 36, 33]",34.46737587922817,32-64,,,,FN
13910,13910.jpg,1,swimmer,,"[926, 217, 40, 47]",43.3589667773576,32-64,,,,FN
13910,13910.jpg,1,swimmer,,"[1296, 694, 59, 49]",53.76802023508026,32-64,,,,FN
13910,13910.jpg,1,swimmer,,"[731, 41, 32, 45]",37.94733192202055,32-64,,,,FN
13911,13911.jpg,1,swimmer,,"[704, 361, 51, 32]",40.39801975344831,32-64,,,,FN
13911,13911.jpg,1,swimmer,,"[774, 676, 41, 51]",45.727453460694704,32-64,,,,FN
13911,13911.jpg,1,swimmer,,"[392, 867, 34, 34]",34.0,32-64,,,,FN
13911,13911.jpg,1,swimmer,,"[930, 268, 39, 48]",43.266615305567875,32-64,,,,FN
13911,13911.jpg,1,swimmer,,"[1323, 765, 46, 51]",48.43552415324934,32-64,,,,FN
13911,13911.jpg,1,swimmer,,"[731, 85, 29, 34]",31.400636936215164,16-32,,,,FN
13911,13911.jpg,1,swimmer,,"[332, 5, 34, 36]",34.9857113690718,32-64,,,,FN
13912,13912.jpg,1,swimmer,,"[716, 447, 40, 50]",44.721359549995796,32-64,,,,FN
13912,13912.jpg,1,swimmer,,"[774, 808, 39, 52]",45.033320996790806,32-64,,,,FN
13912,13912.jpg,1,swimmer,,"[375, 1000, 83, 39]",56.894639466297704,32-64,,,,FN
13912,13912.jpg,1,swimmer,,"[939, 362, 32, 38]",34.87119154832539,32-64,,,,FN
13912,13912.jpg,1,swimmer,,"[1338, 899, 63, 52]",57.23635208501674,32-64,,,,FN
13912,13912.jpg,1,swimmer,,"[722, 157, 31, 35]",32.93933818400121,32-64,,,,FN
13912,13912.jpg,1,swimmer,,"[320, 71, 30, 34]",31.937438845342623,16-32,,,,FN
13912,13912.jpg,1,swimmer,,"[617, 24, 38, 45]",41.352146256270665,32-64,,,,FN
13913,13913.jpg,1,swimmer,,"[773, 974, 42, 64]",51.84592558726288,32-64,,,,FN
13913,13913.jpg,1,swimmer,,"[938, 494, 33, 42]",37.22902093797257,32-64,,,,FN
13913,13913.jpg,1,swimmer,,"[719, 263, 29, 36]",32.31098884280702,32-64,,,,FN
13913,13913.jpg,1,swimmer,,"[308, 176, 28, 32]",29.93325909419153,16-32,,,,FN
13913,13913.jpg,1,swimmer,,"[609, 120, 39, 45]",41.892720131306824,32-64,,,,FN
13913,13913.jpg,1,swimmer,,"[639, 24, 33, 41]",36.78314831549904,32-64,,,,FN
13913,13913.jpg,1,swimmer,,"[273, 13, 51, 37]",43.439613257946945,32-64,,,,FN
13914,13914.jpg,1,swimmer,,"[932, 650, 45, 48]",46.475800154489,32-64,,,,FN
13914,13914.jpg,1,swimmer,,"[703, 408, 33, 30]",31.464265445104548,16-32,,,,FN
13914,13914.jpg,1,swimmer,,"[291, 306, 30, 31]",30.495901363953813,16-32,,,,FN
13914,13914.jpg,1,swimmer,,"[603, 248, 40, 47]",43.3589667773576,32-64,,,,FN
13914,13914.jpg,1,swimmer,,"[634, 146, 35, 41]",37.881393849751625,32-64,,,,FN
13914,13914.jpg,1,swimmer,,"[252, 138, 50, 39]",44.15880433163923,32-64,,,,FN
13915,13915.jpg,1,swimmer,,"[934, 835, 39, 48]",43.266615305567875,32-64,,,,FN
13915,13915.jpg,1,swimmer,,"[698, 565, 37, 39]",37.986839826445156,32-64,,,,FN
13915,13915.jpg,1,swimmer,,"[265, 454, 34, 33]",33.49626844888845,32-64,,,,FN
13915,13915.jpg,1,swimmer,,"[592, 396, 43, 50]",46.36809247747852,32-64,,,,FN
13915,13915.jpg,1,swimmer,,"[626, 290, 33, 36]",34.46737587922817,32-64,,,,FN
13915,13915.jpg,1,swimmer,,"[226, 272, 50, 39]",44.15880433163923,32-64,,,,FN
13916,13916.jpg,1,swimmer,,"[703, 748, 37, 37]",37.0,32-64,,,,FN
13916,13916.jpg,1,swimmer,,"[249, 607, 39, 38]",38.49675310984031,32-64,,,,FN
13916,13916.jpg,1,swimmer,,"[591, 558, 46, 54]",49.839743177508446,32-64,,,,FN
13916,13916.jpg,1,swimmer,,"[624, 436, 30, 53]",39.87480407475377,32-64,,,,FN
13916,13916.jpg,1,swimmer,,"[204, 410, 53, 42]",47.18050444834179,32-64,,,,FN
13917,13917.jpg,1,swimmer,,"[696, 940, 40, 36]",37.94733192202055,32-64,,,,FN
13917,13917.jpg,1,swimmer,,"[240, 791, 37, 38]",37.49666651850535,32-64,,,,FN
13917,13917.jpg,1,swimmer,,"[589, 739, 44, 59]",50.950956811427986,32-64,,,,FN
13917,13917.jpg,1,swimmer,,"[616, 610, 34, 50]",41.23105625617661,32-64,,,,FN
13917,13917.jpg,1,swimmer,,"[187, 579, 57, 42]",48.92851929090027,32-64,,,,FN
13918,13918.jpg,1,swimmer,,"[701, 986, 53, 42]",47.18050444834179,32-64,,,,FN
13918,13918.jpg,1,swimmer,,"[256, 834, 36, 34]",34.9857113690718,32-64,,,,FN
13918,13918.jpg,1,swimmer,,"[598, 777, 46, 59]",52.09606511052442,32-64,,,,FN
13918,13918.jpg,1,swimmer,,"[628, 641, 32, 43]",37.094473981982816,32-64,,,,FN
13918,13918.jpg,1,swimmer,,"[194, 611, 59, 42]",49.77951385861457,32-64,,,,FN
13919,13919.jpg,1,swimmer,,"[723, 1004, 43, 51]",46.82947789587238,32-64,,,,FN
13919,13919.jpg,1,swimmer,,"[280, 854, 36, 36]",36.0,32-64,,,,FN
13919,13919.jpg,1,swimmer,,"[609, 799, 45, 59]",51.526692111953004,32-64,,,,FN
13919,13919.jpg,1,swimmer,,"[642, 661, 29, 42]",34.899856733230294,32-64,,,,FN
13919,13919.jpg,1,swimmer,,"[201, 635, 60, 44]",51.38093031466052,32-64,,,,FN
13920,13920.jpg,1,swimmer,,"[712, 1008, 48, 41]",44.36214602563767,32-64,,,,FN
13920,13920.jpg,1,swimmer,,"[286, 859, 30, 34]",31.937438845342623,16-32,,,,FN
13920,13920.jpg,1,swimmer,,"[611, 803, 47, 56]",51.30302135352264,32-64,,,,FN
13920,13920.jpg,1,swimmer,,"[646, 666, 27, 41]",33.27160951922825,32-64,,,,FN
13920,13920.jpg,1,swimmer,,"[199, 641, 58, 46]",51.65268628057983,32-64,,,,FN
13921,13921.jpg,1,swimmer,,"[709, 1008, 50, 52]",50.99019513592785,32-64,,,,FN
13921,13921.jpg,1,swimmer,,"[288, 858, 28, 34]",30.854497241083024,16-32,,,,FN
13921,13921.jpg,1,swimmer,,"[616, 807, 54, 49]",51.43928459844674,32-64,,,,FN
13921,13921.jpg,1,swimmer,,"[647, 665, 30, 40]",34.64101615137755,32-64,,,,FN
13921,13921.jpg,1,swimmer,,"[195, 639, 58, 47]",52.21110992882645,32-64,,,,FN
13922,13922.jpg,1,swimmer,,"[713, 1005, 46, 46]",46.0,32-64,,,,FN
13922,13922.jpg,1,swimmer,,"[287, 852, 28, 35]",31.304951684997057,16-32,,,,FN
13922,13922.jpg,1,swimmer,,"[614, 812, 61, 43]",51.21523210920751,32-64,,,,FN
13922,13922.jpg,1,swimmer,,"[650, 659, 31, 48]",38.57460304397182,32-64,,,,FN
13922,13922.jpg,1,swimmer,,"[190, 632, 59, 47]",52.65928218272634,32-64,,,,FN
13923,13923.jpg,1,swimmer,,"[704, 992, 51, 43]",46.82947789587238,32-64,,,,FN
13923,13923.jpg,1,swimmer,,"[290, 843, 26, 34]",29.732137494637012,16-32,,,,FN
13923,13923.jpg,1,swimmer,,"[615, 806, 59, 42]",49.77951385861457,32-64,,,,FN
13923,13923.jpg,1,swimmer,,"[630, 643, 43, 55]",48.63126566315131,32-64,,,,FN
13923,13923.jpg,1,swimmer,,"[191, 621, 58, 44]",50.51732376126036,32-64,,,,FN
13924,13924.jpg,1,swimmer,,"[695, 981, 51, 40]",45.16635916254486,32-64,,,,FN
13924,13924.jpg,1,swimmer,,"[299, 834, 25, 33]",28.722813232690143,16-32,,,,FN
13924,13924.jpg,1,swimmer,,"[615, 791, 54, 55]",54.49770637375485,32-64,,,,FN
13924,13924.jpg,1,swimmer,,"[631, 639, 42, 51]",46.281745861624536,32-64,,,,FN
13924,13924.jpg,1,swimmer,,"[198, 607, 54, 44]",48.744230427815765,32-64,,,,FN
13925,13925.jpg,1,swimmer,,"[685, 970, 51, 42]",46.281745861624536,32-64,,,,FN
13925,13925.jpg,1,swimmer,,"[308, 825, 26, 37]",31.016124838541646,16-32,,,,FN
13925,13925.jpg,1,swimmer,,"[611, 784, 47, 57]",51.75905717843013,32-64,,,,FN
13925,13925.jpg,1,swimmer,,"[629, 632, 34, 50]",41.23105625617661,32-64,,,,FN
13925,13925.jpg,1,swimmer,,"[200, 595, 54, 46]",49.839743177508446,32-64,,,,FN
13926,13926.jpg,1,swimmer,,"[687, 946, 59, 45]",51.526692111953004,32-64,,,,FN
13926,13926.jpg,1,swimmer,,"[331, 807, 29, 38]",33.19638534539566,32-64,,,,FN
13926,13926.jpg,1,swimmer,,"[623, 777, 46, 52]",48.908077042549934,32-64,,,,FN
13926,13926.jpg,1,swimmer,,"[648, 618, 35, 47]",40.55859958134649,32-64,,,,FN
13926,13926.jpg,1,swimmer,,"[210, 579, 54, 45]",49.29503017546495,32-64,,,,FN
13927,13927.jpg,1,swimmer,,"[758, 919, 60, 57]",58.48076606885378,32-64,,,,FN
13927,13927.jpg,1,swimmer,,"[392, 776, 30, 37]",33.31666249791537,32-64,,,,FN
13927,13927.jpg,1,swimmer,,"[679, 746, 50, 54]",51.96152422706632,32-64,,,,FN
13927,13927.jpg,1,swimmer,,"[710, 592, 35, 48]",40.98780306383839,32-64,,,,FN
13927,13927.jpg,1,swimmer,,"[262, 553, 55, 45]",49.749371855331,32-64,,,,FN
13928,13928.jpg,1,swimmer,,"[863, 820, 54, 54]",54.0,32-64,,,,FN
13928,13928.jpg,1,swimmer,,"[491, 679, 26, 37]",31.016124838541646,16-32,,,,FN
13928,13928.jpg,1,swimmer,,"[779, 659, 53, 53]",53.0,32-64,,,,FN
13928,13928.jpg,1,swimmer,,"[807, 504, 30, 47]",37.54996671103717,32-64,,,,FN
13928,13928.jpg,1,swimmer,,"[352, 456, 50, 52]",50.99019513592785,32-64,,,,FN
13929,13929.jpg,1,swimmer,,"[996, 701, 54, 43]",48.187135212627034,32-64,,,,FN
13929,13929.jpg,1,swimmer,,"[629, 567, 29, 32]",30.463092423455635,16-32,,,,FN
13929,13929.jpg,1,swimmer,,"[912, 554, 59, 55]",56.96490147450446,32-64,,,,FN
13929,13929.jpg,1,swimmer,,"[940, 390, 33, 47]",39.382737335030434,32-64,,,,FN
13929,13929.jpg,1,swimmer,,"[474, 352, 50, 50]",50.0,32-64,,,,FN
13930,13930.jpg,1,swimmer,,"[1148, 664, 59, 47]",52.65928218272634,32-64,,,,FN
13930,13930.jpg,1,swimmer,,"[792, 540, 31, 29]",29.9833287011299,16-32,,,,FN
13930,13930.jpg,1,swimmer,,"[1062, 523, 62, 51]",56.231663678038196,32-64,,,,FN
13930,13930.jpg,1,swimmer,,"[1086, 366, 34, 47]",39.97499218261337,32-64,,,,FN
13930,13930.jpg,1,swimmer,,"[627, 334, 49, 48]",48.49742261192856,32-64,,,,FN
13930,13930.jpg,1,swimmer,,"[1441, 1023, 73, 55]",63.36402764976355,32-64,,,,FN
13931,13931.jpg,1,swimmer,,"[1247, 657, 59, 53]",55.91958512006326,32-64,,,,FN
13931,13931.jpg,1,swimmer,,"[891, 527, 44, 33]",38.1051177665153,32-64,,,,FN
13931,13931.jpg,1,swimmer,,"[1153, 511, 67, 47]",56.1159513863928,32-64,,,,FN
13931,13931.jpg,1,swimmer,,"[1181, 361, 32, 47]",38.781438859330635,32-64,,,,FN
13931,13931.jpg,1,swimmer,,"[716, 328, 52, 49]",50.47771785649585,32-64,,,,FN
13931,13931.jpg,1,swimmer,,"[1547, 1011, 71, 56]",63.05553108173778,32-64,,,,FN
13931,13931.jpg,1,swimmer,,"[1374, 1012, 53, 60]",56.39148871948674,32-64,,,,FN
13932,13932.jpg,1,swimmer,,"[1279, 648, 50, 54]",51.96152422706632,32-64,,,,FN
13932,13932.jpg,1,swimmer,,"[939, 517, 36, 36]",36.0,32-64,,,,FN
13932,13932.jpg,1,swimmer,,"[1187, 507, 59, 46]",52.09606511052442,32-64,,,,FN
13932,13932.jpg,1,swimmer,,"[1214, 359, 34, 47]",39.97499218261337,32-64,,,,FN
13932,13932.jpg,1,swimmer,,"[740, 323, 54, 48]",50.91168824543142,32-64,,,,FN
13932,13932.jpg,1,swimmer,,"[1585, 1001, 63, 51]",56.68333088307355,32-64,,,,FN
13932,13932.jpg,1,swimmer,,"[1395, 1013, 65, 60]",62.44997998398398,32-64,,,,FN
13933,13933.jpg,1,swimmer,,"[1254, 633, 51, 36]",42.8485705712571,32-64,,,,FN
13933,13933.jpg,1,swimmer,,"[910, 493, 42, 50]",45.8257569495584,32-64,,,,FN
13933,13933.jpg,1,swimmer,,"[1162, 495, 60, 48]",53.665631459994955,32-64,,,,FN
13933,13933.jpg,1,swimmer,,"[1197, 346, 31, 45]",37.3496987939662,32-64,,,,FN
13933,13933.jpg,1,swimmer,,"[720, 306, 54, 49]",51.43928459844674,32-64,,,,FN
13933,13933.jpg,1,swimmer,,"[1580, 982, 39, 51]",44.598206241955516,32-64,,,,FN
13933,13933.jpg,1,swimmer,,"[1375, 1005, 63, 40]",50.19960159204453,32-64,,,,FN
13934,13934.jpg,1,swimmer,,"[1198, 614, 38, 45]",41.352146256270665,32-64,,,,FN
13934,13934.jpg,1,swimmer,,"[842, 472, 42, 48]",44.8998886412873,32-64,,,,FN
13934,13934.jpg,1,swimmer,,"[1092, 466, 53, 53]",53.0,32-64,,,,FN
13934,13934.jpg,1,swimmer,,"[1129, 324, 34, 43]",38.23610858861032,32-64,,,,FN
13934,13934.jpg,1,swimmer,,"[656, 284, 52, 48]",49.95998398718719,32-64,,,,FN
13934,13934.jpg,1,swimmer,,"[1506, 955, 38, 48]",42.708313008125245,32-64,,,,FN
13934,13934.jpg,1,swimmer,,"[1300, 961, 60, 47]",53.103672189407014,32-64,,,,FN
13935,13935.jpg,1,swimmer,,"[1093, 590, 37, 44]",40.34848200366403,32-64,,,,FN
13935,13935.jpg,1,swimmer,,"[758, 445, 41, 53]",46.61544808322666,32-64,,,,FN
13935,13935.jpg,1,swimmer,,"[993, 448, 53, 52]",52.49761899362675,32-64,,,,FN
13935,13935.jpg,1,swimmer,,"[1029, 307, 40, 44]",41.95235392680606,32-64,,,,FN
13935,13935.jpg,1,swimmer,,"[575, 283, 52, 46]",48.908077042549934,32-64,,,,FN
13935,13935.jpg,1,swimmer,,"[1404, 930, 36, 42]",38.88444419044716,32-64,,,,FN
13935,13935.jpg,1,swimmer,,"[1203, 931, 54, 59]",56.444663166680336,32-64,,,,FN
13936,13936.jpg,1,swimmer,,"[989, 592, 40, 34]",36.87817782917155,32-64,,,,FN
13936,13936.jpg,1,swimmer,,"[679, 452, 49, 36]",42.0,32-64,,,,FN
13936,13936.jpg,1,swimmer,,"[905, 438, 52, 47]",49.4368283772331,32-64,,,,FN
13936,13936.jpg,1,swimmer,,"[944, 304, 38, 43]",40.422765862815474,32-64,,,,FN
13936,13936.jpg,1,swimmer,,"[513, 302, 52, 37]",43.86342439892262,32-64,,,,FN
13936,13936.jpg,1,swimmer,,"[1312, 921, 37, 42]",39.42080668885405,32-64,,,,FN
13936,13936.jpg,1,swimmer,,"[1125, 951, 41, 38]",39.4715087119811,32-64,,,,FN
13937,13937.jpg,1,swimmer,,"[947, 606, 37, 50]",43.01162633521314,32-64,,,,FN
13937,13937.jpg,1,swimmer,,"[646, 471, 54, 37]",44.69899327725402,32-64,,,,FN
13937,13937.jpg,1,swimmer,,"[872, 449, 45, 47]",45.98912915026767,32-64,,,,FN
13937,13937.jpg,1,swimmer,,"[906, 327, 57, 42]",48.92851929090027,32-64,,,,FN
13937,13937.jpg,1,swimmer,,"[493, 333, 46, 38]",41.80908992073375,32-64,,,,FN
13937,13937.jpg,1,swimmer,,"[1248, 933, 57, 47]",51.75905717843013,32-64,,,,FN
13937,13937.jpg,1,swimmer,,"[1078, 970, 38, 33]",35.41186241925155,32-64,,,,FN
13938,13938.jpg,1,swimmer,,"[938, 678, 34, 46]",39.54743986657038,32-64,,,,FN
13938,13938.jpg,1,swimmer,,"[642, 557, 56, 44]",49.63869458396343,32-64,,,,FN
13938,13938.jpg,1,swimmer,,"[860, 533, 43, 44]",43.497126341863094,32-64,,,,FN
13938,13938.jpg,1,swimmer,,"[891, 418, 99, 45]",66.74578638386096,>64,,,,FN
13938,13938.jpg,1,swimmer,,"[481, 429, 41, 43]",41.98809355043403,32-64,,,,FN
13938,13938.jpg,1,swimmer,,"[1233, 1007, 55, 64]",59.329587896765304,32-64,,,,FN
13939,13939.jpg,1,swimmer,,"[939, 908, 40, 44]",41.95235392680606,32-64,,,,FN
13939,13939.jpg,1,swimmer,,"[662, 778, 42, 36]",38.88444419044716,32-64,,,,FN
13939,13939.jpg,1,swimmer,,"[866, 754, 43, 46]",44.474711915874174,32-64,,,,FN
13939,13939.jpg,1,swimmer,,"[901, 637, 100, 49]",70.0,>64,,,,FN
13939,13939.jpg,1,swimmer,,"[479, 644, 41, 45]",42.95346318982906,32-64,,,,FN
13940,13940.jpg,1,swimmer,,"[967, 919, 37, 53]",44.28317965096906,32-64,,,,FN
13940,13940.jpg,1,swimmer,,"[691, 790, 35, 33]",33.98529093593286,32-64,,,,FN
13940,13940.jpg,1,swimmer,,"[893, 767, 40, 55]",46.9041575982343,32-64,,,,FN
13940,13940.jpg,1,swimmer,,"[922, 651, 106, 49]",72.069410986909,>64,,,,FN
13940,13940.jpg,1,swimmer,,"[498, 654, 42, 39]",40.47221268969612,32-64,,,,FN
13941,13941.jpg,1,swimmer,,"[986, 936, 33, 46]",38.961519477556315,32-64,,,,FN
13941,13941.jpg,1,swimmer,,"[712, 794, 31, 34]",32.46536616149585,32-64,,,,FN
13941,13941.jpg,1,swimmer,,"[912, 774, 38, 57]",46.54030511288038,32-64,,,,FN
13941,13941.jpg,1,swimmer,,"[935, 664, 108, 43]",68.14690014960328,>64,,,,FN
13941,13941.jpg,1,swimmer,,"[528, 657, 40, 34]",36.87817782917155,32-64,,,,FN
13942,13942.jpg,1,swimmer,,"[979, 943, 40, 65]",50.99019513592785,32-64,,,,FN
13942,13942.jpg,1,swimmer,,"[717, 794, 33, 42]",37.22902093797257,32-64,,,,FN
13942,13942.jpg,1,swimmer,,"[910, 776, 39, 55]",46.314144707637645,32-64,,,,FN
13942,13942.jpg,1,swimmer,,"[939, 666, 108, 42]",67.34983296193094,>64,,,,FN
13942,13942.jpg,1,swimmer,,"[538, 655, 44, 34]",38.67815921162743,32-64,,,,FN
13943,13943.jpg,1,swimmer,,"[978, 926, 34, 53]",42.44997055358225,32-64,,,,FN
13943,13943.jpg,1,swimmer,,"[720, 777, 52, 38]",44.45222154178574,32-64,,,,FN
13943,13943.jpg,1,swimmer,,"[910, 760, 37, 51]",43.439613257946945,32-64,,,,FN
13943,13943.jpg,1,swimmer,,"[934, 642, 106, 44]",68.2934843158555,>64,,,,FN
13943,13943.jpg,1,swimmer,,"[549, 639, 44, 35]",39.242833740697165,32-64,,,,FN
13944,13944.jpg,1,swimmer,,"[962, 867, 30, 44]",36.3318042491699,32-64,,,,FN
13944,13944.jpg,1,swimmer,,"[720, 724, 44, 36]",39.7994974842648,32-64,,,,FN
13944,13944.jpg,1,swimmer,,"[898, 703, 40, 51]",45.16635916254486,32-64,,,,FN
13944,13944.jpg,1,swimmer,,"[922, 588, 104, 43]",66.87301398920195,>64,,,,FN
13944,13944.jpg,1,swimmer,,"[547, 589, 43, 34]",38.23610858861032,32-64,,,,FN
13945,13945.jpg,1,swimmer,,"[945, 830, 30, 47]",37.54996671103717,32-64,,,,FN
13945,13945.jpg,1,swimmer,,"[713, 694, 40, 32]",35.77708763999664,32-64,,,,FN
13945,13945.jpg,1,swimmer,,"[886, 669, 38, 50]",43.58898943540674,32-64,,,,FN
13945,13945.jpg,1,swimmer,,"[910, 559, 103, 42]",65.7723346096214,>64,,,,FN
13945,13945.jpg,1,swimmer,,"[535, 558, 42, 37]",39.42080668885405,32-64,,,,FN
13946,13946.jpg,1,swimmer,,"[907, 774, 34, 52]",42.04759208325728,32-64,,,,FN
13946,13946.jpg,1,swimmer,,"[683, 645, 41, 32]",36.22154055254967,32-64,,,,FN
13946,13946.jpg,1,swimmer,,"[851, 621, 37, 49]",42.579337712087536,32-64,,,,FN
13946,13946.jpg,1,swimmer,,"[878, 518, 102, 42]",65.45227268781429,>64,,,,FN
13946,13946.jpg,1,swimmer,,"[508, 515, 42, 35]",38.34057902536163,32-64,,,,FN
13947,13947.jpg,1,swimmer,,"[849, 704, 31, 41]",35.651086939951774,32-64,,,,FN
13947,13947.jpg,1,swimmer,,"[636, 577, 40, 37]",38.47076812334269,32-64,,,,FN
13947,13947.jpg,1,swimmer,,"[795, 561, 38, 45]",41.352146256270665,32-64,,,,FN
13947,13947.jpg,1,swimmer,,"[825, 464, 101, 42]",65.13063795173512,>64,,,,FN
13947,13947.jpg,1,swimmer,,"[465, 458, 41, 33]",36.78314831549904,32-64,,,,FN
13947,13947.jpg,1,swimmer,,"[1096, 978, 99, 77]",87.30979326513149,>64,,,,FN
13947,13947.jpg,1,swimmer,,"[929, 981, 60, 50]",54.772255750516614,32-64,,,,FN
13948,13948.jpg,1,swimmer,,"[781, 625, 30, 43]",35.91656999213594,32-64,,,,FN
13948,13948.jpg,1,swimmer,,"[581, 505, 31, 35]",32.93933818400121,32-64,,,,FN
13948,13948.jpg,1,swimmer,,"[742, 490, 31, 41]",35.651086939951774,32-64,,,,FN
13948,13948.jpg,1,swimmer,,"[768, 402, 90, 38]",58.48076606885378,32-64,,,,FN
13948,13948.jpg,1,swimmer,,"[417, 384, 36, 35]",35.4964786985977,32-64,,,,FN
13948,13948.jpg,1,swimmer,,"[1030, 882, 92, 64]",76.7333043730035,>64,,,,FN
13948,13948.jpg,1,swimmer,,"[873, 880, 37, 34]",35.4682957019364,32-64,,,,FN
13949,13949.jpg,1,swimmer,,"[743, 573, 29, 46]",36.52396473549935,32-64,,,,FN
13949,13949.jpg,1,swimmer,,"[553, 468, 38, 36]",36.98648401781386,32-64,,,,FN
13949,13949.jpg,1,swimmer,,"[707, 450, 30, 41]",35.07135583350036,32-64,,,,FN
13949,13949.jpg,1,swimmer,,"[738, 372, 81, 32]",50.91168824543142,32-64,,,,FN
13949,13949.jpg,1,swimmer,,"[390, 345, 37, 42]",39.42080668885405,32-64,,,,FN
13949,13949.jpg,1,swimmer,,"[994, 826, 53, 64]",58.240879114244144,32-64,,,,FN
13949,13949.jpg,1,swimmer,,"[826, 818, 37, 40]",38.47076812334269,32-64,,,,FN
13950,13950.jpg,1,swimmer,,"[731, 575, 24, 36]",29.393876913398138,16-32,,,,FN
13950,13950.jpg,1,swimmer,,"[545, 467, 35, 36]",35.4964786985977,32-64,,,,FN
13950,13950.jpg,1,swimmer,,"[691, 448, 33, 41]",36.78314831549904,32-64,,,,FN
13950,13950.jpg,1,swimmer,,"[730, 375, 71, 29]",45.37620521815371,32-64,,,,FN
13950,13950.jpg,1,swimmer,,"[378, 345, 49, 47]",47.989582202807306,32-64,,,,FN
13950,13950.jpg,1,swimmer,,"[992, 821, 47, 63]",54.415071441651165,32-64,,,,FN
13950,13950.jpg,1,swimmer,,"[818, 802, 31, 46]",37.76241517699841,32-64,,,,FN
13951,13951.jpg,1,swimmer,,"[736, 576, 27, 39]",32.449961479175904,32-64,,,,FN
13951,13951.jpg,1,swimmer,,"[555, 470, 36, 36]",36.0,32-64,,,,FN
13951,13951.jpg,1,swimmer,,"[698, 448, 35, 40]",37.416573867739416,32-64,,,,FN
13951,13951.jpg,1,swimmer,,"[740, 376, 44, 30]",36.3318042491699,32-64,,,,FN
13951,13951.jpg,1,swimmer,,"[382, 344, 44, 41]",42.473521163190604,32-64,,,,FN
13951,13951.jpg,1,swimmer,,"[999, 819, 42, 58]",49.35585071701227,32-64,,,,FN
13951,13951.jpg,1,swimmer,,"[829, 812, 28, 35]",31.304951684997057,16-32,,,,FN
13952,13952.jpg,1,swimmer,,"[822, 569, 28, 50]",37.416573867739416,32-64,,,,FN
13952,13952.jpg,1,swimmer,,"[646, 453, 38, 37]",37.49666651850535,32-64,,,,FN
13952,13952.jpg,1,swimmer,,"[779, 437, 51, 43]",46.82947789587238,32-64,,,,FN
13952,13952.jpg,1,swimmer,,"[841, 370, 33, 32]",32.49615361854384,32-64,,,,FN
13952,13952.jpg,1,swimmer,,"[466, 314, 62, 56]",58.92367945062494,32-64,,,,FN
13952,13952.jpg,1,swimmer,,"[1068, 821, 51, 56]",53.44155686354955,32-64,,,,FN
13952,13952.jpg,1,swimmer,,"[889, 806, 39, 31]",34.77067730142742,32-64,,,,FN
13953,13953.jpg,1,swimmer,,"[1018, 560, 35, 39]",36.945906403822335,32-64,,,,FN
13953,13953.jpg,1,swimmer,,"[877, 412, 40, 35]",37.416573867739416,32-64,,,,FN
13953,13953.jpg,1,swimmer,,"[1008, 425, 55, 47]",50.84289527554464,32-64,,,,FN
13953,13953.jpg,1,swimmer,,"[1087, 372, 30, 31]",30.495901363953813,16-32,,,,FN
13953,13953.jpg,1,swimmer,,"[734, 243, 57, 41]",48.342527861087284,32-64,,,,FN
13953,13953.jpg,1,swimmer,,"[1211, 862, 54, 55]",54.49770637375485,32-64,,,,FN
13953,13953.jpg,1,swimmer,,"[1030, 795, 58, 48]",52.76362383309168,32-64,,,,FN
13954,13954.jpg,1,swimmer,,"[1225, 597, 42, 41]",41.49698784249286,32-64,,,,FN
13954,13954.jpg,1,swimmer,,"[1135, 423, 40, 30]",34.64101615137755,32-64,,,,FN
13954,13954.jpg,1,swimmer,,"[1255, 466, 53, 45]",48.83646178829912,32-64,,,,FN
13954,13954.jpg,1,swimmer,,"[1353, 431, 30, 29]",29.49576240750525,16-32,,,,FN
13954,13954.jpg,1,swimmer,,"[1037, 228, 47, 40]",43.3589667773576,32-64,,,,FN
13954,13954.jpg,1,swimmer,,"[1366, 951, 48, 76]",60.398675482166,32-64,,,,FN
13954,13954.jpg,1,swimmer,,"[1191, 833, 67, 51]",58.45511098270193,32-64,,,,FN
13955,13955.jpg,1,swimmer,,"[1424, 684, 45, 40]",42.42640687119285,32-64,,,,FN
13955,13955.jpg,1,swimmer,,"[1368, 491, 45, 35]",39.68626966596886,32-64,,,,FN
13955,13955.jpg,1,swimmer,,"[1489, 550, 50, 47]",48.47679857416329,32-64,,,,FN
13955,13955.jpg,1,swimmer,,"[1595, 538, 33, 30]",31.464265445104548,16-32,,,,FN
13955,13955.jpg,1,swimmer,,"[1312, 275, 46, 43]",44.474711915874174,32-64,,,,FN
13955,13955.jpg,1,swimmer,,"[1326, 924, 77, 41]",56.18718715152058,32-64,,,,FN
13956,13956.jpg,1,swimmer,,"[1554, 751, 44, 34]",38.67815921162743,32-64,,,,FN
13956,13956.jpg,1,swimmer,,"[1516, 556, 51, 36]",42.8485705712571,32-64,,,,FN
13956,13956.jpg,1,swimmer,,"[1641, 622, 46, 46]",46.0,32-64,,,,FN
13956,13956.jpg,1,swimmer,,"[1751, 622, 34, 32]",32.984845004941285,32-64,,,,FN
13956,13956.jpg,1,swimmer,,"[1483, 329, 48, 49]",48.49742261192856,32-64,,,,FN
13956,13956.jpg,1,swimmer,,"[1426, 990, 74, 40]",54.405882034941776,32-64,,,,FN
13957,13957.jpg,1,swimmer,,"[1597, 750, 50, 38]",43.58898943540674,32-64,,,,FN
13957,13957.jpg,1,swimmer,,"[1575, 566, 42, 32]",36.66060555964672,32-64,,,,FN
13957,13957.jpg,1,swimmer,,"[1701, 624, 39, 44]",41.42463035441596,32-64,,,,FN
13957,13957.jpg,1,swimmer,,"[1814, 629, 31, 35]",32.93933818400121,32-64,,,,FN
13957,13957.jpg,1,swimmer,,"[1532, 338, 45, 50]",47.43416490252569,32-64,,,,FN
13957,13957.jpg,1,swimmer,,"[1483, 995, 74, 39]",53.72150407425317,32-64,,,,FN
13958,13958.jpg,1,swimmer,,"[1645, 757, 44, 33]",38.1051177665153,32-64,,,,FN
13958,13958.jpg,1,swimmer,,"[1607, 565, 28, 36]",31.74901573277509,16-32,,,,FN
13958,13958.jpg,1,swimmer,,"[1736, 623, 35, 43]",38.79432948254165,32-64,,,,FN
13958,13958.jpg,1,swimmer,,"[1846, 628, 37, 40]",38.47076812334269,32-64,,,,FN
13958,13958.jpg,1,swimmer,,"[1556, 337, 46, 52]",48.908077042549934,32-64,,,,FN
13958,13958.jpg,1,swimmer,,"[1516, 995, 71, 38]",51.94227565288221,32-64,,,,FN
13959,13959.jpg,1,swimmer,,"[1664, 738, 36, 31]",33.406586176980134,32-64,,,,FN
13959,13959.jpg,1,swimmer,,"[1615, 550, 31, 35]",32.93933818400121,32-64,,,,FN
13959,13959.jpg,1,swimmer,,"[1746, 602, 37, 43]",39.88734135035826,32-64,,,,FN
13959,13959.jpg,1,swimmer,,"[1861, 618, 37, 40]",38.47076812334269,32-64,,,,FN
13959,13959.jpg,1,swimmer,,"[1573, 316, 43, 55]",48.63126566315131,32-64,,,,FN
13959,13959.jpg,1,swimmer,,"[1522, 970, 79, 43]",58.283788483591216,32-64,,,,FN
13960,13960.jpg,1,swimmer,,"[1638, 683, 37, 33]",34.942810419312295,32-64,,,,FN
13960,13960.jpg,1,swimmer,,"[1590, 499, 34, 42]",37.78888725538237,32-64,,,,FN
13960,13960.jpg,1,swimmer,,"[1721, 552, 39, 42]",40.47221268969612,32-64,,,,FN
13960,13960.jpg,1,swimmer,,"[1843, 579, 37, 40]",38.47076812334269,32-64,,,,FN
13960,13960.jpg,1,swimmer,,"[1557, 266, 42, 52]",46.73328578219169,32-64,,,,FN
13960,13960.jpg,1,swimmer,,"[1521, 905, 61, 68]",64.40496875241847,>64,,,,FN
13961,13961.jpg,1,swimmer,,"[1582, 601, 40, 31]",35.21363372331802,32-64,,,,FN
13961,13961.jpg,1,swimmer,,"[1544, 431, 37, 42]",39.42080668885405,32-64,,,,FN
13961,13961.jpg,1,swimmer,,"[1669, 479, 39, 38]",38.49675310984031,32-64,,,,FN
13961,13961.jpg,1,swimmer,,"[1795, 512, 37, 38]",37.49666651850535,32-64,,,,FN
13961,13961.jpg,1,swimmer,,"[1510, 205, 43, 56]",49.07137658554119,32-64,,,,FN
13961,13961.jpg,1,swimmer,,"[1481, 820, 45, 47]",45.98912915026767,32-64,,,,FN
13961,13961.jpg,1,swimmer,,"[1619, 946, 39, 64]",49.95998398718719,32-64,,,,FN
13961,13961.jpg,1,swimmer,,"[762, 973, 32, 33]",32.49615361854384,32-64,,,,FN
13962,13962.jpg,1,swimmer,,"[1534, 529, 37, 29]",32.7566787083184,32-64,,,,FN
13962,13962.jpg,1,swimmer,,"[1500, 367, 36, 44]",39.7994974842648,32-64,,,,FN
13962,13962.jpg,1,swimmer,,"[1617, 421, 38, 28]",32.61901286060018,32-64,,,,FN
13962,13962.jpg,1,swimmer,,"[1734, 446, 38, 36]",36.98648401781386,32-64,,,,FN
13962,13962.jpg,1,swimmer,,"[1464, 155, 43, 50]",46.36809247747852,32-64,,,,FN
13962,13962.jpg,1,swimmer,,"[1411, 742, 49, 36]",42.0,32-64,,,,FN
13962,13962.jpg,1,swimmer,,"[1548, 856, 37, 49]",42.579337712087536,32-64,,,,FN
13962,13962.jpg,1,swimmer,,"[706, 881, 31, 30]",30.495901363953813,16-32,,,,FN
13963,13963.jpg,1,swimmer,,"[1427, 454, 36, 31]",33.406586176980134,32-64,,,,FN
13963,13963.jpg,1,swimmer,,"[1403, 301, 41, 45]",42.95346318982906,32-64,,,,FN
13963,13963.jpg,1,swimmer,,"[1520, 346, 36, 30]",32.863353450309965,32-64,,,,FN
13963,13963.jpg,1,swimmer,,"[1630, 374, 37, 38]",37.49666651850535,32-64,,,,FN
13963,13963.jpg,1,swimmer,,"[1379, 103, 41, 43]",41.98809355043403,32-64,,,,FN
13963,13963.jpg,1,swimmer,,"[1308, 655, 56, 34]",43.634848458542855,32-64,,,,FN
13963,13963.jpg,1,swimmer,,"[1425, 754, 51, 59]",54.85435260760991,32-64,,,,FN
13963,13963.jpg,1,swimmer,,"[1012, 955, 53, 48]",50.438080851673966,32-64,,,,FN
13963,13963.jpg,1,swimmer,,"[621, 804, 30, 30]",30.0,16-32,,,,FN
13964,13964.jpg,1,swimmer,,"[1344, 393, 37, 28]",32.18695387886216,32-64,,,,FN
13964,13964.jpg,1,swimmer,,"[1312, 253, 42, 39]",40.47221268969612,32-64,,,,FN
13964,13964.jpg,1,swimmer,,"[1435, 295, 35, 31]",32.93933818400121,32-64,,,,FN
13964,13964.jpg,1,swimmer,,"[1539, 330, 39, 36]",37.469987990390386,32-64,,,,FN
13964,13964.jpg,1,swimmer,,"[1310, 68, 42, 43]",42.49705872175156,32-64,,,,FN
13964,13964.jpg,1,swimmer,,"[1219, 602, 39, 34]",36.41428291206625,32-64,,,,FN
13964,13964.jpg,1,swimmer,,"[1344, 688, 39, 65]",50.34878350069642,32-64,,,,FN
13964,13964.jpg,1,swimmer,,"[907, 881, 59, 45]",51.526692111953004,32-64,,,,FN
13964,13964.jpg,1,swimmer,,"[535, 739, 30, 29]",29.49576240750525,16-32,,,,FN
13964,13964.jpg,1,swimmer,,"[1308, 68, 40, 44]",41.95235392680606,32-64,,,,FN
13965,13965.jpg,1,swimmer,,"[1250, 45, 40, 38]",38.98717737923585,32-64,,,,FN
13965,13965.jpg,1,swimmer,,"[1247, 222, 40, 40]",40.0,32-64,,,,FN
13965,13965.jpg,1,swimmer,,"[1367, 266, 40, 29]",34.058772731852805,32-64,,,,FN
13965,13965.jpg,1,swimmer,,"[1474, 308, 33, 36]",34.46737587922817,32-64,,,,FN
13965,13965.jpg,1,swimmer,,"[1270, 355, 41, 27]",33.27160951922825,32-64,,,,FN
13965,13965.jpg,1,swimmer,,"[1147, 561, 34, 38]",35.94440151122286,32-64,,,,FN
13965,13965.jpg,1,swimmer,,"[1267, 640, 35, 58]",45.05552130427524,32-64,,,,FN
13965,13965.jpg,1,swimmer,,"[468, 687, 30, 27]",28.460498941515414,16-32,,,,FN
13965,13965.jpg,1,swimmer,,"[827, 833, 68, 43]",54.0740233383831,32-64,,,,FN
13966,13966.jpg,1,swimmer,,"[1203, 43, 36, 33]",34.46737587922817,32-64,,,,FN
13966,13966.jpg,1,swimmer,,"[1193, 215, 42, 37]",39.42080668885405,32-64,,,,FN
13966,13966.jpg,1,swimmer,,"[1322, 259, 38, 29]",33.19638534539566,32-64,,,,FN
13966,13966.jpg,1,swimmer,,"[1427, 306, 35, 33]",33.98529093593286,32-64,,,,FN
13966,13966.jpg,1,swimmer,,"[1222, 351, 38, 25]",30.822070014844883,16-32,,,,FN
13966,13966.jpg,1,swimmer,,"[1097, 547, 50, 44]",46.9041575982343,32-64,,,,FN
13966,13966.jpg,1,swimmer,,"[1221, 629, 36, 48]",41.569219381653056,32-64,,,,FN
13966,13966.jpg,1,swimmer,,"[429, 679, 28, 30]",28.982753492378876,16-32,,,,FN
13966,13966.jpg,1,swimmer,,"[793, 821, 67, 43]",53.67494760127857,32-64,,,,FN
13967,13967.jpg,1,swimmer,,"[1194, 43, 35, 31]",32.93933818400121,32-64,,,,FN
13967,13967.jpg,1,swimmer,,"[1179, 218, 38, 33]",35.41186241925155,32-64,,,,FN
13967,13967.jpg,1,swimmer,,"[1312, 261, 38, 28]",32.61901286060018,32-64,,,,FN
13967,13967.jpg,1,swimmer,,"[1419, 293, 33, 51]",41.02438299353203,32-64,,,,FN
13967,13967.jpg,1,swimmer,,"[1209, 352, 43, 26]",33.436506994600975,32-64,,,,FN
13967,13967.jpg,1,swimmer,,"[1089, 542, 44, 37]",40.34848200366403,32-64,,,,FN
13967,13967.jpg,1,swimmer,,"[1200, 617, 41, 61]",50.00999900019995,32-64,,,,FN
13967,13967.jpg,1,swimmer,,"[421, 674, 27, 28]",27.49545416973504,16-32,,,,FN
13967,13967.jpg,1,swimmer,,"[799, 822, 51, 39]",44.598206241955516,32-64,,,,FN
13968,13968.jpg,1,swimmer,,"[1190, 46, 34, 30]",31.937438845342623,16-32,,,,FN
13968,13968.jpg,1,swimmer,,"[1171, 219, 42, 36]",38.88444419044716,32-64,,,,FN
13968,13968.jpg,1,swimmer,,"[1309, 261, 36, 27]",31.176914536239792,16-32,,,,FN
13968,13968.jpg,1,swimmer,,"[1407, 296, 34, 55]",43.243496620879306,32-64,,,,FN
13968,13968.jpg,1,swimmer,,"[1201, 357, 41, 26]",32.64965543462902,32-64,,,,FN
13968,13968.jpg,1,swimmer,,"[1079, 548, 37, 40]",38.47076812334269,32-64,,,,FN
13968,13968.jpg,1,swimmer,,"[1191, 619, 34, 59]",44.78839135311738,32-64,,,,FN
13968,13968.jpg,1,swimmer,,"[416, 665, 29, 31]",29.9833287011299,16-32,,,,FN
13968,13968.jpg,1,swimmer,,"[788, 831, 43, 32]",37.094473981982816,32-64,,,,FN
13969,13969.jpg,1,swimmer,,"[1190, 48, 35, 24]",28.982753492378876,16-32,,,,FN
13969,13969.jpg,1,swimmer,,"[1169, 218, 41, 34]",37.33630940518894,32-64,,,,FN
13969,13969.jpg,1,swimmer,,"[1307, 258, 37, 28]",32.18695387886216,32-64,,,,FN
13969,13969.jpg,1,swimmer,,"[1403, 295, 34, 59]",44.78839135311738,32-64,,,,FN
13969,13969.jpg,1,swimmer,,"[1202, 356, 36, 26]",30.59411708155671,16-32,,,,FN
13969,13969.jpg,1,swimmer,,"[1072, 549, 46, 42]",43.95452195167182,32-64,,,,FN
13969,13969.jpg,1,swimmer,,"[1182, 624, 35, 41]",37.881393849751625,32-64,,,,FN
13969,13969.jpg,1,swimmer,,"[411, 657, 28, 29]",28.495613697550013,16-32,,,,FN
13969,13969.jpg,1,swimmer,,"[775, 821, 47, 40]",43.3589667773576,32-64,,,,FN
13970,13970.jpg,1,swimmer,,"[1194, 45, 34, 22]",27.349588662354687,16-32,,,,FN
13970,13970.jpg,1,swimmer,,"[1170, 213, 45, 38]",41.352146256270665,32-64,,,,FN
13970,13970.jpg,1,swimmer,,"[1309, 253, 36, 31]",33.406586176980134,32-64,,,,FN
13970,13970.jpg,1,swimmer,,"[1407, 302, 33, 55]",42.60281680828159,32-64,,,,FN
13970,13970.jpg,1,swimmer,,"[1201, 349, 29, 33]",30.93541659651604,16-32,,,,FN
13970,13970.jpg,1,swimmer,,"[1066, 549, 56, 46]",50.75431016179808,32-64,,,,FN
13970,13970.jpg,1,swimmer,,"[1179, 627, 40, 33]",36.3318042491699,32-64,,,,FN
13970,13970.jpg,1,swimmer,,"[402, 658, 30, 28]",28.982753492378876,16-32,,,,FN
13970,13970.jpg,1,swimmer,,"[764, 816, 46, 44]",44.98888751680797,32-64,,,,FN
13971,13971.jpg,1,swimmer,,"[1200, 43, 32, 22]",26.5329983228432,16-32,,,,FN
13971,13971.jpg,1,swimmer,,"[1173, 215, 25, 32]",28.284271247461902,16-32,,,,FN
13971,13971.jpg,1,swimmer,,"[1318, 252, 36, 29]",32.31098884280702,32-64,,,,FN
13971,13971.jpg,1,swimmer,,"[1407, 304, 38, 59]",47.34976240700686,32-64,,,,FN
13971,13971.jpg,1,swimmer,,"[1200, 341, 30, 47]",37.54996671103717,32-64,,,,FN
13971,13971.jpg,1,swimmer,,"[1065, 551, 59, 46]",52.09606511052442,32-64,,,,FN
13971,13971.jpg,1,swimmer,,"[1178, 626, 45, 33]",38.535697735995385,32-64,,,,FN
13971,13971.jpg,1,swimmer,,"[400, 651, 31, 30]",30.495901363953813,16-32,,,,FN
13971,13971.jpg,1,swimmer,,"[760, 818, 46, 51]",48.43552415324934,32-64,,,,FN
13972,13972.jpg,1,swimmer,,"[1203, 40, 33, 22]",26.94438717061496,16-32,,,,FN
13972,13972.jpg,1,swimmer,,"[1177, 215, 24, 28]",25.92296279363144,16-32,,,,FN
13972,13972.jpg,1,swimmer,,"[1326, 249, 36, 28]",31.74901573277509,16-32,,,,FN
13972,13972.jpg,1,swimmer,,"[1415, 304, 38, 59]",47.34976240700686,32-64,,,,FN
13972,13972.jpg,1,swimmer,,"[1206, 343, 28, 39]",33.04542328371661,32-64,,,,FN
13972,13972.jpg,1,swimmer,,"[1071, 548, 38, 39]",38.49675310984031,32-64,,,,FN
13972,13972.jpg,1,swimmer,,"[1183, 623, 45, 33]",38.535697735995385,32-64,,,,FN
13972,13972.jpg,1,swimmer,,"[388, 650, 28, 32]",29.93325909419153,16-32,,,,FN
13972,13972.jpg,1,swimmer,,"[760, 821, 44, 56]",49.63869458396343,32-64,,,,FN
13973,13973.jpg,1,swimmer,,"[1208, 42, 34, 23]",27.964262908219126,16-32,,,,FN
13973,13973.jpg,1,swimmer,,"[1183, 210, 25, 29]",26.92582403567252,16-32,,,,FN
13973,13973.jpg,1,swimmer,,"[1336, 247, 34, 27]",30.298514815086232,16-32,,,,FN
13973,13973.jpg,1,swimmer,,"[1419, 302, 42, 65]",52.24940191045253,32-64,,,,FN
13973,13973.jpg,1,swimmer,,"[1212, 344, 32, 34]",32.984845004941285,32-64,,,,FN
13973,13973.jpg,1,swimmer,,"[1078, 549, 28, 27]",27.49545416973504,16-32,,,,FN
13973,13973.jpg,1,swimmer,,"[1194, 616, 45, 33]",38.535697735995385,32-64,,,,FN
13973,13973.jpg,1,swimmer,,"[380, 645, 32, 32]",32.0,32-64,,,,FN
13973,13973.jpg,1,swimmer,,"[767, 822, 36, 54]",44.090815370097204,32-64,,,,FN
13974,13974.jpg,1,swimmer,,"[1217, 44, 34, 22]",27.349588662354687,16-32,,,,FN
13974,13974.jpg,1,swimmer,,"[1189, 207, 28, 29]",28.495613697550013,16-32,,,,FN
13974,13974.jpg,1,swimmer,,"[1345, 240, 30, 30]",30.0,16-32,,,,FN
13974,13974.jpg,1,swimmer,,"[1427, 302, 44, 66]",53.88877434122992,32-64,,,,FN
13974,13974.jpg,1,swimmer,,"[1221, 336, 31, 32]",31.496031496047245,16-32,,,,FN
13974,13974.jpg,1,swimmer,,"[1083, 548, 28, 26]",26.981475126464083,16-32,,,,FN
13974,13974.jpg,1,swimmer,,"[1203, 610, 46, 32]",38.36665218650175,32-64,,,,FN
13974,13974.jpg,1,swimmer,,"[373, 639, 44, 59]",50.950956811427986,32-64,,,,FN
13974,13974.jpg,1,swimmer,,"[770, 817, 36, 52]",43.266615305567875,32-64,,,,FN
13975,13975.jpg,1,swimmer,,"[1223, 25, 39, 39]",39.0,32-64,,,,FN
13975,13975.jpg,1,swimmer,,"[1198, 204, 29, 27]",27.982137159266443,16-32,,,,FN
13975,13975.jpg,1,swimmer,,"[1358, 237, 27, 31]",28.930952282978865,16-32,,,,FN
13975,13975.jpg,1,swimmer,,"[1437, 302, 46, 65]",54.680892457969264,32-64,,,,FN
13975,13975.jpg,1,swimmer,,"[1228, 332, 32, 29]",30.463092423455635,16-32,,,,FN
13975,13975.jpg,1,swimmer,,"[1092, 544, 27, 25]",25.98076211353316,16-32,,,,FN
13975,13975.jpg,1,swimmer,,"[1215, 603, 46, 34]",39.54743986657038,32-64,,,,FN
13975,13975.jpg,1,swimmer,,"[375, 634, 45, 55]",49.749371855331,32-64,,,,FN
13975,13975.jpg,1,swimmer,,"[772, 807, 41, 55]",47.486840282335066,32-64,,,,FN
13976,13976.jpg,1,swimmer,,"[1233, 17, 38, 45]",41.352146256270665,32-64,,,,FN
13976,13976.jpg,1,swimmer,,"[1208, 204, 27, 27]",27.0,16-32,,,,FN
13976,13976.jpg,1,swimmer,,"[1369, 234, 30, 32]",30.983866769659336,16-32,,,,FN
13976,13976.jpg,1,swimmer,,"[1444, 298, 48, 67]",56.7097875150313,32-64,,,,FN
13976,13976.jpg,1,swimmer,,"[1231, 329, 47, 29]",36.91882988394946,32-64,,,,FN
13976,13976.jpg,1,swimmer,,"[1098, 540, 26, 26]",26.0,16-32,,,,FN
13976,13976.jpg,1,swimmer,,"[1224, 596, 49, 35]",41.41255848169731,32-64,,,,FN
13976,13976.jpg,1,swimmer,,"[379, 632, 39, 62]",49.17316341257699,32-64,,,,FN
13976,13976.jpg,1,swimmer,,"[779, 803, 41, 56]",47.916594202843754,32-64,,,,FN
13977,13977.jpg,1,swimmer,,"[1242, 8, 35, 48]",40.98780306383839,32-64,,,,FN
13977,13977.jpg,1,swimmer,,"[1218, 205, 27, 27]",27.0,16-32,,,,FN
13977,13977.jpg,1,swimmer,,"[1369, 225, 42, 33]",37.22902093797257,32-64,,,,FN
13977,13977.jpg,1,swimmer,,"[1449, 295, 51, 67]",58.45511098270193,32-64,,,,FN
13977,13977.jpg,1,swimmer,,"[1245, 329, 33, 29]",30.93541659651604,16-32,,,,FN
13977,13977.jpg,1,swimmer,,"[1106, 537, 28, 28]",28.0,16-32,,,,FN
13977,13977.jpg,1,swimmer,,"[1236, 585, 46, 35]",40.124805295477756,32-64,,,,FN
13977,13977.jpg,1,swimmer,,"[383, 631, 41, 33]",36.78314831549904,32-64,,,,FN
13977,13977.jpg,1,swimmer,,"[790, 802, 40, 53]",46.04345773288535,32-64,,,,FN
13978,13978.jpg,1,swimmer,,"[1247, 4, 35, 49]",41.41255848169731,32-64,,,,FN
13978,13978.jpg,1,swimmer,,"[1227, 197, 27, 31]",28.930952282978865,16-32,,,,FN
13978,13978.jpg,1,swimmer,,"[1371, 215, 47, 35]",40.55859958134649,32-64,,,,FN
13978,13978.jpg,1,swimmer,,"[1452, 296, 53, 62]",57.323642591866054,32-64,,,,FN
13978,13978.jpg,1,swimmer,,"[1256, 321, 29, 27]",27.982137159266443,16-32,,,,FN
13978,13978.jpg,1,swimmer,,"[1115, 534, 34, 29]",31.400636936215164,16-32,,,,FN
13978,13978.jpg,1,swimmer,,"[1244, 577, 50, 37]",43.01162633521314,32-64,,,,FN
13978,13978.jpg,1,swimmer,,"[391, 629, 41, 30]",35.07135583350036,32-64,,,,FN
13978,13978.jpg,1,swimmer,,"[798, 796, 41, 59]",49.18333050943175,32-64,,,,FN
13979,13979.jpg,1,swimmer,,"[1249, 0, 35, 48]",40.98780306383839,32-64,,,,FN
13979,13979.jpg,1,swimmer,,"[1230, 190, 27, 30]",28.460498941515414,16-32,,,,FN
13979,13979.jpg,1,swimmer,,"[1371, 209, 46, 35]",40.124805295477756,32-64,,,,FN
13979,13979.jpg,1,swimmer,,"[1453, 294, 54, 63]",58.32666628567074,32-64,,,,FN
13979,13979.jpg,1,swimmer,,"[1257, 314, 31, 30]",30.495901363953813,16-32,,,,FN
13979,13979.jpg,1,swimmer,,"[1119, 534, 43, 36]",39.344631145812,32-64,,,,FN
13979,13979.jpg,1,swimmer,,"[1252, 569, 41, 47]",43.89760813529594,32-64,,,,FN
13979,13979.jpg,1,swimmer,,"[396, 625, 41, 31]",35.651086939951774,32-64,,,,FN
13979,13979.jpg,1,swimmer,,"[805, 781, 42, 81]",58.32666628567074,32-64,,,,FN
13980,13980.jpg,1,swimmer,,"[1247, 0, 35, 46]",40.124805295477756,32-64,,,,FN
13980,13980.jpg,1,swimmer,,"[1229, 184, 25, 31]",27.83882181415011,16-32,,,,FN
13980,13980.jpg,1,swimmer,,"[1366, 207, 45, 35]",39.68626966596886,32-64,,,,FN
13980,13980.jpg,1,swimmer,,"[1448, 294, 55, 63]",58.86425061104575,32-64,,,,FN
13980,13980.jpg,1,swimmer,,"[1259, 305, 26, 34]",29.732137494637012,16-32,,,,FN
13980,13980.jpg,1,swimmer,,"[1122, 526, 42, 41]",41.49698784249286,32-64,,,,FN
13980,13980.jpg,1,swimmer,,"[1257, 570, 36, 56]",44.8998886412873,32-64,,,,FN
13980,13980.jpg,1,swimmer,,"[403, 624, 42, 31]",36.08323710533743,32-64,,,,FN
13980,13980.jpg,1,swimmer,,"[820, 783, 30, 55]",40.620192023179804,32-64,,,,FN
13981,13981.jpg,1,swimmer,,"[1247, 0, 32, 46]",38.36665218650175,32-64,,,,FN
13981,13981.jpg,1,swimmer,,"[1227, 184, 25, 32]",28.284271247461902,16-32,,,,FN
13981,13981.jpg,1,swimmer,,"[1364, 203, 44, 33]",38.1051177665153,32-64,,,,FN
13981,13981.jpg,1,swimmer,,"[1441, 296, 55, 62]",58.39520528262573,32-64,,,,FN
13981,13981.jpg,1,swimmer,,"[1255, 299, 27, 32]",29.393876913398138,16-32,,,,FN
13981,13981.jpg,1,swimmer,,"[1105, 517, 41, 44]",42.473521163190604,32-64,,,,FN
13981,13981.jpg,1,swimmer,,"[1255, 562, 37, 57]",45.92385001282014,32-64,,,,FN
13981,13981.jpg,1,swimmer,,"[409, 620, 38, 31]",34.322004603461025,32-64,,,,FN
13981,13981.jpg,1,swimmer,,"[804, 782, 51, 54]",52.478567053607705,32-64,,,,FN
13982,13982.jpg,1,swimmer,,"[1246, 1, 33, 47]",39.382737335030434,32-64,,,,FN
13982,13982.jpg,1,swimmer,,"[1224, 184, 24, 31]",27.27636339397171,16-32,,,,FN
13982,13982.jpg,1,swimmer,,"[1359, 202, 42, 30]",35.4964786985977,32-64,,,,FN
13982,13982.jpg,1,swimmer,,"[1431, 301, 63, 57]",59.924953066314536,32-64,,,,FN
13982,13982.jpg,1,swimmer,,"[1253, 295, 25, 34]",29.154759474226502,16-32,,,,FN
13982,13982.jpg,1,swimmer,,"[1113, 514, 38, 42]",39.949968710876355,32-64,,,,FN
13982,13982.jpg,1,swimmer,,"[1252, 561, 34, 50]",41.23105625617661,32-64,,,,FN
13982,13982.jpg,1,swimmer,,"[412, 616, 39, 30]",34.20526275297414,32-64,,,,FN
13982,13982.jpg,1,swimmer,,"[794, 787, 84, 59]",70.39886362719217,>64,,,,FN
13983,13983.jpg,1,swimmer,,"[1245, 1, 36, 49]",42.0,32-64,,,,FN
13983,13983.jpg,1,swimmer,,"[1224, 185, 25, 31]",27.83882181415011,16-32,,,,FN
13983,13983.jpg,1,swimmer,,"[1357, 201, 44, 31]",36.932370625238775,32-64,,,,FN
13983,13983.jpg,1,swimmer,,"[1429, 306, 68, 56]",61.70899448216605,32-64,,,,FN
13983,13983.jpg,1,swimmer,,"[1251, 296, 27, 33]",29.8496231131986,16-32,,,,FN
13983,13983.jpg,1,swimmer,,"[1115, 519, 28, 29]",28.495613697550013,16-32,,,,FN
13983,13983.jpg,1,swimmer,,"[1246, 562, 31, 38]",34.322004603461025,32-64,,,,FN
13983,13983.jpg,1,swimmer,,"[413, 613, 34, 28]",30.854497241083024,16-32,,,,FN
13983,13983.jpg,1,swimmer,,"[790, 767, 78, 51]",63.071388124885914,32-64,,,,FN
13984,13984.jpg,1,swimmer,,"[1244, 2, 39, 49]",43.71498598878879,32-64,,,,FN
13984,13984.jpg,1,swimmer,,"[1225, 191, 25, 32]",28.284271247461902,16-32,,,,FN
13984,13984.jpg,1,swimmer,,"[1360, 203, 45, 32]",37.94733192202055,32-64,,,,FN
13984,13984.jpg,1,swimmer,,"[1431, 309, 70, 57]",63.166446789415026,32-64,,,,FN
13984,13984.jpg,1,swimmer,,"[1248, 292, 32, 38]",34.87119154832539,32-64,,,,FN
13984,13984.jpg,1,swimmer,,"[1112, 526, 26, 31]",28.39013913315678,16-32,,,,FN
13984,13984.jpg,1,swimmer,,"[1249, 563, 29, 31]",29.9833287011299,16-32,,,,FN
13984,13984.jpg,1,swimmer,,"[414, 610, 33, 27]",29.8496231131986,16-32,,,,FN
13984,13984.jpg,1,swimmer,,"[798, 778, 56, 41]",47.916594202843754,32-64,,,,FN
13985,13985.jpg,1,swimmer,,"[1238, 1, 44, 51]",47.37087712930804,32-64,,,,FN
13985,13985.jpg,1,swimmer,,"[1224, 195, 24, 30]",26.832815729997478,16-32,,,,FN
13985,13985.jpg,1,swimmer,,"[1360, 204, 47, 32]",38.781438859330635,32-64,,,,FN
13985,13985.jpg,1,swimmer,,"[1433, 312, 73, 57]",64.50581369148055,>64,,,,FN
13985,13985.jpg,1,swimmer,,"[1245, 299, 49, 37]",42.579337712087536,32-64,,,,FN
13985,13985.jpg,1,swimmer,,"[1112, 529, 29, 32]",30.463092423455635,16-32,,,,FN
13985,13985.jpg,1,swimmer,,"[1249, 567, 30, 31]",30.495901363953813,16-32,,,,FN
13985,13985.jpg,1,swimmer,,"[412, 605, 32, 26]",28.844410203711913,16-32,,,,FN
13985,13985.jpg,1,swimmer,,"[781, 779, 79, 50]",62.849025449882674,32-64,,,,FN
13986,13986.jpg,1,swimmer,,"[1245, 4, 37, 51]",43.439613257946945,32-64,,,,FN
13986,13986.jpg,1,swimmer,,"[1230, 198, 24, 29]",26.38181191654584,16-32,,,,FN
13986,13986.jpg,1,swimmer,,"[1363, 202, 48, 34]",40.39801975344831,32-64,,,,FN
13986,13986.jpg,1,swimmer,,"[1432, 315, 76, 57]",65.81793068761733,>64,,,,FN
13986,13986.jpg,1,swimmer,,"[1248, 288, 62, 50]",55.67764362830022,32-64,,,,FN
13986,13986.jpg,1,swimmer,,"[1113, 534, 33, 28]",30.397368307141328,16-32,,,,FN
13986,13986.jpg,1,swimmer,,"[1252, 568, 30, 34]",31.937438845342623,16-32,,,,FN
13986,13986.jpg,1,swimmer,,"[407, 599, 33, 28]",30.397368307141328,16-32,,,,FN
13986,13986.jpg,1,swimmer,,"[773, 772, 74, 49]",60.21627686929839,32-64,,,,FN
13987,13987.jpg,1,swimmer,,"[1251, 4, 37, 52]",43.86342439892262,32-64,,,,FN
13987,13987.jpg,1,swimmer,,"[1237, 195, 24, 32]",27.712812921102035,16-32,,,,FN
13987,13987.jpg,1,swimmer,,"[1369, 201, 49, 31]",38.97435053981015,32-64,,,,FN
13987,13987.jpg,1,swimmer,,"[1438, 321, 72, 53]",61.773780845922005,32-64,,,,FN
13987,13987.jpg,1,swimmer,,"[1254, 297, 59, 37]",46.72258554489466,32-64,,,,FN
13987,13987.jpg,1,swimmer,,"[1112, 534, 34, 27]",30.298514815086232,16-32,,,,FN
13987,13987.jpg,1,swimmer,,"[1253, 566, 34, 41]",37.33630940518894,32-64,,,,FN
13987,13987.jpg,1,swimmer,,"[404, 597, 33, 27]",29.8496231131986,16-32,,,,FN
13987,13987.jpg,1,swimmer,,"[787, 786, 49, 38]",43.15089802078283,32-64,,,,FN
13988,13988.jpg,1,swimmer,,"[1262, 11, 37, 46]",41.255302689472536,32-64,,,,FN
13988,13988.jpg,1,swimmer,,"[1242, 194, 25, 32]",28.284271247461902,16-32,,,,FN
13988,13988.jpg,1,swimmer,,"[1375, 194, 47, 31]",38.17066936798463,32-64,,,,FN
13988,13988.jpg,1,swimmer,,"[1442, 319, 68, 52]",59.464274989274024,32-64,,,,FN
13988,13988.jpg,1,swimmer,,"[1254, 288, 48, 40]",43.81780460041329,32-64,,,,FN
13988,13988.jpg,1,swimmer,,"[1115, 531, 28, 23]",25.37715508089904,16-32,,,,FN
13988,13988.jpg,1,swimmer,,"[1251, 571, 34, 30]",31.937438845342623,16-32,,,,FN
13988,13988.jpg,1,swimmer,,"[402, 600, 32, 26]",28.844410203711913,16-32,,,,FN
13988,13988.jpg,1,swimmer,,"[772, 787, 74, 42]",55.749439459065414,32-64,,,,FN
13989,13989.jpg,1,swimmer,,"[1264, 7, 39, 49]",43.71498598878879,32-64,,,,FN
13989,13989.jpg,1,swimmer,,"[1249, 192, 28, 33]",30.397368307141328,16-32,,,,FN
13989,13989.jpg,1,swimmer,,"[1377, 189, 46, 31]",37.76241517699841,32-64,,,,FN
13989,13989.jpg,1,swimmer,,"[1443, 308, 65, 56]",60.332412515993425,32-64,,,,FN
13989,13989.jpg,1,swimmer,,"[1259, 290, 51, 41]",45.727453460694704,32-64,,,,FN
13989,13989.jpg,1,swimmer,,"[1117, 522, 25, 29]",26.92582403567252,16-32,,,,FN
13989,13989.jpg,1,swimmer,,"[1254, 562, 31, 32]",31.496031496047245,16-32,,,,FN
13989,13989.jpg,1,swimmer,,"[403, 605, 34, 28]",30.854497241083024,16-32,,,,FN
13989,13989.jpg,1,swimmer,,"[759, 792, 83, 38]",56.16048432839589,32-64,,,,FN
13990,13990.jpg,1,swimmer,,"[1266, 4, 41, 51]",45.727453460694704,32-64,,,,FN
13990,13990.jpg,1,swimmer,,"[1255, 191, 27, 32]",29.393876913398138,16-32,,,,FN
13990,13990.jpg,1,swimmer,,"[1377, 187, 46, 31]",37.76241517699841,32-64,,,,FN
13990,13990.jpg,1,swimmer,,"[1443, 303, 59, 58]",58.497863208838666,32-64,,,,FN
13990,13990.jpg,1,swimmer,,"[1276, 283, 35, 32]",33.46640106136302,32-64,,,,FN
13990,13990.jpg,1,swimmer,,"[1121, 520, 25, 29]",26.92582403567252,16-32,,,,FN
13990,13990.jpg,1,swimmer,,"[1254, 559, 30, 32]",30.983866769659336,16-32,,,,FN
13990,13990.jpg,1,swimmer,,"[409, 610, 33, 28]",30.397368307141328,16-32,,,,FN
13990,13990.jpg,1,swimmer,,"[779, 785, 55, 39]",46.314144707637645,32-64,,,,FN
13991,13991.jpg,1,swimmer,,"[1264, 4, 42, 50]",45.8257569495584,32-64,,,,FN
13991,13991.jpg,1,swimmer,,"[1258, 192, 24, 29]",26.38181191654584,16-32,,,,FN
13991,13991.jpg,1,swimmer,,"[1379, 187, 45, 30]",36.742346141747674,32-64,,,,FN
13991,13991.jpg,1,swimmer,,"[1446, 311, 71, 52]",60.76183012385325,32-64,,,,FN
13991,13991.jpg,1,swimmer,,"[1280, 286, 36, 29]",32.31098884280702,32-64,,,,FN
13991,13991.jpg,1,swimmer,,"[1123, 521, 28, 29]",28.495613697550013,16-32,,,,FN
13991,13991.jpg,1,swimmer,,"[1255, 559, 29, 32]",30.463092423455635,16-32,,,,FN
13991,13991.jpg,1,swimmer,,"[415, 611, 32, 27]",29.393876913398138,16-32,,,,FN
13991,13991.jpg,1,swimmer,,"[780, 786, 54, 38]",45.2990066116245,32-64,,,,FN
13992,13992.jpg,1,swimmer,,"[1255, 2, 60, 50]",54.772255750516614,32-64,,,,FN
13992,13992.jpg,1,swimmer,,"[1261, 193, 25, 30]",27.386127875258307,16-32,,,,FN
13992,13992.jpg,1,swimmer,,"[1376, 190, 46, 30]",37.14835124201342,32-64,,,,FN
13992,13992.jpg,1,swimmer,,"[1449, 320, 88, 48]",64.99230723708769,>64,,,,FN
13992,13992.jpg,1,swimmer,,"[1282, 288, 36, 30]",32.863353450309965,32-64,,,,FN
13992,13992.jpg,1,swimmer,,"[1124, 519, 28, 29]",28.495613697550013,16-32,,,,FN
13992,13992.jpg,1,swimmer,,"[1264, 561, 30, 32]",30.983866769659336,16-32,,,,FN
13992,13992.jpg,1,swimmer,,"[416, 605, 33, 27]",29.8496231131986,16-32,,,,FN
13992,13992.jpg,1,swimmer,,"[790, 792, 40, 30]",34.64101615137755,32-64,,,,FN
13993,13993.jpg,1,swimmer,,"[1261, 6, 59, 45]",51.526692111953004,32-64,,,,FN
13993,13993.jpg,1,swimmer,,"[1262, 193, 25, 30]",27.386127875258307,16-32,,,,FN
13993,13993.jpg,1,swimmer,,"[1372, 193, 47, 32]",38.781438859330635,32-64,,,,FN
13993,13993.jpg,1,swimmer,,"[1451, 322, 74, 47]",58.974570791146924,32-64,,,,FN
13993,13993.jpg,1,swimmer,,"[1285, 292, 33, 28]",30.397368307141328,16-32,,,,FN
13993,13993.jpg,1,swimmer,,"[1133, 521, 38, 31]",34.322004603461025,32-64,,,,FN
13993,13993.jpg,1,swimmer,,"[1272, 563, 30, 33]",31.464265445104548,16-32,,,,FN
13993,13993.jpg,1,swimmer,,"[416, 597, 35, 28]",31.304951684997057,16-32,,,,FN
13993,13993.jpg,1,swimmer,,"[791, 789, 38, 29]",33.19638534539566,32-64,,,,FN
13994,13994.jpg,1,swimmer,,"[1261, 3, 62, 49]",55.11805511808268,32-64,,,,FN
13994,13994.jpg,1,swimmer,,"[1266, 196, 23, 28]",25.37715508089904,16-32,,,,FN
13994,13994.jpg,1,swimmer,,"[1373, 192, 45, 32]",37.94733192202055,32-64,,,,FN
13994,13994.jpg,1,swimmer,,"[1450, 325, 74, 42]",55.749439459065414,32-64,,,,FN
13994,13994.jpg,1,swimmer,,"[1283, 290, 36, 36]",36.0,32-64,,,,FN
13994,13994.jpg,1,swimmer,,"[1133, 522, 42, 31]",36.08323710533743,32-64,,,,FN
13994,13994.jpg,1,swimmer,,"[1278, 565, 30, 31]",30.495901363953813,16-32,,,,FN
13994,13994.jpg,1,swimmer,,"[414, 594, 33, 26]",29.29163703175362,16-32,,,,FN
13994,13994.jpg,1,swimmer,,"[793, 792, 38, 27]",32.03123475609393,32-64,,,,FN
13995,13995.jpg,1,swimmer,,"[1249, 1, 65, 47]",55.27205442174191,32-64,,,,FN
13995,13995.jpg,1,swimmer,,"[1259, 191, 25, 28]",26.457513110645905,16-32,,,,FN
13995,13995.jpg,1,swimmer,,"[1365, 184, 40, 34]",36.87817782917155,32-64,,,,FN
13995,13995.jpg,1,swimmer,,"[1435, 322, 75, 39]",54.08326913195984,32-64,,,,FN
13995,13995.jpg,1,swimmer,,"[1274, 287, 43, 35]",38.79432948254165,32-64,,,,FN
13995,13995.jpg,1,swimmer,,"[1127, 519, 45, 31]",37.3496987939662,32-64,,,,FN
13995,13995.jpg,1,swimmer,,"[1269, 554, 27, 33]",29.8496231131986,16-32,,,,FN
13995,13995.jpg,1,swimmer,,"[401, 596, 33, 27]",29.8496231131986,16-32,,,,FN
13995,13995.jpg,1,swimmer,,"[792, 793, 40, 27]",32.863353450309965,32-64,,,,FN
13996,13996.jpg,1,swimmer,,"[1238, 0, 68, 46]",55.92852581643825,32-64,,,,FN
13996,13996.jpg,1,swimmer,,"[1255, 187, 27, 31]",28.930952282978865,16-32,,,,FN
13996,13996.jpg,1,swimmer,,"[1350, 175, 39, 34]",36.41428291206625,32-64,,,,FN
13996,13996.jpg,1,swimmer,,"[1424, 316, 64, 35]",47.32863826479693,32-64,,,,FN
13996,13996.jpg,1,swimmer,,"[1264, 280, 52, 38]",44.45222154178574,32-64,,,,FN
13996,13996.jpg,1,swimmer,,"[1121, 514, 43, 31]",36.51027252705737,32-64,,,,FN
13996,13996.jpg,1,swimmer,,"[1256, 546, 29, 39]",33.63034344160047,32-64,,,,FN
13996,13996.jpg,1,swimmer,,"[394, 602, 36, 30]",32.863353450309965,32-64,,,,FN
13996,13996.jpg,1,swimmer,,"[790, 793, 41, 26]",32.64965543462902,32-64,,,,FN
13997,13997.jpg,1,swimmer,,"[1251, 1, 60, 41]",49.59838707054898,32-64,,,,FN
13997,13997.jpg,1,swimmer,,"[1257, 182, 27, 34]",30.298514815086232,16-32,,,,FN
13997,13997.jpg,1,swimmer,,"[1350, 174, 36, 32]",33.94112549695428,32-64,,,,FN
13997,13997.jpg,1,swimmer,,"[1424, 311, 44, 30]",36.3318042491699,32-64,,,,FN
13997,13997.jpg,1,swimmer,,"[1268, 277, 49, 37]",42.579337712087536,32-64,,,,FN
13997,13997.jpg,1,swimmer,,"[1119, 513, 43, 29]",35.31288716601915,32-64,,,,FN
13997,13997.jpg,1,swimmer,,"[1242, 543, 37, 40]",38.47076812334269,32-64,,,,FN
13997,13997.jpg,1,swimmer,,"[399, 606, 34, 26]",29.732137494637012,16-32,,,,FN
13997,13997.jpg,1,swimmer,,"[791, 786, 41, 26]",32.64965543462902,32-64,,,,FN
13998,13998.jpg,1,swimmer,,"[1253, 0, 59, 36]",46.08687448721165,32-64,,,,FN
13998,13998.jpg,1,swimmer,,"[1255, 179, 30, 38]",33.76388603226827,32-64,,,,FN
13998,13998.jpg,1,swimmer,,"[1349, 169, 34, 30]",31.937438845342623,16-32,,,,FN
13998,13998.jpg,1,swimmer,,"[1421, 307, 37, 28]",32.18695387886216,32-64,,,,FN
13998,13998.jpg,1,swimmer,,"[1263, 272, 52, 39]",45.033320996790806,32-64,,,,FN
13998,13998.jpg,1,swimmer,,"[1117, 510, 42, 29]",34.899856733230294,32-64,,,,FN
13998,13998.jpg,1,swimmer,,"[1235, 542, 48, 33]",39.7994974842648,32-64,,,,FN
13998,13998.jpg,1,swimmer,,"[396, 602, 34, 29]",31.400636936215164,16-32,,,,FN
13998,13998.jpg,1,swimmer,,"[790, 783, 41, 26]",32.64965543462902,32-64,,,,FN
13999,13999.jpg,1,swimmer,,"[1260, 0, 55, 31]",41.291645644125154,32-64,,,,FN
13999,13999.jpg,1,swimmer,,"[1255, 174, 31, 37]",33.8673884437522,32-64,,,,FN
13999,13999.jpg,1,swimmer,,"[1348, 163, 33, 30]",31.464265445104548,16-32,,,,FN
13999,13999.jpg,1,swimmer,,"[1419, 303, 36, 26]",30.59411708155671,16-32,,,,FN
13999,13999.jpg,1,swimmer,,"[1271, 267, 45, 38]",41.352146256270665,32-64,,,,FN
13999,13999.jpg,1,swimmer,,"[1117, 505, 43, 29]",35.31288716601915,32-64,,,,FN
13999,13999.jpg,1,swimmer,,"[1239, 539, 45, 30]",36.742346141747674,32-64,,,,FN
13999,13999.jpg,1,swimmer,,"[395, 604, 35, 27]",30.740852297878796,16-32,,,,FN
13999,13999.jpg,1,swimmer,,"[790, 778, 45, 27]",34.85685011586675,32-64,,,,FN
14000,14000.jpg,1,swimmer,,"[1258, 0, 60, 31]",43.12771730569565,32-64,,,,FN
14000,14000.jpg,1,swimmer,,"[1260, 163, 40, 37]",38.47076812334269,32-64,,,,FN
14000,14000.jpg,1,swimmer,,"[1350, 157, 31, 30]",30.495901363953813,16-32,,,,FN
14000,14000.jpg,1,swimmer,,"[1417, 299, 37, 25]",30.4138126514911,16-32,,,,FN
14000,14000.jpg,1,swimmer,,"[1276, 261, 42, 38]",39.949968710876355,32-64,,,,FN
14000,14000.jpg,1,swimmer,,"[1113, 500, 45, 28]",35.4964786985977,32-64,,,,FN
14000,14000.jpg,1,swimmer,,"[1231, 520, 54, 45]",49.29503017546495,32-64,,,,FN
14000,14000.jpg,1,swimmer,,"[396, 601, 37, 28]",32.18695387886216,32-64,,,,FN
14000,14000.jpg,1,swimmer,,"[791, 778, 40, 26]",32.2490309931942,32-64,,,,FN
14001,14001.jpg,1,swimmer,,"[1258, 0, 64, 33]",45.95650117230423,32-64,,,,FN
14001,14001.jpg,1,swimmer,,"[1267, 162, 39, 37]",37.986839826445156,32-64,,,,FN
14001,14001.jpg,1,swimmer,,"[1356, 154, 31, 32]",31.496031496047245,16-32,,,,FN
14001,14001.jpg,1,swimmer,,"[1419, 291, 85, 53]",67.11929677819934,>64,,,,FN
14001,14001.jpg,1,swimmer,,"[1276, 256, 46, 37]",41.255302689472536,32-64,,,,FN
14001,14001.jpg,1,swimmer,,"[1111, 496, 45, 29]",36.124783736376884,32-64,,,,FN
14001,14001.jpg,1,swimmer,,"[1230, 513, 51, 59]",54.85435260760991,32-64,,,,FN
14001,14001.jpg,1,swimmer,,"[392, 598, 36, 28]",31.74901573277509,16-32,,,,FN
14001,14001.jpg,1,swimmer,,"[789, 773, 40, 26]",32.2490309931942,32-64,,,,FN
14002,14002.jpg,1,swimmer,,"[1267, 2, 57, 38]",46.54030511288038,32-64,,,,FN
14002,14002.jpg,1,swimmer,,"[1276, 167, 26, 37]",31.016124838541646,16-32,,,,FN
14002,14002.jpg,1,swimmer,,"[1360, 157, 29, 29]",29.0,16-32,,,,FN
14002,14002.jpg,1,swimmer,,"[1421, 287, 88, 53]",68.2934843158555,>64,,,,FN
14002,14002.jpg,1,swimmer,,"[1284, 253, 41, 37]",38.948684188300895,32-64,,,,FN
14002,14002.jpg,1,swimmer,,"[1116, 491, 43, 30]",35.91656999213594,32-64,,,,FN
14002,14002.jpg,1,swimmer,,"[1233, 525, 54, 51]",52.478567053607705,32-64,,,,FN
14002,14002.jpg,1,swimmer,,"[388, 597, 33, 26]",29.29163703175362,16-32,,,,FN
14002,14002.jpg,1,swimmer,,"[784, 760, 39, 28]",33.04542328371661,32-64,,,,FN
14003,14003.jpg,1,swimmer,,"[1268, 7, 60, 42]",50.19960159204453,32-64,,,,FN
14003,14003.jpg,1,swimmer,,"[1281, 172, 27, 33]",29.8496231131986,16-32,,,,FN
14003,14003.jpg,1,swimmer,,"[1360, 162, 35, 31]",32.93933818400121,32-64,,,,FN
14003,14003.jpg,1,swimmer,,"[1423, 288, 90, 53]",69.06518659932803,>64,,,,FN
14003,14003.jpg,1,swimmer,,"[1291, 255, 41, 34]",37.33630940518894,32-64,,,,FN
14003,14003.jpg,1,swimmer,,"[1128, 488, 37, 27]",31.606961258558215,16-32,,,,FN
14003,14003.jpg,1,swimmer,,"[1243, 518, 46, 47]",46.49731175025068,32-64,,,,FN
14003,14003.jpg,1,swimmer,,"[383, 590, 35, 28]",31.304951684997057,16-32,,,,FN
14003,14003.jpg,1,swimmer,,"[790, 752, 34, 30]",31.937438845342623,16-32,,,,FN
14004,14004.jpg,1,swimmer,,"[1270, 10, 65, 44]",53.47896782848375,32-64,,,,FN
14004,14004.jpg,1,swimmer,,"[1281, 179, 35, 30]",32.4037034920393,32-64,,,,FN
14004,14004.jpg,1,swimmer,,"[1359, 168, 39, 32]",35.32704346531139,32-64,,,,FN
14004,14004.jpg,1,swimmer,,"[1426, 294, 89, 53]",68.6804193347711,>64,,,,FN
14004,14004.jpg,1,swimmer,,"[1286, 260, 52, 38]",44.45222154178574,32-64,,,,FN
14004,14004.jpg,1,swimmer,,"[1131, 487, 37, 27]",31.606961258558215,16-32,,,,FN
14004,14004.jpg,1,swimmer,,"[1239, 507, 54, 40]",46.475800154489,32-64,,,,FN
14004,14004.jpg,1,swimmer,,"[380, 592, 37, 28]",32.18695387886216,32-64,,,,FN
14004,14004.jpg,1,swimmer,,"[797, 746, 38, 31]",34.322004603461025,32-64,,,,FN
14005,14005.jpg,1,swimmer,,"[1279, 12, 61, 43]",51.21523210920751,32-64,,,,FN
14005,14005.jpg,1,swimmer,,"[1270, 184, 48, 34]",40.39801975344831,32-64,,,,FN
14005,14005.jpg,1,swimmer,,"[1360, 173, 41, 32]",36.22154055254967,32-64,,,,FN
14005,14005.jpg,1,swimmer,,"[1426, 302, 88, 52]",67.64613810115105,>64,,,,FN
14005,14005.jpg,1,swimmer,,"[1293, 261, 42, 40]",40.98780306383839,32-64,,,,FN
14005,14005.jpg,1,swimmer,,"[1138, 487, 35, 36]",35.4964786985977,32-64,,,,FN
14005,14005.jpg,1,swimmer,,"[1243, 518, 51, 38]",44.02272140611028,32-64,,,,FN
14005,14005.jpg,1,swimmer,,"[373, 590, 35, 27]",30.740852297878796,16-32,,,,FN
14005,14005.jpg,1,swimmer,,"[801, 745, 40, 30]",34.64101615137755,32-64,,,,FN
14006,14006.jpg,1,swimmer,,"[1283, 14, 61, 42]",50.61620293937506,32-64,,,,FN
14006,14006.jpg,1,swimmer,,"[1281, 190, 31, 29]",29.9833287011299,16-32,,,,FN
14006,14006.jpg,1,swimmer,,"[1360, 176, 42, 30]",35.4964786985977,32-64,,,,FN
14006,14006.jpg,1,swimmer,,"[1424, 308, 87, 54]",68.54195795277518,>64,,,,FN
14006,14006.jpg,1,swimmer,,"[1293, 266, 42, 38]",39.949968710876355,32-64,,,,FN
14006,14006.jpg,1,swimmer,,"[1132, 492, 36, 37]",36.49657518178932,32-64,,,,FN
14006,14006.jpg,1,swimmer,,"[1242, 522, 47, 35]",40.55859958134649,32-64,,,,FN
14006,14006.jpg,1,swimmer,,"[367, 589, 34, 28]",30.854497241083024,16-32,,,,FN
14006,14006.jpg,1,swimmer,,"[801, 742, 42, 30]",35.4964786985977,32-64,,,,FN
14007,14007.jpg,1,swimmer,,"[1287, 16, 64, 42]",51.84592558726288,32-64,,,,FN
14007,14007.jpg,1,swimmer,,"[1285, 191, 27, 25]",25.98076211353316,16-32,,,,FN
14007,14007.jpg,1,swimmer,,"[1367, 174, 43, 29]",35.31288716601915,32-64,,,,FN
14007,14007.jpg,1,swimmer,,"[1422, 308, 86, 54]",68.14690014960328,>64,,,,FN
14007,14007.jpg,1,swimmer,,"[1286, 271, 55, 37]",45.110974274559844,32-64,,,,FN
14007,14007.jpg,1,swimmer,,"[1130, 498, 39, 35]",36.945906403822335,32-64,,,,FN
14007,14007.jpg,1,swimmer,,"[1240, 532, 49, 38]",43.15089802078283,32-64,,,,FN
14007,14007.jpg,1,swimmer,,"[365, 592, 33, 26]",29.29163703175362,16-32,,,,FN
14007,14007.jpg,1,swimmer,,"[808, 745, 37, 29]",32.7566787083184,32-64,,,,FN
14008,14008.jpg,1,swimmer,,"[1301, 17, 63, 43]",52.04805471869242,32-64,,,,FN
14008,14008.jpg,1,swimmer,,"[1289, 185, 28, 34]",30.854497241083024,16-32,,,,FN
14008,14008.jpg,1,swimmer,,"[1373, 173, 40, 29]",34.058772731852805,32-64,,,,FN
14008,14008.jpg,1,swimmer,,"[1423, 306, 86, 56]",69.39740629158989,>64,,,,FN
14008,14008.jpg,1,swimmer,,"[1295, 271, 45, 31]",37.3496987939662,32-64,,,,FN
14008,14008.jpg,1,swimmer,,"[1127, 501, 39, 35]",36.945906403822335,32-64,,,,FN
14008,14008.jpg,1,swimmer,,"[1240, 534, 44, 33]",38.1051177665153,32-64,,,,FN
14008,14008.jpg,1,swimmer,,"[363, 595, 31, 24]",27.27636339397171,16-32,,,,FN
14008,14008.jpg,1,swimmer,,"[807, 745, 37, 26]",31.016124838541646,16-32,,,,FN
14009,14009.jpg,1,swimmer,,"[1312, 15, 60, 43]",50.79370039680118,32-64,,,,FN
14009,14009.jpg,1,swimmer,,"[1295, 183, 27, 36]",31.176914536239792,16-32,,,,FN
14009,14009.jpg,1,swimmer,,"[1378, 167, 42, 30]",35.4964786985977,32-64,,,,FN
14009,14009.jpg,1,swimmer,,"[1425, 303, 86, 55]",68.7749954561976,>64,,,,FN
14009,14009.jpg,1,swimmer,,"[1301, 264, 31, 34]",32.46536616149585,32-64,,,,FN
14009,14009.jpg,1,swimmer,,"[1128, 500, 38, 35]",36.46916505762094,32-64,,,,FN
14009,14009.jpg,1,swimmer,,"[1230, 527, 49, 32]",39.59797974644666,32-64,,,,FN
14009,14009.jpg,1,swimmer,,"[362, 596, 33, 27]",29.8496231131986,16-32,,,,FN
14009,14009.jpg,1,swimmer,,"[805, 748, 37, 25]",30.4138126514911,16-32,,,,FN
14010,14010.jpg,1,swimmer,,"[1312, 15, 63, 44]",52.64978632435273,32-64,,,,FN
14010,14010.jpg,1,swimmer,,"[1303, 182, 23, 32]",27.129319932501073,16-32,,,,FN
14010,14010.jpg,1,swimmer,,"[1382, 164, 44, 32]",37.52332607858744,32-64,,,,FN
14010,14010.jpg,1,swimmer,,"[1426, 297, 86, 55]",68.7749954561976,>64,,,,FN
14010,14010.jpg,1,swimmer,,"[1298, 268, 39, 28]",33.04542328371661,32-64,,,,FN
14010,14010.jpg,1,swimmer,,"[1132, 495, 37, 32]",34.40930106817051,32-64,,,,FN
14010,14010.jpg,1,swimmer,,"[1233, 527, 48, 36]",41.569219381653056,32-64,,,,FN
14010,14010.jpg,1,swimmer,,"[359, 595, 67, 47]",56.1159513863928,32-64,,,,FN
14010,14010.jpg,1,swimmer,,"[807, 749, 36, 25]",30.0,16-32,,,,FN
14011,14011.jpg,1,swimmer,,"[1314, 17, 63, 44]",52.64978632435273,32-64,,,,FN
14011,14011.jpg,1,swimmer,,"[1307, 178, 22, 31]",26.115129714401192,16-32,,,,FN
14011,14011.jpg,1,swimmer,,"[1383, 164, 42, 30]",35.4964786985977,32-64,,,,FN
14011,14011.jpg,1,swimmer,,"[1429, 294, 86, 55]",68.7749954561976,>64,,,,FN
14011,14011.jpg,1,swimmer,,"[1310, 263, 36, 26]",30.59411708155671,16-32,,,,FN
14011,14011.jpg,1,swimmer,,"[1133, 491, 41, 29]",34.48187929913333,32-64,,,,FN
14011,14011.jpg,1,swimmer,,"[1233, 517, 49, 37]",42.579337712087536,32-64,,,,FN
14011,14011.jpg,1,swimmer,,"[357, 591, 47, 40]",43.3589667773576,32-64,,,,FN
14011,14011.jpg,1,swimmer,,"[807, 744, 37, 29]",32.7566787083184,32-64,,,,FN
14012,14012.jpg,1,swimmer,,"[1319, 10, 64, 47]",54.84523680320835,32-64,,,,FN
14012,14012.jpg,1,swimmer,,"[1307, 174, 23, 32]",27.129319932501073,16-32,,,,FN
14012,14012.jpg,1,swimmer,,"[1382, 164, 40, 31]",35.21363372331802,32-64,,,,FN
14012,14012.jpg,1,swimmer,,"[1428, 292, 86, 55]",68.7749954561976,>64,,,,FN
14012,14012.jpg,1,swimmer,,"[1311, 257, 43, 30]",35.91656999213594,32-64,,,,FN
14012,14012.jpg,1,swimmer,,"[1134, 487, 39, 32]",35.32704346531139,32-64,,,,FN
14012,14012.jpg,1,swimmer,,"[1235, 514, 44, 32]",37.52332607858744,32-64,,,,FN
14012,14012.jpg,1,swimmer,,"[357, 591, 39, 28]",33.04542328371661,32-64,,,,FN
14012,14012.jpg,1,swimmer,,"[812, 745, 35, 25]",29.58039891549808,16-32,,,,FN
14013,14013.jpg,1,swimmer,,"[1321, 14, 63, 44]",52.64978632435273,32-64,,,,FN
14013,14013.jpg,1,swimmer,,"[1306, 167, 25, 35]",29.58039891549808,16-32,,,,FN
14013,14013.jpg,1,swimmer,,"[1381, 162, 42, 31]",36.08323710533743,32-64,,,,FN
14013,14013.jpg,1,swimmer,,"[1426, 293, 87, 56]",69.79971346646059,>64,,,,FN
14013,14013.jpg,1,swimmer,,"[1301, 255, 47, 33]",39.382737335030434,32-64,,,,FN
14013,14013.jpg,1,swimmer,,"[1139, 481, 32, 34]",32.984845004941285,32-64,,,,FN
14013,14013.jpg,1,swimmer,,"[1236, 512, 42, 29]",34.899856733230294,32-64,,,,FN
14013,14013.jpg,1,swimmer,,"[357, 588, 38, 28]",32.61901286060018,32-64,,,,FN
14013,14013.jpg,1,swimmer,,"[815, 735, 36, 26]",30.59411708155671,16-32,,,,FN
14014,14014.jpg,1,swimmer,,"[1326, 14, 62, 45]",52.820450584977024,32-64,,,,FN
14014,14014.jpg,1,swimmer,,"[1308, 160, 28, 41]",33.88214869219483,32-64,,,,FN
14014,14014.jpg,1,swimmer,,"[1381, 159, 42, 32]",36.66060555964672,32-64,,,,FN
14014,14014.jpg,1,swimmer,,"[1422, 292, 86, 56]",69.39740629158989,>64,,,,FN
14014,14014.jpg,1,swimmer,,"[1309, 257, 35, 28]",31.304951684997057,16-32,,,,FN
14014,14014.jpg,1,swimmer,,"[1136, 470, 37, 40]",38.47076812334269,32-64,,,,FN
14014,14014.jpg,1,swimmer,,"[1227, 505, 50, 35]",41.83300132670378,32-64,,,,FN
14014,14014.jpg,1,swimmer,,"[358, 583, 38, 28]",32.61901286060018,32-64,,,,FN
14014,14014.jpg,1,swimmer,,"[817, 727, 36, 25]",30.0,16-32,,,,FN
14015,14015.jpg,1,swimmer,,"[1331, 15, 62, 43]",51.633322573702344,32-64,,,,FN
14015,14015.jpg,1,swimmer,,"[1305, 153, 35, 57]",44.66542286825459,32-64,,,,FN
14015,14015.jpg,1,swimmer,,"[1384, 158, 43, 32]",37.094473981982816,32-64,,,,FN
14015,14015.jpg,1,swimmer,,"[1422, 288, 86, 57]",70.01428425685718,>64,,,,FN
14015,14015.jpg,1,swimmer,,"[1314, 253, 39, 29]",33.63034344160047,32-64,,,,FN
14015,14015.jpg,1,swimmer,,"[1138, 463, 39, 60]",48.373546489791295,32-64,,,,FN
14015,14015.jpg,1,swimmer,,"[1231, 504, 44, 34]",38.67815921162743,32-64,,,,FN
14015,14015.jpg,1,swimmer,,"[365, 579, 36, 27]",31.176914536239792,16-32,,,,FN
14015,14015.jpg,1,swimmer,,"[821, 721, 34, 26]",29.732137494637012,16-32,,,,FN
14016,14016.jpg,1,swimmer,,"[1338, 18, 59, 39]",47.968739820845826,32-64,,,,FN
14016,14016.jpg,1,swimmer,,"[1313, 142, 36, 53]",43.68065933568311,32-64,,,,FN
14016,14016.jpg,1,swimmer,,"[1388, 154, 40, 31]",35.21363372331802,32-64,,,,FN
14016,14016.jpg,1,swimmer,,"[1423, 282, 85, 58]",70.21395872616783,>64,,,,FN
14016,14016.jpg,1,swimmer,,"[1313, 249, 42, 32]",36.66060555964672,32-64,,,,FN
14016,14016.jpg,1,swimmer,,"[1142, 468, 42, 43]",42.49705872175156,32-64,,,,FN
14016,14016.jpg,1,swimmer,,"[1231, 492, 43, 37]",39.88734135035826,32-64,,,,FN
14016,14016.jpg,1,swimmer,,"[367, 574, 36, 28]",31.74901573277509,16-32,,,,FN
14016,14016.jpg,1,swimmer,,"[828, 714, 34, 29]",31.400636936215164,16-32,,,,FN
14017,14017.jpg,1,swimmer,,"[1338, 18, 64, 41]",51.22499389946279,32-64,,,,FN
14017,14017.jpg,1,swimmer,,"[1321, 135, 35, 53]",43.069710934716056,32-64,,,,FN
14017,14017.jpg,1,swimmer,,"[1391, 152, 40, 32]",35.77708763999664,32-64,,,,FN
14017,14017.jpg,1,swimmer,,"[1427, 278, 86, 59]",71.2320152740325,>64,,,,FN
14017,14017.jpg,1,swimmer,,"[1312, 242, 43, 35]",38.79432948254165,32-64,,,,FN
14017,14017.jpg,1,swimmer,,"[1146, 469, 43, 29]",35.31288716601915,32-64,,,,FN
14017,14017.jpg,1,swimmer,,"[1225, 495, 49, 33]",40.2119385257662,32-64,,,,FN
14017,14017.jpg,1,swimmer,,"[372, 568, 35, 27]",30.740852297878796,16-32,,,,FN
14017,14017.jpg,1,swimmer,,"[831, 708, 35, 27]",30.740852297878796,16-32,,,,FN
14018,14018.jpg,1,swimmer,,"[1339, 16, 67, 44]",54.29548784199291,32-64,,,,FN
14018,14018.jpg,1,swimmer,,"[1325, 126, 38, 53]",44.87761134463375,32-64,,,,FN
14018,14018.jpg,1,swimmer,,"[1392, 150, 43, 34]",38.23610858861032,32-64,,,,FN
14018,14018.jpg,1,swimmer,,"[1431, 276, 85, 59]",70.81666470542086,>64,,,,FN
14018,14018.jpg,1,swimmer,,"[1319, 233, 54, 40]",46.475800154489,32-64,,,,FN
14018,14018.jpg,1,swimmer,,"[1147, 468, 38, 28]",32.61901286060018,32-64,,,,FN
14018,14018.jpg,1,swimmer,,"[1229, 491, 48, 38]",42.708313008125245,32-64,,,,FN
14018,14018.jpg,1,swimmer,,"[374, 561, 36, 28]",31.74901573277509,16-32,,,,FN
14018,14018.jpg,1,swimmer,,"[830, 701, 35, 31]",32.93933818400121,32-64,,,,FN
14019,14019.jpg,1,swimmer,,"[1343, 18, 70, 46]",56.74504383644443,32-64,,,,FN
14019,14019.jpg,1,swimmer,,"[1328, 120, 41, 50]",45.27692569068709,32-64,,,,FN
14019,14019.jpg,1,swimmer,,"[1390, 150, 48, 31]",38.57460304397182,32-64,,,,FN
14019,14019.jpg,1,swimmer,,"[1433, 276, 86, 59]",71.2320152740325,>64,,,,FN
14019,14019.jpg,1,swimmer,,"[1319, 237, 54, 38]",45.2990066116245,32-64,,,,FN
14019,14019.jpg,1,swimmer,,"[1151, 462, 37, 28]",32.18695387886216,32-64,,,,FN
14019,14019.jpg,1,swimmer,,"[1243, 488, 33, 48]",39.7994974842648,32-64,,,,FN
14019,14019.jpg,1,swimmer,,"[375, 551, 36, 28]",31.74901573277509,16-32,,,,FN
14019,14019.jpg,1,swimmer,,"[830, 696, 35, 26]",30.166206257996713,16-32,,,,FN
14020,14020.jpg,1,swimmer,,"[1343, 22, 73, 48]",59.19459434779497,32-64,,,,FN
14020,14020.jpg,1,swimmer,,"[1335, 116, 41, 53]",46.61544808322666,32-64,,,,FN
14020,14020.jpg,1,swimmer,,"[1390, 154, 50, 30]",38.72983346207417,32-64,,,,FN
14020,14020.jpg,1,swimmer,,"[1432, 276, 84, 58]",69.79971346646059,>64,,,,FN
14020,14020.jpg,1,swimmer,,"[1326, 243, 41, 30]",35.07135583350036,32-64,,,,FN
14020,14020.jpg,1,swimmer,,"[1152, 456, 36, 27]",31.176914536239792,16-32,,,,FN
14020,14020.jpg,1,swimmer,,"[1246, 484, 31, 49]",38.97435053981015,32-64,,,,FN
14020,14020.jpg,1,swimmer,,"[380, 550, 31, 26]",28.39013913315678,16-32,,,,FN
14020,14020.jpg,1,swimmer,,"[829, 688, 38, 27]",32.03123475609393,32-64,,,,FN
14021,14021.jpg,1,swimmer,,"[1356, 32, 70, 41]",53.5723809439155,32-64,,,,FN
14021,14021.jpg,1,swimmer,,"[1347, 113, 39, 49]",43.71498598878879,32-64,,,,FN
14021,14021.jpg,1,swimmer,,"[1398, 154, 47, 33]",39.382737335030434,32-64,,,,FN
14021,14021.jpg,1,swimmer,,"[1436, 276, 84, 60]",70.9929573971954,>64,,,,FN
14021,14021.jpg,1,swimmer,,"[1332, 245, 31, 34]",32.46536616149585,32-64,,,,FN
14021,14021.jpg,1,swimmer,,"[1158, 458, 36, 27]",31.176914536239792,16-32,,,,FN
14021,14021.jpg,1,swimmer,,"[1248, 481, 35, 52]",42.661458015403085,32-64,,,,FN
14021,14021.jpg,1,swimmer,,"[381, 548, 31, 24]",27.27636339397171,16-32,,,,FN
14021,14021.jpg,1,swimmer,,"[831, 683, 36, 27]",31.176914536239792,16-32,,,,FN
14022,14022.jpg,1,swimmer,,"[1367, 33, 62, 37]",47.89572005931219,32-64,,,,FN
14022,14022.jpg,1,swimmer,,"[1359, 111, 39, 48]",43.266615305567875,32-64,,,,FN
14022,14022.jpg,1,swimmer,,"[1400, 154, 48, 34]",40.39801975344831,32-64,,,,FN
14022,14022.jpg,1,swimmer,,"[1438, 278, 84, 59]",70.39886362719217,>64,,,,FN
14022,14022.jpg,1,swimmer,,"[1335, 247, 29, 30]",29.49576240750525,16-32,,,,FN
14022,14022.jpg,1,swimmer,,"[1159, 461, 35, 27]",30.740852297878796,16-32,,,,FN
14022,14022.jpg,1,swimmer,,"[1247, 482, 34, 51]",41.641325627314025,32-64,,,,FN
14022,14022.jpg,1,swimmer,,"[382, 550, 30, 25]",27.386127875258307,16-32,,,,FN
14022,14022.jpg,1,swimmer,,"[834, 679, 39, 26]",31.843366656181317,16-32,,,,FN
14023,14023.jpg,1,swimmer,,"[1375, 28, 59, 38]",47.34976240700686,32-64,,,,FN
14023,14023.jpg,1,swimmer,,"[1373, 104, 34, 45]",39.11521443121589,32-64,,,,FN
14023,14023.jpg,1,swimmer,,"[1401, 153, 47, 30]",37.54996671103717,32-64,,,,FN
14023,14023.jpg,1,swimmer,,"[1442, 276, 84, 60]",70.9929573971954,>64,,,,FN
14023,14023.jpg,1,swimmer,,"[1341, 249, 23, 29]",25.826343140289914,16-32,,,,FN
14023,14023.jpg,1,swimmer,,"[1162, 463, 29, 24]",26.38181191654584,16-32,,,,FN
14023,14023.jpg,1,swimmer,,"[1248, 483, 33, 53]",41.82104733265297,32-64,,,,FN
14023,14023.jpg,1,swimmer,,"[384, 551, 29, 24]",26.38181191654584,16-32,,,,FN
14023,14023.jpg,1,swimmer,,"[838, 680, 40, 24]",30.983866769659336,16-32,,,,FN
14024,14024.jpg,1,swimmer,,"[1403, 36, 33, 22]",26.94438717061496,16-32,,,,FN
14024,14024.jpg,1,swimmer,,"[1378, 94, 34, 37]",35.4682957019364,32-64,,,,FN
14024,14024.jpg,1,swimmer,,"[1406, 147, 41, 32]",36.22154055254967,32-64,,,,FN
14024,14024.jpg,1,swimmer,,"[1444, 273, 82, 59]",69.55573304911681,>64,,,,FN
14024,14024.jpg,1,swimmer,,"[1347, 249, 28, 35]",31.304951684997057,16-32,,,,FN
14024,14024.jpg,1,swimmer,,"[1163, 464, 28, 23]",25.37715508089904,16-32,,,,FN
14024,14024.jpg,1,swimmer,,"[1250, 485, 32, 50]",40.0,32-64,,,,FN
14024,14024.jpg,1,swimmer,,"[389, 553, 31, 25]",27.83882181415011,16-32,,,,FN
14024,14024.jpg,1,swimmer,,"[843, 682, 37, 24]",29.79932885150268,16-32,,,,FN
14025,14025.jpg,1,swimmer,,"[1406, 29, 34, 22]",27.349588662354687,16-32,,,,FN
14025,14025.jpg,1,swimmer,,"[1376, 85, 43, 44]",43.497126341863094,32-64,,,,FN
14025,14025.jpg,1,swimmer,,"[1405, 138, 42, 33]",37.22902093797257,32-64,,,,FN
14025,14025.jpg,1,swimmer,,"[1444, 267, 81, 59]",69.13031173081747,>64,,,,FN
14025,14025.jpg,1,swimmer,,"[1345, 239, 28, 45]",35.4964786985977,32-64,,,,FN
14025,14025.jpg,1,swimmer,,"[1168, 463, 24, 25]",24.49489742783178,16-32,,,,FN
14025,14025.jpg,1,swimmer,,"[1247, 482, 36, 44]",39.7994974842648,32-64,,,,FN
14025,14025.jpg,1,swimmer,,"[395, 552, 31, 25]",27.83882181415011,16-32,,,,FN
14025,14025.jpg,1,swimmer,,"[847, 683, 35, 25]",29.58039891549808,16-32,,,,FN
14026,14026.jpg,1,swimmer,,"[1404, 24, 35, 22]",27.748873851023216,16-32,,,,FN
14026,14026.jpg,1,swimmer,,"[1393, 80, 30, 30]",30.0,16-32,,,,FN
14026,14026.jpg,1,swimmer,,"[1401, 133, 45, 30]",36.742346141747674,32-64,,,,FN
14026,14026.jpg,1,swimmer,,"[1443, 263, 80, 59]",68.70225614927067,>64,,,,FN
14026,14026.jpg,1,swimmer,,"[1346, 232, 26, 39]",31.843366656181317,16-32,,,,FN
14026,14026.jpg,1,swimmer,,"[1169, 459, 28, 24]",25.92296279363144,16-32,,,,FN
14026,14026.jpg,1,swimmer,,"[1248, 477, 34, 37]",35.4682957019364,32-64,,,,FN
14026,14026.jpg,1,swimmer,,"[399, 550, 31, 26]",28.39013913315678,16-32,,,,FN
14026,14026.jpg,1,swimmer,,"[844, 679, 32, 31]",31.496031496047245,16-32,,,,FN
14027,14027.jpg,1,swimmer,,"[1404, 23, 34, 23]",27.964262908219126,16-32,,,,FN
14027,14027.jpg,1,swimmer,,"[1404, 78, 21, 26]",23.366642891095847,16-32,,,,FN
14027,14027.jpg,1,swimmer,,"[1397, 127, 48, 33]",39.7994974842648,32-64,,,,FN
14027,14027.jpg,1,swimmer,,"[1442, 258, 75, 57]",65.3834841531101,>64,,,,FN
14027,14027.jpg,1,swimmer,,"[1348, 227, 26, 34]",29.732137494637012,16-32,,,,FN
14027,14027.jpg,1,swimmer,,"[1169, 453, 26, 24]",24.979991993593593,16-32,,,,FN
14027,14027.jpg,1,swimmer,,"[1248, 465, 35, 42]",38.34057902536163,32-64,,,,FN
14027,14027.jpg,1,swimmer,,"[402, 550, 30, 24]",26.832815729997478,16-32,,,,FN
14027,14027.jpg,1,swimmer,,"[846, 674, 24, 27]",25.45584412271571,16-32,,,,FN
14028,14028.jpg,1,swimmer,,"[1406, 22, 30, 22]",25.69046515733026,16-32,,,,FN
14028,14028.jpg,1,swimmer,,"[1411, 77, 19, 21]",19.974984355438178,16-32,,,,FN
14028,14028.jpg,1,swimmer,,"[1398, 126, 48, 30]",37.94733192202055,32-64,,,,FN
14028,14028.jpg,1,swimmer,,"[1447, 256, 75, 58]",65.95452979136459,>64,,,,FN
14028,14028.jpg,1,swimmer,,"[1349, 225, 21, 29]",24.677925358506133,16-32,,,,FN
14028,14028.jpg,1,swimmer,,"[1173, 442, 25, 25]",25.0,16-32,,,,FN
14028,14028.jpg,1,swimmer,,"[1249, 455, 35, 46]",40.124805295477756,32-64,,,,FN
14028,14028.jpg,1,swimmer,,"[406, 546, 31, 26]",28.39013913315678,16-32,,,,FN
14028,14028.jpg,1,swimmer,,"[852, 664, 24, 26]",24.979991993593593,16-32,,,,FN
14029,14029.jpg,1,swimmer,,"[1407, 24, 28, 21]",24.24871130596428,16-32,,,,FN
14029,14029.jpg,1,swimmer,,"[1415, 78, 19, 22]",20.445048300260872,16-32,,,,FN
14029,14029.jpg,1,swimmer,,"[1397, 127, 49, 32]",39.59797974644666,32-64,,,,FN
14029,14029.jpg,1,swimmer,,"[1452, 254, 77, 57]",66.24952830020754,>64,,,,FN
14029,14029.jpg,1,swimmer,,"[1349, 224, 21, 30]",25.099800796022265,16-32,,,,FN
14029,14029.jpg,1,swimmer,,"[1174, 436, 25, 25]",25.0,16-32,,,,FN
14029,14029.jpg,1,swimmer,,"[1256, 456, 28, 36]",31.74901573277509,16-32,,,,FN
14029,14029.jpg,1,swimmer,,"[412, 540, 31, 25]",27.83882181415011,16-32,,,,FN
14029,14029.jpg,1,swimmer,,"[851, 656, 30, 25]",27.386127875258307,16-32,,,,FN
14030,14030.jpg,1,swimmer,,"[1408, 23, 26, 21]",23.366642891095847,16-32,,,,FN
14030,14030.jpg,1,swimmer,,"[1415, 75, 19, 19]",19.0,16-32,,,,FN
14030,14030.jpg,1,swimmer,,"[1401, 128, 43, 30]",35.91656999213594,32-64,,,,FN
14030,14030.jpg,1,swimmer,,"[1465, 254, 39, 42]",40.47221268969612,32-64,,,,FN
14030,14030.jpg,1,swimmer,,"[1351, 225, 21, 31]",25.514701644346147,16-32,,,,FN
14030,14030.jpg,1,swimmer,,"[1175, 434, 26, 26]",26.0,16-32,,,,FN
14030,14030.jpg,1,swimmer,,"[1263, 452, 30, 40]",34.64101615137755,32-64,,,,FN
14030,14030.jpg,1,swimmer,,"[418, 537, 29, 24]",26.38181191654584,16-32,,,,FN
14030,14030.jpg,1,swimmer,,"[854, 646, 37, 26]",31.016124838541646,16-32,,,,FN
14031,14031.jpg,1,swimmer,,"[1412, 19, 23, 24]",23.49468024894146,16-32,,,,FN
14031,14031.jpg,1,swimmer,,"[1419, 77, 17, 22]",19.339079605813716,16-32,,,,FN
14031,14031.jpg,1,swimmer,,"[1405, 128, 40, 27]",32.863353450309965,32-64,,,,FN
14031,14031.jpg,1,swimmer,,"[1468, 253, 42, 46]",43.95452195167182,32-64,,,,FN
14031,14031.jpg,1,swimmer,,"[1356, 224, 26, 33]",29.29163703175362,16-32,,,,FN
14031,14031.jpg,1,swimmer,,"[1181, 435, 26, 27]",26.49528259898354,16-32,,,,FN
14031,14031.jpg,1,swimmer,,"[1270, 449, 41, 45]",42.95346318982906,32-64,,,,FN
14031,14031.jpg,1,swimmer,,"[420, 529, 32, 26]",28.844410203711913,16-32,,,,FN
14031,14031.jpg,1,swimmer,,"[856, 640, 38, 25]",30.822070014844883,16-32,,,,FN
14032,14032.jpg,1,swimmer,,"[1417, 21, 22, 23]",22.494443758403985,16-32,,,,FN
14032,14032.jpg,1,swimmer,,"[1421, 80, 16, 20]",17.88854381999832,16-32,,,,FN
14032,14032.jpg,1,swimmer,,"[1404, 127, 42, 25]",32.4037034920393,32-64,,,,FN
14032,14032.jpg,1,swimmer,,"[1467, 256, 42, 40]",40.98780306383839,32-64,,,,FN
14032,14032.jpg,1,swimmer,,"[1355, 228, 24, 32]",27.712812921102035,16-32,,,,FN
14032,14032.jpg,1,swimmer,,"[1184, 435, 26, 23]",24.454038521274967,16-32,,,,FN
14032,14032.jpg,1,swimmer,,"[1258, 448, 53, 45]",48.83646178829912,32-64,,,,FN
14032,14032.jpg,1,swimmer,,"[417, 526, 35, 28]",31.304951684997057,16-32,,,,FN
14032,14032.jpg,1,swimmer,,"[855, 639, 35, 24]",28.982753492378876,16-32,,,,FN
14033,14033.jpg,1,swimmer,,"[1418, 20, 21, 22]",21.494185260204677,16-32,,,,FN
14033,14033.jpg,1,swimmer,,"[1421, 81, 17, 21]",18.894443627691185,16-32,,,,FN
14033,14033.jpg,1,swimmer,,"[1403, 127, 44, 23]",31.811947441173732,16-32,,,,FN
14033,14033.jpg,1,swimmer,,"[1468, 255, 34, 34]",34.0,32-64,,,,FN
14033,14033.jpg,1,swimmer,,"[1355, 226, 25, 34]",29.154759474226502,16-32,,,,FN
14033,14033.jpg,1,swimmer,,"[1186, 434, 26, 24]",24.979991993593593,16-32,,,,FN
14033,14033.jpg,1,swimmer,,"[1267, 448, 52, 49]",50.47771785649585,32-64,,,,FN
14033,14033.jpg,1,swimmer,,"[424, 524, 30, 25]",27.386127875258307,16-32,,,,FN
14033,14033.jpg,1,swimmer,,"[858, 637, 33, 23]",27.54995462791182,16-32,,,,FN
14034,14034.jpg,1,swimmer,,"[1418, 19, 22, 22]",22.0,16-32,,,,FN
14034,14034.jpg,1,swimmer,,"[1424, 81, 16, 23]",19.183326093250876,16-32,,,,FN
14034,14034.jpg,1,swimmer,,"[1400, 128, 46, 23]",32.526911934581186,32-64,,,,FN
14034,14034.jpg,1,swimmer,,"[1473, 254, 29, 33]",30.93541659651604,16-32,,,,FN
14034,14034.jpg,1,swimmer,,"[1356, 226, 31, 45]",37.3496987939662,32-64,,,,FN
14034,14034.jpg,1,swimmer,,"[1189, 435, 23, 24]",23.49468024894146,16-32,,,,FN
14034,14034.jpg,1,swimmer,,"[1261, 445, 37, 59]",46.72258554489466,32-64,,,,FN
14034,14034.jpg,1,swimmer,,"[423, 523, 31, 26]",28.39013913315678,16-32,,,,FN
14034,14034.jpg,1,swimmer,,"[862, 635, 35, 24]",28.982753492378876,16-32,,,,FN
14035,14035.jpg,1,swimmer,,"[1417, 19, 23, 25]",23.979157616563597,16-32,,,,FN
14035,14035.jpg,1,swimmer,,"[1419, 87, 21, 16]",18.33030277982336,16-32,,,,FN
14035,14035.jpg,1,swimmer,,"[1407, 128, 37, 28]",32.18695387886216,32-64,,,,FN
14035,14035.jpg,1,swimmer,,"[1477, 252, 28, 30]",28.982753492378876,16-32,,,,FN
14035,14035.jpg,1,swimmer,,"[1356, 228, 29, 42]",34.899856733230294,32-64,,,,FN
14035,14035.jpg,1,swimmer,,"[1191, 434, 23, 22]",22.494443758403985,16-32,,,,FN
14035,14035.jpg,1,swimmer,,"[1261, 444, 36, 57]",45.2990066116245,32-64,,,,FN
14035,14035.jpg,1,swimmer,,"[425, 522, 29, 24]",26.38181191654584,16-32,,,,FN
14035,14035.jpg,1,swimmer,,"[866, 637, 35, 23]",28.372521918222215,16-32,,,,FN
14036,14036.jpg,1,swimmer,,"[1421, 18, 24, 23]",23.49468024894146,16-32,,,,FN
14036,14036.jpg,1,swimmer,,"[1421, 87, 21, 16]",18.33030277982336,16-32,,,,FN
14036,14036.jpg,1,swimmer,,"[1402, 128, 44, 29]",35.7211421989835,32-64,,,,FN
14036,14036.jpg,1,swimmer,,"[1477, 248, 32, 32]",32.0,32-64,,,,FN
14036,14036.jpg,1,swimmer,,"[1360, 225, 30, 38]",33.76388603226827,32-64,,,,FN
14036,14036.jpg,1,swimmer,,"[1190, 433, 25, 22]",23.45207879911715,16-32,,,,FN
14036,14036.jpg,1,swimmer,,"[1260, 439, 44, 54]",48.744230427815765,32-64,,,,FN
14036,14036.jpg,1,swimmer,,"[427, 518, 29, 24]",26.38181191654584,16-32,,,,FN
14036,14036.jpg,1,swimmer,,"[867, 637, 35, 24]",28.982753492378876,16-32,,,,FN
14037,14037.jpg,1,swimmer,,"[1424, 12, 27, 23]",24.919871588754223,16-32,,,,FN
14037,14037.jpg,1,swimmer,,"[1426, 81, 19, 16]",17.435595774162696,16-32,,,,FN
14037,14037.jpg,1,swimmer,,"[1402, 124, 41, 29]",34.48187929913333,32-64,,,,FN
14037,14037.jpg,1,swimmer,,"[1477, 247, 35, 33]",33.98529093593286,32-64,,,,FN
14037,14037.jpg,1,swimmer,,"[1362, 224, 30, 35]",32.4037034920393,32-64,,,,FN
14037,14037.jpg,1,swimmer,,"[1191, 431, 25, 21]",22.9128784747792,16-32,,,,FN
14037,14037.jpg,1,swimmer,,"[1257, 439, 56, 53]",54.47935388750494,32-64,,,,FN
14037,14037.jpg,1,swimmer,,"[428, 512, 32, 27]",29.393876913398138,16-32,,,,FN
14037,14037.jpg,1,swimmer,,"[862, 631, 36, 23]",28.77498913987632,16-32,,,,FN
14038,14038.jpg,1,swimmer,,"[1427, 5, 30, 21]",25.099800796022265,16-32,,,,FN
14038,14038.jpg,1,swimmer,,"[1430, 76, 19, 14]",16.30950643030009,16-32,,,,FN
14038,14038.jpg,1,swimmer,,"[1405, 119, 37, 27]",31.606961258558215,16-32,,,,FN
14038,14038.jpg,1,swimmer,,"[1480, 240, 32, 32]",32.0,32-64,,,,FN
14038,14038.jpg,1,swimmer,,"[1360, 220, 26, 35]",30.166206257996713,16-32,,,,FN
14038,14038.jpg,1,swimmer,,"[1190, 426, 28, 22]",24.819347291981714,16-32,,,,FN
14038,14038.jpg,1,swimmer,,"[1263, 437, 51, 48]",49.47726750741192,32-64,,,,FN
14038,14038.jpg,1,swimmer,,"[431, 509, 31, 25]",27.83882181415011,16-32,,,,FN
14038,14038.jpg,1,swimmer,,"[855, 627, 37, 24]",29.79932885150268,16-32,,,,FN
14039,14039.jpg,1,swimmer,,"[1430, 69, 19, 17]",17.97220075561143,16-32,,,,FN
14039,14039.jpg,1,swimmer,,"[1405, 112, 41, 28]",33.88214869219483,32-64,,,,FN
14039,14039.jpg,1,swimmer,,"[1485, 229, 31, 31]",31.0,16-32,,,,FN
14039,14039.jpg,1,swimmer,,"[1367, 218, 23, 28]",25.37715508089904,16-32,,,,FN
14039,14039.jpg,1,swimmer,,"[1195, 420, 30, 24]",26.832815729997478,16-32,,,,FN
14039,14039.jpg,1,swimmer,,"[1261, 430, 65, 48]",55.85696017507576,32-64,,,,FN
14039,14039.jpg,1,swimmer,,"[431, 507, 32, 23]",27.129319932501073,16-32,,,,FN
14039,14039.jpg,1,swimmer,,"[851, 622, 39, 26]",31.843366656181317,16-32,,,,FN
14040,14040.jpg,1,swimmer,,"[1429, 65, 20, 23]",21.447610589527216,16-32,,,,FN
14040,14040.jpg,1,swimmer,,"[1405, 109, 36, 26]",30.59411708155671,16-32,,,,FN
14040,14040.jpg,1,swimmer,,"[1489, 225, 37, 29]",32.7566787083184,32-64,,,,FN
14040,14040.jpg,1,swimmer,,"[1373, 211, 27, 33]",29.8496231131986,16-32,,,,FN
14040,14040.jpg,1,swimmer,,"[1197, 417, 28, 22]",24.819347291981714,16-32,,,,FN
14040,14040.jpg,1,swimmer,,"[1259, 427, 64, 47]",54.84523680320835,32-64,,,,FN
14040,14040.jpg,1,swimmer,,"[428, 502, 30, 24]",26.832815729997478,16-32,,,,FN
14040,14040.jpg,1,swimmer,,"[854, 620, 39, 29]",33.63034344160047,32-64,,,,FN
14041,14041.jpg,1,swimmer,,"[1428, 63, 21, 15]",17.74823934929885,16-32,,,,FN
14041,14041.jpg,1,swimmer,,"[1405, 104, 34, 25]",29.154759474226502,16-32,,,,FN
14041,14041.jpg,1,swimmer,,"[1491, 221, 38, 28]",32.61901286060018,32-64,,,,FN
14041,14041.jpg,1,swimmer,,"[1372, 201, 34, 47]",39.97499218261337,32-64,,,,FN
14041,14041.jpg,1,swimmer,,"[1202, 415, 31, 24]",27.27636339397171,16-32,,,,FN
14041,14041.jpg,1,swimmer,,"[1274, 423, 44, 48]",45.95650117230423,32-64,,,,FN
14041,14041.jpg,1,swimmer,,"[426, 499, 31, 25]",27.83882181415011,16-32,,,,FN
14041,14041.jpg,1,swimmer,,"[856, 613, 39, 32]",35.32704346531139,32-64,,,,FN
14042,14042.jpg,1,swimmer,,"[1429, 59, 21, 17]",18.894443627691185,16-32,,,,FN
14042,14042.jpg,1,swimmer,,"[1398, 104, 39, 27]",32.449961479175904,32-64,,,,FN
14042,14042.jpg,1,swimmer,,"[1489, 214, 37, 29]",32.7566787083184,32-64,,,,FN
14042,14042.jpg,1,swimmer,,"[1373, 205, 32, 45]",37.94733192202055,32-64,,,,FN
14042,14042.jpg,1,swimmer,,"[1210, 410, 32, 26]",28.844410203711913,16-32,,,,FN
14042,14042.jpg,1,swimmer,,"[1284, 418, 38, 51]",44.02272140611028,32-64,,,,FN
14042,14042.jpg,1,swimmer,,"[424, 497, 30, 24]",26.832815729997478,16-32,,,,FN
14042,14042.jpg,1,swimmer,,"[859, 611, 41, 34]",37.33630940518894,32-64,,,,FN
14043,14043.jpg,1,swimmer,,"[1429, 53, 20, 18]",18.973665961010276,16-32,,,,FN
14043,14043.jpg,1,swimmer,,"[1391, 101, 40, 28]",33.46640106136302,32-64,,,,FN
14043,14043.jpg,1,swimmer,,"[1487, 208, 38, 29]",33.19638534539566,32-64,,,,FN
14043,14043.jpg,1,swimmer,,"[1372, 205, 33, 27]",29.8496231131986,16-32,,,,FN
14043,14043.jpg,1,swimmer,,"[1211, 401, 34, 32]",32.984845004941285,32-64,,,,FN
14043,14043.jpg,1,swimmer,,"[1285, 412, 34, 46]",39.54743986657038,32-64,,,,FN
14043,14043.jpg,1,swimmer,,"[425, 493, 31, 25]",27.83882181415011,16-32,,,,FN
14043,14043.jpg,1,swimmer,,"[869, 607, 34, 35]",34.49637662132068,32-64,,,,FN
14044,14044.jpg,1,swimmer,,"[1426, 54, 24, 19]",21.354156504062622,16-32,,,,FN
14044,14044.jpg,1,swimmer,,"[1382, 98, 35, 34]",34.49637662132068,32-64,,,,FN
14044,14044.jpg,1,swimmer,,"[1482, 206, 37, 28]",32.18695387886216,32-64,,,,FN
14044,14044.jpg,1,swimmer,,"[1369, 202, 36, 28]",31.74901573277509,16-32,,,,FN
14044,14044.jpg,1,swimmer,,"[1200, 386, 51, 52]",51.49757275833493,32-64,,,,FN
14044,14044.jpg,1,swimmer,,"[1277, 410, 37, 35]",35.98610843089316,32-64,,,,FN
14044,14044.jpg,1,swimmer,,"[429, 491, 31, 25]",27.83882181415011,16-32,,,,FN
14044,14044.jpg,1,swimmer,,"[874, 603, 30, 32]",30.983866769659336,16-32,,,,FN
14045,14045.jpg,1,swimmer,,"[1424, 53, 20, 17]",18.439088914585774,16-32,,,,FN
14045,14045.jpg,1,swimmer,,"[1388, 99, 27, 36]",31.176914536239792,16-32,,,,FN
14045,14045.jpg,1,swimmer,,"[1476, 204, 31, 29]",29.9833287011299,16-32,,,,FN
14045,14045.jpg,1,swimmer,,"[1366, 201, 39, 29]",33.63034344160047,32-64,,,,FN
14045,14045.jpg,1,swimmer,,"[1185, 379, 57, 64]",60.398675482166,32-64,,,,FN
14045,14045.jpg,1,swimmer,,"[1279, 406, 31, 30]",30.495901363953813,16-32,,,,FN
14045,14045.jpg,1,swimmer,,"[433, 490, 31, 25]",27.83882181415011,16-32,,,,FN
14045,14045.jpg,1,swimmer,,"[876, 594, 27, 30]",28.460498941515414,16-32,,,,FN
14046,14046.jpg,1,swimmer,,"[1425, 54, 20, 16]",17.88854381999832,16-32,,,,FN
14046,14046.jpg,1,swimmer,,"[1386, 98, 25, 36]",30.0,16-32,,,,FN
14046,14046.jpg,1,swimmer,,"[1474, 201, 29, 33]",30.93541659651604,16-32,,,,FN
14046,14046.jpg,1,swimmer,,"[1364, 199, 39, 29]",33.63034344160047,32-64,,,,FN
14046,14046.jpg,1,swimmer,,"[1197, 382, 49, 49]",49.0,32-64,,,,FN
14046,14046.jpg,1,swimmer,,"[1276, 404, 30, 29]",29.49576240750525,16-32,,,,FN
14046,14046.jpg,1,swimmer,,"[436, 487, 30, 24]",26.832815729997478,16-32,,,,FN
14046,14046.jpg,1,swimmer,,"[856, 585, 42, 35]",38.34057902536163,32-64,,,,FN
14047,14047.jpg,1,swimmer,,"[1425, 54, 21, 16]",18.33030277982336,16-32,,,,FN
14047,14047.jpg,1,swimmer,,"[1385, 100, 24, 40]",30.983866769659336,16-32,,,,FN
14047,14047.jpg,1,swimmer,,"[1474, 199, 32, 34]",32.984845004941285,32-64,,,,FN
14047,14047.jpg,1,swimmer,,"[1369, 198, 34, 37]",35.4682957019364,32-64,,,,FN
14047,14047.jpg,1,swimmer,,"[1197, 390, 39, 34]",36.41428291206625,32-64,,,,FN
14047,14047.jpg,1,swimmer,,"[1278, 403, 29, 32]",30.463092423455635,16-32,,,,FN
14047,14047.jpg,1,swimmer,,"[435, 481, 31, 25]",27.83882181415011,16-32,,,,FN
14047,14047.jpg,1,swimmer,,"[848, 576, 45, 33]",38.535697735995385,32-64,,,,FN
14048,14048.jpg,1,swimmer,,"[1429, 54, 24, 17]",20.199009876724155,16-32,,,,FN
14048,14048.jpg,1,swimmer,,"[1386, 100, 25, 46]",33.91164991562634,32-64,,,,FN
14048,14048.jpg,1,swimmer,,"[1477, 196, 34, 27]",30.298514815086232,16-32,,,,FN
14048,14048.jpg,1,swimmer,,"[1376, 199, 27, 32]",29.393876913398138,16-32,,,,FN
14048,14048.jpg,1,swimmer,,"[1206, 397, 31, 30]",30.495901363953813,16-32,,,,FN
14048,14048.jpg,1,swimmer,,"[1281, 403, 31, 30]",30.495901363953813,16-32,,,,FN
14048,14048.jpg,1,swimmer,,"[435, 477, 31, 25]",27.83882181415011,16-32,,,,FN
14048,14048.jpg,1,swimmer,,"[840, 579, 51, 34]",41.641325627314025,32-64,,,,FN
14049,14049.jpg,1,swimmer,,"[1433, 48, 28, 20]",23.664319132398465,16-32,,,,FN
14049,14049.jpg,1,swimmer,,"[1387, 97, 24, 41]",31.368774282716245,16-32,,,,FN
14049,14049.jpg,1,swimmer,,"[1479, 187, 36, 33]",34.46737587922817,32-64,,,,FN
14049,14049.jpg,1,swimmer,,"[1384, 197, 23, 27]",24.919871588754223,16-32,,,,FN
14049,14049.jpg,1,swimmer,,"[1206, 392, 29, 38]",33.19638534539566,32-64,,,,FN
14049,14049.jpg,1,swimmer,,"[1286, 403, 32, 28]",29.93325909419153,16-32,,,,FN
14049,14049.jpg,1,swimmer,,"[434, 475, 30, 23]",26.267851073127396,16-32,,,,FN
14049,14049.jpg,1,swimmer,,"[845, 582, 48, 35]",40.98780306383839,32-64,,,,FN
14050,14050.jpg,1,swimmer,,"[1439, 40, 25, 21]",22.9128784747792,16-32,,,,FN
14050,14050.jpg,1,swimmer,,"[1391, 90, 27, 42]",33.67491648096547,32-64,,,,FN
14050,14050.jpg,1,swimmer,,"[1478, 179, 38, 32]",34.87119154832539,32-64,,,,FN
14050,14050.jpg,1,swimmer,,"[1388, 190, 23, 27]",24.919871588754223,16-32,,,,FN
14050,14050.jpg,1,swimmer,,"[1213, 393, 28, 39]",33.04542328371661,32-64,,,,FN
14050,14050.jpg,1,swimmer,,"[1293, 395, 30, 29]",29.49576240750525,16-32,,,,FN
14050,14050.jpg,1,swimmer,,"[427, 471, 31, 25]",27.83882181415011,16-32,,,,FN
14050,14050.jpg,1,swimmer,,"[848, 579, 48, 38]",42.708313008125245,32-64,,,,FN
14051,14051.jpg,1,swimmer,,"[1443, 29, 24, 20]",21.908902300206645,16-32,,,,FN
14051,14051.jpg,1,swimmer,,"[1391, 84, 26, 44]",33.823069050575526,32-64,,,,FN
14051,14051.jpg,1,swimmer,,"[1475, 170, 39, 35]",36.945906403822335,32-64,,,,FN
14051,14051.jpg,1,swimmer,,"[1390, 182, 23, 28]",25.37715508089904,16-32,,,,FN
14051,14051.jpg,1,swimmer,,"[1222, 387, 24, 31]",27.27636339397171,16-32,,,,FN
14051,14051.jpg,1,swimmer,,"[1296, 387, 27, 27]",27.0,16-32,,,,FN
14051,14051.jpg,1,swimmer,,"[423, 475, 31, 26]",28.39013913315678,16-32,,,,FN
14051,14051.jpg,1,swimmer,,"[856, 580, 44, 32]",37.52332607858744,32-64,,,,FN
14052,14052.jpg,1,swimmer,,"[1443, 26, 23, 20]",21.447610589527216,16-32,,,,FN
14052,14052.jpg,1,swimmer,,"[1387, 79, 26, 38]",31.432467291003423,16-32,,,,FN
14052,14052.jpg,1,swimmer,,"[1473, 164, 38, 37]",37.49666651850535,32-64,,,,FN
14052,14052.jpg,1,swimmer,,"[1388, 175, 23, 29]",25.826343140289914,16-32,,,,FN
14052,14052.jpg,1,swimmer,,"[1225, 380, 35, 30]",32.4037034920393,32-64,,,,FN
14052,14052.jpg,1,swimmer,,"[1293, 379, 27, 28]",27.49545416973504,16-32,,,,FN
14052,14052.jpg,1,swimmer,,"[426, 481, 30, 24]",26.832815729997478,16-32,,,,FN
14052,14052.jpg,1,swimmer,,"[865, 570, 40, 54]",46.475800154489,32-64,,,,FN
14053,14053.jpg,1,swimmer,,"[1445, 28, 22, 21]",21.494185260204677,16-32,,,,FN
14053,14053.jpg,1,swimmer,,"[1380, 84, 42, 32]",36.66060555964672,32-64,,,,FN
14053,14053.jpg,1,swimmer,,"[1477, 163, 36, 31]",33.406586176980134,32-64,,,,FN
14053,14053.jpg,1,swimmer,,"[1383, 168, 52, 35]",42.661458015403085,32-64,,,,FN
14053,14053.jpg,1,swimmer,,"[1219, 372, 41, 46]",43.42810150121693,32-64,,,,FN
14053,14053.jpg,1,swimmer,,"[1291, 372, 28, 28]",28.0,16-32,,,,FN
14053,14053.jpg,1,swimmer,,"[432, 482, 30, 25]",27.386127875258307,16-32,,,,FN
14053,14053.jpg,1,swimmer,,"[871, 570, 35, 37]",35.98610843089316,32-64,,,,FN
14054,14054.jpg,1,swimmer,,"[1447, 33, 22, 20]",20.97617696340303,16-32,,,,FN
14054,14054.jpg,1,swimmer,,"[1376, 88, 43, 32]",37.094473981982816,32-64,,,,FN
14054,14054.jpg,1,swimmer,,"[1476, 166, 37, 28]",32.18695387886216,32-64,,,,FN
14054,14054.jpg,1,swimmer,,"[1381, 175, 55, 31]",41.291645644125154,32-64,,,,FN
14054,14054.jpg,1,swimmer,,"[1216, 364, 38, 57]",46.54030511288038,32-64,,,,FN
14054,14054.jpg,1,swimmer,,"[1289, 372, 30, 29]",29.49576240750525,16-32,,,,FN
14054,14054.jpg,1,swimmer,,"[437, 483, 29, 24]",26.38181191654584,16-32,,,,FN
14054,14054.jpg,1,swimmer,,"[871, 551, 36, 67]",49.1121166312347,32-64,,,,FN
14055,14055.jpg,1,swimmer,,"[1449, 37, 19, 17]",17.97220075561143,16-32,,,,FN
14055,14055.jpg,1,swimmer,,"[1375, 93, 41, 31]",35.651086939951774,32-64,,,,FN
14055,14055.jpg,1,swimmer,,"[1476, 171, 36, 27]",31.176914536239792,16-32,,,,FN
14055,14055.jpg,1,swimmer,,"[1378, 177, 47, 36]",41.13392760240627,32-64,,,,FN
14055,14055.jpg,1,swimmer,,"[1222, 368, 38, 47]",42.261093218230876,32-64,,,,FN
14055,14055.jpg,1,swimmer,,"[1287, 371, 30, 28]",28.982753492378876,16-32,,,,FN
14055,14055.jpg,1,swimmer,,"[440, 476, 30, 25]",27.386127875258307,16-32,,,,FN
14055,14055.jpg,1,swimmer,,"[871, 554, 28, 46]",35.888716889852724,32-64,,,,FN
14056,14056.jpg,1,swimmer,,"[1450, 39, 26, 17]",21.02379604162864,16-32,,,,FN
14056,14056.jpg,1,swimmer,,"[1375, 97, 40, 30]",34.64101615137755,32-64,,,,FN
14056,14056.jpg,1,swimmer,,"[1479, 174, 38, 26]",31.432467291003423,16-32,,,,FN
14056,14056.jpg,1,swimmer,,"[1379, 183, 45, 35]",39.68626966596886,32-64,,,,FN
14056,14056.jpg,1,swimmer,,"[1219, 370, 36, 33]",34.46737587922817,32-64,,,,FN
14056,14056.jpg,1,swimmer,,"[1287, 368, 29, 29]",29.0,16-32,,,,FN
14056,14056.jpg,1,swimmer,,"[441, 470, 32, 27]",29.393876913398138,16-32,,,,FN
14056,14056.jpg,1,swimmer,,"[871, 551, 22, 57]",35.41186241925155,32-64,,,,FN
14057,14057.jpg,1,swimmer,,"[1457, 40, 23, 14]",17.944358444926362,16-32,,,,FN
14057,14057.jpg,1,swimmer,,"[1378, 99, 35, 33]",33.98529093593286,32-64,,,,FN
14057,14057.jpg,1,swimmer,,"[1481, 176, 37, 25]",30.4138126514911,16-32,,,,FN
14057,14057.jpg,1,swimmer,,"[1385, 188, 40, 29]",34.058772731852805,32-64,,,,FN
14057,14057.jpg,1,swimmer,,"[1221, 369, 35, 51]",42.24926034855522,32-64,,,,FN
14057,14057.jpg,1,swimmer,,"[1285, 366, 29, 28]",28.495613697550013,16-32,,,,FN
14057,14057.jpg,1,swimmer,,"[441, 470, 30, 25]",27.386127875258307,16-32,,,,FN
14057,14057.jpg,1,swimmer,,"[863, 552, 26, 45]",34.20526275297414,32-64,,,,FN
14058,14058.jpg,1,swimmer,,"[1461, 40, 19, 13]",15.716233645501712,<16,,,,FN
14058,14058.jpg,1,swimmer,,"[1380, 101, 31, 32]",31.496031496047245,16-32,,,,FN
14058,14058.jpg,1,swimmer,,"[1481, 177, 37, 26]",31.016124838541646,16-32,,,,FN
14058,14058.jpg,1,swimmer,,"[1381, 183, 43, 33]",37.66961640367472,32-64,,,,FN
14058,14058.jpg,1,swimmer,,"[1219, 368, 34, 42]",37.78888725538237,32-64,,,,FN
14058,14058.jpg,1,swimmer,,"[1285, 366, 28, 27]",27.49545416973504,16-32,,,,FN
14058,14058.jpg,1,swimmer,,"[437, 466, 30, 24]",26.832815729997478,16-32,,,,FN
14058,14058.jpg,1,swimmer,,"[860, 556, 29, 35]",31.85906464414798,16-32,,,,FN
14059,14059.jpg,1,swimmer,,"[1460, 42, 27, 17]",21.42428528562855,16-32,,,,FN
14059,14059.jpg,1,swimmer,,"[1381, 102, 29, 30]",29.49576240750525,16-32,,,,FN
14059,14059.jpg,1,swimmer,,"[1485, 173, 37, 26]",31.016124838541646,16-32,,,,FN
14059,14059.jpg,1,swimmer,,"[1381, 181, 41, 42]",41.49698784249286,32-64,,,,FN
14059,14059.jpg,1,swimmer,,"[1219, 373, 25, 34]",29.154759474226502,16-32,,,,FN
14059,14059.jpg,1,swimmer,,"[1282, 364, 30, 29]",29.49576240750525,16-32,,,,FN
14059,14059.jpg,1,swimmer,,"[431, 464, 31, 26]",28.39013913315678,16-32,,,,FN
14059,14059.jpg,1,swimmer,,"[852, 556, 39, 27]",32.449961479175904,32-64,,,,FN
14060,14060.jpg,1,swimmer,,"[1457, 38, 41, 26]",32.64965543462902,32-64,,,,FN
14060,14060.jpg,1,swimmer,,"[1382, 101, 28, 29]",28.495613697550013,16-32,,,,FN
14060,14060.jpg,1,swimmer,,"[1488, 173, 36, 28]",31.74901573277509,16-32,,,,FN
14060,14060.jpg,1,swimmer,,"[1388, 186, 36, 32]",33.94112549695428,32-64,,,,FN
14060,14060.jpg,1,swimmer,,"[1220, 372, 30, 29]",29.49576240750525,16-32,,,,FN
14060,14060.jpg,1,swimmer,,"[1281, 357, 31, 28]",29.46183972531247,16-32,,,,FN
14060,14060.jpg,1,swimmer,,"[427, 464, 31, 25]",27.83882181415011,16-32,,,,FN
14060,14060.jpg,1,swimmer,,"[850, 552, 43, 31]",36.51027252705737,32-64,,,,FN
14061,14061.jpg,1,swimmer,,"[1464, 34, 35, 24]",28.982753492378876,16-32,,,,FN
14061,14061.jpg,1,swimmer,,"[1381, 95, 33, 32]",32.49615361854384,32-64,,,,FN
14061,14061.jpg,1,swimmer,,"[1491, 171, 35, 27]",30.740852297878796,16-32,,,,FN
14061,14061.jpg,1,swimmer,,"[1385, 180, 43, 39]",40.95119045888654,32-64,,,,FN
14061,14061.jpg,1,swimmer,,"[1216, 365, 34, 37]",35.4682957019364,32-64,,,,FN
14061,14061.jpg,1,swimmer,,"[1281, 353, 31, 30]",30.495901363953813,16-32,,,,FN
14061,14061.jpg,1,swimmer,,"[426, 462, 31, 26]",28.39013913315678,16-32,,,,FN
14061,14061.jpg,1,swimmer,,"[844, 551, 48, 38]",42.708313008125245,32-64,,,,FN
14062,14062.jpg,1,swimmer,,"[1463, 22, 33, 35]",33.98529093593286,32-64,,,,FN
14062,14062.jpg,1,swimmer,,"[1386, 89, 30, 35]",32.4037034920393,32-64,,,,FN
14062,14062.jpg,1,swimmer,,"[1495, 163, 33, 26]",29.29163703175362,16-32,,,,FN
14062,14062.jpg,1,swimmer,,"[1387, 174, 44, 39]",41.42463035441596,32-64,,,,FN
14062,14062.jpg,1,swimmer,,"[1212, 362, 37, 40]",38.47076812334269,32-64,,,,FN
14062,14062.jpg,1,swimmer,,"[1279, 351, 32, 33]",32.49615361854384,32-64,,,,FN
14062,14062.jpg,1,swimmer,,"[426, 464, 31, 26]",28.39013913315678,16-32,,,,FN
14062,14062.jpg,1,swimmer,,"[835, 554, 73, 34]",49.8196748283246,32-64,,,,FN
14063,14063.jpg,1,swimmer,,"[1455, 25, 45, 38]",41.352146256270665,32-64,,,,FN
14063,14063.jpg,1,swimmer,,"[1387, 86, 30, 32]",30.983866769659336,16-32,,,,FN
14063,14063.jpg,1,swimmer,,"[1495, 154, 35, 27]",30.740852297878796,16-32,,,,FN
14063,14063.jpg,1,swimmer,,"[1387, 166, 35, 33]",33.98529093593286,32-64,,,,FN
14063,14063.jpg,1,swimmer,,"[1211, 357, 37, 36]",36.49657518178932,32-64,,,,FN
14063,14063.jpg,1,swimmer,,"[1281, 345, 30, 29]",29.49576240750525,16-32,,,,FN
14063,14063.jpg,1,swimmer,,"[429, 464, 30, 24]",26.832815729997478,16-32,,,,FN
14063,14063.jpg,1,swimmer,,"[847, 547, 52, 36]",43.266615305567875,32-64,,,,FN
14064,14064.jpg,1,swimmer,,"[1450, 26, 49, 36]",42.0,32-64,,,,FN
14064,14064.jpg,1,swimmer,,"[1387, 84, 29, 31]",29.9833287011299,16-32,,,,FN
14064,14064.jpg,1,swimmer,,"[1497, 158, 33, 27]",29.8496231131986,16-32,,,,FN
14064,14064.jpg,1,swimmer,,"[1378, 164, 46, 46]",46.0,32-64,,,,FN
14064,14064.jpg,1,swimmer,,"[1211, 350, 35, 36]",35.4964786985977,32-64,,,,FN
14064,14064.jpg,1,swimmer,,"[1283, 333, 29, 29]",29.0,16-32,,,,FN
14064,14064.jpg,1,swimmer,,"[431, 462, 30, 26]",27.92848008753788,16-32,,,,FN
14064,14064.jpg,1,swimmer,,"[851, 545, 43, 38]",40.422765862815474,32-64,,,,FN
14065,14065.jpg,1,swimmer,,"[1451, 28, 50, 38]",43.58898943540674,32-64,,,,FN
14065,14065.jpg,1,swimmer,,"[1382, 84, 27, 33]",29.8496231131986,16-32,,,,FN
14065,14065.jpg,1,swimmer,,"[1501, 164, 32, 24]",27.712812921102035,16-32,,,,FN
14065,14065.jpg,1,swimmer,,"[1375, 170, 53, 44]",48.29078587059855,32-64,,,,FN
14065,14065.jpg,1,swimmer,,"[1212, 339, 34, 46]",39.54743986657038,32-64,,,,FN
14065,14065.jpg,1,swimmer,,"[1287, 329, 28, 31]",29.46183972531247,16-32,,,,FN
14065,14065.jpg,1,swimmer,,"[435, 462, 29, 24]",26.38181191654584,16-32,,,,FN
14065,14065.jpg,1,swimmer,,"[844, 547, 59, 39]",47.968739820845826,32-64,,,,FN
14066,14066.jpg,1,swimmer,,"[1465, 36, 24, 18]",20.784609690826528,16-32,,,,FN
14066,14066.jpg,1,swimmer,,"[1380, 89, 27, 35]",30.740852297878796,16-32,,,,FN
14066,14066.jpg,1,swimmer,,"[1502, 161, 31, 25]",27.83882181415011,16-32,,,,FN
14066,14066.jpg,1,swimmer,,"[1381, 169, 44, 43]",43.497126341863094,32-64,,,,FN
14066,14066.jpg,1,swimmer,,"[1217, 343, 65, 41]",51.62363799656123,32-64,,,,FN
14066,14066.jpg,1,swimmer,,"[1288, 330, 32, 29]",30.463092423455635,16-32,,,,FN
14066,14066.jpg,1,swimmer,,"[441, 461, 27, 24]",25.45584412271571,16-32,,,,FN
14066,14066.jpg,1,swimmer,,"[846, 547, 68, 35]",48.78524367060187,32-64,,,,FN
14067,14067.jpg,1,swimmer,,"[1464, 40, 27, 19]",22.64950330581225,16-32,,,,FN
14067,14067.jpg,1,swimmer,,"[1379, 90, 27, 36]",31.176914536239792,16-32,,,,FN
14067,14067.jpg,1,swimmer,,"[1502, 163, 30, 29]",29.49576240750525,16-32,,,,FN
14067,14067.jpg,1,swimmer,,"[1380, 169, 39, 35]",36.945906403822335,32-64,,,,FN
14067,14067.jpg,1,swimmer,,"[1216, 343, 47, 34]",39.97499218261337,32-64,,,,FN
14067,14067.jpg,1,swimmer,,"[1285, 328, 30, 30]",30.0,16-32,,,,FN
14067,14067.jpg,1,swimmer,,"[446, 456, 28, 24]",25.92296279363144,16-32,,,,FN
14067,14067.jpg,1,swimmer,,"[856, 546, 50, 37]",43.01162633521314,32-64,,,,FN
14068,14068.jpg,1,swimmer,,"[1465, 42, 30, 20]",24.49489742783178,16-32,,,,FN
14068,14068.jpg,1,swimmer,,"[1379, 86, 26, 36]",30.59411708155671,16-32,,,,FN
14068,14068.jpg,1,swimmer,,"[1507, 169, 28, 28]",28.0,16-32,,,,FN
14068,14068.jpg,1,swimmer,,"[1368, 169, 41, 47]",43.89760813529594,32-64,,,,FN
14068,14068.jpg,1,swimmer,,"[1214, 339, 45, 42]",43.474130238568314,32-64,,,,FN
14068,14068.jpg,1,swimmer,,"[1282, 327, 28, 30]",28.982753492378876,16-32,,,,FN
14068,14068.jpg,1,swimmer,,"[451, 450, 29, 24]",26.38181191654584,16-32,,,,FN
14068,14068.jpg,1,swimmer,,"[857, 542, 43, 40]",41.47288270665544,32-64,,,,FN
14069,14069.jpg,1,swimmer,,"[1468, 39, 26, 19]",22.22611077089287,16-32,,,,FN
14069,14069.jpg,1,swimmer,,"[1376, 85, 26, 37]",31.016124838541646,16-32,,,,FN
14069,14069.jpg,1,swimmer,,"[1513, 168, 26, 28]",26.981475126464083,16-32,,,,FN
14069,14069.jpg,1,swimmer,,"[1375, 176, 42, 36]",38.88444419044716,32-64,,,,FN
14069,14069.jpg,1,swimmer,,"[1212, 342, 42, 45]",43.474130238568314,32-64,,,,FN
14069,14069.jpg,1,swimmer,,"[1278, 330, 28, 29]",28.495613697550013,16-32,,,,FN
14069,14069.jpg,1,swimmer,,"[450, 446, 29, 24]",26.38181191654584,16-32,,,,FN
14069,14069.jpg,1,swimmer,,"[850, 542, 55, 45]",49.749371855331,32-64,,,,FN
14070,14070.jpg,1,swimmer,,"[1474, 35, 24, 17]",20.199009876724155,16-32,,,,FN
14070,14070.jpg,1,swimmer,,"[1379, 89, 26, 39]",31.843366656181317,16-32,,,,FN
14070,14070.jpg,1,swimmer,,"[1521, 168, 25, 28]",26.457513110645905,16-32,,,,FN
14070,14070.jpg,1,swimmer,,"[1379, 176, 31, 32]",31.496031496047245,16-32,,,,FN
14070,14070.jpg,1,swimmer,,"[1214, 342, 44, 49]",46.4327470649756,32-64,,,,FN
14070,14070.jpg,1,swimmer,,"[1282, 332, 27, 28]",27.49545416973504,16-32,,,,FN
14070,14070.jpg,1,swimmer,,"[448, 443, 31, 26]",28.39013913315678,16-32,,,,FN
14070,14070.jpg,1,swimmer,,"[852, 541, 45, 46]",45.4972526643093,32-64,,,,FN
14071,14071.jpg,1,swimmer,,"[1487, 37, 19, 22]",20.445048300260872,16-32,,,,FN
14071,14071.jpg,1,swimmer,,"[1386, 89, 26, 35]",30.166206257996713,16-32,,,,FN
14071,14071.jpg,1,swimmer,,"[1527, 166, 25, 27]",25.98076211353316,16-32,,,,FN
14071,14071.jpg,1,swimmer,,"[1381, 170, 28, 42]",34.292856398964496,32-64,,,,FN
14071,14071.jpg,1,swimmer,,"[1222, 348, 39, 34]",36.41428291206625,32-64,,,,FN
14071,14071.jpg,1,swimmer,,"[1287, 332, 27, 28]",27.49545416973504,16-32,,,,FN
14071,14071.jpg,1,swimmer,,"[447, 444, 28, 23]",25.37715508089904,16-32,,,,FN
14071,14071.jpg,1,swimmer,,"[847, 546, 48, 44]",45.95650117230423,32-64,,,,FN
14072,14072.jpg,1,swimmer,,"[1490, 31, 17, 21]",18.894443627691185,16-32,,,,FN
14072,14072.jpg,1,swimmer,,"[1389, 87, 27, 34]",30.298514815086232,16-32,,,,FN
14072,14072.jpg,1,swimmer,,"[1530, 162, 26, 28]",26.981475126464083,16-32,,,,FN
14072,14072.jpg,1,swimmer,,"[1382, 174, 30, 44]",36.3318042491699,32-64,,,,FN
14072,14072.jpg,1,swimmer,,"[1225, 343, 39, 37]",37.986839826445156,32-64,,,,FN
14072,14072.jpg,1,swimmer,,"[1290, 326, 26, 29]",27.459060435491963,16-32,,,,FN
14072,14072.jpg,1,swimmer,,"[438, 438, 31, 25]",27.83882181415011,16-32,,,,FN
14072,14072.jpg,1,swimmer,,"[849, 547, 62, 46]",53.40411969127476,32-64,,,,FN
14073,14073.jpg,1,swimmer,,"[1489, 24, 19, 23]",20.904544960366874,16-32,,,,FN
14073,14073.jpg,1,swimmer,,"[1390, 82, 29, 37]",32.7566787083184,32-64,,,,FN
14073,14073.jpg,1,swimmer,,"[1531, 163, 29, 27]",27.982137159266443,16-32,,,,FN
14073,14073.jpg,1,swimmer,,"[1382, 177, 38, 32]",34.87119154832539,32-64,,,,FN
14073,14073.jpg,1,swimmer,,"[1225, 342, 33, 34]",33.49626844888845,32-64,,,,FN
14073,14073.jpg,1,swimmer,,"[1293, 321, 28, 29]",28.495613697550013,16-32,,,,FN
14073,14073.jpg,1,swimmer,,"[434, 440, 31, 25]",27.83882181415011,16-32,,,,FN
14073,14073.jpg,1,swimmer,,"[855, 555, 43, 47]",44.955533585978046,32-64,,,,FN
14074,14074.jpg,1,swimmer,,"[1488, 22, 20, 25]",22.360679774997898,16-32,,,,FN
14074,14074.jpg,1,swimmer,,"[1389, 83, 29, 32]",30.463092423455635,16-32,,,,FN
14074,14074.jpg,1,swimmer,,"[1537, 161, 27, 27]",27.0,16-32,,,,FN
14074,14074.jpg,1,swimmer,,"[1377, 170, 34, 40]",36.87817782917155,32-64,,,,FN
14074,14074.jpg,1,swimmer,,"[1228, 330, 25, 38]",30.822070014844883,16-32,,,,FN
14074,14074.jpg,1,swimmer,,"[1291, 318, 28, 30]",28.982753492378876,16-32,,,,FN
14074,14074.jpg,1,swimmer,,"[434, 444, 29, 24]",26.38181191654584,16-32,,,,FN
14074,14074.jpg,1,swimmer,,"[859, 554, 41, 37]",38.948684188300895,32-64,,,,FN
14075,14075.jpg,1,swimmer,,"[1486, 22, 20, 23]",21.447610589527216,16-32,,,,FN
14075,14075.jpg,1,swimmer,,"[1387, 81, 33, 31]",31.984371183438952,16-32,,,,FN
14075,14075.jpg,1,swimmer,,"[1543, 160, 26, 27]",26.49528259898354,16-32,,,,FN
14075,14075.jpg,1,swimmer,,"[1375, 169, 32, 38]",34.87119154832539,32-64,,,,FN
14075,14075.jpg,1,swimmer,,"[1224, 333, 28, 35]",31.304951684997057,16-32,,,,FN
14075,14075.jpg,1,swimmer,,"[1290, 316, 28, 30]",28.982753492378876,16-32,,,,FN
14075,14075.jpg,1,swimmer,,"[436, 445, 29, 24]",26.38181191654584,16-32,,,,FN
14075,14075.jpg,1,swimmer,,"[868, 555, 35, 28]",31.304951684997057,16-32,,,,FN
14076,14076.jpg,1,swimmer,,"[1484, 23, 18, 24]",20.784609690826528,16-32,,,,FN
14076,14076.jpg,1,swimmer,,"[1385, 82, 33, 26]",29.29163703175362,16-32,,,,FN
14076,14076.jpg,1,swimmer,,"[1547, 158, 26, 27]",26.49528259898354,16-32,,,,FN
14076,14076.jpg,1,swimmer,,"[1374, 168, 35, 35]",35.0,32-64,,,,FN
14076,14076.jpg,1,swimmer,,"[1225, 334, 29, 33]",30.93541659651604,16-32,,,,FN
14076,14076.jpg,1,swimmer,,"[1290, 311, 29, 29]",29.0,16-32,,,,FN
14076,14076.jpg,1,swimmer,,"[440, 440, 29, 23]",25.826343140289914,16-32,,,,FN
14076,14076.jpg,1,swimmer,,"[870, 550, 36, 27]",31.176914536239792,16-32,,,,FN
14077,14077.jpg,1,swimmer,,"[1482, 28, 20, 24]",21.908902300206645,16-32,,,,FN
14077,14077.jpg,1,swimmer,,"[1385, 80, 32, 30]",30.983866769659336,16-32,,,,FN
14077,14077.jpg,1,swimmer,,"[1548, 157, 25, 26]",25.495097567963924,16-32,,,,FN
14077,14077.jpg,1,swimmer,,"[1371, 168, 30, 37]",33.31666249791537,32-64,,,,FN
14077,14077.jpg,1,swimmer,,"[1232, 326, 36, 52]",43.266615305567875,32-64,,,,FN
14077,14077.jpg,1,swimmer,,"[1293, 303, 28, 27]",27.49545416973504,16-32,,,,FN
14077,14077.jpg,1,swimmer,,"[447, 435, 28, 22]",24.819347291981714,16-32,,,,FN
14077,14077.jpg,1,swimmer,,"[872, 546, 37, 26]",31.016124838541646,16-32,,,,FN
14078,14078.jpg,1,swimmer,,"[1485, 25, 19, 24]",21.354156504062622,16-32,,,,FN
14078,14078.jpg,1,swimmer,,"[1382, 80, 32, 34]",32.984845004941285,32-64,,,,FN
14078,14078.jpg,1,swimmer,,"[1548, 160, 26, 26]",26.0,16-32,,,,FN
14078,14078.jpg,1,swimmer,,"[1371, 170, 27, 36]",31.176914536239792,16-32,,,,FN
14078,14078.jpg,1,swimmer,,"[1233, 324, 32, 40]",35.77708763999664,32-64,,,,FN
14078,14078.jpg,1,swimmer,,"[1294, 299, 26, 27]",26.49528259898354,16-32,,,,FN
14078,14078.jpg,1,swimmer,,"[447, 427, 27, 22]",24.372115213907882,16-32,,,,FN
14078,14078.jpg,1,swimmer,,"[875, 546, 38, 28]",32.61901286060018,32-64,,,,FN
14079,14079.jpg,1,swimmer,,"[1486, 24, 20, 22]",20.97617696340303,16-32,,,,FN
14079,14079.jpg,1,swimmer,,"[1382, 85, 31, 28]",29.46183972531247,16-32,,,,FN
14079,14079.jpg,1,swimmer,,"[1551, 161, 25, 27]",25.98076211353316,16-32,,,,FN
14079,14079.jpg,1,swimmer,,"[1364, 168, 28, 33]",30.397368307141328,16-32,,,,FN
14079,14079.jpg,1,swimmer,,"[1233, 322, 38, 44]",40.890096600521744,32-64,,,,FN
14079,14079.jpg,1,swimmer,,"[1291, 293, 29, 32]",30.463092423455635,16-32,,,,FN
14079,14079.jpg,1,swimmer,,"[448, 419, 28, 22]",24.819347291981714,16-32,,,,FN
14079,14079.jpg,1,swimmer,,"[876, 540, 36, 26]",30.59411708155671,16-32,,,,FN
14080,14080.jpg,1,swimmer,,"[1488, 26, 23, 23]",23.0,16-32,,,,FN
14080,14080.jpg,1,swimmer,,"[1381, 85, 36, 26]",30.59411708155671,16-32,,,,FN
14080,14080.jpg,1,swimmer,,"[1554, 156, 25, 29]",26.92582403567252,16-32,,,,FN
14080,14080.jpg,1,swimmer,,"[1354, 171, 49, 33]",40.2119385257662,32-64,,,,FN
14080,14080.jpg,1,swimmer,,"[1230, 326, 34, 38]",35.94440151122286,32-64,,,,FN
14080,14080.jpg,1,swimmer,,"[1285, 293, 33, 35]",33.98529093593286,32-64,,,,FN
14080,14080.jpg,1,swimmer,,"[450, 416, 28, 22]",24.819347291981714,16-32,,,,FN
14080,14080.jpg,1,swimmer,,"[881, 538, 32, 25]",28.284271247461902,16-32,,,,FN
14081,14081.jpg,1,swimmer,,"[1490, 23, 23, 22]",22.494443758403985,16-32,,,,FN
14081,14081.jpg,1,swimmer,,"[1383, 81, 39, 27]",32.449961479175904,32-64,,,,FN
14081,14081.jpg,1,swimmer,,"[1558, 153, 24, 29]",26.38181191654584,16-32,,,,FN
14081,14081.jpg,1,swimmer,,"[1352, 172, 42, 31]",36.08323710533743,32-64,,,,FN
14081,14081.jpg,1,swimmer,,"[1221, 318, 49, 53]",50.96076922496363,32-64,,,,FN
14081,14081.jpg,1,swimmer,,"[1284, 293, 29, 29]",29.0,16-32,,,,FN
14081,14081.jpg,1,swimmer,,"[453, 416, 27, 22]",24.372115213907882,16-32,,,,FN
14081,14081.jpg,1,swimmer,,"[880, 537, 31, 31]",31.0,16-32,,,,FN
14082,14082.jpg,1,swimmer,,"[1496, 16, 20, 22]",20.97617696340303,16-32,,,,FN
14082,14082.jpg,1,swimmer,,"[1387, 77, 39, 25]",31.22498999199199,16-32,,,,FN
14082,14082.jpg,1,swimmer,,"[1563, 148, 23, 29]",25.826343140289914,16-32,,,,FN
14082,14082.jpg,1,swimmer,,"[1356, 168, 35, 31]",32.93933818400121,32-64,,,,FN
14082,14082.jpg,1,swimmer,,"[1239, 333, 17, 22]",19.339079605813716,16-32,,,,FN
14082,14082.jpg,1,swimmer,,"[1279, 289, 29, 28]",28.495613697550013,16-32,,,,FN
14082,14082.jpg,1,swimmer,,"[455, 416, 27, 21]",23.811761799581316,16-32,,,,FN
14082,14082.jpg,1,swimmer,,"[879, 531, 32, 37]",34.40930106817051,32-64,,,,FN
14083,14083.jpg,1,swimmer,,"[1501, 12, 21, 21]",21.0,16-32,,,,FN
14083,14083.jpg,1,swimmer,,"[1391, 71, 40, 28]",33.46640106136302,32-64,,,,FN
14083,14083.jpg,1,swimmer,,"[1569, 142, 23, 29]",25.826343140289914,16-32,,,,FN
14083,14083.jpg,1,swimmer,,"[1353, 160, 52, 38]",44.45222154178574,32-64,,,,FN
14083,14083.jpg,1,swimmer,,"[1238, 334, 18, 22]",19.8997487421324,16-32,,,,FN
14083,14083.jpg,1,swimmer,,"[1281, 286, 29, 26]",27.459060435491963,16-32,,,,FN
14083,14083.jpg,1,swimmer,,"[455, 413, 28, 23]",25.37715508089904,16-32,,,,FN
14083,14083.jpg,1,swimmer,,"[877, 531, 33, 36]",34.46737587922817,32-64,,,,FN
14084,14084.jpg,1,swimmer,,"[1502, 8, 23, 25]",23.979157616563597,16-32,,,,FN
14084,14084.jpg,1,swimmer,,"[1395, 70, 38, 26]",31.432467291003423,16-32,,,,FN
14084,14084.jpg,1,swimmer,,"[1577, 142, 24, 29]",26.38181191654584,16-32,,,,FN
14084,14084.jpg,1,swimmer,,"[1357, 160, 43, 32]",37.094473981982816,32-64,,,,FN
14084,14084.jpg,1,swimmer,,"[1239, 335, 19, 21]",19.974984355438178,16-32,,,,FN
14084,14084.jpg,1,swimmer,,"[1283, 284, 28, 25]",26.457513110645905,16-32,,,,FN
14084,14084.jpg,1,swimmer,,"[453, 413, 27, 22]",24.372115213907882,16-32,,,,FN
14084,14084.jpg,1,swimmer,,"[869, 534, 35, 37]",35.98610843089316,32-64,,,,FN
14085,14085.jpg,1,swimmer,,"[1504, 4, 30, 32]",30.983866769659336,16-32,,,,FN
14085,14085.jpg,1,swimmer,,"[1399, 68, 39, 24]",30.59411708155671,16-32,,,,FN
14085,14085.jpg,1,swimmer,,"[1586, 138, 22, 29]",25.25866188063018,16-32,,,,FN
14085,14085.jpg,1,swimmer,,"[1353, 161, 45, 40]",42.42640687119285,32-64,,,,FN
14085,14085.jpg,1,swimmer,,"[1239, 332, 26, 29]",27.459060435491963,16-32,,,,FN
14085,14085.jpg,1,swimmer,,"[1286, 278, 26, 24]",24.979991993593593,16-32,,,,FN
14085,14085.jpg,1,swimmer,,"[446, 409, 26, 22]",23.916521486202797,16-32,,,,FN
14085,14085.jpg,1,swimmer,,"[861, 540, 44, 39]",41.42463035441596,32-64,,,,FN
14086,14086.jpg,1,swimmer,,"[1508, 3, 28, 30]",28.982753492378876,16-32,,,,FN
14086,14086.jpg,1,swimmer,,"[1403, 65, 39, 23]",29.949958263743873,16-32,,,,FN
14086,14086.jpg,1,swimmer,,"[1590, 133, 23, 27]",24.919871588754223,16-32,,,,FN
14086,14086.jpg,1,swimmer,,"[1364, 161, 44, 33]",38.1051177665153,32-64,,,,FN
14086,14086.jpg,1,swimmer,,"[1246, 332, 22, 27]",24.372115213907882,16-32,,,,FN
14086,14086.jpg,1,swimmer,,"[1290, 273, 28, 25]",26.457513110645905,16-32,,,,FN
14086,14086.jpg,1,swimmer,,"[443, 412, 29, 24]",26.38181191654584,16-32,,,,FN
14086,14086.jpg,1,swimmer,,"[870, 541, 37, 41]",38.948684188300895,32-64,,,,FN
14087,14087.jpg,1,swimmer,,"[1510, 4, 24, 23]",23.49468024894146,16-32,,,,FN
14087,14087.jpg,1,swimmer,,"[1405, 63, 38, 22]",28.91366458960192,16-32,,,,FN
14087,14087.jpg,1,swimmer,,"[1592, 130, 23, 29]",25.826343140289914,16-32,,,,FN
14087,14087.jpg,1,swimmer,,"[1372, 159, 32, 36]",33.94112549695428,32-64,,,,FN
14087,14087.jpg,1,swimmer,,"[1255, 327, 20, 27]",23.2379000772445,16-32,,,,FN
14087,14087.jpg,1,swimmer,,"[1294, 270, 29, 28]",28.495613697550013,16-32,,,,FN
14087,14087.jpg,1,swimmer,,"[448, 418, 25, 21]",22.9128784747792,16-32,,,,FN
14087,14087.jpg,1,swimmer,,"[880, 537, 33, 37]",34.942810419312295,32-64,,,,FN
15338,15338.jpg,1,swimmer,,"[595, 868, 72, 42]",54.99090833947008,32-64,,,,FN
15338,15338.jpg,1,swimmer,,"[1227, 529, 62, 65]",63.48228099241551,32-64,,,,FN
15338,15338.jpg,1,swimmer,,"[1318, 461, 79, 59]",68.27151675479314,>64,,,,FN
15338,15338.jpg,1,swimmer,,"[1499, 568, 42, 35]",38.34057902536163,32-64,,,,FN
15338,15338.jpg,1,swimmer,,"[258, 649, 36, 43]",39.344631145812,32-64,,,,FN
15338,15338.jpg,1,swimmer,,"[1253, 234, 51, 36]",42.8485705712571,32-64,,,,FN
15338,15338.jpg,1,swimmer,,"[681, 251, 63, 51]",56.68333088307355,32-64,,,,FN
15338,15338.jpg,1,swimmer,,"[533, 232, 37, 36]",36.49657518178932,32-64,,,,FN
15338,15338.jpg,1,swimmer,,"[802, 745, 117, 107]",111.8883371938291,>64,,,,FN
15339,15339.jpg,1,swimmer,,"[1399, 521, 120, 85]",100.99504938362078,>64,,,,FN
15339,15339.jpg,1,swimmer,,"[1556, 395, 130, 96]",111.71392035015153,>64,,,,FN
15339,15339.jpg,1,swimmer,,"[1424, 1, 145, 46]",81.67006795638167,>64,,,,FN
15339,15339.jpg,1,swimmer,,"[455, 22, 95, 95]",95.0,>64,,,,FN
15339,15339.jpg,1,swimmer,,"[217, 1, 51, 48]",49.47726750741192,32-64,,,,FN
15339,15339.jpg,1,swimmer,,"[691, 876, 183, 151]",166.23176591734807,>64,,,,FN
15340,15340.jpg,1,swimmer,,"[1443, 519, 130, 92]",109.36178491593853,>64,,,,FN
15340,15340.jpg,1,swimmer,,"[1616, 385, 148, 105]",124.65953633797938,>64,,,,FN
15340,15340.jpg,1,swimmer,,"[417, 0, 94, 70]",81.11719916269298,>64,,,,FN
15340,15340.jpg,1,swimmer,,"[657, 903, 228, 165]",193.95875850293535,>64,,,,FN
15341,15341.jpg,1,swimmer,,"[1471, 523, 110, 82]",94.97368056467013,>64,,,,FN
15341,15341.jpg,1,swimmer,,"[1643, 384, 141, 104]",121.09500402576482,>64,,,,FN
15341,15341.jpg,1,swimmer,,"[428, 0, 103, 63]",80.55432949258531,>64,,,,FN
15341,15341.jpg,1,swimmer,,"[660, 903, 247, 170]",204.91461636496308,>64,,,,FN
15342,15342.jpg,1,swimmer,,"[1448, 515, 84, 93]",88.38551917593742,>64,,,,FN
15342,15342.jpg,1,swimmer,,"[1614, 372, 142, 106]",122.68659258452001,>64,,,,FN
15342,15342.jpg,1,swimmer,,"[347, 0, 153, 69]",102.74726273726225,>64,,,,FN
15342,15342.jpg,1,swimmer,,"[634, 883, 235, 181]",206.2401512800066,>64,,,,FN
15343,15343.jpg,1,swimmer,,"[1298, 497, 99, 90]",94.39279633531363,>64,,,,FN
15343,15343.jpg,1,swimmer,,"[1471, 350, 141, 104]",121.09500402576482,>64,,,,FN
15343,15343.jpg,1,swimmer,,"[227, 0, 181, 65]",108.4665847162157,>64,,,,FN
15343,15343.jpg,1,swimmer,,"[485, 869, 226, 182]",202.8102561509156,>64,,,,FN
15343,15343.jpg,1,swimmer,,"[1835, 558, 65, 78]",71.20393247567159,>64,,,,FN
15344,15344.jpg,1,swimmer,,"[1013, 450, 96, 101]",98.46826900072936,>64,,,,FN
15344,15344.jpg,1,swimmer,,"[1187, 311, 156, 114]",133.3566646253572,>64,,,,FN
15344,15344.jpg,1,swimmer,,"[165, 823, 242, 186]",212.160316741845,>64,,,,FN
15344,15344.jpg,1,swimmer,,"[1537, 514, 74, 80]",76.94153624668537,>64,,,,FN
15345,15345.jpg,1,swimmer,,"[731, 422, 98, 83]",90.18869108707588,>64,,,,FN
15345,15345.jpg,1,swimmer,,"[913, 267, 136, 107]",120.63167080000177,>64,,,,FN
15345,15345.jpg,1,swimmer,,"[1243, 471, 73, 79]",75.94076639065476,>64,,,,FN
15346,15346.jpg,1,swimmer,,"[620, 398, 74, 96]",84.2852300228219,>64,,,,FN
15346,15346.jpg,1,swimmer,,"[791, 247, 132, 97]",113.15476127852509,>64,,,,FN
15346,15346.jpg,1,swimmer,,"[1121, 453, 72, 71]",71.49825172687791,>64,,,,FN
15347,15347.jpg,1,swimmer,,"[633, 407, 68, 112]",87.26969691708571,>64,,,,FN
15347,15347.jpg,1,swimmer,,"[802, 251, 141, 98]",117.54998936622665,>64,,,,FN
15347,15347.jpg,1,swimmer,,"[1137, 470, 70, 78]",73.89181280764467,>64,,,,FN
15348,15348.jpg,1,swimmer,,"[706, 425, 68, 99]",82.04876598706406,>64,,,,FN
15348,15348.jpg,1,swimmer,,"[874, 280, 142, 101]",119.75808949711914,>64,,,,FN
15348,15348.jpg,1,swimmer,,"[16, 804, 117, 97]",106.53168542738823,>64,,,,FN
15348,15348.jpg,1,swimmer,,"[1209, 506, 71, 78]",74.41773982055622,>64,,,,FN
15349,15349.jpg,1,swimmer,,"[745, 451, 84, 105]",93.91485505499116,>64,,,,FN
15349,15349.jpg,1,swimmer,,"[916, 305, 130, 97]",112.29425630903836,>64,,,,FN
15349,15349.jpg,1,swimmer,,"[1, 826, 161, 151]",155.91985120567554,>64,,,,FN
15349,15349.jpg,1,swimmer,,"[1256, 546, 69, 70]",69.49820141557622,>64,,,,FN
15350,15350.jpg,1,swimmer,,"[756, 531, 89, 100]",94.33981132056604,>64,,,,FN
15350,15350.jpg,1,swimmer,,"[942, 379, 140, 121]",130.15375522819156,>64,,,,FN
15350,15350.jpg,1,swimmer,,"[3, 898, 150, 132]",140.71247279470288,>64,,,,FN
15350,15350.jpg,1,swimmer,,"[1290, 631, 71, 76]",73.45747068882783,>64,,,,FN
15351,15351.jpg,1,swimmer,,"[774, 636, 117, 121]",118.98319209031165,>64,,,,FN
15351,15351.jpg,1,swimmer,,"[957, 497, 143, 106]",123.11782974045636,>64,,,,FN
15351,15351.jpg,1,swimmer,,"[1332, 753, 72, 78]",74.93997598078077,>64,,,,FN
15351,15351.jpg,1,swimmer,,"[827, 41, 89, 63]",74.8799038460921,>64,,,,FN
15352,15352.jpg,1,swimmer,,"[812, 810, 104, 102]",102.99514551666987,>64,,,,FN
15352,15352.jpg,1,swimmer,,"[1002, 649, 134, 104]",118.05083650698965,>64,,,,FN
15352,15352.jpg,1,swimmer,,"[1380, 902, 70, 74]",71.97221686178632,>64,,,,FN
15352,15352.jpg,1,swimmer,,"[888, 178, 65, 61]",62.96824596572466,32-64,,,,FN
15353,15353.jpg,1,swimmer,,"[940, 979, 145, 89]",113.6001760562016,>64,,,,FN
15353,15353.jpg,1,swimmer,,"[1126, 790, 135, 118]",126.21410380777577,>64,,,,FN
15353,15353.jpg,1,swimmer,,"[1034, 331, 44, 75]",57.445626465380286,32-64,,,,FN
15354,15354.jpg,1,swimmer,,"[1381, 945, 152, 119]",134.49163542763543,>64,,,,FN
15354,15354.jpg,1,swimmer,,"[1277, 482, 48, 62]",54.55272678794342,32-64,,,,FN
15354,15354.jpg,1,swimmer,,"[91, 528, 159, 142]",150.25977505640023,>64,,,,FN
15355,15355.jpg,1,swimmer,,"[1453, 554, 45, 67]",54.909015653169384,32-64,,,,FN
15355,15355.jpg,1,swimmer,,"[260, 633, 145, 68]",99.29753269845128,>64,,,,FN
15356,15356.jpg,1,swimmer,,"[1583, 596, 54, 66]",59.6992462263972,32-64,,,,FN
15356,15356.jpg,1,swimmer,,"[413, 679, 108, 61]",81.1664955508121,>64,,,,FN
15356,15356.jpg,1,swimmer,,"[16, 632, 128, 88]",106.1319932913728,>64,,,,FN
15357,15357.jpg,1,swimmer,,"[1681, 507, 51, 68]",58.88972745734183,32-64,,,,FN
15357,15357.jpg,1,swimmer,,"[529, 587, 141, 103]",120.51141024815865,>64,,,,FN
15357,15357.jpg,1,swimmer,,"[157, 543, 157, 94]",121.48250902907793,>64,,,,FN
15358,15358.jpg,1,swimmer,,"[1769, 272, 56, 67]",61.25357132445422,32-64,,,,FN
15358,15358.jpg,1,swimmer,,"[655, 311, 134, 122]",127.85929766739687,>64,,,,FN
15358,15358.jpg,1,swimmer,,"[295, 305, 130, 104]",116.27553482998907,>64,,,,FN
15358,15358.jpg,1,swimmer,,"[1800, 834, 114, 110]",111.98214143335535,>64,,,,FN
15359,15359.jpg,1,swimmer,,"[758, 21, 126, 115]",120.37441588643328,>64,,,,FN
15359,15359.jpg,1,swimmer,,"[405, 0, 134, 100]",115.75836902790225,>64,,,,FN
15359,15359.jpg,1,swimmer,,"[1046, 862, 92, 123]",106.3766891757776,>64,,,,FN
15360,15360.jpg,1,swimmer,,"[1097, 550, 141, 137]",138.985610766007,>64,,,,FN
15360,15360.jpg,1,swimmer,,"[628, 679, 208, 111]",151.94735930578062,>64,,,,FN
15360,15360.jpg,1,swimmer,,"[38, 417, 59, 80]",68.70225614927067,>64,,,,FN
15361,15361.jpg,1,swimmer,,"[1119, 283, 222, 148]",181.2622409659552,>64,,,,FN
15361,15361.jpg,1,swimmer,,"[687, 425, 212, 117]",157.49285698088025,>64,,,,FN
15361,15361.jpg,1,swimmer,,"[93, 182, 54, 91]",70.09992867328754,>64,,,,FN
15362,15362.jpg,1,swimmer,,"[1121, 257, 207, 79]",127.8788489156827,>64,,,,FN
15362,15362.jpg,1,swimmer,,"[722, 349, 145, 98]",119.20570456148481,>64,,,,FN
15362,15362.jpg,1,swimmer,,"[104, 103, 52, 76]",62.864934582006846,32-64,,,,FN
15363,15363.jpg,1,swimmer,,"[1114, 269, 158, 70]",105.16653460107925,>64,,,,FN
15363,15363.jpg,1,swimmer,,"[706, 335, 164, 102]",129.33676971379793,>64,,,,FN
15363,15363.jpg,1,swimmer,,"[80, 101, 50, 67]",57.879184513951124,32-64,,,,FN
15364,15364.jpg,1,swimmer,,"[1103, 291, 137, 65]",94.36630754670864,>64,,,,FN
15364,15364.jpg,1,swimmer,,"[721, 343, 158, 96]",123.15843454672522,>64,,,,FN
15364,15364.jpg,1,swimmer,,"[75, 103, 50, 60]",54.772255750516614,32-64,,,,FN
15365,15365.jpg,1,swimmer,,"[1048, 387, 93, 54]",70.8660708661063,>64,,,,FN
15365,15365.jpg,3,jetski,,"[1457, 327, 166, 292]",220.1635755523606,>64,,,,FN
15365,15365.jpg,1,swimmer,,"[861, 428, 66, 58]",61.87083319303208,32-64,,,,FN
15365,15365.jpg,1,swimmer,,"[455, 296, 35, 49]",41.41255848169731,32-64,,,,FN
15365,15365.jpg,1,swimmer,,"[1530, 162, 71, 76]",73.45747068882783,>64,,,,FN
15365,15365.jpg,1,swimmer,,"[1583, 103, 43, 37]",39.88734135035826,32-64,,,,FN
15365,15365.jpg,1,swimmer,,"[1760, 205, 41, 55]",47.486840282335066,32-64,,,,FN
15366,15366.jpg,1,swimmer,,"[1027, 436, 53, 51]",51.99038372622383,32-64,,,,FN
15366,15366.jpg,3,jetski,,"[1281, 400, 106, 190]",141.91546779685433,>64,,,,FN
15366,15366.jpg,1,swimmer,,"[904, 474, 51, 39]",44.598206241955516,32-64,,,,FN
15366,15366.jpg,1,swimmer,,"[654, 397, 19, 26]",22.22611077089287,16-32,,,,FN
15366,15366.jpg,1,swimmer,,"[964, 189, 26, 26]",26.0,16-32,,,,FN
15366,15366.jpg,1,swimmer,,"[1339, 318, 47, 29]",36.91882988394946,32-64,,,,FN
15366,15366.jpg,1,swimmer,,"[1368, 269, 23, 23]",23.0,16-32,,,,FN
15366,15366.jpg,1,swimmer,,"[1484, 329, 23, 26]",24.454038521274967,16-32,,,,FN
15366,15366.jpg,1,swimmer,,"[1306, 162, 23, 29]",25.826343140289914,16-32,,,,FN
15366,15366.jpg,1,swimmer,,"[837, 176, 30, 23]",26.267851073127396,16-32,,,,FN
15367,15367.jpg,1,swimmer,,"[925, 501, 40, 32]",35.77708763999664,32-64,,,,FN
15367,15367.jpg,1,swimmer,,"[748, 443, 16, 20]",17.88854381999832,16-32,,,,FN
15367,15367.jpg,1,swimmer,,"[1261, 344, 20, 20]",20.0,16-32,,,,FN
15367,15367.jpg,3,jetski,,"[1193, 434, 78, 139]",104.12492496996096,>64,,,,FN
15367,15367.jpg,1,swimmer,,"[1016, 481, 24, 33]",28.142494558940577,16-32,,,,FN
15367,15367.jpg,1,swimmer,,"[1240, 374, 32, 34]",32.984845004941285,32-64,,,,FN
15367,15367.jpg,1,swimmer,,"[1334, 386, 21, 22]",21.494185260204677,16-32,,,,FN
15367,15367.jpg,1,swimmer,,"[1217, 279, 16, 20]",17.88854381999832,16-32,,,,FN
15367,15367.jpg,1,swimmer,,"[971, 295, 21, 14]",17.146428199482248,16-32,,,,FN
15367,15367.jpg,1,swimmer,,"[878, 286, 28, 21]",24.24871130596428,16-32,,,,FN
15368,15368.jpg,3,jetski,,"[1185, 442, 74, 140]",101.78408519999579,>64,,,,FN
15368,15368.jpg,1,swimmer,,"[927, 518, 29, 29]",29.0,16-32,,,,FN
15368,15368.jpg,1,swimmer,,"[741, 456, 17, 20]",18.439088914585774,16-32,,,,FN
15368,15368.jpg,1,swimmer,,"[1011, 497, 20, 32]",25.298221281347036,16-32,,,,FN
15368,15368.jpg,1,swimmer,,"[1233, 387, 26, 33]",29.29163703175362,16-32,,,,FN
15368,15368.jpg,1,swimmer,,"[1246, 356, 24, 17]",20.199009876724155,16-32,,,,FN
15368,15368.jpg,1,swimmer,,"[1329, 398, 20, 22]",20.97617696340303,16-32,,,,FN
15368,15368.jpg,1,swimmer,,"[1211, 289, 15, 19]",16.881943016134134,16-32,,,,FN
15368,15368.jpg,1,swimmer,,"[962, 302, 25, 25]",25.0,16-32,,,,FN
15368,15368.jpg,1,swimmer,,"[874, 299, 20, 18]",18.973665961010276,16-32,,,,FN
15369,15369.jpg,1,swimmer,,"[1199, 307, 20, 17]",18.439088914585774,16-32,,,,FN
15369,15369.jpg,1,swimmer,,"[955, 321, 29, 20]",24.08318915758459,16-32,,,,FN
15369,15369.jpg,1,swimmer,,"[861, 319, 20, 18]",18.973665961010276,16-32,,,,FN
15369,15369.jpg,1,swimmer,,"[1238, 376, 20, 17]",18.439088914585774,16-32,,,,FN
15369,15369.jpg,1,swimmer,,"[1320, 416, 20, 25]",22.360679774997898,16-32,,,,FN
15369,15369.jpg,1,swimmer,,"[1227, 413, 21, 30]",25.099800796022265,16-32,,,,FN
15369,15369.jpg,3,jetski,,"[1181, 467, 55, 137]",86.80437776978762,>64,,,,FN
15369,15369.jpg,1,swimmer,,"[1000, 526, 20, 27]",23.2379000772445,16-32,,,,FN
15369,15369.jpg,1,swimmer,,"[910, 550, 32, 24]",27.712812921102035,16-32,,,,FN
15369,15369.jpg,1,swimmer,,"[726, 482, 16, 19]",17.435595774162696,16-32,,,,FN
15370,15370.jpg,1,swimmer,,"[1181, 342, 20, 18]",18.973665961010276,16-32,,,,FN
15370,15370.jpg,1,swimmer,,"[929, 353, 28, 23]",25.37715508089904,16-32,,,,FN
15370,15370.jpg,1,swimmer,,"[830, 354, 21, 18]",19.44222209522358,16-32,,,,FN
15370,15370.jpg,1,swimmer,,"[1218, 407, 19, 25]",21.79449471770337,16-32,,,,FN
15370,15370.jpg,1,swimmer,,"[1299, 461, 27, 36]",31.176914536239792,16-32,,,,FN
15370,15370.jpg,1,swimmer,,"[1207, 457, 20, 23]",21.447610589527216,16-32,,,,FN
15370,15370.jpg,3,jetski,,"[1152, 508, 56, 144]",89.7997772825746,>64,,,,FN
15370,15370.jpg,1,swimmer,,"[969, 572, 21, 24]",22.44994432064365,16-32,,,,FN
15370,15370.jpg,1,swimmer,,"[881, 602, 27, 23]",24.919871588754223,16-32,,,,FN
15370,15370.jpg,1,swimmer,,"[689, 530, 18, 19]",18.49324200890693,16-32,,,,FN
15371,15371.jpg,1,swimmer,,"[1157, 387, 20, 16]",17.88854381999832,16-32,,,,FN
15371,15371.jpg,1,swimmer,,"[906, 388, 24, 29]",26.38181191654584,16-32,,,,FN
15371,15371.jpg,1,swimmer,,"[803, 399, 18, 17]",17.4928556845359,16-32,,,,FN
15371,15371.jpg,1,swimmer,,"[1190, 456, 26, 24]",24.979991993593593,16-32,,,,FN
15371,15371.jpg,1,swimmer,,"[1275, 506, 29, 47]",36.91882988394946,32-64,,,,FN
15371,15371.jpg,1,swimmer,,"[1184, 505, 33, 26]",29.29163703175362,16-32,,,,FN
15371,15371.jpg,3,jetski,,"[1129, 549, 55, 154]",92.03260291874831,>64,,,,FN
15371,15371.jpg,1,swimmer,,"[938, 626, 22, 29]",25.25866188063018,16-32,,,,FN
15371,15371.jpg,1,swimmer,,"[853, 653, 27, 28]",27.49545416973504,16-32,,,,FN
15371,15371.jpg,1,swimmer,,"[655, 582, 19, 21]",19.974984355438178,16-32,,,,FN
15372,15372.jpg,1,swimmer,,"[1145, 406, 26, 18]",21.633307652783937,16-32,,,,FN
15372,15372.jpg,1,swimmer,,"[898, 404, 16, 21]",18.33030277982336,16-32,,,,FN
15372,15372.jpg,1,swimmer,,"[792, 418, 16, 17]",16.492422502470642,16-32,,,,FN
15372,15372.jpg,1,swimmer,,"[1177, 475, 24, 20]",21.908902300206645,16-32,,,,FN
15372,15372.jpg,1,swimmer,,"[1265, 526, 28, 48]",36.66060555964672,32-64,,,,FN
15372,15372.jpg,1,swimmer,,"[1173, 526, 25, 24]",24.49489742783178,16-32,,,,FN
15372,15372.jpg,3,jetski,,"[1116, 563, 56, 157]",93.76566535784833,>64,,,,FN
15372,15372.jpg,1,swimmer,,"[924, 654, 21, 32]",25.92296279363144,16-32,,,,FN
15372,15372.jpg,1,swimmer,,"[836, 679, 30, 29]",29.49576240750525,16-32,,,,FN
15372,15372.jpg,1,swimmer,,"[639, 604, 20, 23]",21.447610589527216,16-32,,,,FN
15373,15373.jpg,1,swimmer,,"[1144, 415, 26, 18]",21.633307652783937,16-32,,,,FN
15373,15373.jpg,1,swimmer,,"[898, 407, 21, 22]",21.494185260204677,16-32,,,,FN
15373,15373.jpg,1,swimmer,,"[786, 423, 20, 17]",18.439088914585774,16-32,,,,FN
15373,15373.jpg,1,swimmer,,"[1174, 479, 21, 19]",19.974984355438178,16-32,,,,FN
15373,15373.jpg,1,swimmer,,"[1265, 531, 28, 50]",37.416573867739416,32-64,,,,FN
15373,15373.jpg,1,swimmer,,"[1167, 532, 27, 25]",25.98076211353316,16-32,,,,FN
15373,15373.jpg,3,jetski,,"[1109, 569, 58, 152]",93.89355675444402,>64,,,,FN
15373,15373.jpg,1,swimmer,,"[920, 662, 20, 29]",24.08318915758459,16-32,,,,FN
15373,15373.jpg,1,swimmer,,"[823, 688, 41, 31]",35.651086939951774,32-64,,,,FN
15374,15374.jpg,1,swimmer,,"[1147, 423, 22, 17]",19.339079605813716,16-32,,,,FN
15374,15374.jpg,1,swimmer,,"[894, 411, 21, 28]",24.24871130596428,16-32,,,,FN
15374,15374.jpg,1,swimmer,,"[784, 431, 18, 16]",16.97056274847714,16-32,,,,FN
15374,15374.jpg,1,swimmer,,"[1174, 481, 21, 23]",21.97726097583591,16-32,,,,FN
15374,15374.jpg,1,swimmer,,"[1262, 532, 27, 55]",38.535697735995385,32-64,,,,FN
15374,15374.jpg,1,swimmer,,"[1167, 531, 31, 28]",29.46183972531247,16-32,,,,FN
15374,15374.jpg,3,jetski,,"[1105, 576, 59, 146]",92.81163720137685,>64,,,,FN
15374,15374.jpg,1,swimmer,,"[917, 668, 21, 28]",24.24871130596428,16-32,,,,FN
15374,15374.jpg,1,swimmer,,"[824, 695, 39, 27]",32.449961479175904,32-64,,,,FN
15375,15375.jpg,1,swimmer,,"[1149, 423, 23, 17]",19.77371993328519,16-32,,,,FN
15375,15375.jpg,1,swimmer,,"[897, 395, 16, 20]",17.88854381999832,16-32,,,,FN
15375,15375.jpg,1,swimmer,,"[785, 433, 16, 16]",16.0,16-32,,,,FN
15375,15375.jpg,1,swimmer,,"[1171, 481, 23, 22]",22.494443758403985,16-32,,,,FN
15375,15375.jpg,1,swimmer,,"[1266, 529, 28, 52]",38.157568056677825,32-64,,,,FN
15375,15375.jpg,1,swimmer,,"[1167, 535, 29, 25]",26.92582403567252,16-32,,,,FN
15375,15375.jpg,3,jetski,,"[1102, 571, 63, 141]",94.24966843443005,>64,,,,FN
15375,15375.jpg,1,swimmer,,"[913, 666, 21, 28]",24.24871130596428,16-32,,,,FN
15375,15375.jpg,1,swimmer,,"[828, 696, 32, 23]",27.129319932501073,16-32,,,,FN
15376,15376.jpg,1,swimmer,,"[1149, 425, 27, 18]",22.045407685048602,16-32,,,,FN
15376,15376.jpg,1,swimmer,,"[895, 387, 23, 30]",26.267851073127396,16-32,,,,FN
15376,15376.jpg,1,swimmer,,"[784, 433, 16, 15]",15.491933384829668,<16,,,,FN
15376,15376.jpg,1,swimmer,,"[1169, 481, 23, 19]",20.904544960366874,16-32,,,,FN
15376,15376.jpg,1,swimmer,,"[1268, 528, 26, 52]",36.76955262170047,32-64,,,,FN
15376,15376.jpg,1,swimmer,,"[1163, 528, 34, 27]",30.298514815086232,16-32,,,,FN
15376,15376.jpg,3,jetski,,"[1098, 559, 66, 148]",98.83319280484669,>64,,,,FN
15376,15376.jpg,1,swimmer,,"[908, 661, 21, 29]",24.677925358506133,16-32,,,,FN
15376,15376.jpg,1,swimmer,,"[821, 686, 35, 27]",30.740852297878796,16-32,,,,FN
15377,15377.jpg,1,swimmer,,"[1148, 422, 30, 19]",23.874672772626646,16-32,,,,FN
15377,15377.jpg,1,swimmer,,"[891, 384, 25, 27]",25.98076211353316,16-32,,,,FN
15377,15377.jpg,1,swimmer,,"[778, 431, 19, 15]",16.881943016134134,16-32,,,,FN
15377,15377.jpg,1,swimmer,,"[1166, 473, 24, 20]",21.908902300206645,16-32,,,,FN
15377,15377.jpg,1,swimmer,,"[1268, 518, 25, 44]",33.166247903554,32-64,,,,FN
15377,15377.jpg,1,swimmer,,"[1159, 523, 35, 26]",30.166206257996713,16-32,,,,FN
15377,15377.jpg,3,jetski,,"[1092, 551, 69, 140]",98.28529900244492,>64,,,,FN
15377,15377.jpg,1,swimmer,,"[904, 652, 28, 31]",29.46183972531247,16-32,,,,FN
15377,15377.jpg,1,swimmer,,"[811, 680, 38, 30]",33.76388603226827,32-64,,,,FN
15378,15378.jpg,1,swimmer,,"[1158, 414, 27, 17]",21.42428528562855,16-32,,,,FN
15378,15378.jpg,1,swimmer,,"[892, 370, 21, 24]",22.44994432064365,16-32,,,,FN
15378,15378.jpg,1,swimmer,,"[768, 426, 17, 17]",17.0,16-32,,,,FN
15378,15378.jpg,1,swimmer,,"[1171, 464, 29, 20]",24.08318915758459,16-32,,,,FN
15378,15378.jpg,1,swimmer,,"[1283, 513, 29, 45]",36.124783736376884,32-64,,,,FN
15378,15378.jpg,1,swimmer,,"[1182, 522, 25, 22]",23.45207879911715,16-32,,,,FN
15378,15378.jpg,3,jetski,,"[1096, 548, 84, 140]",108.44353369380767,>64,,,,FN
15378,15378.jpg,1,swimmer,,"[904, 654, 27, 33]",29.8496231131986,16-32,,,,FN
15378,15378.jpg,1,swimmer,,"[808, 691, 31, 23]",26.70205984563738,16-32,,,,FN
15379,15379.jpg,1,swimmer,,"[1163, 405, 30, 20]",24.49489742783178,16-32,,,,FN
15379,15379.jpg,1,swimmer,,"[887, 347, 25, 32]",28.284271247461902,16-32,,,,FN
15379,15379.jpg,1,swimmer,,"[767, 421, 17, 18]",17.4928556845359,16-32,,,,FN
15379,15379.jpg,1,swimmer,,"[1177, 460, 25, 18]",21.213203435596427,16-32,,,,FN
15379,15379.jpg,1,swimmer,,"[1291, 508, 35, 50]",41.83300132670378,32-64,,,,FN
15379,15379.jpg,1,swimmer,,"[1196, 520, 22, 24]",22.978250586152114,16-32,,,,FN
15379,15379.jpg,3,jetski,,"[1104, 540, 81, 145]",108.37435120913067,>64,,,,FN
15379,15379.jpg,1,swimmer,,"[907, 657, 24, 31]",27.27636339397171,16-32,,,,FN
15379,15379.jpg,1,swimmer,,"[810, 690, 27, 24]",25.45584412271571,16-32,,,,FN
15380,15380.jpg,1,swimmer,,"[1218, 354, 38, 20]",27.568097504180443,16-32,,,,FN
15380,15380.jpg,1,swimmer,,"[863, 276, 23, 40]",30.331501776206203,16-32,,,,FN
15380,15380.jpg,1,swimmer,,"[697, 371, 28, 22]",24.819347291981714,16-32,,,,FN
15380,15380.jpg,1,swimmer,,"[1233, 424, 28, 25]",26.457513110645905,16-32,,,,FN
15380,15380.jpg,1,swimmer,,"[1389, 488, 41, 48]",44.36214602563767,32-64,,,,FN
15380,15380.jpg,1,swimmer,,"[1252, 504, 35, 32]",33.46640106136302,32-64,,,,FN
15380,15380.jpg,3,jetski,,"[1136, 520, 120, 195]",152.97058540778355,>64,,,,FN
15380,15380.jpg,1,swimmer,,"[893, 682, 29, 37]",32.7566787083184,32-64,,,,FN
15380,15380.jpg,1,swimmer,,"[760, 723, 39, 35]",36.945906403822335,32-64,,,,FN
15380,15380.jpg,1,swimmer,,"[483, 616, 27, 29]",27.982137159266443,16-32,,,,FN
15381,15381.jpg,1,swimmer,,"[1345, 237, 58, 31]",42.40283009422838,32-64,,,,FN
15381,15381.jpg,1,swimmer,,"[785, 108, 54, 87]",68.54195795277518,>64,,,,FN
15381,15381.jpg,1,swimmer,,"[539, 258, 78, 55]",65.49809157525127,>64,,,,FN
15381,15381.jpg,1,swimmer,,"[1355, 336, 61, 44]",51.807335387954474,32-64,,,,FN
15381,15381.jpg,1,swimmer,,"[1581, 432, 88, 89]",88.49858755935034,>64,,,,FN
15381,15381.jpg,1,swimmer,,"[1400, 474, 48, 50]",48.98979485566356,32-64,,,,FN
15381,15381.jpg,3,jetski,,"[1202, 497, 194, 286]",235.55041923121257,>64,,,,FN
15381,15381.jpg,1,swimmer,,"[847, 730, 52, 60]",55.85696017507576,32-64,,,,FN
15381,15381.jpg,1,swimmer,,"[636, 815, 69, 49]",58.146367040426526,32-64,,,,FN
15381,15381.jpg,1,swimmer,,"[237, 644, 31, 34]",32.46536616149585,32-64,,,,FN
15382,15382.jpg,1,swimmer,,"[1343, 235, 81, 41]",57.62811813689564,32-64,,,,FN
15382,15382.jpg,1,swimmer,,"[791, 83, 48, 75]",60.0,32-64,,,,FN
15382,15382.jpg,1,swimmer,,"[539, 255, 80, 54]",65.72670690061993,>64,,,,FN
15382,15382.jpg,1,swimmer,,"[1359, 336, 53, 36]",43.68065933568311,32-64,,,,FN
15382,15382.jpg,1,swimmer,,"[1607, 427, 68, 82]",74.67261881037788,>64,,,,FN
15382,15382.jpg,1,swimmer,,"[1400, 475, 72, 53]",61.773780845922005,32-64,,,,FN
15382,15382.jpg,3,jetski,,"[1202, 505, 198, 282]",236.2964240101826,>64,,,,FN
15382,15382.jpg,1,swimmer,,"[848, 740, 81, 70]",75.2994023880668,>64,,,,FN
15382,15382.jpg,1,swimmer,,"[632, 830, 69, 46]",56.3382640840131,32-64,,,,FN
15382,15382.jpg,1,swimmer,,"[246, 652, 33, 38]",35.41186241925155,32-64,,,,FN
15383,15383.jpg,1,swimmer,,"[1327, 231, 86, 41]",59.38013135721409,32-64,,,,FN
15383,15383.jpg,1,swimmer,,"[787, 56, 42, 88]",60.794736614282655,32-64,,,,FN
15383,15383.jpg,1,swimmer,,"[524, 261, 77, 51]",62.66578013557319,32-64,,,,FN
15383,15383.jpg,1,swimmer,,"[1349, 330, 51, 36]",42.8485705712571,32-64,,,,FN
15383,15383.jpg,1,swimmer,,"[1606, 419, 62, 83]",71.73562573784382,>64,,,,FN
15383,15383.jpg,1,swimmer,,"[1423, 462, 56, 56]",56.0,32-64,,,,FN
15383,15383.jpg,3,jetski,,"[1198, 502, 187, 284]",230.45173030376665,>64,,,,FN
15383,15383.jpg,1,swimmer,,"[837, 751, 45, 62]",52.820450584977024,32-64,,,,FN
15383,15383.jpg,1,swimmer,,"[623, 833, 64, 47]",54.84523680320835,32-64,,,,FN
15383,15383.jpg,1,swimmer,,"[236, 653, 36, 34]",34.9857113690718,32-64,,,,FN
15384,15384.jpg,1,swimmer,,"[1233, 220, 81, 38]",55.47972602672079,32-64,,,,FN
15384,15384.jpg,1,swimmer,,"[690, 47, 51, 89]",67.3721010508059,>64,,,,FN
15384,15384.jpg,1,swimmer,,"[433, 260, 78, 50]",62.44997998398398,32-64,,,,FN
15384,15384.jpg,1,swimmer,,"[1234, 311, 73, 51]",61.0163912403872,32-64,,,,FN
15384,15384.jpg,1,swimmer,,"[1524, 401, 53, 81]",65.52098900352466,>64,,,,FN
15384,15384.jpg,1,swimmer,,"[1332, 452, 64, 52]",57.688820407423826,32-64,,,,FN
15384,15384.jpg,3,jetski,,"[1088, 477, 192, 292]",236.77837739117987,>64,,,,FN
15384,15384.jpg,1,swimmer,,"[729, 738, 51, 60]",55.31726674375732,32-64,,,,FN
15384,15384.jpg,1,swimmer,,"[500, 800, 75, 76]",75.49834435270749,>64,,,,FN
15384,15384.jpg,1,swimmer,,"[125, 638, 38, 42]",39.949968710876355,32-64,,,,FN
15385,15385.jpg,1,swimmer,,"[1057, 210, 86, 37]",56.40921910468182,32-64,,,,FN
15385,15385.jpg,1,swimmer,,"[511, 19, 67, 98]",81.03085831953157,>64,,,,FN
15385,15385.jpg,1,swimmer,,"[259, 249, 75, 47]",59.371710435189584,32-64,,,,FN
15385,15385.jpg,1,swimmer,,"[1045, 297, 72, 43]",55.641710972974224,32-64,,,,FN
15385,15385.jpg,1,swimmer,,"[1338, 377, 60, 75]",67.08203932499369,>64,,,,FN
15385,15385.jpg,1,swimmer,,"[1150, 430, 49, 52]",50.47771785649585,32-64,,,,FN
15385,15385.jpg,3,jetski,,"[880, 458, 202, 283]",239.09412372536468,>64,,,,FN
15385,15385.jpg,1,swimmer,,"[531, 707, 62, 57]",59.447455790807396,32-64,,,,FN
15385,15385.jpg,1,swimmer,,"[270, 784, 100, 49]",70.0,>64,,,,FN
15386,15386.jpg,1,swimmer,,"[936, 191, 94, 41]",62.080592780675026,32-64,,,,FN
15386,15386.jpg,1,swimmer,,"[129, 232, 74, 49]",60.21627686929839,32-64,,,,FN
15386,15386.jpg,1,swimmer,,"[942, 266, 47, 48]",47.49736834815167,32-64,,,,FN
15386,15386.jpg,1,swimmer,,"[1211, 345, 60, 71]",65.26867548832288,>64,,,,FN
15386,15386.jpg,1,swimmer,,"[1039, 397, 74, 46]",58.34380858325929,32-64,,,,FN
15386,15386.jpg,3,jetski,,"[753, 433, 199, 275]",233.9337513057917,>64,,,,FN
15386,15386.jpg,1,swimmer,,"[396, 681, 65, 49]",56.43580423808985,32-64,,,,FN
15386,15386.jpg,1,swimmer,,"[148, 762, 94, 43]",63.57672530100933,32-64,,,,FN
15387,15387.jpg,1,swimmer,,"[897, 178, 98, 38]",61.02458520956943,32-64,,,,FN
15387,15387.jpg,1,swimmer,,"[87, 215, 76, 48]",60.398675482166,32-64,,,,FN
15387,15387.jpg,1,swimmer,,"[903, 255, 59, 44]",50.950956811427986,32-64,,,,FN
15387,15387.jpg,1,swimmer,,"[1176, 319, 62, 78]",69.54135460285484,>64,,,,FN
15387,15387.jpg,1,swimmer,,"[1009, 377, 65, 45]",54.08326913195984,32-64,,,,FN
15387,15387.jpg,3,jetski,,"[721, 403, 196, 283]",235.5164537776501,>64,,,,FN
15387,15387.jpg,1,swimmer,,"[358, 663, 60, 47]",53.103672189407014,32-64,,,,FN
15387,15387.jpg,1,swimmer,,"[91, 741, 115, 54]",78.80355321938218,>64,,,,FN
15388,15388.jpg,1,swimmer,,"[888, 173, 112, 40]",66.93280212272605,>64,,,,FN
15388,15388.jpg,1,swimmer,,"[90, 214, 56, 45]",50.19960159204453,32-64,,,,FN
15388,15388.jpg,1,swimmer,,"[894, 241, 67, 50]",57.879184513951124,32-64,,,,FN
15388,15388.jpg,1,swimmer,,"[1189, 302, 63, 83]",72.3118247591637,>64,,,,FN
15388,15388.jpg,1,swimmer,,"[1008, 365, 53, 52]",52.49761899362675,32-64,,,,FN
15388,15388.jpg,3,jetski,,"[723, 389, 191, 289]",234.94467433844932,>64,,,,FN
15388,15388.jpg,1,swimmer,,"[360, 659, 44, 57]",50.07993610219566,32-64,,,,FN
15388,15388.jpg,1,swimmer,,"[97, 736, 101, 52]",72.47068372797375,>64,,,,FN
15389,15389.jpg,1,swimmer,,"[893, 169, 100, 39]",62.44997998398398,32-64,,,,FN
15389,15389.jpg,1,swimmer,,"[93, 209, 57, 48]",52.306787322488084,32-64,,,,FN
15389,15389.jpg,1,swimmer,,"[899, 228, 54, 44]",48.744230427815765,32-64,,,,FN
15389,15389.jpg,1,swimmer,,"[1186, 294, 63, 73]",67.8159273327439,>64,,,,FN
15389,15389.jpg,1,swimmer,,"[1001, 357, 76, 50]",61.644140029689765,32-64,,,,FN
15389,15389.jpg,3,jetski,,"[727, 390, 185, 277]",226.37358503146962,>64,,,,FN
15389,15389.jpg,1,swimmer,,"[364, 657, 43, 55]",48.63126566315131,32-64,,,,FN
15389,15389.jpg,1,swimmer,,"[91, 737, 96, 49]",68.58571279792899,>64,,,,FN
15390,15390.jpg,1,swimmer,,"[909, 160, 65, 39]",50.34878350069642,32-64,,,,FN
15390,15390.jpg,1,swimmer,,"[95, 210, 35, 39]",36.945906403822335,32-64,,,,FN
15390,15390.jpg,1,swimmer,,"[900, 221, 63, 45]",53.24471804789655,32-64,,,,FN
15390,15390.jpg,1,swimmer,,"[1190, 280, 68, 86]",76.47221717722064,>64,,,,FN
15390,15390.jpg,1,swimmer,,"[1016, 341, 94, 56]",72.55342858886821,>64,,,,FN
15390,15390.jpg,3,jetski,,"[734, 382, 186, 282]",229.02401620790778,>64,,,,FN
15390,15390.jpg,1,swimmer,,"[366, 658, 45, 56]",50.19960159204453,32-64,,,,FN
15390,15390.jpg,1,swimmer,,"[101, 745, 95, 46]",66.10597552415364,>64,,,,FN
15391,15391.jpg,1,swimmer,,"[966, 175, 45, 44]",44.49719092257398,32-64,,,,FN
15391,15391.jpg,1,swimmer,,"[91, 222, 37, 38]",37.49666651850535,32-64,,,,FN
15391,15391.jpg,1,swimmer,,"[934, 241, 69, 48]",57.54997827975264,32-64,,,,FN
15391,15391.jpg,1,swimmer,,"[1253, 302, 65, 81]",72.56031973468694,>64,,,,FN
15391,15391.jpg,1,swimmer,,"[1073, 373, 66, 60]",62.928530890209096,32-64,,,,FN
15391,15391.jpg,3,jetski,,"[760, 409, 190, 300]",238.74672772626644,>64,,,,FN
15391,15391.jpg,1,swimmer,,"[369, 695, 51, 57]",53.91660226683428,32-64,,,,FN
15391,15391.jpg,1,swimmer,,"[108, 789, 80, 46]",60.663003552412405,32-64,,,,FN
15392,15392.jpg,1,swimmer,,"[900, 24, 76, 59]",66.96267617113283,>64,,,,FN
15392,15392.jpg,1,swimmer,,"[1447, 127, 97, 127]",110.99099062536563,>64,,,,FN
15392,15392.jpg,1,swimmer,,"[1108, 235, 174, 94]",127.89057822998534,>64,,,,FN
15392,15392.jpg,3,jetski,,"[604, 308, 313, 502]",396.3912208916842,>64,,,,FN
15393,15393.jpg,1,swimmer,,"[1253, 99, 172, 140]",155.1773179301666,>64,,,,FN
15393,15393.jpg,3,jetski,,"[412, 191, 479, 767]",606.1295241118023,>64,,,,FN
15394,15394.jpg,1,swimmer,,"[1234, 96, 156, 150]",152.97058540778355,>64,,,,FN
15394,15394.jpg,3,jetski,,"[425, 208, 471, 766]",600.6546428689285,>64,,,,FN
15395,15395.jpg,1,swimmer,,"[1274, 120, 153, 145]",148.94629904767692,>64,,,,FN
15395,15395.jpg,3,jetski,,"[433, 221, 464, 754]",591.486263576763,>64,,,,FN
15396,15396.jpg,1,swimmer,,"[1236, 109, 190, 153]",170.49926686059385,>64,,,,FN
15396,15396.jpg,3,jetski,,"[419, 207, 514, 742]",617.5661907844373,>64,,,,FN
15397,15397.jpg,1,swimmer,,"[1240, 70, 205, 152]",176.52195330892982,>64,,,,FN
15397,15397.jpg,3,jetski,,"[433, 171, 527, 747]",627.4304742359906,>64,,,,FN
15398,15398.jpg,1,swimmer,,"[1283, 33, 166, 154]",159.88746042138513,>64,,,,FN
15398,15398.jpg,3,jetski,,"[461, 128, 506, 760]",620.1290188339842,>64,,,,FN
15399,15399.jpg,1,swimmer,,"[1288, 20, 165, 162]",163.49311912126456,>64,,,,FN
15399,15399.jpg,3,jetski,,"[485, 84, 495, 773]",618.5749752455235,>64,,,,FN
15400,15400.jpg,1,swimmer,,"[1297, 16, 154, 157]",155.49276510500417,>64,,,,FN
15400,15400.jpg,3,jetski,,"[505, 64, 483, 780]",613.7914955422566,>64,,,,FN
15401,15401.jpg,1,swimmer,,"[1255, 26, 180, 211]",194.88458122694058,>64,,,,FN
15401,15401.jpg,3,jetski,,"[511, 138, 477, 789]",613.476160906029,>64,,,,FN
15402,15402.jpg,1,swimmer,,"[1228, 168, 179, 217]",197.0862755241978,>64,,,,FN
15402,15402.jpg,3,jetski,,"[471, 301, 490, 779]",617.8268365812544,>64,,,,FN
15403,15403.jpg,1,swimmer,,"[1687, 102, 215, 221]",217.97935682077787,>64,,,,FN
15403,15403.jpg,1,swimmer,,"[1185, 357, 210, 178]",193.33908037435162,>64,,,,FN
15403,15403.jpg,3,jetski,,"[490, 469, 458, 611]",528.9971644536481,>64,,,,FN
15403,15403.jpg,1,swimmer,,"[796, 7, 179, 136]",156.0256389187367,>64,,,,FN
15404,15404.jpg,1,swimmer,,"[1684, 87, 131, 262]",185.26197667087544,>64,,,,FN
15404,15404.jpg,1,swimmer,,"[1182, 401, 173, 194]",183.19934497699495,>64,,,,FN
15404,15404.jpg,3,jetski,,"[539, 534, 417, 546]",477.16035040644357,>64,,,,FN
15404,15404.jpg,1,swimmer,,"[728, 73, 215, 162]",186.6279721799495,>64,,,,FN
15405,15405.jpg,1,swimmer,,"[1646, 85, 143, 250]",189.07670401189037,>64,,,,FN
15405,15405.jpg,1,swimmer,,"[1162, 445, 168, 146]",156.61417560361514,>64,,,,FN
15405,15405.jpg,3,jetski,,"[528, 548, 413, 532]",468.7387331979298,>64,,,,FN
15405,15405.jpg,1,swimmer,,"[782, 105, 181, 146]",162.5607578722491,>64,,,,FN
15406,15406.jpg,1,swimmer,,"[1672, 70, 123, 233]",169.28969253915017,>64,,,,FN
15406,15406.jpg,1,swimmer,,"[1168, 435, 173, 143]",157.28636304524306,>64,,,,FN
15406,15406.jpg,3,jetski,,"[525, 546, 405, 534]",465.0483845794973,>64,,,,FN
15406,15406.jpg,1,swimmer,,"[765, 69, 185, 131]",155.67594547649293,>64,,,,FN
15407,15407.jpg,1,swimmer,,"[1629, 59, 123, 228]",167.46342884343434,>64,,,,FN
15407,15407.jpg,1,swimmer,,"[1153, 460, 178, 161]",169.28673899629587,>64,,,,FN
15407,15407.jpg,3,jetski,,"[531, 592, 393, 488]",437.9315014930988,>64,,,,FN
15407,15407.jpg,1,swimmer,,"[705, 78, 210, 151]",178.07301873108122,>64,,,,FN
15408,15408.jpg,1,swimmer,,"[1594, 137, 171, 196]",183.07375562870828,>64,,,,FN
15408,15408.jpg,1,swimmer,,"[1121, 564, 248, 169]",204.7242047243071,>64,,,,FN
15408,15408.jpg,3,jetski,,"[527, 690, 370, 390]",379.86839826445157,>64,,,,FN
15408,15408.jpg,1,swimmer,,"[662, 209, 279, 151]",205.25350179716787,>64,,,,FN
15409,15409.jpg,1,swimmer,,"[1474, 250, 138, 227]",176.99152522084214,>64,,,,FN
15409,15409.jpg,1,swimmer,,"[1028, 762, 297, 218]",254.4523531036803,>64,,,,FN
15409,15409.jpg,1,swimmer,,"[592, 403, 220, 133]",171.0555465338672,>64,,,,FN
15409,15409.jpg,1,swimmer,,"[833, 22, 185, 287]",230.4235231047386,>64,,,,FN
15410,15410.jpg,1,swimmer,,"[1332, 507, 266, 324]",293.57111574540164,>64,,,,FN
15410,15410.jpg,1,swimmer,,"[496, 667, 166, 166]",166.0,>64,,,,FN
15410,15410.jpg,1,swimmer,,"[716, 276, 184, 294]",232.5854681617061,>64,,,,FN
15411,15411.jpg,1,swimmer,,"[1223, 775, 213, 305]",254.8823257897652,>64,,,,FN
15411,15411.jpg,1,swimmer,,"[609, 600, 190, 326]",248.87747989723778,>64,,,,FN
15413,15413.jpg,1,swimmer,,"[929, 865, 80, 82]",80.99382692526635,>64,,,,FN
15413,15413.jpg,1,swimmer,,"[162, 291, 71, 111]",88.77499647986475,>64,,,,FN
15414,15414.jpg,1,swimmer,,"[936, 724, 64, 72]",67.88225099390856,>64,,,,FN
15414,15414.jpg,1,swimmer,,"[872, 762, 37, 61]",47.50789408087881,32-64,,,,FN
15414,15414.jpg,1,swimmer,,"[459, 390, 61, 95]",76.12489737267302,>64,,,,FN
15414,15414.jpg,1,swimmer,,"[798, 893, 46, 44]",44.98888751680797,32-64,,,,FN
15414,15414.jpg,1,swimmer,,"[859, 975, 41, 38]",39.4715087119811,32-64,,,,FN
15415,15415.jpg,1,swimmer,,"[958, 627, 27, 39]",32.449961479175904,32-64,,,,FN
15415,15415.jpg,1,swimmer,,"[917, 662, 24, 36]",29.393876913398138,16-32,,,,FN
15415,15415.jpg,1,swimmer,,"[633, 417, 51, 71]",60.174745533321534,32-64,,,,FN
15415,15415.jpg,1,swimmer,,"[865, 742, 27, 46]",35.24202037341219,32-64,,,,FN
15415,15415.jpg,1,swimmer,,"[901, 798, 30, 22]",25.69046515733026,16-32,,,,FN
15415,15415.jpg,3,jetski,,"[827, 876, 92, 187]",131.16401945655676,>64,,,,FN
15415,15415.jpg,1,swimmer,,"[402, 862, 35, 35]",35.0,32-64,,,,FN
15415,15415.jpg,1,swimmer,,"[522, 1057, 27, 19]",22.64950330581225,16-32,,,,FN
15970,15970.jpg,1,swimmer,,"[264, 2075, 77, 57]",66.24952830020754,>64,,,,FN
15971,15971.jpg,1,swimmer,,"[236, 2091, 90, 69]",78.80355321938218,>64,,,,FN
15972,15972.jpg,2,boat,,"[1046, 998, 173, 90]",124.77980605851253,>64,,,,FN
15972,15972.jpg,1,swimmer,,"[215, 2107, 96, 53]",71.33021800050803,>64,,,,FN
15973,15973.jpg,1,swimmer,,"[187, 2111, 63, 49]",55.560777532356404,32-64,,,,FN
15974,15974.jpg,1,swimmer,,"[150, 2101, 75, 59]",66.52067347825036,>64,,,,FN
15975,15975.jpg,1,swimmer,,"[139, 2110, 64, 50]",56.568542494923804,32-64,,,,FN
15976,15976.jpg,2,boat,,"[1065, 1051, 177, 58]",101.32127121192272,>64,,,,FN
15976,15976.jpg,1,swimmer,,"[111, 2110, 75, 50]",61.237243569579455,32-64,,,,FN
15977,15977.jpg,1,swimmer,,"[110, 2103, 75, 57]",65.3834841531101,>64,,,,FN
15978,15978.jpg,1,swimmer,,"[101, 2102, 55, 58]",56.480084985771754,32-64,,,,FN
15979,15979.jpg,1,swimmer,,"[89, 2092, 72, 68]",69.9714227381436,>64,,,,FN
15980,15980.jpg,1,swimmer,,"[87, 2100, 71, 60]",65.26867548832288,>64,,,,FN
15981,15981.jpg,1,swimmer,,"[70, 2099, 74, 61]",67.1863081289633,>64,,,,FN
15982,15982.jpg,2,boat,,"[1244, 1001, 189, 102]",138.84523758487362,>64,,,,FN
15982,15982.jpg,1,swimmer,,"[71, 2089, 83, 71]",76.76587783644501,>64,,,,FN
15983,15983.jpg,1,swimmer,,"[69, 2094, 79, 66]",72.20803279414278,>64,,,,FN
16075,16075.jpg,2,boat,,"[2197, 1222, 466, 626]",540.1073967277249,>64,,,,FN
16076,16076.jpg,2,boat,,"[2198, 1238, 467, 623]",539.3894696784504,>64,,,,FN
16077,16077.jpg,2,boat,,"[2200, 1249, 466, 624]",539.2439151256136,>64,,,,FN
16078,16078.jpg,2,boat,,"[2199, 1256, 470, 626]",542.4205010874865,>64,,,,FN
16079,16079.jpg,2,boat,,"[2204, 1268, 464, 623]",537.6541639381211,>64,,,,FN
16080,16080.jpg,2,boat,,"[2206, 1276, 467, 626]",540.686600536762,>64,,,,FN
16081,16081.jpg,2,boat,,"[2210, 1282, 472, 625]",543.1390245600107,>64,,,,FN
16082,16082.jpg,2,boat,,"[2219, 1275, 468, 623]",539.9666656377966,>64,,,,FN
16083,16083.jpg,2,boat,,"[2230, 1262, 470, 630]",544.1507144165116,>64,,,,FN
16193,16193.jpg,1,swimmer,,"[2449, 415, 19, 19]",19.0,16-32,,,,FN
16193,16193.jpg,1,swimmer,,"[2270, 647, 20, 22]",20.97617696340303,16-32,,,,FN
16194,16194.jpg,1,swimmer,,"[2493, 467, 19, 18]",18.49324200890693,16-32,,,,FN
16194,16194.jpg,1,swimmer,,"[2316, 714, 17, 19]",17.97220075561143,16-32,,,,FN
16195,16195.jpg,1,swimmer,,"[2538, 528, 21, 20]",20.493901531919196,16-32,,,,FN
16195,16195.jpg,1,swimmer,,"[2360, 789, 21, 20]",20.493901531919196,16-32,,,,FN
16196,16196.jpg,1,swimmer,,"[2585, 590, 19, 20]",19.493588689617926,16-32,,,,FN
16196,16196.jpg,1,swimmer,,"[2409, 867, 22, 22]",22.0,16-32,,,,FN
16197,16197.jpg,1,swimmer,,"[2634, 517, 20, 20]",20.0,16-32,,,,FN
16197,16197.jpg,1,swimmer,,"[2460, 811, 23, 24]",23.49468024894146,16-32,,,,FN
16198,16198.jpg,1,swimmer,,"[2685, 459, 23, 22]",22.494443758403985,16-32,,,,FN
16198,16198.jpg,1,swimmer,,"[2516, 772, 23, 24]",23.49468024894146,16-32,,,,FN
16199,16199.jpg,1,swimmer,,"[2738, 416, 21, 22]",21.494185260204677,16-32,,,,FN
16199,16199.jpg,1,swimmer,,"[2574, 754, 24, 21]",22.44994432064365,16-32,,,,FN
16200,16200.jpg,1,swimmer,,"[2759, 385, 23, 23]",23.0,16-32,,,,FN
16200,16200.jpg,1,swimmer,,"[2602, 747, 23, 23]",23.0,16-32,,,,FN
16200,16200.jpg,1,swimmer,,"[2517, 550, 75, 56]",64.8074069840786,>64,,,,FN
16200,16200.jpg,1,swimmer,,"[2378, 498, 44, 38]",40.890096600521744,32-64,,,,FN
16201,16201.jpg,1,swimmer,,"[2720, 356, 23, 27]",24.919871588754223,16-32,,,,FN
16201,16201.jpg,1,swimmer,,"[2575, 750, 24, 23]",23.49468024894146,16-32,,,,FN
16201,16201.jpg,1,swimmer,,"[2492, 551, 64, 40]",50.59644256269407,32-64,,,,FN
16201,16201.jpg,1,swimmer,,"[2339, 486, 54, 53]",53.49766350038102,32-64,,,,FN
16202,16202.jpg,1,swimmer,,"[2630, 321, 21, 27]",23.811761799581316,16-32,,,,FN
16202,16202.jpg,1,swimmer,,"[2455, 723, 79, 46]",60.28266749240614,32-64,,,,FN
16202,16202.jpg,1,swimmer,,"[2441, 551, 39, 29]",33.63034344160047,32-64,,,,FN
16202,16202.jpg,1,swimmer,,"[2248, 480, 67, 54]",60.149812967290266,32-64,,,,FN
16203,16203.jpg,1,swimmer,,"[2531, 286, 24, 34]",28.5657137141714,16-32,,,,FN
16203,16203.jpg,1,swimmer,,"[2402, 721, 54, 54]",54.0,32-64,,,,FN
16203,16203.jpg,1,swimmer,,"[2361, 542, 39, 42]",40.47221268969612,32-64,,,,FN
16203,16203.jpg,1,swimmer,,"[2574, 663, 48, 41]",44.36214602563767,32-64,,,,FN
16203,16203.jpg,1,swimmer,,"[2160, 480, 44, 48]",45.95650117230423,32-64,,,,FN
16204,16204.jpg,1,swimmer,,"[2888, 688, 35, 36]",35.4964786985977,32-64,,,,FN
16204,16204.jpg,1,swimmer,,"[2465, 262, 25, 33]",28.722813232690143,16-32,,,,FN
16204,16204.jpg,1,swimmer,,"[2362, 735, 57, 56]",56.49778756730214,32-64,,,,FN
16204,16204.jpg,1,swimmer,,"[2308, 536, 27, 35]",30.740852297878796,16-32,,,,FN
16204,16204.jpg,1,swimmer,,"[2534, 664, 46, 39]",42.35563716909474,32-64,,,,FN
16204,16204.jpg,1,swimmer,,"[2088, 487, 55, 53]",53.99073994677235,32-64,,,,FN
16205,16205.jpg,1,swimmer,,"[2826, 663, 41, 37]",38.948684188300895,32-64,,,,FN
16205,16205.jpg,1,swimmer,,"[2345, 227, 52, 32]",40.792156108742276,32-64,,,,FN
16205,16205.jpg,1,swimmer,,"[2296, 749, 68, 47]",56.53317610041028,32-64,,,,FN
16205,16205.jpg,1,swimmer,,"[2237, 528, 42, 33]",37.22902093797257,32-64,,,,FN
16205,16205.jpg,1,swimmer,,"[2442, 631, 83, 67]",74.57211275000863,>64,,,,FN
16205,16205.jpg,1,swimmer,,"[2009, 484, 69, 66]",67.48333127521195,>64,,,,FN
16206,16206.jpg,1,swimmer,,"[2793, 636, 35, 32]",33.46640106136302,32-64,,,,FN
16206,16206.jpg,1,swimmer,,"[2260, 182, 56, 43]",49.07137658554119,32-64,,,,FN
16206,16206.jpg,1,swimmer,,"[2235, 733, 92, 65]",77.33045971672482,>64,,,,FN
16206,16206.jpg,1,swimmer,,"[2136, 505, 98, 53]",72.069410986909,>64,,,,FN
16206,16206.jpg,1,swimmer,,"[2405, 621, 71, 63]",66.88049042882386,>64,,,,FN
16206,16206.jpg,1,swimmer,,"[2569, 688, 57, 51]",53.91660226683428,32-64,,,,FN
16206,16206.jpg,1,swimmer,,"[1944, 482, 68, 69]",68.49817515817483,>64,,,,FN
16732,16732.jpg,1,swimmer,,"[2029, 570, 348, 192]",258.48791074245617,>64,,,,FN
16733,16733.jpg,1,swimmer,,"[2071, 597, 311, 183]",238.56445669881336,>64,,,,FN
16734,16734.jpg,1,swimmer,,"[2119, 598, 299, 205]",247.5782704519926,>64,,,,FN
16735,16735.jpg,1,swimmer,,"[2193, 662, 300, 196]",242.4871130596428,>64,,,,FN
16736,16736.jpg,1,swimmer,,"[2227, 671, 324, 218]",265.7668150842012,>64,,,,FN
16737,16737.jpg,1,swimmer,,"[2289, 697, 296, 209]",248.72474746192827,>64,,,,FN
16738,16738.jpg,1,swimmer,,"[2265, 720, 388, 221]",292.8275943281302,>64,,,,FN
16739,16739.jpg,1,swimmer,,"[2303, 767, 444, 195]",294.24479604574145,>64,,,,FN
16740,16740.jpg,1,swimmer,,"[2261, 836, 520, 217]",335.9166563301082,>64,,,,FN
16741,16741.jpg,1,swimmer,,"[2129, 832, 578, 247]",377.84388310517875,>64,,,,FN
16742,16742.jpg,1,swimmer,,"[2131, 773, 635, 286]",426.1572479730927,>64,,,,FN
16743,16743.jpg,1,swimmer,,"[2059, 807, 658, 282]",430.762115325849,>64,,,,FN
16744,16744.jpg,1,swimmer,,"[1979, 766, 672, 309]",455.6841011051406,>64,,,,FN
16745,16745.jpg,1,swimmer,,"[2094, 714, 657, 329]",464.92257419918855,>64,,,,FN
16746,16746.jpg,1,swimmer,,"[2142, 597, 467, 288]",366.736962958467,>64,,,,FN
16747,16747.jpg,1,swimmer,,"[2173, 681, 420, 269]",336.124976757158,>64,,,,FN
16748,16748.jpg,1,swimmer,,"[2068, 762, 505, 232]",342.28642976314444,>64,,,,FN
16749,16749.jpg,1,swimmer,,"[2167, 739, 488, 215]",323.91356871857033,>64,,,,FN
16750,16750.jpg,1,swimmer,,"[2121, 667, 480, 307]",383.8749796483225,>64,,,,FN
16751,16751.jpg,1,swimmer,,"[2191, 667, 517, 322]",408.012254717919,>64,,,,FN
16752,16752.jpg,1,swimmer,,"[2246, 775, 526, 325]",413.46100178856045,>64,,,,FN
16753,16753.jpg,1,swimmer,,"[2145, 666, 678, 364]",496.78164217289674,>64,,,,FN
16754,16754.jpg,1,swimmer,,"[2038, 657, 837, 421]",593.6135106279169,>64,,,,FN
16755,16755.jpg,1,swimmer,,"[2114, 708, 893, 433]",621.8271464000265,>64,,,,FN
16756,16756.jpg,1,swimmer,,"[2163, 871, 775, 371]",536.2135768516124,>64,,,,FN
16757,16757.jpg,1,swimmer,,"[2276, 1013, 559, 370]",454.78566380219155,>64,,,,FN
16758,16758.jpg,1,swimmer,,"[2306, 914, 527, 341]",423.91862426649766,>64,,,,FN
16759,16759.jpg,1,swimmer,,"[2349, 914, 519, 327]",411.9623769229418,>64,,,,FN
16760,16760.jpg,1,swimmer,,"[2186, 987, 566, 369]",457.00547042677726,>64,,,,FN
16761,16761.jpg,1,swimmer,,"[2249, 926, 545, 331]",424.7293255710041,>64,,,,FN
16762,16762.jpg,1,swimmer,,"[2259, 863, 572, 374]",462.52351291583005,>64,,,,FN
16763,16763.jpg,1,swimmer,,"[2206, 893, 554, 408]",475.428228021854,>64,,,,FN
16764,16764.jpg,1,swimmer,,"[2290, 903, 444, 437]",440.4860951267361,>64,,,,FN
16765,16765.jpg,1,swimmer,,"[2147, 812, 530, 538]",533.9850185164374,>64,,,,FN
16766,16766.jpg,1,swimmer,,"[2045, 659, 707, 536]",615.590773160222,>64,,,,FN
16767,16767.jpg,1,swimmer,,"[2127, 593, 647, 405]",511.89354362015547,>64,,,,FN
16768,16768.jpg,1,swimmer,,"[1991, 549, 613, 580]",596.2717501274062,>64,,,,FN
16769,16769.jpg,1,swimmer,,"[2019, 535, 653, 643]",647.9807095894137,>64,,,,FN
16770,16770.jpg,1,swimmer,,"[2071, 748, 569, 506]",536.5761828482513,>64,,,,FN
16771,16771.jpg,1,swimmer,,"[2116, 794, 513, 467]",489.45990642748257,>64,,,,FN
16772,16772.jpg,1,swimmer,,"[2047, 737, 546, 550]",547.9963503528103,>64,,,,FN
16773,16773.jpg,1,swimmer,,"[2101, 807, 529, 453]",489.52732303723354,>64,,,,FN
16774,16774.jpg,1,swimmer,,"[2058, 1016, 457, 377]",415.07710127155894,>64,,,,FN
16775,16775.jpg,1,swimmer,,"[2016, 1044, 483, 348]",409.98048734055624,>64,,,,FN
16776,16776.jpg,1,swimmer,,"[2022, 929, 479, 331]",398.18211913645746,>64,,,,FN
16777,16777.jpg,1,swimmer,,"[1991, 857, 543, 397]",464.29624163889156,>64,,,,FN
16778,16778.jpg,1,swimmer,,"[2047, 761, 525, 404]",460.5431575867782,>64,,,,FN
16779,16779.jpg,1,swimmer,,"[2037, 645, 656, 488]",565.7985507227816,>64,,,,FN
16780,16780.jpg,1,swimmer,,"[2052, 465, 678, 551]",611.2102747827461,>64,,,,FN
16781,16781.jpg,1,swimmer,,"[1928, 219, 892, 644]",757.92347898716,>64,,,,FN
16782,16782.jpg,1,swimmer,,"[2037, 1, 844, 806]",824.7811831025244,>64,,,,FN
16783,16783.jpg,1,swimmer,,"[1700, 0, 1144, 904]",1016.9444429269477,>64,,,,FN
16784,16784.jpg,1,swimmer,,"[1796, 36, 803, 856]",829.0765947727629,>64,,,,FN
16785,16785.jpg,1,swimmer,,"[1816, 84, 661, 1079]",844.5229422579354,>64,,,,FN
16786,16786.jpg,1,swimmer,,"[1834, 395, 472, 868]",640.0749956059836,>64,,,,FN
16787,16787.jpg,1,swimmer,,"[1726, 605, 427, 725]",556.394644115128,>64,,,,FN
