image_id,file_name,category_id,category,score,bbox,edge_len,size_band,fp_type,best_iou,confused_with,error_kind
48,48.jpg,1,swimmer,0.16911,"[647.69, 28.7, 9.84, 10.18]",10.008556339452758,<16,background,0.0,,FP
48,48.jpg,1,swimmer,0.15582,"[812.27, 655.64, 13.91, 23.65]",18.13757150227119,16-32,background,0.0,,FP
71,71.jpg,1,swimmer,0.49363,"[805.63, 468.95, 13.17, 11.35]",12.22618092455694,<16,background,0.0,,FP
71,71.jpg,1,swimmer,0.43612,"[330.4, 182.55, 11.06, 10.65]",10.853064083474308,<16,background,0.0,,FP
71,71.jpg,1,swimmer,0.43211,"[352.46, 197.91, 11.07, 11.9]",11.47749972772816,<16,duplicate,0.7000089287757874,swimmer,FP
71,71.jpg,1,swimmer,0.27754,"[352.25, 199.58, 11.51, 13.75]",12.580242445994433,<16,duplicate,0.7736526131629944,swimmer,FP
71,71.jpg,1,swimmer,0.27041,"[779.01, 458.17, 13.09, 9.98]",11.42970690787826,<16,background,0.0,,FP
71,71.jpg,1,swimmer,0.22797,"[476.62, 273.53, 8.25, 7.87]",8.057760234705423,<16,background,0.0,,FP
71,71.jpg,1,swimmer,0.21098,"[848.46, 493.32, 8.91, 12.17]",10.413198355932725,<16,background,0.0,,FP
71,71.jpg,1,swimmer,0.20923,"[802.97, 468.66, 14.31, 13.91]",14.108582494354279,<16,background,0.0,,FP
71,71.jpg,1,swimmer,0.16586,"[847.1, 490.06, 9.81, 12.26]",10.966795338657507,<16,background,0.0,,FP
71,71.jpg,1,swimmer,0.12378,"[374.07, 104.72, 11.45, 9.81]",10.59832533941094,<16,background,0.0,,FP
71,71.jpg,1,swimmer,0.11953,"[644.6, 381.73, 8.94, 8.2]",8.562009110016175,<16,background,0.0,,FP
85,85.jpg,1,swimmer,0.46511,"[834.12, 309.46, 12.37, 11.62]",11.989136749574591,<16,background,0.0,,FP
85,85.jpg,1,swimmer,0.19692,"[753.11, 325.89, 20.37, 27.28]",23.57315422254731,16-32,background,0.05604292079806328,,FP
85,85.jpg,1,swimmer,0.16992,"[495.97, 71.0, 10.07, 9.63]",9.847542840729357,<16,background,0.0,,FP
85,85.jpg,1,swimmer,0.14395,"[569.61, 5.08, 7.48, 8.62]",8.029794517918873,<16,background,0.0,,FP
85,85.jpg,1,swimmer,0.10754,"[834.42, 305.54, 11.33, 13.86]",12.531312780391366,<16,background,0.0,,FP
113,113.jpg,1,swimmer,0.33202,"[142.03, 209.84, 14.91, 11.85]",13.292234575119414,<16,background,0.0,,FP
119,119.jpg,1,swimmer,0.32703,"[358.96, 530.63, 10.34, 11.13]",10.727730421668882,<16,background,0.0,,FP
124,124.jpg,1,swimmer,0.38391,"[590.36, 96.87, 20.48, 10.41]",14.601260219583788,<16,localization,0.4026833474636078,swimmer,FP
124,124.jpg,1,swimmer,0.20575,"[796.77, 563.86, 12.82, 11.83]",12.315055826101643,<16,background,0.0,,FP
124,124.jpg,1,swimmer,0.15795,"[691.19, 808.63, 19.18, 25.24]",22.002345329532485,16-32,background,0.0,,FP
124,124.jpg,1,swimmer,0.14759,"[736.27, 248.83, 14.16, 12.76]",13.441785595671432,<16,background,0.0,,FP
162,162.jpg,1,swimmer,0.16085,"[469.05, 109.77, 12.84, 8.54]",10.471561488144927,<16,background,0.0,,FP
187,187.jpg,1,swimmer,0.28384,"[336.05, 495.98, 11.95, 11.12]",11.52753225976835,<16,background,0.0,,FP
187,187.jpg,1,swimmer,0.28267,"[253.73, 616.62, 10.84, 12.36]",11.575076673612145,<16,background,0.0,,FP
187,187.jpg,1,swimmer,0.2772,"[284.65, 681.29, 12.59, 12.0]",12.29146045024756,<16,duplicate,0.7449713349342346,swimmer,FP
187,187.jpg,1,swimmer,0.18596,"[213.33, 828.19, 9.86, 7.99]",8.875888687900495,<16,background,0.0,,FP
187,187.jpg,1,swimmer,0.11113,"[253.71, 613.55, 10.88, 12.55]",11.685204319993725,<16,background,0.0,,FP
189,189.jpg,1,swimmer,0.30579,"[272.59, 224.75, 12.12, 11.58]",11.84692365131134,<16,duplicate,0.5411009788513184,swimmer,FP
267,267.jpg,2,boat,0.32862,"[1036.43, 516.58, 18.04, 18.35]",18.19433977917308,16-32,background,0.0,,FP
267,267.jpg,1,swimmer,0.27526,"[1076.8, 481.24, 25.28, 21.05]",23.06824657402465,16-32,background,0.0,,FP
267,267.jpg,2,boat,0.24123,"[957.17, 685.42, 25.78, 24.77]",25.26995449145091,16-32,duplicate,0.6052122116088867,boat,FP
267,267.jpg,1,swimmer,0.20293,"[1074.8, 494.2, 13.23, 13.52]",13.374213995596152,<16,background,0.0,,FP
267,267.jpg,1,swimmer,0.13497,"[979.54, 532.67, 13.4, 11.06]",12.173906521737385,<16,background,0.0,,FP
267,267.jpg,1,swimmer,0.10573,"[1210.07, 432.28, 15.14, 12.13]",13.551686241940523,<16,background,0.0,,FP
267,267.jpg,2,boat,0.10353,"[958.45, 646.2, 91.75, 62.76]",75.8830020492073,>64,localization,0.13762244582176208,boat,FP
300,300.jpg,1,swimmer,0.11192,"[657.55, 739.26, 14.54, 13.29]",13.900956801601822,<16,background,0.0,,FP
300,300.jpg,1,swimmer,0.10574,"[662.7, 848.74, 10.57, 13.03]",11.73571898095724,<16,background,0.0,,FP
310,310.jpg,1,swimmer,0.1467,"[891.94, 662.93, 12.92, 13.72]",13.31399263932499,<16,background,0.0,,FP
351,351.jpg,2,boat,0.31794,"[815.42, 817.13, 181.44, 91.87]",129.10806636302783,>64,localization,0.3375149369239807,boat,FP
379,379.jpg,2,boat,0.79742,"[64.93, 205.52, 39.51, 22.24]",29.642914836432666,16-32,class_confusion,0.8784533143043518,swimmer,FP
379,379.jpg,1,swimmer,0.40921,"[999.95, 327.81, 14.14, 9.3]",11.467432144992182,<16,background,0.0,,FP
382,382.jpg,1,swimmer,0.65296,"[1124.02, 0.0, 52.41, 22.4]",34.26344991386594,32-64,background,0.0,,FP
501,501.jpg,3,jetski,0.38692,"[283.02, 911.47, 41.51, 22.53]",30.5813717808734,16-32,class_confusion,0.5060727596282959,boat,FP
501,501.jpg,3,jetski,0.18126,"[1119.49, 489.29, 34.63, 28.48]",31.404814917461305,16-32,background,0.0,,FP
526,526.jpg,1,swimmer,0.29509,"[172.28, 559.06, 23.26, 16.85]",19.797247283397763,16-32,duplicate,0.5186871290206909,swimmer,FP
526,526.jpg,1,swimmer,0.20389,"[90.75, 395.06, 18.1, 19.6]",18.835073665903195,16-32,duplicate,0.8173115253448486,swimmer,FP
526,526.jpg,1,swimmer,0.12156,"[226.97, 377.14, 31.16, 29.64]",30.390498515160953,16-32,duplicate,0.6193275451660156,swimmer,FP
526,526.jpg,4,life_saving_appliances,0.10399,"[128.75, 546.65, 17.66, 15.76]",16.682973356089736,16-32,class_confusion,0.7816101312637329,swimmer,FP
550,550.jpg,3,jetski,0.23977,"[483.63, 457.22, 47.61, 176.81]",91.74924577346671,>64,localization,0.19767343997955322,jetski,FP
595,595.jpg,4,life_saving_appliances,0.44893,"[334.32, 132.06, 20.39, 13.05]",16.312249998084262,16-32,class_confusion,0.7174527049064636,swimmer,FP
595,595.jpg,1,swimmer,0.35894,"[658.98, 580.97, 15.33, 16.49]",15.89942451788743,<16,class_confusion,0.6171088814735413,life_saving_appliances,FP
595,595.jpg,1,swimmer,0.13764,"[377.4, 140.81, 17.74, 22.64]",20.040798387289865,16-32,localization,0.3977701663970947,swimmer,FP
595,595.jpg,4,life_saving_appliances,0.12886,"[358.45, 143.81, 11.91, 16.94]",14.204062799072666,<16,background,0.0022918323520570993,,FP
595,595.jpg,4,life_saving_appliances,0.11243,"[377.63, 140.81, 18.86, 23.41]",21.012201217387958,16-32,localization,0.4181215167045593,life_saving_appliances,FP
619,619.jpg,1,swimmer,0.63719,"[966.48, 699.72, 21.15, 17.74]",19.370105833474426,16-32,background,0.0,,FP
622,622.jpg,1,swimmer,0.50455,"[607.17, 606.17, 19.64, 18.73]",19.179603749817147,16-32,localization,0.469205379486084,swimmer,FP
622,622.jpg,1,swimmer,0.32339,"[812.97, 606.17, 24.19, 16.84]",20.18315138921571,16-32,localization,0.34260767698287964,swimmer,FP
622,622.jpg,1,swimmer,0.25828,"[816.0, 576.38, 23.77, 19.65]",21.612045252590047,16-32,duplicate,0.6355385780334473,swimmer,FP
622,622.jpg,1,swimmer,0.25167,"[812.56, 583.35, 24.77, 16.08]",19.957494832768965,16-32,localization,0.4264202415943146,swimmer,FP
622,622.jpg,1,swimmer,0.18338,"[235.08, 730.24, 21.51, 22.54]",22.01897817792642,16-32,duplicate,0.6942834854125977,swimmer,FP
622,622.jpg,1,swimmer,0.15617,"[241.63, 618.44, 24.8, 22.98]",23.872662189207134,16-32,duplicate,0.7278779149055481,swimmer,FP
622,622.jpg,1,swimmer,0.15499,"[196.57, 640.37, 24.87, 17.91]",21.10501599146516,16-32,duplicate,0.7423672676086426,swimmer,FP
622,622.jpg,1,swimmer,0.14959,"[816.42, 600.88, 37.27, 20.91]",27.916226464191038,16-32,duplicate,0.6355900168418884,swimmer,FP
622,622.jpg,1,swimmer,0.12183,"[814.35, 580.38, 33.03, 21.61]",26.716629652708818,16-32,localization,0.42849382758140564,swimmer,FP
655,655.jpg,1,swimmer,0.46969,"[88.11, 188.45, 22.38, 24.33]",23.334639487251565,16-32,localization,0.49850156903266907,swimmer,FP
655,655.jpg,1,swimmer,0.20912,"[121.93, 224.4, 17.03, 24.04]",20.233665016501583,16-32,duplicate,0.618181049823761,swimmer,FP
655,655.jpg,1,swimmer,0.16788,"[73.95, 287.39, 19.58, 18.66]",19.11446572625037,16-32,localization,0.4214988648891449,swimmer,FP
655,655.jpg,1,swimmer,0.13458,"[69.8, 178.31, 38.89, 33.6]",36.14836095869355,32-64,localization,0.49753525853157043,swimmer,FP
767,767.jpg,3,jetski,0.18236,"[1126.5, 565.72, 61.36, 45.8]",53.0121495508341,32-64,background,0.03089091368019581,,FP
780,780.jpg,2,boat,0.32931,"[1204.23, 142.05, 25.77, 155.78]",63.35969223410101,32-64,localization,0.33229950070381165,boat,FP
780,780.jpg,2,boat,0.12422,"[1211.59, 121.62, 17.97, 175.64]",56.18051975551668,32-64,localization,0.3022797405719757,boat,FP
780,780.jpg,2,boat,0.10884,"[1192.13, 214.81, 37.87, 87.36]",57.51802500086386,32-64,localization,0.33979395031929016,boat,FP
803,803.jpg,3,jetski,0.65697,"[358.52, 532.32, 59.7, 92.44]",74.28773788452574,>64,duplicate,0.6453074216842651,jetski,FP
824,824.jpg,2,boat,0.83536,"[1071.88, 663.9, 46.17, 47.62]",46.889395389576094,32-64,class_confusion,0.8951676487922668,jetski,FP
824,824.jpg,1,swimmer,0.12498,"[859.03, 233.3, 19.79, 8.49]",12.962141026852008,<16,background,0.0,,FP
868,868.jpg,1,swimmer,0.6754,"[3675.25, 1841.51, 56.68, 50.26]",53.37355899694155,32-64,localization,0.44230130314826965,swimmer,FP
868,868.jpg,1,swimmer,0.32336,"[3330.54, 1650.45, 49.83, 69.04]",58.65375691292076,32-64,background,0.0,,FP
868,868.jpg,1,swimmer,0.2551,"[4037.05, 1917.98, 33.95, 41.24]",37.417883424907934,32-64,background,0.0,,FP
868,868.jpg,1,swimmer,0.16311,"[3716.7, 1634.39, 33.32, 40.63]",36.79390710430193,32-64,background,0.0,,FP
887,887.jpg,2,boat,0.41793,"[624.8, 1386.07, 279.18, 315.88]",296.9635977691542,>64,localization,0.29686787724494934,boat,FP
887,887.jpg,1,swimmer,0.3449,"[5136.61, 3383.74, 33.81, 35.57]",34.678836485672356,32-64,localization,0.4589971899986267,swimmer,FP
887,887.jpg,2,boat,0.26673,"[4497.4, 2924.99, 63.27, 59.47]",61.34058118407422,32-64,background,0.0,,FP
887,887.jpg,1,swimmer,0.20939,"[5004.48, 3391.32, 36.3, 30.34]",33.18647314795593,32-64,class_confusion,0.5229982733726501,boat,FP
887,887.jpg,2,boat,0.19152,"[626.53, 1403.41, 529.26, 306.69]",402.8880109906474,>64,localization,0.1612875908613205,boat,FP
887,887.jpg,1,swimmer,0.14232,"[4512.24, 3139.09, 59.81, 39.62]",48.67927895932724,32-64,background,0.0,,FP
887,887.jpg,2,boat,0.13172,"[630.16, 1495.69, 237.03, 206.56]",221.27113865120322,>64,duplicate,0.5243558883666992,boat,FP
984,984.jpg,1,swimmer,0.13193,"[947.26, 2053.6, 43.45, 33.67]",38.248679715775815,32-64,background,0.0,,FP
984,984.jpg,1,swimmer,0.10377,"[1447.29, 2554.19, 21.48, 46.17]",31.4917703535384,16-32,background,0.0,,FP
1003,1003.jpg,1,swimmer,0.12933,"[3523.09, 0.0, 58.14, 12.15]",26.578205357021382,16-32,background,0.0,,FP
1018,1018.jpg,1,swimmer,0.48882,"[72.49, 3191.24, 41.02, 53.92]",47.02976079037613,32-64,localization,0.3826195299625397,swimmer,FP
1018,1018.jpg,1,swimmer,0.10988,"[144.79, 3252.97, 41.22, 55.06]",47.64003778336033,32-64,localization,0.17227908968925476,swimmer,FP
1032,1032.jpg,2,boat,0.33427,"[1011.21, 3394.32, 70.69, 93.35]",81.2336845157229,>64,duplicate,0.6443697810173035,boat,FP
1036,1036.jpg,1,swimmer,0.37064,"[849.7, 1090.43, 33.36, 25.14]",28.95980662918867,16-32,background,0.0,,FP
1036,1036.jpg,2,boat,0.27122,"[803.95, 446.53, 87.19, 115.4]",100.30815520185784,>64,duplicate,0.70151287317276,boat,FP
1036,1036.jpg,1,swimmer,0.25159,"[828.49, 895.07, 32.95, 46.08]",38.96583118579662,32-64,localization,0.2252465784549713,swimmer,FP
1036,1036.jpg,1,swimmer,0.22293,"[830.84, 903.37, 55.96, 31.56]",42.02496400950273,32-64,localization,0.19364728033542633,swimmer,FP
1036,1036.jpg,1,swimmer,0.19297,"[919.49, 1099.42, 39.8, 40.05]",39.924804320121595,32-64,localization,0.27666422724723816,swimmer,FP
1036,1036.jpg,1,swimmer,0.19217,"[984.57, 1304.23, 36.27, 51.89]",43.38260365630445,32-64,background,0.0,,FP
1036,1036.jpg,1,swimmer,0.18056,"[986.33, 1324.13, 37.78, 33.84]",35.75577156208491,32-64,background,0.0,,FP
1036,1036.jpg,1,swimmer,0.16711,"[987.27, 1335.15, 34.93, 41.68]",38.156027046850674,32-64,background,0.0,,FP
1036,1036.jpg,1,swimmer,0.15695,"[919.77, 1107.63, 40.29, 60.55]",49.391897108736366,32-64,localization,0.18077033758163452,swimmer,FP
1036,1036.jpg,2,boat,0.14847,"[982.73, 1111.27, 76.83, 101.78]",88.42939217251241,>64,duplicate,0.607751190662384,boat,FP
1036,1036.jpg,1,swimmer,0.12841,"[987.99, 1381.26, 35.45, 59.52]",45.93456215095557,32-64,background,0.0,,FP
1037,1037.jpg,1,swimmer,0.45666,"[772.75, 582.14, 40.42, 41.27]",40.84278883719867,32-64,localization,0.2769562900066376,swimmer,FP
1037,1037.jpg,1,swimmer,0.4087,"[850.1, 794.03, 31.9, 33.97]",32.91873326845977,32-64,background,0.0,,FP
1037,1037.jpg,1,swimmer,0.3126,"[667.37, 374.67, 48.78, 43.08]",45.841492122312076,32-64,localization,0.24982839822769165,swimmer,FP
1037,1037.jpg,1,swimmer,0.29495,"[844.3, 862.13, 37.99, 35.95]",36.95592645300616,32-64,background,0.0,,FP
1037,1037.jpg,1,swimmer,0.25264,"[659.33, 0.0, 60.39, 28.31]",41.34780405293611,32-64,background,0.0,,FP
1037,1037.jpg,1,swimmer,0.24223,"[688.01, 553.54, 38.88, 43.49]",41.120447468382444,32-64,background,0.0,,FP
1037,1037.jpg,1,swimmer,0.18142,"[854.32, 790.51, 35.43, 43.92]",39.44725085478074,32-64,background,0.0,,FP
1037,1037.jpg,1,swimmer,0.15709,"[647.88, 374.46, 53.77, 43.33]",48.268562232575356,32-64,localization,0.2253359854221344,swimmer,FP
1037,1037.jpg,2,boat,0.13086,"[852.03, 589.92, 70.86, 107.04]",87.09106957662192,>64,duplicate,0.672389805316925,boat,FP
1073,1073.jpg,1,swimmer,0.59909,"[4047.89, 280.01, 35.54, 35.08]",35.309250912473345,32-64,localization,0.36896127462387085,swimmer,FP
1073,1073.jpg,1,swimmer,0.48644,"[4108.71, 553.75, 38.3, 46.88]",42.37338787493867,32-64,localization,0.34753474593162537,swimmer,FP
1073,1073.jpg,1,swimmer,0.3649,"[4262.24, 530.91, 32.92, 28.69]",30.732308732016865,16-32,localization,0.40233999490737915,swimmer,FP
1073,1073.jpg,1,swimmer,0.16416,"[3947.89, 173.83, 44.26, 39.79]",41.96552632816607,32-64,localization,0.40888410806655884,swimmer,FP
1073,1073.jpg,1,swimmer,0.10362,"[4113.42, 564.08, 37.38, 58.27]",46.67046817849592,32-64,localization,0.2864839434623718,swimmer,FP
1096,1096.jpg,1,swimmer,0.57117,"[2210.56, 3334.65, 34.33, 31.89]",33.08751577256896,32-64,localization,0.23383614420890808,swimmer,FP
1096,1096.jpg,1,swimmer,0.54109,"[2513.93, 3554.8, 47.45, 56.44]",51.75014975823741,32-64,localization,0.33979594707489014,swimmer,FP
1096,1096.jpg,2,boat,0.5368,"[2562.27, 2670.26, 159.13, 93.33]",121.86715267043864,>64,localization,0.4129678010940552,boat,FP
1096,1096.jpg,1,swimmer,0.52482,"[2283.98, 2868.41, 43.14, 36.52]",39.692225939092914,32-64,localization,0.46056729555130005,swimmer,FP
1096,1096.jpg,1,swimmer,0.4152,"[2435.05, 3266.67, 54.44, 39.12]",46.14859477817282,32-64,duplicate,0.6180023550987244,swimmer,FP
1096,1096.jpg,1,swimmer,0.34119,"[2352.08, 2804.68, 42.58, 46.68]",44.582893580385736,32-64,localization,0.33557477593421936,swimmer,FP
1096,1096.jpg,1,swimmer,0.31111,"[2359.32, 3379.69, 45.36, 36.77]",40.83977473003494,32-64,localization,0.2518155872821808,swimmer,FP
1096,1096.jpg,1,swimmer,0.27348,"[2512.74, 3562.28, 46.19, 60.86]",53.02002829120332,32-64,localization,0.323714017868042,swimmer,FP
1096,1096.jpg,1,swimmer,0.25227,"[2361.32, 3387.32, 61.35, 31.86]",44.21098279839524,32-64,localization,0.21487653255462646,swimmer,FP
1096,1096.jpg,1,swimmer,0.23443,"[2307.47, 3373.32, 58.36, 45.42]",51.48505802657699,32-64,localization,0.3463221490383148,swimmer,FP
1096,1096.jpg,1,swimmer,0.18226,"[2284.69, 3366.83, 53.19, 52.11]",52.64723069640036,32-64,localization,0.3312009871006012,swimmer,FP
1096,1096.jpg,1,swimmer,0.17728,"[2284.64, 3465.93, 59.92, 29.27]",41.87909263582486,32-64,localization,0.4453812539577484,swimmer,FP
1109,1109.jpg,2,boat,0.34679,"[3764.47, 764.23, 156.49, 98.57]",124.19830634916082,>64,duplicate,0.5568394660949707,boat,FP
1109,1109.jpg,1,swimmer,0.14721,"[4104.24, 554.11, 38.52, 57.13]",46.911060529474284,32-64,duplicate,0.5089410543441772,swimmer,FP
1109,1109.jpg,1,swimmer,0.1232,"[3962.56, 149.49, 45.63, 63.68]",53.904715934693506,32-64,duplicate,0.6800382733345032,swimmer,FP
1123,1123.jpg,1,swimmer,0.55147,"[3417.32, 1012.61, 58.74, 30.65]",42.43089676167592,32-64,localization,0.21714569628238678,swimmer,FP
1123,1123.jpg,1,swimmer,0.42505,"[3171.22, 858.33, 54.91, 37.64]",45.46220848133095,32-64,localization,0.41997042298316956,swimmer,FP
1123,1123.jpg,1,swimmer,0.42111,"[3171.18, 756.56, 54.67, 33.86]",43.02471615246288,32-64,localization,0.21851620078086853,swimmer,FP
1123,1123.jpg,1,swimmer,0.3966,"[3264.07, 826.85, 52.8, 45.82]",49.18633956699766,32-64,localization,0.41892775893211365,swimmer,FP
1123,1123.jpg,1,swimmer,0.3857,"[3687.6, 921.85, 31.06, 41.52]",35.9111570406747,32-64,localization,0.46199831366539,swimmer,FP
1123,1123.jpg,1,swimmer,0.377,"[3031.36, 1645.27, 28.09, 46.07]",35.97368899626503,32-64,background,0.0,,FP
1123,1123.jpg,1,swimmer,0.33513,"[3648.67, 1619.95, 52.35, 30.39]",39.88629463863496,32-64,localization,0.3922267556190491,swimmer,FP
1123,1123.jpg,1,swimmer,0.31656,"[3582.52, 1171.65, 34.35, 32.55]",33.43789018463934,32-64,duplicate,0.67896968126297,swimmer,FP
1123,1123.jpg,1,swimmer,0.30539,"[3663.19, 1620.8, 53.79, 31.08]",40.88756779266773,32-64,localization,0.37325191497802734,swimmer,FP
1123,1123.jpg,1,swimmer,0.29899,"[3180.43, 751.4, 59.15, 34.84]",45.39588087040497,32-64,localization,0.25715532898902893,swimmer,FP
1123,1123.jpg,1,swimmer,0.27072,"[3579.88, 1098.74, 53.82, 33.68]",42.57531679271453,32-64,duplicate,0.681484043598175,swimmer,FP
1123,1123.jpg,1,swimmer,0.26465,"[3523.77, 1017.36, 56.81, 23.39]",36.45251568822103,32-64,localization,0.3476858139038086,swimmer,FP
1123,1123.jpg,1,swimmer,0.24331,"[3177.92, 750.06, 39.28, 43.35]",41.264851871780664,32-64,localization,0.23021070659160614,swimmer,FP
1123,1123.jpg,1,swimmer,0.22475,"[3177.36, 861.78, 62.21, 33.73]",45.80767730413757,32-64,localization,0.4136596918106079,swimmer,FP
1123,1123.jpg,1,swimmer,0.1647,"[3264.69, 837.45, 56.13, 57.7]",56.90958618721454,32-64,localization,0.34458258748054504,swimmer,FP
1123,1123.jpg,1,swimmer,0.14878,"[3443.77, 895.07, 45.6, 50.58]",48.0254932301585,32-64,localization,0.38778164982795715,swimmer,FP
1123,1123.jpg,1,swimmer,0.11579,"[3443.43, 910.29, 44.36, 53.08]",48.52451751434526,32-64,localization,0.35551995038986206,swimmer,FP
1125,1125.jpg,1,swimmer,0.40539,"[3512.27, 346.8, 50.0, 26.3]",36.26292872893749,32-64,localization,0.4260086715221405,swimmer,FP
1125,1125.jpg,1,swimmer,0.21577,"[3525.26, 345.73, 55.28, 24.86]",37.07102372473682,32-64,localization,0.43829280138015747,swimmer,FP
1125,1125.jpg,2,boat,0.15437,"[3072.67, 641.2, 207.58, 130.65]",164.68250362439844,>64,localization,0.29551461338996887,boat,FP
1125,1125.jpg,2,boat,0.12375,"[3071.94, 672.68, 172.78, 98.38]",130.37674792692138,>64,localization,0.459890753030777,boat,FP
1129,1129.jpg,2,boat,0.56713,"[572.9, 1618.45, 179.24, 85.12]",123.51886009836717,>64,localization,0.38784855604171753,boat,FP
1129,1129.jpg,1,swimmer,0.45511,"[271.81, 2570.64, 36.5, 30.34]",33.27777035800325,32-64,localization,0.3317531645298004,swimmer,FP
1129,1129.jpg,1,swimmer,0.44337,"[146.79, 2648.24, 35.87, 27.67]",31.50433144823105,16-32,localization,0.31737300753593445,swimmer,FP
1129,1129.jpg,1,swimmer,0.41984,"[542.04, 2795.29, 37.97, 29.31]",33.36016636649164,32-64,localization,0.48787540197372437,swimmer,FP
1129,1129.jpg,1,swimmer,0.3707,"[560.66, 2872.14, 32.72, 44.52]",38.16666608442503,32-64,background,0.0,,FP
1129,1129.jpg,1,swimmer,0.29998,"[399.33, 2798.83, 52.77, 28.23]",38.59659440935172,32-64,background,0.0,,FP
1129,1129.jpg,1,swimmer,0.29681,"[443.24, 2433.19, 41.16, 30.97]",35.70329396568333,32-64,localization,0.2510344982147217,swimmer,FP
1129,1129.jpg,1,swimmer,0.28211,"[362.4, 2600.0, 30.64, 42.05]",35.89445639649666,32-64,background,0.0,,FP
1129,1129.jpg,1,swimmer,0.26195,"[453.1, 2428.53, 26.38, 35.2]",30.472545020066836,16-32,localization,0.2976585328578949,swimmer,FP
1129,1129.jpg,1,swimmer,0.21707,"[1225.07, 3409.63, 36.7, 24.49]",29.979709805133204,16-32,background,0.0,,FP
1129,1129.jpg,1,swimmer,0.17615,"[212.27, 2395.33, 43.29, 45.32]",44.293371964663066,32-64,background,0.0,,FP
1129,1129.jpg,2,boat,0.16736,"[558.72, 1634.04, 180.43, 83.3]",122.59616225640997,>64,localization,0.334470272064209,boat,FP
1129,1129.jpg,1,swimmer,0.15792,"[265.97, 1986.17, 43.36, 42.22]",42.78620338380119,32-64,background,0.0,,FP
1129,1129.jpg,1,swimmer,0.13184,"[213.38, 2463.12, 44.16, 44.63]",44.39437802244784,32-64,background,0.0,,FP
1129,1129.jpg,1,swimmer,0.11842,"[203.4, 2402.87, 45.91, 33.36]",39.1351197775093,32-64,background,0.0,,FP
1129,1129.jpg,1,swimmer,0.11656,"[215.37, 2473.82, 40.24, 58.11]",48.35645148271325,32-64,background,0.0,,FP
1129,1129.jpg,1,swimmer,0.1164,"[360.18, 2620.31, 31.25, 48.05]",38.75,32-64,background,0.0,,FP
1136,1136.jpg,2,boat,0.23328,"[5308.95, 1760.78, 145.06, 129.37]",136.9905551488861,>64,localization,0.35453885793685913,boat,FP
1136,1136.jpg,1,swimmer,0.11653,"[4825.42, 1582.79, 103.97, 95.5]",99.64504503486363,>64,class_confusion,0.9394416809082031,boat,FP
1144,1144.jpg,1,swimmer,0.56153,"[2005.68, 1977.4, 74.59, 47.03]",59.22809890584029,32-64,localization,0.25915607810020447,swimmer,FP
1144,1144.jpg,1,swimmer,0.46661,"[1832.42, 1508.15, 45.07, 55.22]",49.88752749936601,32-64,localization,0.22179672122001648,swimmer,FP
1144,1144.jpg,1,swimmer,0.44861,"[1731.37, 1749.12, 42.29, 50.11]",46.03424703413753,32-64,localization,0.22059795260429382,swimmer,FP
1144,1144.jpg,1,swimmer,0.31492,"[1832.51, 1518.82, 45.52, 58.54]",51.6211274576602,32-64,localization,0.20714959502220154,swimmer,FP
1144,1144.jpg,1,swimmer,0.26738,"[1827.66, 1412.38, 48.23, 30.85]",38.573248502038304,32-64,localization,0.1828085333108902,swimmer,FP
1144,1144.jpg,1,swimmer,0.25925,"[2270.45, 1508.89, 47.34, 54.59]",50.83591840421495,32-64,duplicate,0.6145182847976685,swimmer,FP
1144,1144.jpg,1,swimmer,0.25673,"[1785.46, 1012.39, 30.82, 50.11]",39.29873025938625,32-64,background,0.0,,FP
1144,1144.jpg,1,swimmer,0.22251,"[1685.94, 1436.62, 53.46, 37.83]",44.971010662425634,32-64,localization,0.4327978789806366,swimmer,FP
1144,1144.jpg,1,swimmer,0.20363,"[1959.3, 1313.37, 27.02, 27.09]",27.054977360921963,16-32,background,0.0,,FP
1144,1144.jpg,1,swimmer,0.20238,"[1678.16, 1435.88, 34.26, 39.96]",37.00039999783786,32-64,localization,0.4395894706249237,swimmer,FP
1144,1144.jpg,1,swimmer,0.1724,"[1966.37, 1695.52, 46.52, 31.42]",38.231641345879986,32-64,localization,0.4948762357234955,swimmer,FP
1144,1144.jpg,1,swimmer,0.16628,"[2391.33, 954.38, 39.0, 34.93]",36.90894200596923,32-64,background,0.0,,FP
1144,1144.jpg,1,swimmer,0.1261,"[1875.29, 1644.99, 55.87, 43.13]",49.08842124167368,32-64,localization,0.39324554800987244,swimmer,FP
1144,1144.jpg,1,swimmer,0.12185,"[1893.82, 1663.87, 50.08, 49.74]",49.90971047802221,32-64,localization,0.44321462512016296,swimmer,FP
1144,1144.jpg,1,swimmer,0.11336,"[2214.02, 1167.52, 30.57, 40.77]",35.30352531971843,32-64,background,0.0,,FP
1144,1144.jpg,1,swimmer,0.10758,"[1668.99, 1902.68, 41.92, 29.98]",35.450833558606206,32-64,background,0.0,,FP
1157,1157.jpg,1,swimmer,0.6057,"[1460.36, 2789.59, 44.8, 35.31]",39.77295563570804,32-64,background,0.0,,FP
1157,1157.jpg,1,swimmer,0.54855,"[1573.06, 2649.8, 37.28, 41.16]",39.17198999285076,32-64,background,0.0,,FP
1157,1157.jpg,1,swimmer,0.546,"[1193.18, 2726.15, 40.38, 27.04]",33.04353491985989,32-64,localization,0.29490548372268677,swimmer,FP
1157,1157.jpg,1,swimmer,0.49598,"[980.99, 2856.44, 29.93, 35.06]",32.3936073940523,32-64,localization,0.44027429819107056,swimmer,FP
1157,1157.jpg,1,swimmer,0.46209,"[1131.11, 3076.17, 39.4, 43.66]",41.475342072127624,32-64,localization,0.41674333810806274,swimmer,FP
1157,1157.jpg,1,swimmer,0.36101,"[1442.19, 2938.57, 29.23, 30.36]",29.7896424953372,16-32,background,0.0,,FP
1157,1157.jpg,1,swimmer,0.31356,"[1013.21, 2617.91, 44.25, 50.42]",47.23436249172841,32-64,localization,0.17883676290512085,swimmer,FP
1157,1157.jpg,1,swimmer,0.19746,"[1040.75, 2426.65, 29.68, 37.12]",33.1921918529042,32-64,localization,0.42294618487358093,swimmer,FP
1157,1157.jpg,1,swimmer,0.18589,"[1244.3, 2531.98, 51.62, 37.09]",43.75598016271604,32-64,duplicate,0.7097207903862,swimmer,FP
1157,1157.jpg,1,swimmer,0.15212,"[1600.43, 2531.36, 43.31, 59.38]",50.71240282218937,32-64,localization,0.48593491315841675,swimmer,FP
1157,1157.jpg,1,swimmer,0.14767,"[1014.07, 2600.1, 43.51, 51.64]",47.40101686672977,32-64,localization,0.17758145928382874,swimmer,FP
1157,1157.jpg,1,swimmer,0.10715,"[2200.75, 1985.47, 32.67, 36.64]",34.598103994294256,32-64,background,0.0,,FP
1350,1350.jpg,1,swimmer,0.28363,"[3845.33, 1254.45, 55.88, 58.91]",57.375001525054444,32-64,background,0.0,,FP
1500,1500.jpg,1,swimmer,0.10103,"[3204.82, 622.95, 64.77, 47.95]",55.729000529347374,32-64,duplicate,0.5117778182029724,swimmer,FP
1506,1506.jpg,1,swimmer,0.21214,"[3639.82, 2079.05, 82.52, 125.08]",101.59528335508494,>64,background,0.0845639556646347,,FP
1542,1542.jpg,1,swimmer,0.10877,"[31.54, 3174.74, 83.67, 49.17]",64.14089101345569,>64,duplicate,0.5908728241920471,swimmer,FP
1560,1560.jpg,1,swimmer,0.11809,"[5413.21, 1482.55, 41.84, 63.11]",51.38601366130671,32-64,background,0.0,,FP
1661,1661.jpg,1,swimmer,0.17654,"[1362.2, 2668.22, 37.34, 60.46]",47.51396005386207,32-64,duplicate,0.7350083589553833,swimmer,FP
1716,1716.jpg,1,swimmer,0.41651,"[3529.72, 4125.78, 26.56, 27.02]",26.7890126731091,16-32,localization,0.4592614769935608,swimmer,FP
1724,1724.jpg,1,swimmer,0.46219,"[2642.3, 1294.93, 36.01, 35.21]",35.60775336917509,32-64,localization,0.16404923796653748,swimmer,FP
1724,1724.jpg,1,swimmer,0.33443,"[2661.91, 1129.9, 41.41, 31.53]",36.13388022341359,32-64,background,0.0,,FP
1724,1724.jpg,1,swimmer,0.33261,"[2718.2, 715.91, 31.92, 38.18]",34.90996419362243,32-64,localization,0.24616281688213348,swimmer,FP
1724,1724.jpg,1,swimmer,0.30741,"[2558.96, 1222.3, 41.34, 39.46]",40.389062875981665,32-64,background,0.0,,FP
1724,1724.jpg,1,swimmer,0.30142,"[2751.61, 1166.14, 53.17, 28.42]",38.87275909940019,32-64,localization,0.2604689300060272,swimmer,FP
1724,1724.jpg,1,swimmer,0.29768,"[2804.71, 762.83, 46.82, 30.86]",38.011382505770555,32-64,background,0.0,,FP
1724,1724.jpg,1,swimmer,0.29441,"[2646.17, 1101.61, 50.51, 35.84]",42.547366546003765,32-64,background,0.0,,FP
1724,1724.jpg,1,swimmer,0.18983,"[2736.39, 1160.07, 48.0, 33.87]",40.32071427938746,32-64,localization,0.2977584898471832,swimmer,FP
1724,1724.jpg,1,swimmer,0.17871,"[2820.32, 749.95, 28.34, 39.58]",33.49174823743902,32-64,background,0.0,,FP
1724,1724.jpg,1,swimmer,0.17613,"[2816.35, 760.49, 56.62, 30.69]",41.68534274778126,32-64,background,0.0,,FP
1724,1724.jpg,1,swimmer,0.14402,"[2702.21, 726.76, 50.64, 29.69]",38.775012572531814,32-64,localization,0.19953420758247375,swimmer,FP
1765,1765.jpg,1,swimmer,0.65603,"[2041.23, 294.2, 63.6, 59.09]",61.30353986516602,32-64,localization,0.14347445964813232,swimmer,FP
1765,1765.jpg,1,swimmer,0.55639,"[2171.41, 343.76, 48.37, 31.64]",39.120669728418505,32-64,localization,0.45963186025619507,swimmer,FP
1765,1765.jpg,1,swimmer,0.50117,"[1576.82, 550.73, 34.13, 32.91]",33.51444912272914,32-64,localization,0.36324191093444824,swimmer,FP
1765,1765.jpg,1,swimmer,0.44019,"[1632.35, 484.23, 32.63, 31.34]",31.978495899588523,16-32,localization,0.40484076738357544,swimmer,FP
1765,1765.jpg,1,swimmer,0.39901,"[1986.3, 473.0, 44.62, 38.66]",41.53323006942754,32-64,duplicate,0.5981916785240173,swimmer,FP
1765,1765.jpg,1,swimmer,0.29204,"[2132.28, 158.6, 58.72, 33.86]",44.589900201727296,32-64,localization,0.3818209171295166,swimmer,FP
1765,1765.jpg,1,swimmer,0.21419,"[2045.54, 299.91, 80.96, 60.14]",69.7777500353802,>64,localization,0.14869098365306854,swimmer,FP
1765,1765.jpg,1,swimmer,0.16907,"[2130.11, 157.23, 44.47, 47.5]",45.96003698867093,32-64,localization,0.4690518379211426,swimmer,FP
1765,1765.jpg,1,swimmer,0.14696,"[2049.32, 306.52, 59.22, 68.68]",63.77483516246828,32-64,localization,0.21833044290542603,swimmer,FP
1765,1765.jpg,1,swimmer,0.14134,"[2061.69, 319.66, 66.98, 55.54]",60.99237001461741,32-64,localization,0.23870523273944855,swimmer,FP
1765,1765.jpg,1,swimmer,0.10168,"[1999.63, 473.62, 54.96, 38.11]",45.765987370535335,32-64,localization,0.366425484418869,swimmer,FP
1774,1774.jpg,1,swimmer,0.11558,"[429.56, 3306.32, 55.32, 149.24]",90.86229581074869,>64,background,0.43869882822036743,,FP
1786,1786.jpg,1,swimmer,0.46589,"[1479.23, 3840.88, 40.38, 34.72]",37.44320499102608,32-64,localization,0.4279620051383972,swimmer,FP
1786,1786.jpg,1,swimmer,0.43415,"[1402.67, 3743.62, 38.31, 41.51]",39.87791494047802,32-64,localization,0.16035234928131104,swimmer,FP
1786,1786.jpg,1,swimmer,0.39204,"[1756.25, 3593.2, 38.05, 55.54]",45.97061017650299,32-64,localization,0.13486036658287048,swimmer,FP
1786,1786.jpg,1,swimmer,0.34936,"[1746.94, 3594.15, 48.02, 37.51]",42.44090244092366,32-64,localization,0.15822520852088928,swimmer,FP
1786,1786.jpg,1,swimmer,0.20742,"[1754.4, 3580.48, 38.78, 55.35]",46.33004424776648,32-64,localization,0.13277596235275269,swimmer,FP
1786,1786.jpg,1,swimmer,0.12932,"[1473.39, 3862.26, 39.24, 56.95]",47.27280402091672,32-64,localization,0.3099665939807892,swimmer,FP
1786,1786.jpg,2,boat,0.1051,"[2094.76, 3880.71, 63.41, 99.68]",79.50288548222638,>64,duplicate,0.5729296803474426,boat,FP
1821,1821.jpg,1,swimmer,0.41858,"[1809.04, 5175.42, 41.18, 41.92]",41.548352554583914,32-64,localization,0.1459798663854599,swimmer,FP
1821,1821.jpg,2,boat,0.3061,"[2259.11, 5213.81, 62.04, 112.48]",83.53597548362023,>64,duplicate,0.6806651949882507,boat,FP
1821,1821.jpg,1,swimmer,0.22731,"[1903.38, 5080.53, 37.0, 41.26]",39.07198484848191,32-64,background,0.0,,FP
1821,1821.jpg,1,swimmer,0.15425,"[1980.97, 5002.49, 36.54, 19.34]",26.583521211457295,16-32,background,0.0,,FP
1824,1824.jpg,1,swimmer,0.47083,"[4802.48, 690.4, 31.48, 41.89]",36.31387062817733,32-64,background,0.0,,FP
1824,1824.jpg,1,swimmer,0.41921,"[4641.87, 641.47, 62.05, 49.23]",55.26953500799513,32-64,localization,0.24093849956989288,swimmer,FP
1824,1824.jpg,1,swimmer,0.40958,"[4876.29, 790.45, 46.75, 36.82]",41.48897443900005,32-64,localization,0.2195969969034195,swimmer,FP
1824,1824.jpg,1,swimmer,0.36468,"[4073.81, 463.42, 53.25, 106.03]",75.14051836392932,>64,class_confusion,0.9147759079933167,boat,FP
1824,1824.jpg,1,swimmer,0.36133,"[4664.51, 631.65, 42.35, 40.46]",41.39421457160409,32-64,duplicate,0.6211973428726196,swimmer,FP
1824,1824.jpg,1,swimmer,0.19578,"[4890.72, 791.59, 53.86, 35.63]",43.80675518684305,32-64,localization,0.19697433710098267,swimmer,FP
1824,1824.jpg,1,swimmer,0.1807,"[4920.29, 519.28, 60.64, 37.97]",47.98438079208692,32-64,localization,0.42824870347976685,swimmer,FP
1824,1824.jpg,1,swimmer,0.13356,"[4693.49, 621.32, 55.96, 40.16]",47.406261189847065,32-64,localization,0.12206855416297913,swimmer,FP
1824,1824.jpg,1,swimmer,0.123,"[4057.84, 466.41, 64.22, 102.58]",81.16457108862215,>64,class_confusion,0.6830126047134399,boat,FP
1835,1835.jpg,1,swimmer,0.35263,"[3306.13, 161.17, 25.8, 51.98]",36.62081375392961,32-64,localization,0.47269633412361145,swimmer,FP
1835,1835.jpg,1,swimmer,0.20304,"[2406.46, 2010.52, 22.7, 44.01]",31.60738837677039,16-32,background,0.0,,FP
1835,1835.jpg,1,swimmer,0.14937,"[2386.78, 2011.19, 36.35, 27.51]",31.62259477019557,16-32,background,0.0,,FP
1835,1835.jpg,1,swimmer,0.1462,"[3318.92, 123.15, 57.01, 26.43]",38.817190779344145,32-64,localization,0.32718902826309204,swimmer,FP
1835,1835.jpg,1,swimmer,0.12989,"[3239.26, 88.68, 35.8, 56.25]",44.87482590495477,32-64,localization,0.4528542757034302,swimmer,FP
1845,1845.jpg,1,swimmer,0.40171,"[654.21, 0.0, 37.98, 34.18]",36.029937551985846,32-64,localization,0.4236777722835541,swimmer,FP
1845,1845.jpg,1,swimmer,0.2175,"[758.08, 3716.87, 25.21, 38.06]",30.975677555139935,16-32,background,0.0,,FP
1845,1845.jpg,1,swimmer,0.18966,"[311.6, 1.37, 51.15, 32.83]",40.97870788592534,32-64,background,0.0,,FP
1845,1845.jpg,1,swimmer,0.17709,"[442.63, 170.41, 43.45, 43.06]",43.2545604532054,32-64,localization,0.3319157063961029,swimmer,FP
1845,1845.jpg,1,swimmer,0.16103,"[760.13, 3726.25, 33.01, 26.28]",29.45340048279655,16-32,background,0.0,,FP
1869,1869.jpg,1,swimmer,0.48927,"[647.74, 1830.58, 57.65, 30.91]",42.21328582330449,32-64,background,0.0,,FP
1869,1869.jpg,1,swimmer,0.418,"[732.35, 1963.51, 51.98, 28.72]",38.63761897425875,32-64,localization,0.4935733675956726,swimmer,FP
1869,1869.jpg,1,swimmer,0.35856,"[652.85, 1832.75, 63.37, 30.63]",44.05704370472444,32-64,background,0.0,,FP
1869,1869.jpg,1,swimmer,0.15396,"[715.85, 1963.8, 43.09, 33.68]",38.09555354631299,32-64,localization,0.3398473262786865,swimmer,FP
1869,1869.jpg,1,swimmer,0.13787,"[1165.72, 1533.83, 35.3, 43.69]",39.2715800547928,32-64,background,0.0,,FP
1871,1871.jpg,1,swimmer,0.4084,"[2282.33, 858.38, 39.32, 45.48]",42.287984108964096,32-64,localization,0.24425147473812103,swimmer,FP
1871,1871.jpg,1,swimmer,0.25309,"[1809.67, 1079.52, 66.22, 28.37]",43.343527775205374,32-64,background,0.0,,FP
1871,1871.jpg,1,swimmer,0.20399,"[2241.3, 1031.46, 43.78, 46.67]",45.201909251711925,32-64,localization,0.2851261496543884,swimmer,FP
1871,1871.jpg,1,swimmer,0.12387,"[2239.74, 1044.49, 45.08, 55.25]",49.906612788286886,32-64,localization,0.24933049082756042,swimmer,FP
1871,1871.jpg,1,swimmer,0.11782,"[2352.86, 954.62, 51.35, 29.6]",38.98666438668484,32-64,localization,0.4968351721763611,swimmer,FP
1880,1880.jpg,1,swimmer,0.33605,"[5090.83, 108.2, 27.52, 33.08]",30.172199124359498,16-32,background,0.0,,FP
1880,1880.jpg,1,swimmer,0.32674,"[3511.29, 144.66, 33.42, 43.89]",38.298874657096654,32-64,localization,0.3119221031665802,swimmer,FP
1880,1880.jpg,1,swimmer,0.31356,"[3542.64, 37.59, 38.09, 39.27]",38.67549999676798,32-64,localization,0.39778193831443787,swimmer,FP
1880,1880.jpg,1,swimmer,0.25648,"[5080.87, 106.58, 42.59, 38.44]",40.46182892554413,32-64,background,0.0,,FP
1900,1900.jpg,1,swimmer,0.30887,"[3165.62, 4707.49, 48.38, 35.12]",41.22020863605617,32-64,localization,0.47652214765548706,swimmer,FP
1900,1900.jpg,1,swimmer,0.15702,"[3111.0, 4797.29, 37.9, 45.04]",41.31605015003249,32-64,duplicate,0.6022449135780334,swimmer,FP
1900,1900.jpg,1,swimmer,0.11859,"[3213.41, 5264.7, 35.91, 22.82]",28.626320056898685,16-32,background,0.0,,FP
1900,1900.jpg,1,swimmer,0.11764,"[3145.47, 4702.32, 46.29, 41.41]",43.782061395050825,32-64,localization,0.436064749956131,swimmer,FP
1908,1908.jpg,1,swimmer,0.44044,"[901.73, 1694.22, 30.38, 26.06]",28.137213792413775,16-32,localization,0.28366386890411377,swimmer,FP
1908,1908.jpg,1,swimmer,0.42768,"[963.32, 2199.82, 43.6, 32.69]",37.752933660842835,32-64,localization,0.475857675075531,swimmer,FP
1908,1908.jpg,1,swimmer,0.25429,"[1092.6, 1779.28, 26.2, 28.36]",27.258613317628612,16-32,localization,0.4216747283935547,swimmer,FP
1908,1908.jpg,1,swimmer,0.2216,"[983.63, 1661.45, 47.9, 20.98]",31.70082017866415,16-32,localization,0.34443265199661255,swimmer,FP
1908,1908.jpg,1,swimmer,0.18179,"[894.56, 1670.84, 37.06, 46.93]",41.704026184530434,32-64,localization,0.284624844789505,swimmer,FP
1910,1910.jpg,1,swimmer,0.29432,"[1859.8, 1781.66, 27.35, 40.62]",33.331021586504065,32-64,background,0.0,,FP
1910,1910.jpg,1,swimmer,0.16784,"[2287.48, 1885.6, 65.52, 32.66]",46.258871581568,32-64,duplicate,0.5073258280754089,swimmer,FP
1911,1911.jpg,1,swimmer,0.20543,"[1943.3, 1429.28, 40.78, 33.76]",37.10435014927495,32-64,background,0.0,,FP
1931,1931.jpg,1,swimmer,0.3108,"[2011.89, 962.01, 54.46, 26.02]",37.64371395067176,32-64,duplicate,0.5491216778755188,swimmer,FP
1931,1931.jpg,1,swimmer,0.21589,"[2643.46, 826.85, 50.47, 32.98]",40.79829163090043,32-64,localization,0.44239816069602966,swimmer,FP
1931,1931.jpg,1,swimmer,0.19424,"[2769.03, 2287.67, 27.54, 25.46]",26.479584588886585,16-32,background,0.0,,FP
1931,1931.jpg,1,swimmer,0.14506,"[2557.46, 758.71, 50.12, 47.26]",48.668996291273565,32-64,localization,0.3154394328594208,swimmer,FP
1931,1931.jpg,1,swimmer,0.13157,"[2537.28, 962.99, 30.55, 38.33]",34.219606952739824,32-64,localization,0.25107142329216003,swimmer,FP
1944,1944.jpg,2,boat,0.23382,"[2872.36, 953.67, 69.28, 68.27]",68.77314592193672,>64,duplicate,0.5929704308509827,boat,FP
1944,1944.jpg,1,swimmer,0.14485,"[2565.69, 1702.25, 39.43, 29.72]",34.232434911936956,32-64,duplicate,0.7234312891960144,swimmer,FP
1959,1959.jpg,1,swimmer,0.51574,"[2147.97, 3177.28, 36.73, 51.59]",43.53045715358385,32-64,localization,0.21900449693202972,swimmer,FP
1959,1959.jpg,1,swimmer,0.36448,"[2412.7, 3180.26, 25.55, 33.77]",29.3738574245876,16-32,background,0.0,,FP
1959,1959.jpg,1,swimmer,0.10334,"[2758.11, 3168.61, 40.76, 45.87]",43.23957909138339,32-64,localization,0.22201064229011536,swimmer,FP
1975,1975.jpg,1,swimmer,0.43657,"[1239.86, 349.0, 29.91, 26.08]",27.92942534317525,16-32,background,0.0,,FP
1975,1975.jpg,1,swimmer,0.40725,"[2762.04, 335.38, 43.43, 29.48]",35.781509191200975,32-64,background,0.0,,FP
1975,1975.jpg,1,swimmer,0.3696,"[2884.94, 212.87, 30.7, 35.94]",33.21683308203839,32-64,localization,0.38694217801094055,swimmer,FP
1975,1975.jpg,1,swimmer,0.26399,"[2326.96, 298.75, 27.54, 50.85]",37.42203896101868,32-64,localization,0.35989484190940857,swimmer,FP
1990,1990.jpg,1,swimmer,0.13384,"[3785.09, 2428.13, 52.37, 35.62]",43.19050127053401,32-64,localization,0.47798070311546326,swimmer,FP
1990,1990.jpg,1,swimmer,0.11853,"[4088.28, 2373.74, 37.93, 22.92]",29.484836780962517,16-32,background,0.0,,FP
2005,2005.jpg,1,swimmer,0.34515,"[1500.68, 2489.25, 28.03, 43.53]",34.930586883131525,32-64,localization,0.4865845739841461,swimmer,FP
2018,2018.jpg,1,swimmer,0.29007,"[3451.7, 2667.94, 35.58, 26.72]",30.833384504462042,16-32,localization,0.48595893383026123,swimmer,FP
2018,2018.jpg,1,swimmer,0.204,"[3502.34, 2547.98, 52.9, 28.3]",38.69198883489966,32-64,localization,0.26186126470565796,swimmer,FP
2035,2035.jpg,2,boat,0.40378,"[4044.68, 1918.11, 89.25, 52.5]",68.45162525462781,>64,duplicate,0.6014539003372192,boat,FP
2035,2035.jpg,1,swimmer,0.19042,"[4552.08, 1881.84, 19.48, 25.8]",22.418385312060277,16-32,localization,0.4016864001750946,swimmer,FP
2049,2049.jpg,1,swimmer,0.33317,"[2041.11, 2151.21, 39.27, 39.75]",39.509271063890814,32-64,localization,0.4538828730583191,swimmer,FP
2049,2049.jpg,1,swimmer,0.28646,"[1984.19, 2072.16, 32.15, 51.01]",40.49656158243561,32-64,localization,0.3111315369606018,swimmer,FP
2049,2049.jpg,1,swimmer,0.14852,"[1987.26, 2054.48, 29.73, 57.25]",41.255817771557986,32-64,localization,0.3098304271697998,swimmer,FP
2058,2058.jpg,1,swimmer,0.34988,"[2868.92, 1694.82, 30.65, 23.76]",26.98599636848712,16-32,localization,0.3268135190010071,swimmer,FP
2058,2058.jpg,1,swimmer,0.24116,"[2887.8, 1773.58, 38.0, 27.54]",32.34996136010057,32-64,localization,0.31156882643699646,swimmer,FP
2060,2060.jpg,1,swimmer,0.40108,"[2814.13, 1098.8, 24.93, 26.05]",25.483847825632612,16-32,localization,0.4450080096721649,swimmer,FP
2060,2060.jpg,1,swimmer,0.11795,"[2829.37, 1166.97, 41.25, 36.73]",38.92444604615459,32-64,localization,0.2499345988035202,swimmer,FP
2070,2070.jpg,1,swimmer,0.37439,"[1171.21, 3034.23, 28.14, 43.32]",34.91453565493891,32-64,localization,0.4011605978012085,swimmer,FP
2070,2070.jpg,1,swimmer,0.16913,"[1179.51, 2932.26, 34.26, 31.41]",32.804063772648654,32-64,localization,0.4294024407863617,swimmer,FP
2077,2077.jpg,2,boat,0.24897,"[592.9, 0.0, 55.35, 21.97]",34.871757913819025,32-64,background,0.0,,FP
2077,2077.jpg,1,swimmer,0.2183,"[494.46, 47.65, 48.98, 49.01]",48.994997703847275,32-64,background,0.0,,FP
2078,2078.jpg,1,swimmer,0.40701,"[2199.9, 2515.07, 24.57, 30.99]",27.59391780809677,16-32,localization,0.4461963176727295,swimmer,FP
2078,2078.jpg,1,swimmer,0.34761,"[2148.24, 2463.52, 44.21, 28.49]",35.49003944770983,32-64,localization,0.450163334608078,swimmer,FP
2078,2078.jpg,1,swimmer,0.19993,"[2109.25, 2598.79, 41.27, 44.03]",42.62766824493219,32-64,localization,0.4721762239933014,swimmer,FP
2094,2094.jpg,1,swimmer,0.1787,"[2191.57, 2836.19, 34.63, 42.73]",38.467387486025096,32-64,background,0.0,,FP
2109,2109.jpg,2,boat,0.62294,"[4509.29, 467.4, 119.18, 114.2]",116.66343043130526,>64,localization,0.3976384103298187,boat,FP
2109,2109.jpg,2,boat,0.11955,"[4267.57, 519.83, 103.01, 60.53]",78.96325284586496,>64,duplicate,0.542996346950531,boat,FP
2110,2110.jpg,2,boat,0.39286,"[4468.48, 213.12, 136.29, 80.8]",104.93918238675198,>64,localization,0.37076830863952637,boat,FP
2110,2110.jpg,2,boat,0.28849,"[4523.01, 238.55, 82.61, 53.11]",66.2375807227287,>64,duplicate,0.7668657302856445,boat,FP
2110,2110.jpg,2,boat,0.19686,"[4452.68, 186.31, 140.11, 101.99]",119.54003053370866,>64,localization,0.3411162793636322,boat,FP
2114,2114.jpg,2,boat,0.7911,"[1889.58, 3251.74, 113.62, 84.74]",98.12318176659376,>64,localization,0.467690646648407,boat,FP
2114,2114.jpg,2,boat,0.43168,"[1895.77, 3267.46, 132.83, 85.76]",106.73097394852162,>64,localization,0.3278805613517761,boat,FP
2160,2160.jpg,2,boat,0.11492,"[2698.52, 2210.67, 63.72, 100.97]",80.21102417997167,>64,localization,0.47456109523773193,boat,FP
2185,2185.jpg,1,swimmer,0.40259,"[1166.82, 2898.39, 27.3, 40.36]",33.193794600798505,32-64,localization,0.2638184428215027,swimmer,FP
2185,2185.jpg,1,swimmer,0.35654,"[963.27, 2881.69, 32.43, 24.5]",28.187497228381236,16-32,background,0.0,,FP
2185,2185.jpg,1,swimmer,0.22737,"[1170.31, 2908.66, 32.0, 30.0]",30.983866769659336,16-32,localization,0.35208332538604736,swimmer,FP
2185,2185.jpg,2,boat,0.14051,"[1064.02, 3110.65, 90.11, 60.66]",73.9328925445231,>64,duplicate,0.6750733852386475,boat,FP
2198,2198.jpg,2,boat,0.18285,"[3097.13, 2394.53, 37.83, 74.77]",53.1841057083787,32-64,duplicate,0.7699517607688904,boat,FP
2198,2198.jpg,1,swimmer,0.16518,"[3307.46, 2395.38, 27.33, 28.62]",27.967563354715047,16-32,localization,0.4832618832588196,swimmer,FP
2198,2198.jpg,1,swimmer,0.15087,"[3203.71, 2416.26, 35.85, 47.48]",41.25721755038747,32-64,localization,0.23499581217765808,swimmer,FP
2198,2198.jpg,1,swimmer,0.13795,"[3195.33, 2412.57, 30.47, 42.78]",36.10410779952885,32-64,localization,0.30286750197410583,swimmer,FP
2198,2198.jpg,1,swimmer,0.12085,"[3374.14, 2429.97, 18.64, 34.08]",25.204190127833904,16-32,background,0.0,,FP
2211,2211.jpg,1,swimmer,0.18666,"[2055.02, 2429.1, 29.89, 37.28]",33.38112041259251,32-64,background,0.0,,FP
2228,2228.jpg,1,swimmer,0.43722,"[4203.42, 1004.16, 59.27, 40.87]",49.2175263498685,32-64,localization,0.29434049129486084,swimmer,FP
2228,2228.jpg,1,swimmer,0.41513,"[4183.7, 1008.51, 71.59, 43.29]",55.66984012910402,32-64,localization,0.2300644814968109,swimmer,FP
2231,2231.jpg,1,swimmer,0.4066,"[3840.1, 280.97, 50.89, 37.06]",43.427910380307274,32-64,background,0.20148639380931854,,FP
2234,2234.jpg,1,swimmer,0.58365,"[1162.85, 3131.63, 31.84, 41.25]",36.24086091692635,32-64,localization,0.27181360125541687,swimmer,FP
2241,2241.jpg,1,swimmer,0.54793,"[969.95, 553.61, 39.16, 43.08]",41.07326137525482,32-64,localization,0.1780700534582138,swimmer,FP
2241,2241.jpg,2,boat,0.17574,"[1059.48, 523.48, 65.86, 76.37]",70.92057670380296,>64,duplicate,0.711251974105835,boat,FP
2276,2276.jpg,1,swimmer,0.1283,"[973.46, 2522.4, 23.39, 13.15]",17.537916067765863,16-32,background,0.0,,FP
2286,2286.jpg,2,boat,0.24073,"[4695.78, 3350.27, 81.52, 46.19]",61.36292691845786,32-64,duplicate,0.5927470922470093,boat,FP
2360,2360.jpg,1,swimmer,0.47269,"[2620.4, 338.08, 26.25, 24.52]",25.370258177637847,16-32,localization,0.2392604649066925,swimmer,FP
2360,2360.jpg,1,swimmer,0.33731,"[2692.98, 349.24, 22.35, 35.93]",28.337881007584176,16-32,localization,0.4445813298225403,swimmer,FP
2364,2364.jpg,1,swimmer,0.51585,"[964.63, 3343.26, 30.21, 22.74]",26.210215565691175,16-32,localization,0.27220773696899414,swimmer,FP
2364,2364.jpg,1,swimmer,0.294,"[879.51, 3374.76, 41.21, 43.79]",42.48041784163616,32-64,localization,0.2852504551410675,swimmer,FP
2366,2366.jpg,1,swimmer,0.41552,"[1056.88, 2787.06, 35.52, 25.75]",30.24301572264248,16-32,localization,0.26021167635917664,swimmer,FP
2366,2366.jpg,1,swimmer,0.25258,"[973.87, 2828.17, 23.58, 44.77]",32.491177263989684,32-64,localization,0.3419607877731323,swimmer,FP
2366,2366.jpg,1,swimmer,0.11457,"[970.05, 2804.59, 25.3, 49.67]",35.449273617381785,32-64,localization,0.2747432291507721,swimmer,FP
2371,2371.jpg,1,swimmer,0.34701,"[2026.37, 1261.67, 28.71, 35.19]",31.785293769288966,16-32,localization,0.37580010294914246,swimmer,FP
2371,2371.jpg,1,swimmer,0.26801,"[2020.22, 1269.24, 38.82, 28.14]",33.051396339640476,32-64,localization,0.417431503534317,swimmer,FP
2378,2378.jpg,1,swimmer,0.38868,"[4398.89, 1567.63, 41.52, 21.75]",30.05095672353877,16-32,background,0.38574671745300293,,FP
2378,2378.jpg,2,boat,0.37225,"[4194.29, 1383.55, 58.7, 76.06]",66.81857526167406,>64,duplicate,0.7558749318122864,boat,FP
2382,2382.jpg,1,swimmer,0.19582,"[4194.1, 438.88, 30.86, 47.05]",38.10463226433237,32-64,localization,0.4476698338985443,swimmer,FP
2390,2390.jpg,2,boat,0.25394,"[3697.96, 2823.01, 53.45, 80.48]",65.58701090917317,>64,duplicate,0.6753905415534973,boat,FP
2453,2453.jpg,2,boat,0.3192,"[3716.9, 3021.65, 54.37, 63.33]",58.6792305675526,32-64,duplicate,0.7156636118888855,boat,FP
2453,2453.jpg,2,boat,0.31541,"[3785.08, 2824.61, 60.66, 60.36]",60.509814080031674,32-64,duplicate,0.5850217938423157,boat,FP
2453,2453.jpg,1,swimmer,0.10017,"[4194.29, 2259.03, 46.13, 31.81]",38.306596037758304,32-64,localization,0.44296178221702576,swimmer,FP
2486,2486.jpg,1,swimmer,0.24331,"[1848.7, 3145.72, 27.25, 47.09]",35.821815978534644,32-64,background,0.0,,FP
2486,2486.jpg,1,swimmer,0.11288,"[1851.63, 3162.67, 24.45, 51.26]",35.402076210301566,32-64,background,0.0,,FP
2488,2488.jpg,1,swimmer,0.35445,"[2396.37, 2634.57, 25.44, 33.79]",29.31923600641736,16-32,background,0.0,,FP
2488,2488.jpg,1,swimmer,0.21758,"[2966.64, 2259.12, 31.82, 44.23]",37.515311540756265,32-64,localization,0.4749458134174347,swimmer,FP
2497,2497.jpg,2,boat,0.72576,"[1712.22, 5192.39, 222.37, 141.36]",177.29699151423864,>64,background,0.0,,FP
2507,2507.jpg,1,swimmer,0.25585,"[238.59, 2530.34, 63.92, 87.11]",74.61950951326335,>64,duplicate,0.738847553730011,swimmer,FP
2551,2551.jpg,1,swimmer,0.24207,"[2610.65, 5416.15, 62.75, 36.88]",48.10634053843631,32-64,background,0.0,,FP
2583,2583.jpg,1,swimmer,0.18822,"[5398.79, 3030.58, 49.49, 68.0]",58.01137819428185,32-64,duplicate,0.529217541217804,swimmer,FP
2583,2583.jpg,1,swimmer,0.18646,"[5385.33, 3101.9, 59.06, 47.73]",53.09363238656778,32-64,duplicate,0.5804955363273621,swimmer,FP
2583,2583.jpg,1,swimmer,0.12106,"[5325.39, 2837.87, 85.26, 70.54]",77.55153383396102,>64,duplicate,0.6370344758033752,swimmer,FP
2610,2610.jpg,1,swimmer,0.33716,"[2148.3, 991.77, 48.48, 39.94]",44.00330896648569,32-64,localization,0.4043813645839691,swimmer,FP
2610,2610.jpg,1,swimmer,0.28631,"[1875.44, 1062.8, 58.35, 56.08]",57.20374113639772,32-64,duplicate,0.5676318407058716,swimmer,FP
2610,2610.jpg,1,swimmer,0.24408,"[2165.4, 992.0, 51.12, 39.71]",45.05524608744247,32-64,localization,0.37784743309020996,swimmer,FP
2610,2610.jpg,1,swimmer,0.17837,"[2080.02, 1535.94, 65.58, 47.15]",55.606627302867416,32-64,duplicate,0.651408851146698,swimmer,FP
2636,2636.jpg,1,swimmer,0.62357,"[2309.49, 4098.06, 44.89, 43.76]",44.321398894890486,32-64,localization,0.34941497445106506,swimmer,FP
2636,2636.jpg,1,swimmer,0.55714,"[2448.12, 3975.97, 49.13, 49.81]",49.468831601322464,32-64,localization,0.45775818824768066,swimmer,FP
2636,2636.jpg,1,swimmer,0.46837,"[2494.31, 3676.16, 47.63, 41.81]",44.62522044763477,32-64,localization,0.35967832803726196,swimmer,FP
2636,2636.jpg,1,swimmer,0.21816,"[2327.01, 3921.45, 65.53, 54.03]",59.502822622124405,32-64,duplicate,0.5330291986465454,swimmer,FP
2636,2636.jpg,1,swimmer,0.17164,"[2327.02, 3932.54, 63.35, 57.18]",60.185986741101125,32-64,duplicate,0.648253858089447,swimmer,FP
2636,2636.jpg,1,swimmer,0.14646,"[2561.53, 3925.83, 70.69, 63.97]",67.24610992466404,>64,localization,0.4117611050605774,swimmer,FP
2642,2642.jpg,2,boat,0.17458,"[4053.51, 3399.01, 589.21, 232.99]",370.51320880637985,>64,duplicate,0.8157048225402832,boat,FP
2655,2655.jpg,1,swimmer,0.2739,"[988.07, 8.39, 50.94, 55.93]",53.37671964442926,32-64,localization,0.42996421456336975,swimmer,FP
2655,2655.jpg,1,swimmer,0.2737,"[1280.71, 192.87, 49.3, 45.33]",47.273343440040286,32-64,localization,0.47611182928085327,swimmer,FP
2655,2655.jpg,1,swimmer,0.23152,"[988.53, 16.15, 51.05, 60.61]",55.62499887640448,32-64,localization,0.3959096074104309,swimmer,FP
2655,2655.jpg,1,swimmer,0.17569,"[1279.11, 199.54, 38.04, 48.3]",42.86411086211867,32-64,localization,0.43598175048828125,swimmer,FP
2655,2655.jpg,1,swimmer,0.16579,"[884.74, 677.01, 40.06, 34.35]",37.0952961977661,32-64,background,0.0,,FP
2655,2655.jpg,1,swimmer,0.15321,"[1205.9, 726.61, 55.86, 43.67]",49.39034521037487,32-64,localization,0.4075756072998047,swimmer,FP
2684,2684.jpg,2,boat,0.75686,"[1894.44, 4633.01, 496.66, 377.49]",432.9944380705138,>64,localization,0.4833008646965027,boat,FP
2716,2716.jpg,1,swimmer,0.51892,"[3221.12, 3418.47, 31.86, 47.65]",38.96317492196959,32-64,localization,0.46003156900405884,swimmer,FP
2716,2716.jpg,1,swimmer,0.24875,"[2719.38, 3578.32, 43.02, 44.93]",43.964628964657486,32-64,localization,0.47628054022789,swimmer,FP
2716,2716.jpg,1,swimmer,0.16947,"[2692.46, 3573.46, 55.51, 50.05]",52.70934926557147,32-64,localization,0.317146897315979,swimmer,FP
2716,2716.jpg,1,swimmer,0.16942,"[2688.49, 3553.91, 53.19, 61.29]",57.09654192681024,32-64,localization,0.2065580040216446,swimmer,FP
2716,2716.jpg,1,swimmer,0.14612,"[2795.94, 3520.58, 35.21, 39.86]",37.46292300395152,32-64,duplicate,0.7428069114685059,swimmer,FP
2716,2716.jpg,1,swimmer,0.13157,"[3224.28, 3426.36, 33.26, 60.38]",44.81337746700197,32-64,localization,0.45554229617118835,swimmer,FP
2718,2718.jpg,1,swimmer,0.56067,"[2825.11, 2828.08, 45.72, 44.98]",45.34849060332659,32-64,localization,0.44931021332740784,swimmer,FP
2718,2718.jpg,1,swimmer,0.54448,"[2795.32, 2939.32, 42.09, 34.82]",38.28281337623974,32-64,localization,0.44981035590171814,swimmer,FP
2718,2718.jpg,1,swimmer,0.45706,"[2693.88, 2845.6, 49.71, 30.68]",39.052564576478204,32-64,localization,0.23670536279678345,swimmer,FP
2718,2718.jpg,1,swimmer,0.41402,"[2514.77, 2395.47, 49.17, 58.77]",53.75612430225974,32-64,duplicate,0.6924059987068176,swimmer,FP
2718,2718.jpg,4,life_saving_appliances,0.28342,"[2614.22, 2383.7, 31.54, 28.67]",30.070779836911445,16-32,class_confusion,0.7121423482894897,swimmer,FP
2718,2718.jpg,1,swimmer,0.27823,"[2966.54, 2364.18, 48.29, 37.91]",42.78637516780312,32-64,localization,0.35264700651168823,swimmer,FP
2718,2718.jpg,1,swimmer,0.25344,"[2647.23, 2472.9, 48.12, 59.25]",53.395786350610095,32-64,duplicate,0.6463326215744019,swimmer,FP
2718,2718.jpg,1,swimmer,0.23856,"[2708.98, 2845.74, 53.22, 28.66]",39.054899820637104,32-64,localization,0.22750118374824524,swimmer,FP
2718,2718.jpg,1,swimmer,0.14646,"[2886.94, 2804.19, 36.66, 37.01]",36.83458429248252,32-64,localization,0.3202420771121979,swimmer,FP
2718,2718.jpg,1,swimmer,0.14622,"[2985.09, 2366.98, 49.87, 32.52]",40.271235392026405,32-64,localization,0.32836100459098816,swimmer,FP
2749,2749.jpg,1,swimmer,0.3783,"[2195.98, 963.31, 46.61, 40.56]",43.47989880393008,32-64,localization,0.30468103289604187,swimmer,FP
2749,2749.jpg,1,swimmer,0.34516,"[1669.85, 1596.15, 56.2, 49.2]",52.58364764829462,32-64,duplicate,0.8978610634803772,swimmer,FP
2749,2749.jpg,1,swimmer,0.30729,"[1901.56, 963.05, 42.25, 39.75]",40.9809406919851,32-64,background,0.3450431227684021,,FP
2749,2749.jpg,1,swimmer,0.22441,"[1667.3, 1577.1, 52.63, 51.67]",52.14779094074839,32-64,localization,0.42767471075057983,swimmer,FP
2749,2749.jpg,1,swimmer,0.20368,"[2323.67, 1528.59, 31.09, 48.57]",38.859249864092845,32-64,localization,0.4370741546154022,swimmer,FP
2749,2749.jpg,1,swimmer,0.19164,"[2230.2, 1569.2, 22.73, 42.12]",30.941680626624017,16-32,localization,0.4567450284957886,swimmer,FP
2749,2749.jpg,1,swimmer,0.15901,"[1838.25, 1608.39, 32.89, 33.85]",33.36654761883525,32-64,background,0.0,,FP
2749,2749.jpg,1,swimmer,0.13463,"[2323.01, 1508.88, 30.97, 51.0]",39.7425464710051,32-64,localization,0.4154958724975586,swimmer,FP
2749,2749.jpg,1,swimmer,0.1344,"[1695.37, 1688.0, 43.97, 26.5]",34.135099238174185,32-64,background,0.42910900712013245,,FP
2749,2749.jpg,1,swimmer,0.13257,"[1677.46, 1600.9, 61.74, 44.52]",52.42771023037341,32-64,duplicate,0.646862804889679,swimmer,FP
2754,2754.jpg,1,swimmer,0.29715,"[3710.07, 2663.27, 28.84, 44.83]",35.95687973114463,32-64,localization,0.20956487953662872,swimmer,FP
2754,2754.jpg,1,swimmer,0.22072,"[4491.41, 2940.55, 43.93, 30.21]",36.429730989948304,32-64,localization,0.3955919146537781,swimmer,FP
2754,2754.jpg,1,swimmer,0.21192,"[4152.44, 3031.13, 41.98, 46.46]",44.16322904861011,32-64,localization,0.20303624868392944,swimmer,FP
2754,2754.jpg,1,swimmer,0.19989,"[3981.25, 2461.28, 30.47, 30.26]",30.364818458209164,16-32,localization,0.3736375570297241,swimmer,FP
2754,2754.jpg,1,swimmer,0.15445,"[4057.77, 2425.09, 47.66, 38.85]",43.03011735982136,32-64,localization,0.30622315406799316,swimmer,FP
2754,2754.jpg,1,swimmer,0.12648,"[4069.51, 2425.57, 56.65, 38.29]",46.5739036371228,32-64,localization,0.26139527559280396,swimmer,FP
2759,2759.jpg,1,swimmer,0.46958,"[4159.45, 4.36, 35.28, 30.72]",32.921142143005916,32-64,localization,0.29073652625083923,swimmer,FP
2759,2759.jpg,5,buoy,0.46802,"[2260.91, 1235.66, 63.5, 64.36]",63.92855387070789,32-64,duplicate,0.8035298585891724,buoy,FP
2759,2759.jpg,1,swimmer,0.3706,"[4072.39, 54.95, 57.61, 49.52]",53.41205107464045,32-64,localization,0.3067111372947693,swimmer,FP
2759,2759.jpg,1,swimmer,0.36306,"[4057.29, 50.78, 54.2, 38.45]",45.65073931493334,32-64,localization,0.34301745891571045,swimmer,FP
2759,2759.jpg,1,swimmer,0.30199,"[3784.93, 102.04, 54.62, 42.96]",48.44042939528922,32-64,localization,0.2557027041912079,swimmer,FP
2759,2759.jpg,1,swimmer,0.29593,"[3799.96, 102.51, 53.37, 42.45]",47.5978623469584,32-64,localization,0.2648355960845947,swimmer,FP
2759,2759.jpg,1,swimmer,0.12356,"[3497.63, 3600.44, 30.15, 23.8]",26.787497083527605,16-32,background,0.0,,FP
2759,2759.jpg,5,buoy,0.11016,"[2214.94, 1227.02, 70.26, 56.64]",63.08348753834081,32-64,localization,0.11707384139299393,buoy,FP
2781,2781.jpg,1,swimmer,0.34105,"[2086.24, 263.88, 37.42, 43.06]",40.141066253900135,32-64,localization,0.32708030939102173,swimmer,FP
2781,2781.jpg,1,swimmer,0.3176,"[1692.63, 133.53, 36.81, 39.09]",37.93287360588439,32-64,localization,0.40967947244644165,swimmer,FP
2781,2781.jpg,1,swimmer,0.27603,"[1835.66, 102.26, 34.45, 50.69]",41.788401500894956,32-64,background,0.0,,FP
2781,2781.jpg,1,swimmer,0.20003,"[2531.88, 170.12, 55.38, 41.94]",48.19374648229789,32-64,localization,0.2770635187625885,swimmer,FP
2781,2781.jpg,1,swimmer,0.17807,"[2558.17, 170.0, 42.05, 40.83]",41.43551013321786,32-64,localization,0.43879884481430054,swimmer,FP
2781,2781.jpg,1,swimmer,0.16176,"[2599.18, 61.72, 37.11, 41.81]",39.389961919250446,32-64,localization,0.2959156930446625,swimmer,FP
2781,2781.jpg,1,swimmer,0.15907,"[2325.29, 185.37, 28.09, 53.35]",38.71177469452931,32-64,localization,0.3510853350162506,swimmer,FP
2781,2781.jpg,1,swimmer,0.12639,"[2559.14, 182.96, 41.26, 55.92]",48.033938002208394,32-64,localization,0.2663484215736389,swimmer,FP
2781,2781.jpg,1,swimmer,0.10509,"[1833.34, 112.9, 38.51, 57.62]",47.105691800460804,32-64,background,0.0,,FP
2782,2782.jpg,1,swimmer,0.30135,"[2827.06, 291.35, 34.92, 50.05]",41.80605219343247,32-64,background,0.0,,FP
2782,2782.jpg,1,swimmer,0.29339,"[2618.28, 19.27, 50.7, 62.99]",56.51188370599586,32-64,localization,0.24517838656902313,swimmer,FP
2782,2782.jpg,1,swimmer,0.28376,"[3407.84, 230.9, 45.08, 39.1]",41.983663489505055,32-64,localization,0.31770744919776917,swimmer,FP
2782,2782.jpg,1,swimmer,0.20847,"[3440.42, 294.82, 49.39, 51.66]",50.51224999938134,32-64,localization,0.29629775881767273,swimmer,FP
2782,2782.jpg,1,swimmer,0.14301,"[2599.4, 11.88, 58.07, 59.49]",58.77571182044502,32-64,localization,0.22665533423423767,swimmer,FP
2885,2885.jpg,1,swimmer,0.43018,"[4358.26, 261.81, 40.7, 26.29]",32.710900323898144,32-64,localization,0.37289613485336304,swimmer,FP
2885,2885.jpg,1,swimmer,0.40317,"[4925.56, 144.21, 31.48, 36.23]",33.77159161188587,32-64,localization,0.3472099304199219,swimmer,FP
2885,2885.jpg,1,swimmer,0.37734,"[5060.04, 231.12, 32.05, 50.22]",40.11920986260821,32-64,localization,0.2518916726112366,swimmer,FP
2885,2885.jpg,1,swimmer,0.36384,"[4446.55, 170.55, 33.75, 42.68]",37.953260729481464,32-64,localization,0.3018108606338501,swimmer,FP
2885,2885.jpg,1,swimmer,0.34234,"[4831.47, 110.41, 31.32, 34.98]",33.09945014649035,32-64,localization,0.3833608329296112,swimmer,FP
2885,2885.jpg,5,buoy,0.33932,"[3239.49, 747.98, 60.01, 47.78]",53.54696816814188,32-64,duplicate,0.6557477116584778,buoy,FP
2885,2885.jpg,1,swimmer,0.32525,"[4642.95, 321.24, 36.68, 29.37]",32.82212058962675,32-64,background,0.24355866014957428,,FP
2885,2885.jpg,1,swimmer,0.30453,"[3982.96, 99.03, 41.03, 30.94]",35.62959724723253,32-64,background,0.0,,FP
2885,2885.jpg,4,life_saving_appliances,0.30432,"[4924.97, 309.72, 32.6, 39.81]",36.02507460089431,32-64,background,0.4045288562774658,,FP
2885,2885.jpg,1,swimmer,0.26199,"[4705.55, 349.36, 36.55, 42.16]",39.254910520850764,32-64,localization,0.46083152294158936,swimmer,FP
2885,2885.jpg,1,swimmer,0.22703,"[4875.58, 8.42, 29.51, 39.96]",34.33976703473686,32-64,background,0.0,,FP
2885,2885.jpg,1,swimmer,0.22067,"[5060.68, 232.32, 54.46, 32.86]",42.30313936340895,32-64,localization,0.4068048894405365,swimmer,FP
2885,2885.jpg,1,swimmer,0.22017,"[4830.08, 118.4, 46.28, 26.73]",35.17192630493815,32-64,localization,0.33951348066329956,swimmer,FP
2885,2885.jpg,1,swimmer,0.20309,"[4808.09, 117.51, 53.11, 27.7]",38.355534150888836,32-64,localization,0.2854914963245392,swimmer,FP
2885,2885.jpg,1,swimmer,0.17494,"[3982.23, 97.1, 28.0, 47.85]",36.60327854168257,32-64,background,0.0,,FP
2885,2885.jpg,1,swimmer,0.16842,"[3981.76, 76.72, 29.06, 53.62]",39.47400663727967,32-64,background,0.0,,FP
2885,2885.jpg,1,swimmer,0.16374,"[4687.38, 861.29, 53.78, 33.87]",42.679369723556135,32-64,background,0.0,,FP
2885,2885.jpg,1,swimmer,0.15409,"[3418.0, 281.32, 27.1, 49.96]",36.795597562751986,32-64,background,0.0,,FP
2885,2885.jpg,1,swimmer,0.12966,"[4707.54, 360.1, 36.28, 57.65]",45.733379494631706,32-64,localization,0.38528239727020264,swimmer,FP
2885,2885.jpg,1,swimmer,0.1215,"[5058.06, 213.1, 32.26, 50.59]",40.398433137932464,32-64,localization,0.20588481426239014,swimmer,FP
2885,2885.jpg,1,swimmer,0.1142,"[4330.69, 263.48, 57.81, 27.25]",39.69033257608205,32-64,localization,0.25328147411346436,swimmer,FP
2885,2885.jpg,1,swimmer,0.11122,"[3821.29, 124.25, 36.58, 34.97]",35.76594190008142,32-64,background,0.0,,FP
2885,2885.jpg,1,swimmer,0.11062,"[3418.06, 300.98, 27.01, 48.55]",36.2123666721743,32-64,background,0.0,,FP
2885,2885.jpg,1,swimmer,0.10669,"[4820.95, 364.44, 35.61, 33.32]",34.44597509143848,32-64,background,0.0,,FP
2887,2887.jpg,3,jetski,0.58913,"[5195.93, 3522.09, 56.2, 44.14]",49.80630482177934,32-64,class_confusion,0.824740469455719,buoy,FP
2890,2890.jpg,1,swimmer,0.3344,"[330.53, 2913.14, 44.59, 29.3]",36.14535931485535,32-64,background,0.3333204984664917,,FP
2890,2890.jpg,1,swimmer,0.18205,"[306.88, 2900.24, 52.94, 41.68]",46.9738139818346,32-64,localization,0.2814759910106659,swimmer,FP
2894,2894.jpg,3,jetski,0.30375,"[1335.04, 10.23, 68.1, 66.68]",67.38625972703932,>64,class_confusion,0.5442367792129517,buoy,FP
2894,2894.jpg,3,jetski,0.27308,"[1328.73, 7.37, 67.84, 60.54]",64.08614202774262,>64,class_confusion,0.7689042091369629,buoy,FP
2894,2894.jpg,1,swimmer,0.14335,"[589.92, 733.23, 59.26, 55.71]",57.45758957700888,32-64,localization,0.14524659514427185,swimmer,FP
2894,2894.jpg,1,swimmer,0.13776,"[579.16, 735.89, 62.46, 52.18]",57.08907776449012,32-64,localization,0.1276073008775711,swimmer,FP
2898,2898.jpg,1,swimmer,0.25639,"[1641.54, 5412.75, 77.63, 39.82]",55.59880034677007,32-64,background,0.23558010160923004,,FP
2931,2931.jpg,3,jetski,0.59143,"[2397.55, 2943.95, 198.71, 84.02]",129.21150954926577,>64,class_confusion,0.6840991377830505,boat,FP
2931,2931.jpg,1,swimmer,0.53262,"[2039.13, 2586.28, 45.18, 55.06]",49.87595412621196,32-64,localization,0.44153669476509094,swimmer,FP
2931,2931.jpg,1,swimmer,0.4949,"[2175.47, 2512.85, 53.08, 50.31]",51.67644337606836,32-64,localization,0.4283689260482788,swimmer,FP
2931,2931.jpg,3,jetski,0.34381,"[2396.58, 2910.89, 292.31, 113.72]",182.32249778894538,>64,class_confusion,0.6355032920837402,boat,FP
2931,2931.jpg,1,swimmer,0.27672,"[2074.23, 2429.26, 44.48, 52.93]",48.52140146368404,32-64,duplicate,0.520056962966919,swimmer,FP
2931,2931.jpg,1,swimmer,0.17931,"[2596.15, 2884.89, 122.02, 103.6]",112.43341140426185,>64,localization,0.27845299243927,swimmer,FP
2931,2931.jpg,1,swimmer,0.16998,"[1976.22, 3082.0, 61.05, 63.75]",62.385394925415035,32-64,duplicate,0.6496512293815613,swimmer,FP
2931,2931.jpg,3,jetski,0.16478,"[2444.64, 2910.7, 256.08, 88.47]",150.5171006895894,>64,background,0.4093327820301056,,FP
2931,2931.jpg,1,swimmer,0.16313,"[2640.14, 2869.64, 81.52, 88.03]",84.7124878633605,>64,localization,0.4449722170829773,swimmer,FP
2963,2963.jpg,1,swimmer,0.51578,"[193.08, 1565.82, 46.46, 41.35]",43.83059433774541,32-64,localization,0.2101418524980545,swimmer,FP
2963,2963.jpg,1,swimmer,0.39672,"[511.45, 1144.61, 55.01, 40.0]",46.90842141876019,32-64,duplicate,0.6560426354408264,swimmer,FP
2963,2963.jpg,4,life_saving_appliances,0.2976,"[102.28, 1420.97, 46.07, 35.32]",40.33847295076996,32-64,class_confusion,0.7069698572158813,swimmer,FP
2963,2963.jpg,1,swimmer,0.15681,"[102.26, 2496.54, 61.94, 39.59]",49.51973949850706,32-64,duplicate,0.5934208631515503,swimmer,FP
2963,2963.jpg,1,swimmer,0.12897,"[433.02, 1953.43, 62.51, 67.32]",64.87043394336128,>64,duplicate,0.5332480669021606,swimmer,FP
2963,2963.jpg,1,swimmer,0.10091,"[567.87, 1947.85, 35.09, 46.95]",40.58910568120466,32-64,background,0.0,,FP
3001,3001.jpg,1,swimmer,0.66421,"[4082.41, 2552.89, 45.11, 63.17]",53.381632608978904,32-64,localization,0.44877690076828003,swimmer,FP
3001,3001.jpg,1,swimmer,0.61971,"[3968.37, 2704.22, 36.13, 44.81]",40.23661640844071,32-64,localization,0.46842455863952637,swimmer,FP
3001,3001.jpg,1,swimmer,0.5546,"[4807.6, 2054.0, 59.16, 60.84]",59.99411971185176,32-64,localization,0.4009118974208832,swimmer,FP
3001,3001.jpg,1,swimmer,0.52423,"[5370.61, 1542.0, 52.48, 45.93]",49.09588984833659,32-64,localization,0.4912034571170807,swimmer,FP
3001,3001.jpg,1,swimmer,0.40195,"[5412.21, 935.56, 43.62, 75.44]",57.36456048816203,32-64,background,0.0,,FP
3001,3001.jpg,1,swimmer,0.39449,"[4809.98, 2058.73, 68.57, 64.82]",66.66863880416338,>64,localization,0.3020351231098175,swimmer,FP
3001,3001.jpg,1,swimmer,0.24101,"[5353.65, 1539.98, 60.4, 43.45]",51.228702892031144,32-64,localization,0.3906189501285553,swimmer,FP
3001,3001.jpg,1,swimmer,0.23409,"[4807.82, 1958.81, 42.02, 34.09]",37.847877087096975,32-64,class_confusion,0.6353102922439575,life_saving_appliances,FP
3001,3001.jpg,1,swimmer,0.22903,"[4096.75, 2803.35, 38.7, 64.42]",49.93049168594277,32-64,duplicate,0.6849094033241272,swimmer,FP
3001,3001.jpg,1,swimmer,0.1479,"[4810.1, 1956.75, 66.54, 38.46]",50.587828575656424,32-64,background,0.44286099076271057,,FP
3001,3001.jpg,1,swimmer,0.12254,"[5322.91, 916.37, 69.36, 62.68]",65.93545935230905,>64,localization,0.47169220447540283,swimmer,FP
3001,3001.jpg,1,swimmer,0.11223,"[5324.52, 895.0, 44.67, 63.38]",53.208877078923585,32-64,duplicate,0.5114536881446838,swimmer,FP
3001,3001.jpg,1,swimmer,0.11144,"[5412.22, 952.12, 43.78, 86.56]",61.55970110388776,32-64,background,0.0,,FP
3004,3004.jpg,1,swimmer,0.50652,"[2856.1, 4415.8, 76.0, 51.31]",62.4464570652331,32-64,localization,0.3197574317455292,swimmer,FP
3004,3004.jpg,1,swimmer,0.35194,"[2564.37, 4413.45, 57.1, 45.62]",51.038240565285946,32-64,localization,0.4697941541671753,swimmer,FP
3004,3004.jpg,1,swimmer,0.30808,"[3515.56, 5285.21, 44.52, 53.76]",48.92233845596508,32-64,class_confusion,0.6956644654273987,life_saving_appliances,FP
3004,3004.jpg,1,swimmer,0.22234,"[2618.31, 4330.25, 52.69, 57.08]",54.84109043408965,32-64,localization,0.4501587748527527,swimmer,FP
3004,3004.jpg,1,swimmer,0.19812,"[2698.76, 4267.37, 71.4, 63.57]",67.37134405665364,>64,localization,0.3973255157470703,swimmer,FP
3004,3004.jpg,1,swimmer,0.18357,"[2850.63, 4398.88, 76.43, 56.01]",65.42816136802257,>64,localization,0.2943344712257385,swimmer,FP
3004,3004.jpg,1,swimmer,0.12326,"[3389.87, 5378.93, 152.58, 77.07]",108.44049335926132,>64,duplicate,0.5574292540550232,swimmer,FP
3004,3004.jpg,1,swimmer,0.11689,"[2838.39, 4413.15, 76.23, 38.04]",53.84969080691179,32-64,localization,0.4206245243549347,swimmer,FP
3004,3004.jpg,4,life_saving_appliances,0.1054,"[3512.85, 5288.1, 54.08, 65.76]",59.634728137218836,32-64,localization,0.4666557013988495,life_saving_appliances,FP
3010,3010.jpg,3,jetski,0.71399,"[4771.96, 1500.03, 180.22, 73.24]",114.88826223770643,>64,class_confusion,0.8987006545066833,boat,FP
3010,3010.jpg,1,swimmer,0.63102,"[3745.52, 2998.26, 54.76, 42.54]",48.26479462299616,32-64,localization,0.3983703851699829,swimmer,FP
3010,3010.jpg,1,swimmer,0.6179,"[4114.4, 2804.52, 53.66, 48.47]",50.9990215592417,32-64,localization,0.3633357584476471,swimmer,FP
3011,3011.jpg,1,swimmer,0.68266,"[4368.33, 2083.73, 63.52, 58.8]",61.114450009797196,32-64,localization,0.492829829454422,swimmer,FP
3011,3011.jpg,1,swimmer,0.47035,"[3201.88, 3594.48, 41.27, 37.52]",39.3503545092036,32-64,localization,0.4537019431591034,swimmer,FP
3011,3011.jpg,1,swimmer,0.42113,"[3123.49, 3591.21, 48.27, 37.56]",42.57958665839771,32-64,localization,0.4899982511997223,swimmer,FP
3011,3011.jpg,1,swimmer,0.40539,"[3699.93, 3275.32, 54.34, 44.84]",49.36198537336196,32-64,localization,0.4680993854999542,swimmer,FP
3011,3011.jpg,1,swimmer,0.22235,"[3785.04, 3044.09, 63.4, 37.36]",48.668511380563096,32-64,duplicate,0.5487932562828064,swimmer,FP
3011,3011.jpg,1,swimmer,0.18614,"[3662.7, 3203.1, 54.94, 48.57]",51.65690466917273,32-64,localization,0.2769797444343567,swimmer,FP
3011,3011.jpg,1,swimmer,0.16105,"[3103.04, 3593.58, 61.05, 35.06]",46.264597696294736,32-64,localization,0.4126496911048889,swimmer,FP
3011,3011.jpg,1,swimmer,0.12387,"[4372.44, 2081.42, 63.31, 75.84]",69.29235455661757,>64,localization,0.45819681882858276,swimmer,FP
3012,3012.jpg,1,swimmer,0.64951,"[4068.45, 1831.13, 68.24, 64.16]",66.16856051026045,>64,localization,0.3117663860321045,swimmer,FP
3012,3012.jpg,1,swimmer,0.63109,"[4438.22, 1669.71, 59.85, 44.65]",51.6943178695686,32-64,localization,0.48460084199905396,swimmer,FP
3012,3012.jpg,1,swimmer,0.43271,"[2373.15, 3372.14, 37.64, 35.84]",36.728974938051294,32-64,localization,0.3981750011444092,swimmer,FP
3012,3012.jpg,1,swimmer,0.39021,"[2372.86, 3369.1, 48.44, 49.45]",48.94239471051657,32-64,localization,0.48327401280403137,swimmer,FP
3012,3012.jpg,1,swimmer,0.37972,"[3706.69, 2833.39, 56.3, 46.99]",51.43478395016353,32-64,class_confusion,0.5307050943374634,life_saving_appliances,FP
3012,3012.jpg,1,swimmer,0.26516,"[3466.33, 3022.2, 46.05, 55.33]",50.477187916919455,32-64,localization,0.39076822996139526,swimmer,FP
3012,3012.jpg,1,swimmer,0.23798,"[3678.91, 2747.64, 46.63, 57.35]",51.712962591597865,32-64,duplicate,0.7192843556404114,swimmer,FP
3012,3012.jpg,1,swimmer,0.23578,"[4177.73, 1923.62, 52.1, 62.72]",57.163904695183305,32-64,duplicate,0.7179335355758667,swimmer,FP
3012,3012.jpg,1,swimmer,0.22714,"[3151.73, 3145.16, 46.77, 67.64]",56.24520246207671,32-64,localization,0.3581717014312744,swimmer,FP
3012,3012.jpg,1,swimmer,0.18805,"[2352.89, 3370.62, 55.95, 47.95]",51.79577685487496,32-64,localization,0.32504165172576904,swimmer,FP
3012,3012.jpg,2,boat,0.16758,"[5254.8, 249.52, 193.11, 194.34]",193.72402380706427,>64,duplicate,0.7513035535812378,boat,FP
3012,3012.jpg,3,jetski,0.15504,"[5207.6, 174.11, 230.44, 96.95]",149.46958888014646,>64,duplicate,0.6149409413337708,jetski,FP
3012,3012.jpg,1,swimmer,0.11898,"[2376.02, 3350.27, 45.79, 59.75]",52.306333268544066,32-64,localization,0.49030619859695435,swimmer,FP
3016,3016.jpg,1,swimmer,0.61058,"[2744.62, 465.23, 49.22, 53.15]",51.14726776671458,32-64,localization,0.4583260715007782,swimmer,FP
3016,3016.jpg,1,swimmer,0.213,"[2697.38, 402.76, 65.36, 46.78]",55.29503413508306,32-64,duplicate,0.5216967463493347,swimmer,FP
3016,3016.jpg,1,swimmer,0.14966,"[3108.64, 308.76, 63.0, 41.35]",51.03969043793271,32-64,duplicate,0.5247654914855957,swimmer,FP
3022,3022.jpg,1,swimmer,0.56711,"[2045.99, 1723.42, 54.21, 62.53]",58.22157074487084,32-64,localization,0.4354921281337738,swimmer,FP
3022,3022.jpg,1,swimmer,0.5395,"[3163.02, 1472.15, 65.14, 56.93]",60.89679958749885,32-64,class_confusion,0.6645880937576294,life_saving_appliances,FP
3022,3022.jpg,1,swimmer,0.50168,"[3706.08, 1166.21, 36.1, 46.33]",40.89636903198131,32-64,localization,0.46114709973335266,swimmer,FP
3022,3022.jpg,1,swimmer,0.39205,"[4715.51, 882.93, 46.53, 41.02]",43.68822038032678,32-64,localization,0.4275249242782593,swimmer,FP
3022,3022.jpg,1,swimmer,0.32001,"[3701.61, 1159.82, 49.71, 54.3]",51.954335718975365,32-64,localization,0.3330551087856293,swimmer,FP
3022,3022.jpg,1,swimmer,0.27155,"[3172.81, 1465.17, 66.97, 52.64]",59.37424357412901,32-64,class_confusion,0.7498630881309509,life_saving_appliances,FP
3022,3022.jpg,1,swimmer,0.20563,"[3406.5, 1508.92, 41.63, 56.93]",48.68260366907259,32-64,localization,0.41526761651039124,swimmer,FP
3022,3022.jpg,1,swimmer,0.18875,"[2674.16, 2464.38, 52.64, 67.61]",59.6572744935603,32-64,duplicate,0.5158628225326538,swimmer,FP
3022,3022.jpg,1,swimmer,0.1292,"[4703.26, 877.86, 61.86, 52.24]",56.84686798760333,32-64,localization,0.25250911712646484,swimmer,FP
3023,3023.jpg,1,swimmer,0.54022,"[2759.91, 1627.87, 52.54, 54.11]",53.3192216747394,32-64,localization,0.48119211196899414,swimmer,FP
3023,3023.jpg,1,swimmer,0.48784,"[2760.36, 1711.1, 62.73, 59.48]",61.083388904022016,32-64,localization,0.3553834855556488,swimmer,FP
3023,3023.jpg,1,swimmer,0.41866,"[2292.18, 1575.22, 61.37, 50.49]",55.6648120449535,32-64,localization,0.367615282535553,swimmer,FP
3023,3023.jpg,1,swimmer,0.40526,"[4851.37, 144.23, 40.56, 47.65]",43.962302032536925,32-64,background,0.0,,FP
3023,3023.jpg,1,swimmer,0.3922,"[3285.96, 711.71, 44.38, 55.15]",49.47279050144635,32-64,class_confusion,0.6946277618408203,life_saving_appliances,FP
3023,3023.jpg,1,swimmer,0.33491,"[3810.98, 431.92, 43.26, 54.02]",48.34154734801111,32-64,localization,0.38940393924713135,swimmer,FP
3023,3023.jpg,1,swimmer,0.33398,"[3511.03, 785.21, 35.11, 41.76]",38.290907536907504,32-64,localization,0.47060632705688477,swimmer,FP
3023,3023.jpg,1,swimmer,0.22743,"[2743.39, 1007.54, 56.04, 58.6]",57.305706522125696,32-64,duplicate,0.5106664896011353,swimmer,FP
3023,3023.jpg,1,swimmer,0.22298,"[2760.41, 1628.41, 71.7, 58.43]",64.72581401573873,>64,localization,0.32653602957725525,swimmer,FP
3023,3023.jpg,1,swimmer,0.18913,"[2766.7, 1716.65, 64.1, 65.27]",64.6823546262812,>64,localization,0.3169362545013428,swimmer,FP
3023,3023.jpg,1,swimmer,0.15852,"[2160.58, 962.35, 56.29, 54.63]",55.45378886965254,32-64,localization,0.2897445261478424,swimmer,FP
3023,3023.jpg,1,swimmer,0.15796,"[3810.09, 417.71, 44.43, 59.39]",51.3682557617056,32-64,localization,0.32015174627304077,swimmer,FP
3023,3023.jpg,1,swimmer,0.12459,"[3290.54, 690.51, 39.75, 62.24]",49.73972255652418,32-64,class_confusion,0.5846664309501648,life_saving_appliances,FP
3025,3025.jpg,1,swimmer,0.57189,"[3053.41, 76.3, 51.08, 52.29]",51.68145895773454,32-64,localization,0.4313034415245056,swimmer,FP
3025,3025.jpg,1,swimmer,0.50768,"[3051.98, 0.0, 51.46, 37.87]",44.145103918781295,32-64,localization,0.46695640683174133,swimmer,FP
3025,3025.jpg,1,swimmer,0.22013,"[3034.79, 0.0, 58.36, 33.91]",44.485813469015035,32-64,localization,0.45983102917671204,swimmer,FP
3025,3025.jpg,1,swimmer,0.20333,"[3052.71, 81.59, 52.61, 63.35]",57.730784682004796,32-64,localization,0.3456507623195648,swimmer,FP
3025,3025.jpg,1,swimmer,0.13352,"[3034.86, 76.28, 64.5, 54.59]",59.338478241357016,32-64,localization,0.32717469334602356,swimmer,FP
3060,3060.jpg,2,boat,0.83649,"[823.78, 656.27, 438.46, 315.94]",372.1922250665642,>64,localization,0.4284677505493164,boat,FP
3071,3071.jpg,1,swimmer,0.25514,"[53.48, 1940.79, 48.94, 45.68]",47.28191197487681,32-64,localization,0.44693753123283386,swimmer,FP
3071,3071.jpg,1,swimmer,0.14373,"[33.9, 1940.76, 54.17, 46.35]",50.10767905221714,32-64,localization,0.4062483608722687,swimmer,FP
3078,3078.jpg,1,swimmer,0.10489,"[4245.14, 3619.4, 29.46, 12.6]",19.266447518938204,16-32,background,0.0,,FP
3102,3102.jpg,1,swimmer,0.52947,"[3403.41, 2655.87, 40.73, 35.39]",37.966231048130126,32-64,localization,0.42908361554145813,swimmer,FP
3102,3102.jpg,1,swimmer,0.52492,"[3077.37, 2888.11, 34.51, 53.14]",42.82360797504106,32-64,localization,0.3953406810760498,swimmer,FP
3102,3102.jpg,1,swimmer,0.45341,"[3598.12, 2673.71, 44.07, 40.52]",42.25773775298437,32-64,localization,0.46538883447647095,swimmer,FP
3102,3102.jpg,1,swimmer,0.44095,"[2988.83, 2635.72, 47.74, 53.83]",50.69363076363736,32-64,localization,0.4818219542503357,swimmer,FP
3102,3102.jpg,1,swimmer,0.25395,"[3580.47, 2668.06, 61.52, 46.55]",53.51407291544907,32-64,localization,0.4714089035987854,swimmer,FP
3102,3102.jpg,1,swimmer,0.24814,"[2792.38, 1974.38, 34.01, 46.17]",39.62627537379712,32-64,duplicate,0.6594528555870056,swimmer,FP
3102,3102.jpg,1,swimmer,0.16782,"[3076.34, 2872.89, 34.7, 61.82]",46.3158072368387,32-64,localization,0.3379710614681244,swimmer,FP
3102,3102.jpg,1,swimmer,0.13764,"[2693.66, 1810.86, 66.67, 44.99]",54.767538743310354,32-64,duplicate,0.583314061164856,swimmer,FP
3102,3102.jpg,1,swimmer,0.11465,"[3598.32, 2674.25, 50.76, 62.32]",56.24378365650732,32-64,localization,0.27384406328201294,swimmer,FP
3102,3102.jpg,3,jetski,0.10979,"[3745.53, 1552.61, 176.84, 159.65]",168.02531356911672,>64,class_confusion,0.8343117833137512,boat,FP
3102,3102.jpg,1,swimmer,0.10062,"[2966.67, 2635.49, 58.58, 52.03]",55.20794689172927,32-64,localization,0.3959851861000061,swimmer,FP
3111,3111.jpg,1,swimmer,0.5573,"[3532.81, 3258.27, 61.36, 42.53]",51.084643485102255,32-64,localization,0.29639339447021484,swimmer,FP
3111,3111.jpg,1,swimmer,0.55156,"[3170.72, 2637.79, 33.04, 34.22]",33.62482416310902,32-64,class_confusion,0.6767740249633789,life_saving_appliances,FP
3111,3111.jpg,1,swimmer,0.14226,"[3550.57, 3247.51, 83.17, 54.37]",67.24546750525272,>64,localization,0.2403947114944458,swimmer,FP
3111,3111.jpg,1,swimmer,0.11229,"[3512.24, 3261.73, 62.47, 41.53]",50.93504785508697,32-64,localization,0.40881288051605225,swimmer,FP
3111,3111.jpg,1,swimmer,0.11,"[3274.75, 3014.67, 42.88, 62.89]",51.92998363180948,32-64,localization,0.45109298825263977,swimmer,FP
3138,3138.jpg,3,jetski,0.21056,"[725.7, 5371.3, 55.08, 76.7]",64.99719993968971,>64,class_confusion,0.7843155860900879,buoy,FP
3211,3211.jpg,2,boat,0.16912,"[0.0, 4889.41, 413.38, 566.59]",483.95968241166537,>64,duplicate,0.576320230960846,boat,FP
3328,3328.jpg,1,swimmer,0.15336,"[5414.39, 2049.72, 39.54, 51.39]",45.07727365313923,32-64,background,0.0,,FP
3336,3336.jpg,2,boat,0.41252,"[1146.27, 2.55, 65.71, 89.99]",76.89761309689658,>64,class_confusion,0.7105550765991211,jetski,FP
3336,3336.jpg,1,swimmer,0.40387,"[490.69, 916.15, 32.14, 47.2]",38.94878688739869,32-64,localization,0.45917263627052307,swimmer,FP
3336,3336.jpg,1,swimmer,0.20073,"[477.19, 917.09, 44.66, 33.98]",38.95570304846262,32-64,localization,0.43751591444015503,swimmer,FP
3387,3387.jpg,3,jetski,0.6898,"[5192.24, 75.45, 76.99, 54.68]",64.8830732934253,>64,class_confusion,0.7913362979888916,buoy,FP
3387,3387.jpg,3,jetski,0.23634,"[5191.19, 80.11, 73.83, 64.87]",69.20514503994627,>64,class_confusion,0.641063392162323,buoy,FP
3466,3466.jpg,2,boat,0.13377,"[3239.59, 415.51, 29.53, 45.48]",36.64729730825999,32-64,background,0.0,,FP
3468,3468.jpg,1,swimmer,0.34129,"[1874.81, 1400.7, 155.86, 103.95]",127.28569047618826,>64,localization,0.4446251094341278,swimmer,FP
3469,3469.jpg,1,swimmer,0.25594,"[2012.4, 1360.85, 59.29, 57.35]",58.31193274107796,32-64,localization,0.14578436315059662,swimmer,FP
3469,3469.jpg,2,boat,0.22859,"[555.96, 696.26, 146.69, 35.78]",72.44700269852439,>64,duplicate,0.7667123675346375,boat,FP
3469,3469.jpg,1,swimmer,0.19197,"[1950.42, 1363.25, 122.42, 63.24]",87.98773096290186,>64,localization,0.33192604780197144,swimmer,FP
3469,3469.jpg,1,swimmer,0.1275,"[2006.91, 1359.95, 116.85, 67.11]",88.5539581272345,>64,localization,0.33621159195899963,swimmer,FP
3469,3469.jpg,1,swimmer,0.12701,"[1996.73, 1362.05, 100.59, 70.48]",84.19966270716291,>64,localization,0.3039610981941223,swimmer,FP
3470,3470.jpg,1,swimmer,0.361,"[2104.66, 1321.99, 49.39, 53.88]",51.5861725659115,32-64,localization,0.20233628153800964,swimmer,FP
3471,3471.jpg,1,swimmer,0.36076,"[2137.26, 1325.7, 78.24, 51.67]",63.581921958997114,32-64,localization,0.21482966840267181,swimmer,FP
3472,3472.jpg,1,swimmer,0.32195,"[2172.24, 1319.94, 60.6, 52.11]",56.194893006393386,32-64,localization,0.1370873749256134,swimmer,FP
3472,3472.jpg,1,swimmer,0.25759,"[2177.61, 1321.06, 87.66, 51.42]",67.13774795150638,>64,localization,0.1997421234846115,swimmer,FP
3472,3472.jpg,1,swimmer,0.12383,"[2178.96, 1371.11, 114.39, 44.88]",71.65070271811716,>64,localization,0.25052788853645325,swimmer,FP
3473,3473.jpg,1,swimmer,0.36383,"[2151.23, 1348.57, 65.68, 62.57]",64.10614323136278,>64,localization,0.3540169298648834,swimmer,FP
3473,3473.jpg,2,boat,0.11634,"[907.94, 719.25, 158.92, 44.37]",83.97190244361502,>64,duplicate,0.5002738237380981,boat,FP
3474,3474.jpg,1,swimmer,0.37902,"[2101.61, 1395.63, 84.23, 87.06]",85.63331010769116,>64,localization,0.3341103494167328,swimmer,FP
3474,3474.jpg,2,boat,0.16955,"[964.25, 718.78, 167.52, 43.44]",85.30573720448115,>64,duplicate,0.5239396691322327,boat,FP
3474,3474.jpg,1,swimmer,0.14501,"[2099.25, 1400.3, 96.45, 103.08]",99.70990923674537,>64,localization,0.4529821574687958,swimmer,FP
3475,3475.jpg,1,swimmer,0.1318,"[2020.37, 1422.28, 190.0, 87.16]",128.6872177024587,>64,duplicate,0.6760425567626953,swimmer,FP
3477,3477.jpg,1,swimmer,0.28242,"[2046.0, 1464.08, 101.4, 105.98]",103.66470952064643,>64,localization,0.3569389283657074,swimmer,FP
3477,3477.jpg,1,swimmer,0.19168,"[2045.01, 1463.57, 187.54, 128.51]",155.2442121304366,>64,duplicate,0.8244704008102417,swimmer,FP
3478,3478.jpg,1,swimmer,0.23972,"[1307.97, 736.69, 31.43, 31.63]",31.529841420470227,16-32,localization,0.253487765789032,swimmer,FP
3478,3478.jpg,2,boat,0.17298,"[1307.81, 679.48, 163.14, 54.4]",94.20624183142006,>64,duplicate,0.5498540997505188,boat,FP
3479,3479.jpg,1,swimmer,0.12176,"[1387.11, 711.57, 30.26, 25.41]",27.72916515151511,16-32,localization,0.30376431345939636,swimmer,FP
3480,3480.jpg,1,swimmer,0.29638,"[1967.98, 1494.71, 134.63, 160.54]",147.01530600587137,>64,duplicate,0.6906980872154236,swimmer,FP
3480,3480.jpg,1,swimmer,0.29089,"[1463.44, 701.71, 33.61, 27.52]",30.412944612450797,16-32,localization,0.3412214517593384,swimmer,FP
3481,3481.jpg,1,swimmer,0.22846,"[1539.18, 680.22, 31.8, 39.85]",35.59817411047932,32-64,localization,0.2813747823238373,swimmer,FP
3481,3481.jpg,1,swimmer,0.15376,"[1542.57, 669.58, 43.46, 37.04]",40.12179457601567,32-64,localization,0.22177240252494812,swimmer,FP
3482,3482.jpg,1,swimmer,0.10958,"[1607.54, 662.9, 32.18, 22.32]",26.80032835619743,16-32,localization,0.35084906220436096,swimmer,FP
3483,3483.jpg,1,swimmer,0.35337,"[1678.03, 642.88, 28.72, 29.19]",28.95404634934468,16-32,localization,0.2740008533000946,swimmer,FP
3483,3483.jpg,1,swimmer,0.1285,"[1677.86, 646.08, 22.34, 20.08]",21.179877242326025,16-32,localization,0.25417494773864746,swimmer,FP
3484,3484.jpg,1,swimmer,0.11433,"[1751.2, 626.43, 57.0, 30.4]",41.626914370392626,32-64,localization,0.18467222154140472,swimmer,FP
3485,3485.jpg,1,swimmer,0.46536,"[1817.19, 617.05, 31.36, 23.96]",27.411413681165737,16-32,localization,0.4524974226951599,swimmer,FP
3485,3485.jpg,1,swimmer,0.10178,"[1799.94, 617.05, 41.99, 24.48]",32.06111663682349,32-64,localization,0.26646342873573303,swimmer,FP
3486,3486.jpg,1,swimmer,0.39269,"[1494.81, 1476.28, 99.34, 93.44]",96.34484729345935,>64,localization,0.23549379408359528,swimmer,FP
3486,3486.jpg,1,swimmer,0.20657,"[1880.63, 600.54, 28.82, 24.73]",26.696790069219933,16-32,localization,0.3577849864959717,swimmer,FP
3486,3486.jpg,1,swimmer,0.16519,"[1459.03, 1478.25, 157.48, 163.76]",160.58930474972485,>64,duplicate,0.5851880311965942,swimmer,FP
3487,3487.jpg,1,swimmer,0.33934,"[1323.35, 1462.67, 252.6, 98.32]",157.59324858635284,>64,localization,0.4832034111022949,swimmer,FP
3487,3487.jpg,1,swimmer,0.23506,"[1320.1, 1469.95, 272.05, 71.23]",139.20532137817148,>64,localization,0.36908775568008423,swimmer,FP
3487,3487.jpg,1,swimmer,0.22384,"[1314.49, 1468.05, 278.67, 179.29]",223.52347594827708,>64,duplicate,0.9118168950080872,swimmer,FP
3487,3487.jpg,1,swimmer,0.17614,"[1942.29, 588.85, 35.26, 35.18]",35.21997728562584,32-64,localization,0.23217441141605377,swimmer,FP
3487,3487.jpg,1,swimmer,0.1538,"[1336.93, 1472.88, 258.0, 103.64]",163.52100782468287,>64,localization,0.49875524640083313,swimmer,FP
3488,3488.jpg,1,swimmer,0.48288,"[2009.23, 574.37, 31.23, 22.45]",26.47854792091137,16-32,localization,0.4694337248802185,swimmer,FP
3488,3488.jpg,1,swimmer,0.11997,"[1991.84, 574.58, 42.92, 22.91]",31.35757005891879,16-32,localization,0.26256996393203735,swimmer,FP
3489,3489.jpg,1,swimmer,0.33304,"[1111.05, 1422.49, 158.53, 167.74]",163.06999172134647,>64,localization,0.4858913719654083,swimmer,FP
3489,3489.jpg,1,swimmer,0.22015,"[2073.25, 550.97, 25.16, 25.18]",25.169998013508067,16-32,localization,0.40250733494758606,swimmer,FP
3489,3489.jpg,1,swimmer,0.20586,"[1135.88, 1421.94, 133.2, 118.24]",125.49728283911169,>64,localization,0.28585147857666016,swimmer,FP
3489,3489.jpg,1,swimmer,0.17591,"[1147.92, 1421.75, 119.41, 82.48]",99.24180973763023,>64,localization,0.18047674000263214,swimmer,FP
3490,3490.jpg,1,swimmer,0.27891,"[2130.63, 537.06, 30.18, 25.01]",27.473656473065247,16-32,localization,0.3577098250389099,swimmer,FP
3490,3490.jpg,1,swimmer,0.17756,"[2132.0, 527.98, 29.33, 33.79]",31.481116562155158,16-32,localization,0.27243536710739136,swimmer,FP
3491,3491.jpg,1,swimmer,0.37811,"[2195.62, 521.01, 36.49, 20.32]",27.230071612098268,16-32,localization,0.4581506550312042,swimmer,FP
3491,3491.jpg,1,swimmer,0.27617,"[2183.97, 520.99, 38.99, 20.93]",28.566776156927475,16-32,localization,0.4166356325149536,swimmer,FP
3491,3491.jpg,1,swimmer,0.1965,"[845.32, 1378.04, 177.65, 132.48]",153.41144676978965,>64,duplicate,0.6399354934692383,swimmer,FP
3491,3491.jpg,1,swimmer,0.10463,"[864.96, 1377.68, 161.14, 105.02]",130.08813473949112,>64,localization,0.44292619824409485,swimmer,FP
3492,3492.jpg,1,swimmer,0.39244,"[2243.49, 513.95, 36.67, 24.13]",29.746379611643498,16-32,localization,0.472398042678833,swimmer,FP
3492,3492.jpg,1,swimmer,0.22172,"[2231.91, 514.14, 42.24, 24.68]",32.287508420440254,32-64,localization,0.379590779542923,swimmer,FP
3492,3492.jpg,1,swimmer,0.20255,"[767.4, 1358.96, 161.74, 121.13]",139.96987604481188,>64,localization,0.31318286061286926,swimmer,FP
3492,3492.jpg,1,swimmer,0.1402,"[739.06, 1358.45, 193.18, 170.56]",181.51799029297345,>64,duplicate,0.5142884850502014,swimmer,FP
3493,3493.jpg,1,swimmer,0.38741,"[622.67, 1305.98, 255.78, 146.89]",193.83375402648528,>64,duplicate,0.6875115633010864,swimmer,FP
3493,3493.jpg,1,swimmer,0.10695,"[665.61, 1303.72, 213.88, 84.82]",134.68964919398965,>64,localization,0.3202551603317261,swimmer,FP
3494,3494.jpg,1,swimmer,0.26064,"[545.4, 1256.28, 192.47, 121.17]",152.71407891874279,>64,localization,0.48653799295425415,swimmer,FP
3495,3495.jpg,1,swimmer,0.57299,"[471.34, 1243.78, 153.32, 108.9]",129.2151229539329,>64,localization,0.44465896487236023,swimmer,FP
3496,3496.jpg,1,swimmer,0.4062,"[2457.34, 456.91, 31.51, 24.63]",27.858415245666794,16-32,localization,0.40588006377220154,swimmer,FP
3496,3496.jpg,1,swimmer,0.13924,"[357.04, 1190.83, 238.79, 111.26]",162.99624351499637,>64,localization,0.4260375201702118,swimmer,FP
3497,3497.jpg,1,swimmer,0.45141,"[2509.6, 449.78, 28.04, 30.25]",29.1240450487222,16-32,localization,0.3961283266544342,swimmer,FP
3497,3497.jpg,1,swimmer,0.31601,"[2508.85, 449.52, 35.34, 22.46]",28.173327811957183,16-32,localization,0.4233143925666809,swimmer,FP
3497,3497.jpg,1,swimmer,0.1158,"[273.18, 1160.45, 239.78, 91.45]",148.08065707579772,>64,localization,0.46863412857055664,swimmer,FP
3498,3498.jpg,1,swimmer,0.47705,"[299.42, 1133.6, 147.68, 65.0]",97.97550714336722,>64,localization,0.19079343974590302,swimmer,FP
3498,3498.jpg,1,swimmer,0.42933,"[2557.99, 431.96, 30.56, 29.98]",30.268610803933502,16-32,localization,0.4267679750919342,swimmer,FP
3499,3499.jpg,1,swimmer,0.21019,"[2603.94, 429.32, 36.43, 27.3]",31.53631240332325,16-32,localization,0.39314696192741394,swimmer,FP
3499,3499.jpg,1,swimmer,0.19354,"[277.27, 1102.79, 154.38, 64.33]",99.65573440600396,>64,localization,0.1962854266166687,swimmer,FP
3499,3499.jpg,3,jetski,0.11078,"[271.61, 1100.71, 170.79, 68.01]",107.77489457197349,>64,background,0.22397828102111816,,FP
3500,3500.jpg,3,jetski,0.35082,"[238.7, 1047.08, 94.45, 86.53]",90.40331022700441,>64,background,0.19527629017829895,,FP
3500,3500.jpg,2,boat,0.14844,"[1734.3, 164.41, 51.59, 27.65]",37.76855173289016,32-64,localization,0.43879127502441406,boat,FP
3500,3500.jpg,1,swimmer,0.10877,"[226.08, 1051.78, 107.62, 84.45]",95.33367191082068,>64,localization,0.22432686388492584,swimmer,FP
3501,3501.jpg,1,swimmer,0.42411,"[205.35, 1023.25, 146.99, 52.55]",87.88813628698699,>64,localization,0.4571695327758789,swimmer,FP
3502,3502.jpg,1,swimmer,0.1236,"[255.89, 959.1, 74.04, 44.25]",57.238710677303,32-64,background,0.08323856443166733,,FP
3502,3502.jpg,1,swimmer,0.11381,"[289.26, 987.4, 102.17, 32.01]",57.18795065396206,32-64,background,0.08309101313352585,,FP
3502,3502.jpg,1,swimmer,0.11341,"[253.85, 965.18, 89.08, 46.36]",64.26312161730085,>64,localization,0.10492242872714996,swimmer,FP
3503,3503.jpg,3,jetski,0.27629,"[270.7, 909.22, 45.37, 51.8]",48.47851070319714,32-64,background,0.10264523327350616,,FP
3503,3503.jpg,3,jetski,0.21896,"[266.51, 916.28, 50.89, 61.33]",55.86666000397733,32-64,background,0.13631576299667358,,FP
3503,3503.jpg,3,jetski,0.14155,"[248.56, 923.85, 66.15, 59.3]",62.63142182642831,32-64,background,0.17132659256458282,,FP
3504,3504.jpg,1,swimmer,0.34647,"[264.31, 892.85, 91.41, 37.96]",58.90605741347829,32-64,localization,0.18272386491298676,swimmer,FP
3504,3504.jpg,1,swimmer,0.18825,"[269.08, 896.77, 106.7, 37.58]",63.32287106567421,32-64,localization,0.211152583360672,swimmer,FP
3504,3504.jpg,1,swimmer,0.18774,"[255.29, 893.22, 68.26, 41.0]",52.9023628961883,32-64,localization,0.1473754495382309,swimmer,FP
3504,3504.jpg,1,swimmer,0.15201,"[252.48, 892.57, 125.73, 45.8]",75.88434621185057,>64,localization,0.30323493480682373,swimmer,FP
3505,3505.jpg,2,boat,0.37789,"[295.76, 860.16, 108.09, 43.39]",68.48375792843147,>64,background,0.1848796308040619,,FP
3506,3506.jpg,3,jetski,0.45147,"[319.0, 826.5, 52.61, 42.64]",47.36338670323312,32-64,background,0.14055705070495605,,FP
3506,3506.jpg,3,jetski,0.12905,"[322.44, 815.94, 49.38, 43.99]",46.60714752052522,32-64,background,0.11519498378038406,,FP
3506,3506.jpg,3,jetski,0.11981,"[302.53, 830.43, 69.64, 40.47]",53.08795343578428,32-64,background,0.17658725380897522,,FP
3507,3507.jpg,1,swimmer,0.41183,"[336.72, 789.33, 42.75, 38.94]",40.80055146686133,32-64,localization,0.10201526433229446,swimmer,FP
3507,3507.jpg,1,swimmer,0.21361,"[56.79, 88.45, 44.14, 34.15]",38.82500482936222,32-64,background,0.49051886796951294,,FP
3508,3508.jpg,2,boat,0.46078,"[3653.02, 330.39, 183.88, 53.75]",99.41604498268879,>64,localization,0.49872735142707825,boat,FP
3508,3508.jpg,2,boat,0.19908,"[201.7, 104.62, 43.11, 39.5]",41.2655425264227,32-64,localization,0.40538904070854187,boat,FP
3508,3508.jpg,3,jetski,0.19168,"[382.4, 767.9, 46.75, 38.79]",42.584416163662496,32-64,background,0.10051140934228897,,FP
3508,3508.jpg,3,jetski,0.18754,"[381.29, 773.83, 52.19, 42.26]",46.96327714289112,32-64,background,0.12618286907672882,,FP
3509,3509.jpg,2,boat,0.70702,"[3748.78, 366.14, 90.32, 38.94]",59.30481262089949,32-64,background,0.0,,FP
3509,3509.jpg,3,jetski,0.53954,"[447.41, 756.54, 49.2, 32.0]",39.67870965643918,32-64,background,0.10033779591321945,,FP
3509,3509.jpg,2,boat,0.43463,"[329.54, 115.65, 42.5, 29.94]",35.67141712912455,32-64,localization,0.4713495969772339,boat,FP
3509,3509.jpg,2,boat,0.17231,"[3066.2, 431.99, 30.65, 31.03]",30.839414715587584,16-32,class_confusion,0.6476918458938599,swimmer,FP
3509,3509.jpg,2,boat,0.13204,"[3489.98, 61.81, 65.49, 34.26]",47.367577518804985,32-64,background,0.0,,FP
3510,3510.jpg,2,boat,0.46355,"[491.37, 734.96, 54.4, 43.61]",48.70712473550456,32-64,background,0.19627875089645386,,FP
3510,3510.jpg,2,boat,0.29124,"[3095.89, 462.98, 39.71, 20.27]",28.371142028476754,16-32,class_confusion,0.6638056039810181,swimmer,FP
3510,3510.jpg,2,boat,0.25075,"[455.93, 123.98, 42.19, 34.1]",37.929922225071856,32-64,localization,0.45248985290527344,boat,FP
3511,3511.jpg,2,boat,0.39233,"[585.49, 154.76, 38.96, 29.71]",34.022075186560855,32-64,localization,0.48876693844795227,boat,FP
3511,3511.jpg,2,boat,0.22942,"[3143.48, 478.84, 34.01, 19.96]",26.054550466281317,16-32,class_confusion,0.6803126931190491,swimmer,FP
3511,3511.jpg,2,boat,0.18257,"[553.0, 734.84, 91.98, 23.46]",46.452672689523475,32-64,background,0.3058181405067444,,FP
3511,3511.jpg,2,boat,0.17654,"[550.24, 719.96, 46.22, 34.44]",39.897578873911634,32-64,background,0.2094360589981079,,FP
3511,3511.jpg,2,boat,0.11024,"[550.12, 730.32, 86.12, 37.7]",56.98003159002284,32-64,background,0.460136741399765,,FP
3512,3512.jpg,2,boat,0.51677,"[632.8, 719.53, 59.07, 27.83]",40.54525989557842,32-64,background,0.14840836822986603,,FP
3512,3512.jpg,5,buoy,0.16543,"[3183.31, 495.26, 35.45, 32.78]",34.08886915108801,32-64,class_confusion,0.5768203139305115,swimmer,FP
3513,3513.jpg,2,boat,0.48103,"[696.17, 710.05, 43.16, 34.73]",38.716234321018355,32-64,background,0.20968523621559143,,FP
3513,3513.jpg,2,boat,0.37055,"[3230.12, 520.27, 30.9, 19.26]",24.395368412877065,16-32,class_confusion,0.712726354598999,swimmer,FP
3513,3513.jpg,2,boat,0.3464,"[827.6, 178.09, 34.01, 29.99]",31.936811049320497,16-32,localization,0.46562251448631287,boat,FP
3513,3513.jpg,2,boat,0.20946,"[701.36, 712.27, 42.74, 30.15]",35.89722830526056,32-64,background,0.16558575630187988,,FP
3514,3514.jpg,2,boat,0.48228,"[935.94, 207.07, 41.78, 33.96]",37.667609427729815,32-64,localization,0.4870440661907196,boat,FP
3514,3514.jpg,3,jetski,0.27261,"[763.28, 719.98, 38.67, 32.93]",35.68477406401784,32-64,background,0.16687074303627014,,FP
3514,3514.jpg,2,boat,0.23131,"[763.3, 734.23, 66.89, 22.29]",38.613185571770686,32-64,background,0.28716808557510376,,FP
3514,3514.jpg,2,boat,0.16953,"[3281.75, 547.4, 32.1, 22.44]",26.838852434483858,16-32,class_confusion,0.7554923892021179,swimmer,FP
3514,3514.jpg,2,boat,0.12629,"[758.59, 729.45, 61.95, 38.56]",48.87526982022708,32-64,background,0.4600909650325775,,FP
3515,3515.jpg,2,boat,0.29153,"[1066.01, 251.12, 38.16, 27.93]",32.64672724791874,32-64,duplicate,0.6750200986862183,boat,FP
3515,3515.jpg,2,boat,0.28623,"[1064.73, 239.79, 31.19, 36.99]",33.96642607045963,32-64,localization,0.469112753868103,boat,FP
3515,3515.jpg,2,boat,0.26792,"[3265.24, 310.64, 52.39, 25.46]",36.521903017230635,32-64,localization,0.453229695558548,boat,FP
3515,3515.jpg,3,jetski,0.26386,"[864.11, 737.61, 34.45, 30.57]",32.452064649263846,32-64,background,0.14098221063613892,,FP
3515,3515.jpg,5,buoy,0.16059,"[3308.89, 575.93, 28.09, 29.01]",28.54629398012989,16-32,class_confusion,0.6794901490211487,swimmer,FP
3516,3516.jpg,2,boat,0.38665,"[3369.37, 307.15, 56.11, 28.89]",40.26186657371961,32-64,localization,0.47534507513046265,boat,FP
3516,3516.jpg,2,boat,0.22974,"[1127.98, 249.16, 41.13, 38.92]",40.0097438132263,32-64,duplicate,0.6022504568099976,boat,FP
3516,3516.jpg,2,boat,0.19228,"[1137.36, 250.27, 38.7, 37.82]",38.25746985883933,32-64,duplicate,0.6021439433097839,boat,FP
3516,3516.jpg,3,jetski,0.12977,"[926.92, 719.98, 32.16, 34.86]",33.48279558220908,32-64,background,0.3677285313606262,,FP
3516,3516.jpg,2,boat,0.1217,"[1136.38, 239.91, 39.66, 37.92]",38.780242392228544,32-64,duplicate,0.6857618689537048,boat,FP
3516,3516.jpg,2,boat,0.10156,"[924.37, 729.05, 35.68, 39.09]",37.34610019801264,32-64,class_confusion,0.6299444437026978,swimmer,FP
3517,3517.jpg,2,boat,0.3082,"[3416.4, 597.87, 34.81, 26.2]",30.19970198528456,16-32,class_confusion,0.7555654644966125,swimmer,FP
3517,3517.jpg,2,boat,0.26056,"[982.95, 741.92, 36.57, 23.73]",29.458548844096175,16-32,background,0.21269741654396057,,FP
3517,3517.jpg,3,jetski,0.24474,"[983.18, 741.81, 40.34, 26.47]",32.67720612292305,32-64,background,0.26171550154685974,,FP
3518,3518.jpg,2,boat,0.47193,"[1010.39, 755.01, 36.64, 24.45]",29.930720004704195,16-32,background,0.11043502390384674,,FP
3518,3518.jpg,2,boat,0.27007,"[3443.76, 597.36, 36.28, 26.67]",31.106070147159382,16-32,class_confusion,0.6670135855674744,swimmer,FP
3519,3519.jpg,2,boat,0.35305,"[1071.24, 244.53, 34.49, 28.06]",31.109313717920553,16-32,localization,0.4439330995082855,boat,FP
3519,3519.jpg,2,boat,0.34135,"[1073.86, 239.47, 31.67, 28.99]",30.300384486009413,16-32,localization,0.40926435589790344,boat,FP
3519,3519.jpg,2,boat,0.20699,"[897.51, 781.42, 42.8, 36.26]",39.39451738503722,32-64,background,0.17260898649692535,,FP
3519,3519.jpg,2,boat,0.19445,"[899.01, 767.72, 39.04, 38.45]",38.743876935588155,32-64,background,0.16986602544784546,,FP
3519,3519.jpg,2,boat,0.11818,"[1073.72, 248.27, 36.77, 39.79]",38.250206535390106,32-64,localization,0.2627470791339874,boat,FP
3520,3520.jpg,2,boat,0.3106,"[711.28, 767.89, 35.04, 28.69]",31.706428370284787,16-32,background,0.1257699728012085,,FP
3520,3520.jpg,2,boat,0.20202,"[3224.99, 546.73, 34.34, 29.33]",31.73629152878452,16-32,background,0.3542006313800812,,FP
3520,3520.jpg,2,boat,0.17237,"[899.04, 191.81, 37.06, 35.98]",36.51600744878881,32-64,localization,0.387923926115036,boat,FP
3520,3520.jpg,2,boat,0.16068,"[900.09, 200.54, 36.18, 39.49]",37.79878569478125,32-64,localization,0.3156904876232147,boat,FP
3520,3520.jpg,2,boat,0.12404,"[3189.86, 239.18, 48.44, 21.79]",32.48857645388606,32-64,localization,0.47083649039268494,boat,FP
3521,3521.jpg,2,boat,0.60115,"[703.79, 156.01, 42.65, 31.57]",36.694148034802495,32-64,localization,0.42238175868988037,boat,FP
3521,3521.jpg,2,boat,0.37094,"[524.99, 766.99, 40.25, 28.51]",33.87517527629931,32-64,background,0.17206896841526031,,FP
3521,3521.jpg,1,swimmer,0.12998,"[3073.69, 501.49, 30.78, 26.56]",28.592250698397283,16-32,localization,0.3625544011592865,swimmer,FP
3521,3521.jpg,2,boat,0.11946,"[3017.68, 189.19, 55.15, 22.6]",35.30424903605797,32-64,localization,0.4526917636394501,boat,FP
3522,3522.jpg,2,boat,0.42359,"[503.55, 111.76, 43.44, 32.37]",37.49870397760434,32-64,localization,0.2291582077741623,boat,FP
3522,3522.jpg,3,jetski,0.30189,"[314.8, 755.88, 47.42, 33.34]",39.76157441550825,32-64,background,0.22596387565135956,,FP
3522,3522.jpg,5,buoy,0.22185,"[2916.93, 447.75, 35.38, 32.28]",33.79447292087865,32-64,background,0.36723801493644714,,FP
3522,3522.jpg,2,boat,0.20627,"[2853.36, 128.37, 53.15, 23.6]",35.416662745097824,32-64,localization,0.4586627185344696,boat,FP
3522,3522.jpg,5,buoy,0.13459,"[2915.32, 448.89, 33.43, 24.83]",28.81088162483057,16-32,background,0.4772949516773224,,FP
3523,3523.jpg,2,boat,0.41645,"[3775.01, 292.83, 64.66, 49.28]",56.4486031713806,32-64,background,0.0,,FP
3523,3523.jpg,1,swimmer,0.35916,"[286.58, 36.79, 42.94, 41.54]",42.23419941232461,32-64,background,0.3568382263183594,,FP
3523,3523.jpg,2,boat,0.30961,"[2693.68, 62.83, 44.17, 24.01]",32.565652150693985,32-64,localization,0.3954249322414398,boat,FP
3523,3523.jpg,2,boat,0.22299,"[2691.95, 62.95, 48.54, 33.11]",40.08939261201147,32-64,localization,0.304066002368927,boat,FP
3523,3523.jpg,2,boat,0.20525,"[3773.38, 286.12, 64.86, 46.41]",54.864857604845746,32-64,background,0.0,,FP
3523,3523.jpg,1,swimmer,0.20046,"[2769.63, 397.37, 45.96, 34.67]",39.91783060237618,32-64,localization,0.2652662396430969,swimmer,FP
3523,3523.jpg,1,swimmer,0.17717,"[103.2, 750.74, 90.03, 35.16]",56.26237463882945,32-64,localization,0.398069828748703,swimmer,FP
3716,3716.jpg,1,swimmer,0.41746,"[2516.17, 343.64, 29.51, 25.11]",27.2212435424982,16-32,localization,0.44579261541366577,swimmer,FP
3716,3716.jpg,1,swimmer,0.37252,"[2516.89, 335.98, 31.95, 34.53]",33.21495897935146,32-64,localization,0.3480677306652069,swimmer,FP
3716,3716.jpg,1,swimmer,0.10341,"[2516.98, 343.33, 32.61, 40.71]",36.43560209465462,32-64,localization,0.28925397992134094,swimmer,FP
3717,3717.jpg,1,swimmer,0.48544,"[2546.89, 335.92, 50.82, 30.29]",39.23439562424787,32-64,localization,0.2760927379131317,swimmer,FP
3718,3718.jpg,1,swimmer,0.4568,"[2602.84, 335.9, 32.93, 29.3]",31.062018607939827,16-32,localization,0.4581027626991272,swimmer,FP
3719,3719.jpg,1,swimmer,0.48502,"[2627.29, 335.6, 43.63, 24.66]",32.801155467452666,32-64,localization,0.3950123190879822,swimmer,FP
3720,3720.jpg,1,swimmer,0.30676,"[2663.93, 334.76, 39.2, 22.02]",29.379993192647273,16-32,localization,0.43935030698776245,swimmer,FP
3721,3721.jpg,1,swimmer,0.12974,"[2661.75, 323.76, 63.14, 24.41]",39.25872387126204,32-64,localization,0.10942577570676804,swimmer,FP
3721,3721.jpg,1,swimmer,0.12273,"[2700.37, 326.08, 36.62, 34.38]",35.482327995778405,32-64,localization,0.323893278837204,swimmer,FP
3722,3722.jpg,1,swimmer,0.57547,"[2734.66, 326.38, 35.86, 21.85]",27.99180237140867,16-32,localization,0.46966272592544556,swimmer,FP
4013,4013.jpg,2,boat,0.66094,"[1915.94, 1103.97, 82.43, 38.24]",56.14377258432141,32-64,duplicate,0.6901315450668335,boat,FP
4013,4013.jpg,5,buoy,0.42486,"[2088.0, 1187.47, 35.58, 20.42]",26.95447272717461,16-32,localization,0.3793735206127167,buoy,FP
4013,4013.jpg,2,boat,0.30832,"[3023.68, 1023.03, 31.52, 37.19]",34.23782703385248,32-64,duplicate,0.5950146317481995,boat,FP
4013,4013.jpg,5,buoy,0.25581,"[2099.07, 1186.38, 36.94, 19.51]",26.845845116144137,16-32,localization,0.41586539149284363,buoy,FP
4013,4013.jpg,2,boat,0.2411,"[1915.34, 1111.83, 82.13, 40.18]",57.44548198074414,32-64,duplicate,0.7959353923797607,boat,FP
4014,4014.jpg,2,boat,0.61025,"[1917.1, 1103.97, 82.94, 38.27]",56.33927404573119,32-64,duplicate,0.6597602367401123,boat,FP
4014,4014.jpg,5,buoy,0.41183,"[2087.98, 1189.59, 34.96, 20.95]",27.063111424963687,16-32,localization,0.2755126655101776,buoy,FP
4014,4014.jpg,2,boat,0.33464,"[3023.78, 1020.37, 30.31, 37.62]",33.76776865592395,32-64,duplicate,0.7156248688697815,boat,FP
4014,4014.jpg,2,boat,0.24493,"[1916.51, 1112.67, 83.46, 39.36]",57.314793901749304,32-64,duplicate,0.7851845622062683,boat,FP
4014,4014.jpg,5,buoy,0.19908,"[2098.09, 1187.71, 37.92, 20.46]",27.853962016201574,16-32,localization,0.30984240770339966,buoy,FP
4015,4015.jpg,5,buoy,0.41833,"[2088.0, 1189.34, 34.93, 20.33]",26.648206318624897,16-32,localization,0.2948346436023712,buoy,FP
4015,4015.jpg,2,boat,0.25233,"[1916.9, 1110.53, 82.31, 41.48]",58.43131694562428,32-64,duplicate,0.7826434373855591,boat,FP
4015,4015.jpg,5,buoy,0.25143,"[2099.07, 1187.75, 36.94, 20.04]",27.20804292851656,16-32,localization,0.3248872756958008,buoy,FP
4016,4016.jpg,5,buoy,0.36963,"[2088.0, 1183.7, 35.02, 23.88]",28.91846468953703,16-32,localization,0.3826480507850647,buoy,FP
4016,4016.jpg,5,buoy,0.30104,"[2099.93, 1182.43, 36.08, 24.15]",29.518333286281592,16-32,localization,0.3672538101673126,buoy,FP
4016,4016.jpg,2,boat,0.2042,"[1915.31, 1110.68, 81.19, 41.33]",57.92739162089037,32-64,duplicate,0.7608575224876404,boat,FP
4017,4017.jpg,2,boat,0.41692,"[3018.63, 1023.64, 21.34, 31.75]",26.02969458138147,16-32,duplicate,0.6619930267333984,boat,FP
4017,4017.jpg,5,buoy,0.33571,"[2088.0, 1184.04, 34.97, 23.53]",28.68525928068282,16-32,localization,0.43624889850616455,buoy,FP
4017,4017.jpg,5,buoy,0.33481,"[2099.8, 1183.38, 36.21, 23.69]",29.288477256422876,16-32,localization,0.4196709394454956,buoy,FP
4017,4017.jpg,2,boat,0.28893,"[1915.16, 1110.62, 80.06, 41.39]",57.56460197030811,32-64,duplicate,0.8109334707260132,boat,FP
4017,4017.jpg,5,buoy,0.12353,"[2903.97, 1117.84, 19.41, 34.16]",25.749671842569178,16-32,localization,0.32576945424079895,buoy,FP
4017,4017.jpg,2,boat,0.11187,"[3807.2, 1006.99, 28.55, 31.7]",30.083799627041795,16-32,background,0.0,,FP
4018,4018.jpg,5,buoy,0.39185,"[2099.62, 1185.93, 36.41, 20.97]",27.631824044025755,16-32,localization,0.3857566714286804,buoy,FP
4018,4018.jpg,2,boat,0.3578,"[1915.77, 1110.83, 80.97, 41.18]",57.743784081059324,32-64,duplicate,0.8073660731315613,boat,FP
4018,4018.jpg,5,buoy,0.26956,"[2088.0, 1186.57, 36.0, 20.56]",27.20588171701112,16-32,localization,0.37802040576934814,buoy,FP
4019,4019.jpg,5,buoy,0.43336,"[2088.0, 1185.87, 33.36, 20.54]",26.1766002376168,16-32,localization,0.42985808849334717,buoy,FP
4019,4019.jpg,5,buoy,0.1911,"[2099.64, 1184.66, 36.36, 20.69]",27.427876330478085,16-32,localization,0.4306162893772125,buoy,FP
4019,4019.jpg,2,boat,0.14144,"[2999.99, 1020.2, 40.93, 36.4]",38.59860101091748,32-64,duplicate,0.5499610900878906,boat,FP
4019,4019.jpg,2,boat,0.10013,"[3805.61, 1007.02, 28.12, 31.27]",29.653202187959398,16-32,background,0.0,,FP
4020,4020.jpg,2,boat,0.52118,"[3012.15, 1022.79, 35.87, 33.81]",34.82477135603334,32-64,duplicate,0.6228221654891968,boat,FP
4020,4020.jpg,5,buoy,0.40298,"[2088.0, 1184.04, 33.74, 22.93]",27.814711934514083,16-32,localization,0.42879143357276917,buoy,FP
4020,4020.jpg,2,boat,0.33894,"[2999.99, 1021.63, 39.47, 34.8]",37.061516428770155,32-64,duplicate,0.5839129090309143,boat,FP
4020,4020.jpg,5,buoy,0.20687,"[2903.97, 1228.49, 26.31, 19.98]",22.92757728151843,16-32,background,0.0,,FP
4020,4020.jpg,5,buoy,0.19897,"[2912.03, 1223.53, 16.68, 21.55]",18.95927213792766,16-32,background,0.0,,FP
4020,4020.jpg,5,buoy,0.19844,"[2099.2, 1183.17, 36.8, 22.66]",28.877118969869553,16-32,localization,0.4231815040111542,buoy,FP
4020,4020.jpg,2,boat,0.16268,"[3805.21, 1007.31, 28.13, 31.79]",29.90405825301977,16-32,background,0.0,,FP
4021,4021.jpg,2,boat,0.56503,"[3011.0, 1020.84, 37.02, 35.56]",36.282657014061144,32-64,duplicate,0.6380888223648071,boat,FP
4021,4021.jpg,5,buoy,0.35454,"[2088.0, 1184.07, 34.03, 21.47]",27.030059193423902,16-32,localization,0.45246392488479614,buoy,FP
4021,4021.jpg,5,buoy,0.30835,"[2099.66, 1183.52, 36.34, 22.2]",28.403309666304736,16-32,localization,0.4268815815448761,buoy,FP
4022,4022.jpg,2,boat,0.55483,"[3010.55, 1023.25, 37.46, 34.54]",35.970382260965756,32-64,duplicate,0.572319746017456,boat,FP
4022,4022.jpg,5,buoy,0.40739,"[2100.49, 1185.34, 35.51, 21.03]",27.32718975672398,16-32,localization,0.41221317648887634,buoy,FP
4022,4022.jpg,5,buoy,0.29652,"[2088.0, 1186.13, 35.81, 20.96]",27.39667133065621,16-32,localization,0.3861142098903656,buoy,FP
4022,4022.jpg,5,buoy,0.15038,"[2917.75, 1115.55, 13.86, 28.8]",19.979189172736717,16-32,localization,0.30296945571899414,buoy,FP
4022,4022.jpg,5,buoy,0.1037,"[2375.95, 1227.12, 27.42, 21.43]",24.240680683512167,16-32,background,0.0,,FP
4023,4023.jpg,2,boat,0.43013,"[1915.47, 1103.97, 81.87, 38.73]",56.310079914700886,32-64,duplicate,0.6977781057357788,boat,FP
4023,4023.jpg,5,buoy,0.3104,"[2101.19, 1187.09, 34.81, 20.48]",26.700352057604036,16-32,localization,0.4395047426223755,buoy,FP
4023,4023.jpg,2,boat,0.24267,"[3007.86, 1024.83, 40.16, 33.12]",36.47052508533432,32-64,duplicate,0.6012637615203857,boat,FP
4023,4023.jpg,5,buoy,0.2154,"[2088.0, 1187.78, 34.22, 20.37]",26.40192038469929,16-32,localization,0.4258629381656647,buoy,FP
4023,4023.jpg,5,buoy,0.18268,"[2904.0, 1120.84, 28.05, 31.17]",29.568877219130254,16-32,localization,0.21926824748516083,buoy,FP
4024,4024.jpg,2,boat,0.46749,"[1914.34, 1115.38, 82.34, 36.63]",54.919160590817484,32-64,duplicate,0.7159193158149719,boat,FP
4024,4024.jpg,2,boat,0.29973,"[1915.07, 1103.98, 82.89, 38.37]",56.395826973278794,32-64,duplicate,0.7307761311531067,boat,FP
4024,4024.jpg,5,buoy,0.26123,"[2088.0, 1190.25, 33.91, 18.72]",25.195142388960612,16-32,localization,0.41265416145324707,buoy,FP
4024,4024.jpg,5,buoy,0.25784,"[2100.63, 1189.28, 35.37, 17.87]",25.14084127470678,16-32,localization,0.44905999302864075,buoy,FP
4024,4024.jpg,2,boat,0.14316,"[3804.19, 1007.12, 30.07, 32.19]",31.111947865731583,16-32,background,0.0,,FP
4024,4024.jpg,2,boat,0.11156,"[3006.6, 1022.21, 41.43, 34.63]",37.8777098040523,32-64,duplicate,0.6003568768501282,boat,FP
4025,4025.jpg,5,buoy,0.46036,"[2101.36, 1183.01, 34.64, 22.61]",27.985896448032534,16-32,localization,0.38982194662094116,buoy,FP
4025,4025.jpg,2,boat,0.42582,"[1916.82, 1103.97, 82.93, 39.62]",57.32090892510341,32-64,duplicate,0.730877697467804,boat,FP
4025,4025.jpg,5,buoy,0.2231,"[2088.0, 1184.79, 37.03, 22.31]",28.742639057678748,16-32,localization,0.40671107172966003,buoy,FP
4026,4026.jpg,5,buoy,0.48396,"[2103.17, 1184.72, 32.84, 21.39]",26.5037280396551,16-32,localization,0.484021931886673,buoy,FP
4027,4027.jpg,5,buoy,0.46625,"[2103.23, 1185.55, 32.79, 21.96]",26.834090258475317,16-32,localization,0.4444022476673126,buoy,FP
4027,4027.jpg,5,buoy,0.18985,"[2916.99, 1114.31, 14.35, 24.42]",18.71969551034418,16-32,localization,0.3619687557220459,buoy,FP
4027,4027.jpg,5,buoy,0.10137,"[3095.38, 1095.75, 16.54, 16.67]",16.60487277879599,16-32,background,0.0,,FP
4028,4028.jpg,5,buoy,0.50281,"[2103.79, 1185.19, 32.21, 21.65]",26.40731906119968,16-32,localization,0.47640538215637207,buoy,FP
4028,4028.jpg,2,boat,0.29276,"[2992.32, 1023.4, 31.96, 30.52]",31.23170184283911,16-32,duplicate,0.6435873508453369,boat,FP
4029,4029.jpg,5,buoy,0.46571,"[2100.63, 1183.71, 35.38, 22.9]",28.464047498555086,16-32,localization,0.3988107442855835,buoy,FP
4029,4029.jpg,5,buoy,0.24784,"[2088.0, 1184.58, 36.92, 23.09]",29.197308095096712,16-32,localization,0.35610800981521606,buoy,FP
4029,4029.jpg,5,buoy,0.13839,"[3095.7, 1095.79, 16.29, 16.77]",16.528257621419144,16-32,background,0.0,,FP
4030,4030.jpg,5,buoy,0.37358,"[2088.0, 1185.38, 34.53, 22.26]",27.724317845530486,16-32,localization,0.3692988157272339,buoy,FP
4030,4030.jpg,5,buoy,0.29102,"[2099.43, 1184.71, 36.58, 22.77]",28.86046777167688,16-32,localization,0.3587651252746582,buoy,FP
4030,4030.jpg,2,boat,0.20655,"[2985.41, 1023.11, 38.79, 33.41]",35.99963749817489,32-64,duplicate,0.5969287753105164,boat,FP
4030,4030.jpg,2,boat,0.20588,"[1914.35, 1103.93, 86.56, 42.89]",60.93076726908993,32-64,duplicate,0.7043794989585876,boat,FP
4030,4030.jpg,5,buoy,0.11507,"[2914.51, 1116.95, 14.44, 24.84]",18.93910240745321,16-32,localization,0.457516610622406,buoy,FP
4031,4031.jpg,5,buoy,0.38366,"[2088.0, 1184.01, 34.86, 24.65]",29.31380220988059,16-32,localization,0.3956713080406189,buoy,FP
4031,4031.jpg,5,buoy,0.32704,"[2916.26, 1118.31, 13.52, 23.88]",17.968238644897834,16-32,localization,0.45831725001335144,buoy,FP
4031,4031.jpg,5,buoy,0.26388,"[2099.56, 1183.42, 36.45, 24.51]",29.88962194474865,16-32,localization,0.3805730640888214,buoy,FP
4031,4031.jpg,2,boat,0.25213,"[2984.51, 1021.4, 39.62, 34.64]",37.04641413146487,32-64,duplicate,0.5284420847892761,boat,FP
4031,4031.jpg,2,boat,0.19066,"[1912.3, 1103.96, 86.62, 42.73]",60.8380851112196,32-64,duplicate,0.6408802270889282,boat,FP
4031,4031.jpg,5,buoy,0.1649,"[3094.78, 1096.92, 16.98, 17.39]",17.183777233192938,16-32,background,0.0,,FP
4032,4032.jpg,5,buoy,0.43887,"[2088.0, 1183.96, 33.47, 24.43]",28.594966340249467,16-32,localization,0.4182605743408203,buoy,FP
4032,4032.jpg,5,buoy,0.18733,"[2098.66, 1183.33, 37.34, 24.89]",30.485941022051463,16-32,localization,0.36798226833343506,buoy,FP
4032,4032.jpg,2,boat,0.15871,"[1223.38, 94.99, 26.85, 27.6]",27.2224172328616,16-32,background,0.0,,FP
4032,4032.jpg,2,boat,0.11335,"[2981.47, 1023.06, 42.68, 34.23]",38.22219773901024,32-64,duplicate,0.5405778884887695,boat,FP
4033,4033.jpg,5,buoy,0.35457,"[2088.0, 1189.68, 33.98, 22.97]",27.93779876797741,16-32,localization,0.4146531820297241,buoy,FP
4033,4033.jpg,5,buoy,0.22148,"[2100.04, 1189.27, 35.97, 22.41]",28.39168364151728,16-32,localization,0.4123634099960327,buoy,FP
4033,4033.jpg,2,boat,0.12092,"[2980.96, 1020.72, 43.24, 35.04]",38.924665701840006,32-64,localization,0.4268939197063446,boat,FP
4034,4034.jpg,5,buoy,0.30529,"[2100.95, 1188.64, 35.06, 22.53]",28.105191691216056,16-32,localization,0.43222713470458984,buoy,FP
4034,4034.jpg,5,buoy,0.26534,"[2088.0, 1189.02, 34.55, 22.25]",27.726115847698537,16-32,localization,0.43209415674209595,buoy,FP
4035,4035.jpg,5,buoy,0.3949,"[2100.89, 1187.28, 35.11, 23.97]",29.01011375365495,16-32,localization,0.3932608664035797,buoy,FP
4035,4035.jpg,5,buoy,0.22486,"[2088.0, 1188.31, 35.58, 23.88]",29.148763267075328,16-32,localization,0.41141676902770996,buoy,FP
4035,4035.jpg,5,buoy,0.1184,"[2918.19, 1123.16, 14.1, 18.52]",16.159579202442124,16-32,localization,0.42246636748313904,buoy,FP
4035,4035.jpg,2,boat,0.10456,"[1916.53, 1103.9, 88.74, 44.09]",62.55035251699226,32-64,duplicate,0.6109532713890076,boat,FP
4036,4036.jpg,5,buoy,0.30712,"[2088.0, 1188.84, 34.58, 24.66]",29.20176022091819,16-32,localization,0.4186490476131439,buoy,FP
4036,4036.jpg,5,buoy,0.28009,"[2100.26, 1187.86, 35.75, 24.65]",29.68564467886793,16-32,localization,0.39645954966545105,buoy,FP
4036,4036.jpg,2,boat,0.16209,"[1920.67, 1103.89, 83.43, 43.71]",60.38812217646779,32-64,duplicate,0.6234655976295471,boat,FP
4037,4037.jpg,5,buoy,0.29593,"[2088.0, 1191.45, 32.86, 23.45]",27.75908860175348,16-32,localization,0.3882597088813782,buoy,FP
4037,4037.jpg,5,buoy,0.26203,"[2100.18, 1191.12, 35.85, 23.64]",29.111750205028898,16-32,localization,0.36326858401298523,buoy,FP
4037,4037.jpg,2,boat,0.20473,"[1919.38, 1103.87, 80.82, 43.34]",59.183940389264386,32-64,duplicate,0.6319509148597717,boat,FP
4037,4037.jpg,2,boat,0.11757,"[2951.98, 1024.47, 39.33, 38.32]",38.82171557260189,32-64,localization,0.46578681468963623,boat,FP
4038,4038.jpg,2,boat,0.42304,"[1918.41, 1103.94, 84.19, 43.4]",60.44705121012935,32-64,duplicate,0.6560698747634888,boat,FP
4038,4038.jpg,2,boat,0.39102,"[2529.74, 1191.48, 65.44, 32.61]",46.195220531998764,32-64,duplicate,0.7694226503372192,boat,FP
4038,4038.jpg,5,buoy,0.27422,"[2100.48, 1190.75, 35.56, 21.75]",27.810609486309357,16-32,localization,0.412512868642807,buoy,FP
4038,4038.jpg,2,boat,0.24877,"[2951.99, 1026.0, 38.16, 33.41]",35.70610031913314,32-64,duplicate,0.5765537023544312,boat,FP
4038,4038.jpg,5,buoy,0.1972,"[2088.0, 1191.09, 34.62, 21.99]",27.591553055237757,16-32,localization,0.4090753495693207,buoy,FP
4039,4039.jpg,2,boat,0.38883,"[2952.0, 1024.98, 37.28, 35.49]",36.37399070764714,32-64,duplicate,0.583695650100708,boat,FP
4039,4039.jpg,5,buoy,0.31291,"[2088.0, 1190.46, 33.57, 23.05]",27.81705412152768,16-32,localization,0.42499661445617676,buoy,FP
4039,4039.jpg,2,boat,0.26385,"[1920.42, 1103.93, 79.37, 44.03]",59.11565867010195,32-64,duplicate,0.6689121127128601,boat,FP
4039,4039.jpg,5,buoy,0.24438,"[2099.93, 1189.81, 36.08, 23.21]",28.9381547442127,16-32,localization,0.4060105085372925,buoy,FP
4040,4040.jpg,2,boat,0.44535,"[2951.99, 1027.51, 35.58, 35.87]",35.72470573706661,32-64,duplicate,0.5875504612922668,boat,FP
4040,4040.jpg,5,buoy,0.36921,"[2088.0, 1187.71, 32.88, 23.77]",27.95635169330934,16-32,localization,0.4567801356315613,buoy,FP
4040,4040.jpg,5,buoy,0.17354,"[2100.23, 1187.12, 35.78, 23.84]",29.206081558469975,16-32,localization,0.410538911819458,buoy,FP
4041,4041.jpg,5,buoy,0.32907,"[2088.0, 1184.92, 34.74, 27.79]",31.071282561233293,16-32,localization,0.36978545784950256,buoy,FP
4041,4041.jpg,2,boat,0.21967,"[2959.41, 1027.67, 40.61, 34.48]",37.4196846592806,32-64,duplicate,0.5102800130844116,boat,FP
4041,4041.jpg,5,buoy,0.2009,"[2099.06, 1184.35, 36.94, 27.55]",31.90136360721905,16-32,localization,0.34912005066871643,buoy,FP
4041,4041.jpg,5,buoy,0.11213,"[2918.63, 1118.43, 15.37, 20.43]",17.720301916163844,16-32,localization,0.3796429932117462,buoy,FP
4042,4042.jpg,5,buoy,0.36338,"[2088.0, 1182.49, 32.14, 28.08]",30.041491307856205,16-32,localization,0.37673497200012207,buoy,FP
4042,4042.jpg,2,boat,0.16459,"[2958.62, 1027.54, 41.4, 32.9]",36.90609705726142,32-64,duplicate,0.5124471783638,boat,FP
4042,4042.jpg,2,boat,0.15306,"[1921.32, 1103.9, 82.31, 43.03]",59.51301790364861,32-64,duplicate,0.6354559063911438,boat,FP
4043,4043.jpg,2,boat,0.47712,"[2491.94, 1189.2, 70.74, 34.98]",49.74419765158545,32-64,duplicate,0.6947187781333923,boat,FP
4043,4043.jpg,5,buoy,0.28706,"[2087.99, 1188.28, 33.7, 24.88]",28.95610471040606,16-32,localization,0.3897152543067932,buoy,FP
4043,4043.jpg,5,buoy,0.10957,"[2916.68, 1120.78, 14.64, 21.07]",17.563166001606888,16-32,localization,0.45436570048332214,buoy,FP
4044,4044.jpg,5,buoy,0.44233,"[2087.99, 1189.18, 30.24, 23.3]",26.544151898299557,16-32,localization,0.41621342301368713,buoy,FP
4044,4044.jpg,5,buoy,0.24103,"[2919.01, 1121.97, 16.31, 19.52]",17.842959395795305,16-32,localization,0.3296913802623749,buoy,FP
4045,4045.jpg,5,buoy,0.45798,"[2087.98, 1188.96, 31.43, 23.78]",27.338716136644017,16-32,localization,0.47765234112739563,buoy,FP
4045,4045.jpg,2,boat,0.41703,"[2482.69, 1190.12, 69.66, 34.13]",48.759571368091414,32-64,duplicate,0.6780001521110535,boat,FP
4046,4046.jpg,5,buoy,0.15626,"[2087.99, 1191.61, 32.84, 25.1]",28.710346567047917,16-32,localization,0.435666024684906,buoy,FP
4047,4047.jpg,5,buoy,0.3385,"[2087.99, 1191.29, 33.95, 22.88]",27.870701462288316,16-32,localization,0.49971988797187805,buoy,FP
4047,4047.jpg,2,boat,0.12143,"[1925.35, 1103.91, 81.96, 42.49]",59.01254442912964,32-64,duplicate,0.6369602680206299,boat,FP
4048,4048.jpg,5,buoy,0.26982,"[2088.0, 1189.33, 34.18, 25.51]",29.528491326175132,16-32,localization,0.4289325773715973,buoy,FP
4048,4048.jpg,1,swimmer,0.1982,"[809.85, 1659.86, 31.03, 20.71]",25.350173569425515,16-32,background,0.0,,FP
4048,4048.jpg,2,boat,0.13332,"[1926.76, 1103.92, 82.24, 42.47]",59.099346866103346,32-64,duplicate,0.6576560139656067,boat,FP
4048,4048.jpg,5,buoy,0.10014,"[2097.99, 1188.6, 38.01, 24.79]",30.69638252302704,16-32,localization,0.3969147503376007,buoy,FP
4049,4049.jpg,5,buoy,0.36837,"[2088.0, 1189.37, 33.94, 23.84]",28.44520346209533,16-32,localization,0.4453642964363098,buoy,FP
4049,4049.jpg,2,boat,0.19294,"[1927.56, 1103.9, 82.5, 42.57]",59.262340487024304,32-64,duplicate,0.6571527719497681,boat,FP
4049,4049.jpg,5,buoy,0.1587,"[2098.29, 1188.95, 37.72, 22.54]",29.15834014480248,16-32,localization,0.4368700385093689,buoy,FP
4049,4049.jpg,2,boat,0.13863,"[2927.85, 1023.5, 36.81, 39.91]",38.32867203543582,32-64,localization,0.4941413998603821,boat,FP
4050,4050.jpg,5,buoy,0.44777,"[2087.99, 1185.54, 33.81, 25.79]",29.52896713398557,16-32,localization,0.41286298632621765,buoy,FP
4050,4050.jpg,2,boat,0.27583,"[2927.81, 1024.91, 33.11, 39.67]",36.24187771073679,32-64,duplicate,0.5138649344444275,boat,FP
4050,4050.jpg,2,boat,0.18669,"[1927.89, 1103.94, 80.49, 42.49]",58.480937919975254,32-64,duplicate,0.6989827156066895,boat,FP
4050,4050.jpg,5,buoy,0.16235,"[2097.44, 1184.54, 38.57, 24.94]",31.015089875736297,16-32,localization,0.3742453455924988,buoy,FP
4051,4051.jpg,2,boat,0.40365,"[1928.12, 1103.92, 78.64, 41.01]",56.789315896566315,32-64,duplicate,0.6291084289550781,boat,FP
4051,4051.jpg,2,boat,0.31458,"[2927.75, 1021.68, 30.56, 43.07]",36.27973539043525,32-64,duplicate,0.5274470448493958,boat,FP
4051,4051.jpg,5,buoy,0.28331,"[2087.99, 1184.54, 32.89, 26.74]",29.65600445103824,16-32,localization,0.4252519905567169,buoy,FP
4051,4051.jpg,5,buoy,0.16665,"[3095.1, 1094.67, 15.16, 15.44]",15.29935946371612,<16,background,0.0,,FP
4051,4051.jpg,5,buoy,0.1406,"[2096.61, 1184.14, 39.55, 26.77]",32.53849258954692,32-64,localization,0.3532455861568451,buoy,FP
4052,4052.jpg,5,buoy,0.48506,"[2088.0, 1184.07, 32.88, 24.44]",28.347613656179245,16-32,localization,0.42310282588005066,buoy,FP
4052,4052.jpg,2,boat,0.30761,"[2927.82, 1021.82, 30.38, 40.24]",34.964141631105434,32-64,duplicate,0.6118653416633606,boat,FP
4052,4052.jpg,5,buoy,0.22111,"[3093.32, 1095.64, 16.08, 15.15]",15.608074833239362,<16,background,0.0,,FP
4052,4052.jpg,5,buoy,0.1305,"[2096.97, 1183.55, 39.04, 24.16]",30.711665536079284,16-32,localization,0.36047253012657166,buoy,FP
4053,4053.jpg,5,buoy,0.5765,"[2087.98, 1187.67, 28.86, 23.63]",26.114398327359563,16-32,localization,0.44649502635002136,buoy,FP
4054,4054.jpg,5,buoy,0.51365,"[2087.97, 1188.32, 29.4, 24.22]",26.684602301702007,16-32,localization,0.34137213230133057,buoy,FP
4054,4054.jpg,2,boat,0.12923,"[2444.66, 1189.85, 52.45, 34.18]",42.34077231227602,32-64,duplicate,0.6245266795158386,boat,FP
4054,4054.jpg,5,buoy,0.10245,"[3095.62, 1085.84, 15.77, 20.33]",17.905420966846883,16-32,background,0.0,,FP
4237,4237.jpg,1,swimmer,0.30684,"[235.99, 839.68, 16.79, 20.45]",18.529854289767094,16-32,localization,0.4892887473106384,swimmer,FP
4237,4237.jpg,1,swimmer,0.25435,"[234.17, 842.61, 29.85, 21.41]",25.28019976186897,16-32,localization,0.26287439465522766,swimmer,FP
4238,4238.jpg,1,swimmer,0.28717,"[235.69, 840.06, 28.34, 23.96]",26.058135006174176,16-32,localization,0.4131433367729187,swimmer,FP
4239,4239.jpg,1,swimmer,0.49788,"[407.86, 897.2, 25.61, 18.95]",22.029741260396136,16-32,localization,0.4553794264793396,swimmer,FP
4239,4239.jpg,2,boat,0.30451,"[736.05, 623.97, 69.39, 37.84]",51.24175641017783,32-64,duplicate,0.6008914113044739,boat,FP
4239,4239.jpg,1,swimmer,0.25211,"[240.26, 839.4, 23.83, 24.62]",24.22177945568822,16-32,localization,0.3136187195777893,swimmer,FP
4239,4239.jpg,1,swimmer,0.19874,"[738.23, 719.59, 34.61, 26.27]",30.153021407480875,16-32,background,0.0,,FP
4239,4239.jpg,2,boat,0.18897,"[403.49, 743.72, 89.33, 44.72]",63.20472767127472,32-64,duplicate,0.6499012112617493,boat,FP
4240,4240.jpg,1,swimmer,0.37702,"[407.99, 894.92, 29.35, 17.52]",22.676243075077494,16-32,localization,0.37338683009147644,swimmer,FP
4240,4240.jpg,2,boat,0.30856,"[407.21, 743.63, 89.83, 44.13]",62.96187656034404,32-64,duplicate,0.6735283732414246,boat,FP
4240,4240.jpg,1,swimmer,0.27788,"[240.6, 835.9, 23.55, 28.11]",25.72917604588223,16-32,localization,0.362542986869812,swimmer,FP
4240,4240.jpg,2,boat,0.2208,"[2298.66, 49.28, 144.08, 33.07]",69.02699182204017,>64,background,0.0,,FP
4240,4240.jpg,2,boat,0.20751,"[742.0, 635.95, 70.95, 36.06]",50.581192156769106,32-64,duplicate,0.6328977942466736,boat,FP
4241,4241.jpg,1,swimmer,0.31644,"[420.7, 891.21, 35.34, 20.85]",27.14477850342493,16-32,localization,0.32300135493278503,swimmer,FP
4241,4241.jpg,1,swimmer,0.27381,"[239.88, 835.57, 24.9, 18.48]",21.45115381512146,16-32,localization,0.44748595356941223,swimmer,FP
4241,4241.jpg,1,swimmer,0.23665,"[248.03, 835.15, 16.83, 28.86]",22.03891558130753,16-32,localization,0.4415968954563141,swimmer,FP
4241,4241.jpg,2,boat,0.21589,"[2301.29, 48.38, 149.25, 33.63]",70.84685949285262,>64,background,0.0,,FP
4241,4241.jpg,1,swimmer,0.20872,"[407.99, 892.03, 36.77, 20.09]",27.179207126036626,16-32,localization,0.3221835792064667,swimmer,FP
4241,4241.jpg,1,swimmer,0.203,"[743.8, 719.68, 32.74, 21.75]",26.6851082066384,16-32,background,0.0,,FP
4241,4241.jpg,2,boat,0.17498,"[747.77, 632.95, 67.54, 39.07]",51.36913275499208,32-64,duplicate,0.5852201581001282,boat,FP
4242,4242.jpg,1,swimmer,0.3626,"[421.44, 892.44, 34.58, 19.82]",26.179679142418838,16-32,localization,0.39394456148147583,swimmer,FP
4242,4242.jpg,1,swimmer,0.34328,"[239.82, 831.23, 26.14, 18.81]",22.174160638003865,16-32,localization,0.4861757159233093,swimmer,FP
4242,4242.jpg,2,boat,0.27774,"[752.45, 633.82, 70.24, 38.19]",51.79252455712117,32-64,duplicate,0.6036309003829956,boat,FP
4242,4242.jpg,1,swimmer,0.17624,"[246.71, 830.63, 19.31, 33.38]",25.388339843321777,16-32,localization,0.3723425269126892,swimmer,FP
4242,4242.jpg,1,swimmer,0.1722,"[407.99, 892.11, 37.43, 20.23]",27.517429022348725,16-32,localization,0.356572687625885,swimmer,FP
4242,4242.jpg,2,boat,0.14014,"[2315.42, 48.89, 145.33, 32.38]",68.59872739344368,>64,background,0.0,,FP
4242,4242.jpg,1,swimmer,0.13113,"[246.44, 816.0, 18.94, 35.28]",25.849626689760917,16-32,localization,0.3392895460128784,swimmer,FP
4242,4242.jpg,1,swimmer,0.10517,"[1012.77, 95.83, 21.41, 26.87]",23.985134979816145,16-32,background,0.0,,FP
4243,4243.jpg,1,swimmer,0.3727,"[424.54, 889.39, 31.49, 22.63]",26.694918992197746,16-32,localization,0.42659562826156616,swimmer,FP
4243,4243.jpg,2,boat,0.2675,"[755.48, 632.8, 69.63, 39.21]",52.25124209049962,32-64,duplicate,0.5675191879272461,boat,FP
4243,4243.jpg,1,swimmer,0.22818,"[239.89, 830.22, 28.7, 19.14]",23.43753399997534,16-32,localization,0.48829108476638794,swimmer,FP
4243,4243.jpg,1,swimmer,0.22012,"[250.81, 815.99, 18.01, 33.93]",24.720018203876794,16-32,localization,0.45034241676330566,swimmer,FP
4436,4436.jpg,1,swimmer,0.40315,"[3135.47, 717.52, 19.86, 17.59]",18.690569814748827,16-32,localization,0.4633353650569916,swimmer,FP
4436,4436.jpg,1,swimmer,0.34065,"[3116.05, 788.96, 28.16, 27.06]",27.604521368790294,16-32,localization,0.30708274245262146,swimmer,FP
4436,4436.jpg,1,swimmer,0.32245,"[2681.67, 711.44, 30.46, 20.38]",24.915352696680817,16-32,localization,0.3545553684234619,swimmer,FP
4436,4436.jpg,1,swimmer,0.28036,"[2705.93, 671.26, 16.52, 20.91]",18.585833314651243,16-32,localization,0.123337022960186,swimmer,FP
4436,4436.jpg,2,boat,0.2614,"[3220.95, 724.92, 51.77, 43.23]",47.307685422138334,32-64,duplicate,0.6191859841346741,boat,FP
4436,4436.jpg,1,swimmer,0.23597,"[2890.59, 672.0, 19.3, 34.35]",25.747912536747517,16-32,localization,0.2509232759475708,swimmer,FP
4436,4436.jpg,1,swimmer,0.18852,"[2895.56, 686.86, 16.53, 33.16]",23.41227882970814,16-32,localization,0.30649393796920776,swimmer,FP
4436,4436.jpg,1,swimmer,0.11072,"[2949.73, 671.77, 21.96, 30.16]",25.73545414404028,16-32,localization,0.2106187343597412,swimmer,FP
4436,4436.jpg,1,swimmer,0.10022,"[2966.69, 719.81, 33.5, 22.63]",27.533706615710134,16-32,localization,0.20577624440193176,swimmer,FP
4437,4437.jpg,1,swimmer,0.446,"[3172.4, 717.78, 20.26, 16.57]",18.322341553415054,16-32,localization,0.4642699062824249,swimmer,FP
4437,4437.jpg,1,swimmer,0.39206,"[2747.59, 671.12, 16.72, 16.1]",16.40707164609212,16-32,localization,0.3607141673564911,swimmer,FP
4437,4437.jpg,1,swimmer,0.32371,"[3143.79, 792.29, 31.97, 23.76]",27.560972406647775,16-32,localization,0.25276222825050354,swimmer,FP
4437,4437.jpg,1,swimmer,0.28622,"[2711.59, 719.45, 28.45, 22.18]",25.120131369083243,16-32,localization,0.3327940106391907,swimmer,FP
4437,4437.jpg,1,swimmer,0.28269,"[2927.12, 688.4, 24.93, 31.61]",28.072002066115626,16-32,localization,0.2284155637025833,swimmer,FP
4437,4437.jpg,1,swimmer,0.27734,"[3095.99, 767.53, 37.09, 18.71]",26.34300476407352,16-32,localization,0.3184176981449127,swimmer,FP
4437,4437.jpg,1,swimmer,0.2264,"[2823.04, 708.63, 32.98, 13.67]",21.2329131303267,16-32,localization,0.27431467175483704,swimmer,FP
4437,4437.jpg,2,boat,0.19802,"[3262.3, 722.98, 53.21, 45.22]",49.05258606842253,32-64,duplicate,0.7090386748313904,boat,FP
4437,4437.jpg,1,swimmer,0.15432,"[3151.23, 791.63, 40.79, 24.42]",31.560922039763035,16-32,localization,0.19275331497192383,swimmer,FP
4437,4437.jpg,1,swimmer,0.1493,"[2928.2, 671.99, 24.11, 36.67]",29.734049505575253,16-32,localization,0.20359370112419128,swimmer,FP
4437,4437.jpg,1,swimmer,0.14516,"[3112.64, 767.82, 31.48, 24.26]",27.635209425658424,16-32,localization,0.311638742685318,swimmer,FP
4438,4438.jpg,2,boat,0.44196,"[3298.7, 727.69, 57.24, 30.58]",41.83777240723985,32-64,duplicate,0.7732841372489929,boat,FP
4438,4438.jpg,1,swimmer,0.40474,"[2752.66, 717.52, 24.08, 26.61]",25.313411465071237,16-32,localization,0.30432194471359253,swimmer,FP
4438,4438.jpg,1,swimmer,0.37605,"[2999.97, 767.93, 36.22, 21.72]",28.048144323644657,16-32,localization,0.4571205973625183,swimmer,FP
4438,4438.jpg,1,swimmer,0.34808,"[2792.03, 671.88, 21.05, 23.61]",22.29328374197036,16-32,localization,0.27695056796073914,swimmer,FP
4438,4438.jpg,1,swimmer,0.33492,"[3142.92, 767.84, 23.17, 22.06]",22.60818878194359,16-32,localization,0.4025519788265228,swimmer,FP
4438,4438.jpg,1,swimmer,0.30585,"[2855.64, 706.41, 20.61, 15.39]",17.80976979076372,16-32,localization,0.2441307008266449,swimmer,FP
4438,4438.jpg,2,boat,0.18474,"[3303.02, 728.9, 50.17, 39.23]",44.364051888888596,32-64,duplicate,0.7817044258117676,boat,FP
4438,4438.jpg,1,swimmer,0.16081,"[3212.18, 716.99, 21.06, 28.05]",24.304999485702524,16-32,localization,0.4564550518989563,swimmer,FP
4438,4438.jpg,1,swimmer,0.15758,"[3011.83, 767.77, 36.36, 22.17]",28.39192138619717,16-32,localization,0.482512891292572,swimmer,FP
4438,4438.jpg,1,swimmer,0.15222,"[2951.99, 693.56, 29.71, 26.46]",28.037949283069903,16-32,localization,0.17253869771957397,swimmer,FP
4439,4439.jpg,1,swimmer,0.51226,"[2893.11, 717.14, 19.91, 18.48]",19.181678758648836,16-32,localization,0.3674984276294708,swimmer,FP
4439,4439.jpg,1,swimmer,0.35046,"[2790.2, 716.69, 25.25, 25.27]",25.25999802058583,16-32,localization,0.25747910141944885,swimmer,FP
4439,4439.jpg,1,swimmer,0.31481,"[3045.85, 767.95, 21.41, 33.38]",26.733233998152937,16-32,localization,0.3359048068523407,swimmer,FP
4439,4439.jpg,1,swimmer,0.29614,"[2833.24, 671.95, 23.66, 32.0]",27.51581363507174,16-32,localization,0.19128191471099854,swimmer,FP
4439,4439.jpg,1,swimmer,0.25357,"[2999.98, 697.45, 25.41, 22.57]",23.94793728069288,16-32,localization,0.24934452772140503,swimmer,FP
4439,4439.jpg,2,boat,0.24425,"[3344.5, 719.81, 51.43, 47.75]",49.55585232845864,32-64,duplicate,0.575608491897583,boat,FP
4439,4439.jpg,1,swimmer,0.23235,"[3255.13, 719.84, 32.88, 25.99]",29.23270770900294,16-32,localization,0.478838175535202,swimmer,FP
4439,4439.jpg,1,swimmer,0.19529,"[3088.43, 738.21, 31.98, 21.47]",26.203255522930732,16-32,localization,0.2971116304397583,swimmer,FP
4439,4439.jpg,1,swimmer,0.19165,"[3177.92, 767.96, 18.69, 33.28]",24.939991980752524,16-32,localization,0.19212505221366882,swimmer,FP
4439,4439.jpg,1,swimmer,0.17607,"[2849.3, 696.78, 24.69, 23.53]",24.10302263202688,16-32,localization,0.2690720856189728,swimmer,FP
4439,4439.jpg,1,swimmer,0.1605,"[3239.99, 719.91, 35.41, 27.1]",30.977588673103657,16-32,localization,0.34267574548721313,swimmer,FP
4439,4439.jpg,1,swimmer,0.12924,"[3075.08, 716.6, 21.91, 11.05]",15.55973971504665,<16,background,0.0,,FP
4439,4439.jpg,1,swimmer,0.11287,"[3088.42, 735.95, 21.2, 32.17]",26.115206298247006,16-32,localization,0.2991184890270233,swimmer,FP
4439,4439.jpg,1,swimmer,0.11104,"[3180.8, 787.24, 17.8, 28.79]",22.637623550187417,16-32,localization,0.2205926477909088,swimmer,FP
4440,4440.jpg,1,swimmer,0.4704,"[2931.73, 718.62, 20.58, 17.1]",18.759477604666927,16-32,localization,0.4376019537448883,swimmer,FP
4440,4440.jpg,1,swimmer,0.41693,"[3294.15, 723.86, 20.08, 22.65]",21.32632176442998,16-32,localization,0.3942825496196747,swimmer,FP
4440,4440.jpg,1,swimmer,0.38901,"[2817.99, 724.95, 20.26, 19.5]",19.87636787745689,16-32,localization,0.386442095041275,swimmer,FP
4440,4440.jpg,1,swimmer,0.388,"[3047.58, 697.22, 17.66, 22.8]",20.06609080015338,16-32,localization,0.48429402709007263,swimmer,FP
4440,4440.jpg,1,swimmer,0.35924,"[3262.19, 811.48, 26.31, 15.24]",20.024095485189836,16-32,localization,0.41150790452957153,swimmer,FP
4440,4440.jpg,1,swimmer,0.32205,"[3287.9, 719.97, 28.55, 24.71]",26.560694644530667,16-32,localization,0.3252173066139221,swimmer,FP
4440,4440.jpg,1,swimmer,0.29417,"[3130.21, 737.59, 21.51, 30.43]",25.584161115815387,16-32,localization,0.357497900724411,swimmer,FP
4440,4440.jpg,1,swimmer,0.28121,"[3082.86, 767.94, 24.64, 34.71]",29.244732859097894,16-32,localization,0.4231526851654053,swimmer,FP
4440,4440.jpg,1,swimmer,0.23672,"[3212.28, 787.47, 28.04, 28.56]",28.298805628506653,16-32,localization,0.2597329914569855,swimmer,FP
4440,4440.jpg,1,swimmer,0.17947,"[2807.95, 719.85, 35.84, 27.67]",31.49115431355288,16-32,localization,0.24201041460037231,swimmer,FP
4440,4440.jpg,1,swimmer,0.17009,"[3119.77, 738.64, 26.78, 20.72]",23.55592494469279,16-32,localization,0.31539249420166016,swimmer,FP
4440,4440.jpg,1,swimmer,0.16208,"[2897.27, 696.73, 10.44, 23.52]",15.66999680918921,<16,localization,0.35028785467147827,swimmer,FP
4440,4440.jpg,2,boat,0.15096,"[3384.59, 719.88, 53.84, 44.63]",49.01917175962891,32-64,localization,0.4043542146682739,boat,FP
4440,4440.jpg,1,swimmer,0.13729,"[3082.11, 780.03, 23.07, 35.99]",28.814741019138104,16-32,localization,0.3712744414806366,swimmer,FP
4440,4440.jpg,1,swimmer,0.12625,"[2855.28, 671.82, 25.53, 29.83]",27.59637476191393,16-32,localization,0.15135334432125092,swimmer,FP
4441,4441.jpg,1,swimmer,0.3736,"[3170.53, 741.68, 22.28, 26.35]",24.22969252797072,16-32,localization,0.34748363494873047,swimmer,FP
4441,4441.jpg,1,swimmer,0.36579,"[3298.7, 815.75, 20.88, 24.47]",22.60384038166966,16-32,localization,0.35634079575538635,swimmer,FP
4441,4441.jpg,1,swimmer,0.34525,"[2972.59, 719.84, 27.45, 21.53]",24.310460711389243,16-32,localization,0.27918851375579834,swimmer,FP
4441,4441.jpg,1,swimmer,0.2862,"[3239.96, 790.46, 29.8, 25.59]",27.614887289286553,16-32,localization,0.24641026556491852,swimmer,FP
4441,4441.jpg,1,swimmer,0.25876,"[3335.94, 719.99, 24.08, 30.65]",27.16711247077981,16-32,localization,0.3111635744571686,swimmer,FP
4441,4441.jpg,1,swimmer,0.24566,"[2855.47, 719.9, 31.9, 32.72]",32.30739853346289,32-64,localization,0.2299361377954483,swimmer,FP
4441,4441.jpg,1,swimmer,0.19976,"[3297.09, 815.87, 38.97, 21.41]",28.885077462246834,16-32,localization,0.31881195306777954,swimmer,FP
4441,4441.jpg,1,swimmer,0.16841,"[2940.53, 703.91, 13.49, 17.02]",15.152550940353244,<16,localization,0.3267791271209717,swimmer,FP
4441,4441.jpg,1,swimmer,0.14992,"[2900.45, 671.96, 17.78, 32.28]",23.957011499767663,16-32,localization,0.18489867448806763,swimmer,FP
4441,4441.jpg,1,swimmer,0.14644,"[2853.98, 727.78, 25.21, 40.24]",31.85043798756934,16-32,localization,0.23658129572868347,swimmer,FP
4441,4441.jpg,1,swimmer,0.10434,"[2869.38, 712.54, 34.74, 15.94]",23.532012238650566,16-32,background,0.0,,FP
4442,4442.jpg,2,boat,0.55568,"[0.0, 471.85, 68.65, 39.65]",52.172526294976365,32-64,background,0.0,,FP
4442,4442.jpg,1,swimmer,0.47354,"[3287.26, 794.46, 21.61, 21.77]",21.6898524660727,16-32,localization,0.47383105754852295,swimmer,FP
4442,4442.jpg,1,swimmer,0.39895,"[3009.22, 724.54, 20.5, 19.83]",20.16221713998736,16-32,localization,0.24969923496246338,swimmer,FP
4442,4442.jpg,1,swimmer,0.36202,"[3205.83, 749.75, 34.31, 18.7]",25.329765099581955,16-32,localization,0.3647148907184601,swimmer,FP
4442,4442.jpg,1,swimmer,0.33554,"[3382.71, 738.11, 22.16, 29.94]",25.757919170616248,16-32,localization,0.4006965160369873,swimmer,FP
4442,4442.jpg,1,swimmer,0.3219,"[3143.98, 789.84, 34.77, 26.2]",30.182345833284728,16-32,localization,0.35661572217941284,swimmer,FP
4442,4442.jpg,1,swimmer,0.27891,"[2890.14, 719.96, 22.35, 32.62]",27.001055534923076,16-32,localization,0.2688404321670532,swimmer,FP
4442,4442.jpg,1,swimmer,0.22927,"[2994.97, 713.82, 14.74, 16.0]",15.357083056361974,<16,background,0.00022169276780914515,,FP
4442,4442.jpg,1,swimmer,0.22417,"[2949.26, 671.99, 22.83, 34.44]",28.040420824231578,16-32,localization,0.21366837620735168,swimmer,FP
4442,4442.jpg,2,boat,0.22247,"[0.0, 357.3, 64.99, 155.13]",100.4086584911879,>64,background,0.0,,FP
4442,4442.jpg,1,swimmer,0.21983,"[3157.57, 791.82, 34.46, 24.25]",28.907697936708832,16-32,localization,0.421226441860199,swimmer,FP
4442,4442.jpg,1,swimmer,0.19817,"[3211.4, 743.16, 17.52, 26.76]",21.652602614928306,16-32,localization,0.38115158677101135,swimmer,FP
4442,4442.jpg,1,swimmer,0.19108,"[2885.36, 729.99, 42.82, 26.02]",33.37928099884717,32-64,localization,0.1759146898984909,swimmer,FP
4442,4442.jpg,2,boat,0.16439,"[0.0, 431.93, 71.13, 81.91]",76.32993056462189,>64,background,0.0,,FP
4442,4442.jpg,1,swimmer,0.1569,"[2892.43, 730.21, 20.42, 37.79]",27.778981262818117,16-32,localization,0.2539939880371094,swimmer,FP
4442,4442.jpg,1,swimmer,0.13896,"[3335.55, 815.59, 26.35, 24.14]",25.22080490388838,16-32,localization,0.3178136646747589,swimmer,FP
4482,4482.jpg,1,swimmer,0.46141,"[0.81, 1253.18, 114.42, 332.42]",195.02691198908934,>64,background,0.0,,FP
4482,4482.jpg,1,swimmer,0.38091,"[0.16, 1326.08, 105.17, 269.44]",168.33598783385565,>64,background,0.0,,FP
4482,4482.jpg,2,boat,0.30774,"[663.72, 2035.12, 444.45, 124.88]",235.59056857183396,>64,class_confusion,0.9496763944625854,swimmer,FP
4482,4482.jpg,1,swimmer,0.29422,"[3240.76, 1472.9, 286.7, 129.23]",192.48439157500536,>64,duplicate,0.5691872835159302,swimmer,FP
4482,4482.jpg,1,swimmer,0.27175,"[3392.03, 1384.3, 137.83, 171.56]",153.7729325986859,>64,localization,0.38897743821144104,swimmer,FP
4482,4482.jpg,1,swimmer,0.2438,"[3350.65, 1385.28, 177.37, 194.69]",185.828322114795,>64,duplicate,0.57319176197052,swimmer,FP
4482,4482.jpg,1,swimmer,0.13311,"[3404.41, 1377.61, 125.03, 140.43]",132.50646361593084,>64,localization,0.26566874980926514,swimmer,FP
4482,4482.jpg,1,swimmer,0.12068,"[2408.82, 462.39, 162.4, 138.61]",150.03420943238245,>64,duplicate,0.7685279846191406,swimmer,FP
4483,4483.jpg,1,swimmer,0.32315,"[3409.45, 1561.74, 157.49, 144.46]",150.83436412170803,>64,duplicate,0.5723705887794495,swimmer,FP
4484,4484.jpg,1,swimmer,0.49828,"[3336.87, 1565.56, 239.56, 201.81]",219.87633706244972,>64,duplicate,0.7751728892326355,swimmer,FP
4484,4484.jpg,1,swimmer,0.14547,"[3099.58, 1168.03, 207.62, 147.64]",175.08002970070572,>64,duplicate,0.7530011534690857,swimmer,FP
4485,4485.jpg,1,swimmer,0.42581,"[3198.14, 1175.14, 142.97, 145.06]",144.01120859155373,>64,duplicate,0.576729953289032,swimmer,FP
4485,4485.jpg,1,swimmer,0.35379,"[3482.92, 1617.64, 161.97, 129.77]",144.9787808612005,>64,localization,0.4946248531341553,swimmer,FP
4486,4486.jpg,1,swimmer,0.51053,"[3252.97, 1002.2, 174.69, 200.98]",187.37448118674004,>64,localization,0.34136661887168884,swimmer,FP
4486,4486.jpg,1,swimmer,0.41757,"[3428.17, 1452.19, 288.16, 210.54]",246.31119828379707,>64,duplicate,0.6215929985046387,swimmer,FP
4486,4486.jpg,1,swimmer,0.25106,"[3199.56, 1004.89, 232.6, 221.97]",227.2228465625761,>64,localization,0.49473610520362854,swimmer,FP
4486,4486.jpg,1,swimmer,0.21224,"[3546.0, 1399.55, 166.52, 211.49]",187.6627688168327,>64,localization,0.4736884534358978,swimmer,FP
4486,4486.jpg,1,swimmer,0.15564,"[3004.85, 1006.21, 433.57, 445.63]",439.55864125279123,>64,localization,0.44165346026420593,swimmer,FP
4486,4486.jpg,1,swimmer,0.15001,"[3539.46, 1447.01, 174.14, 183.34]",178.68079807298824,>64,localization,0.42942947149276733,swimmer,FP
4486,4486.jpg,1,swimmer,0.13115,"[925.11, 2124.52, 187.9, 35.48]",81.6498132269756,>64,background,0.0,,FP
4486,4486.jpg,1,swimmer,0.11555,"[3547.18, 1390.27, 161.36, 153.37]",157.31428161486167,>64,localization,0.33286890387535095,swimmer,FP
4487,4487.jpg,2,boat,0.54448,"[644.88, 2021.54, 473.16, 138.46]",255.95650724292986,>64,class_confusion,0.8302148580551147,swimmer,FP
4488,4488.jpg,2,boat,0.60895,"[663.35, 2012.12, 474.6, 147.88]",264.9223433385716,>64,class_confusion,0.817797839641571,swimmer,FP
4488,4488.jpg,1,swimmer,0.4601,"[3539.39, 1336.56, 195.46, 231.19]",212.57562748349116,>64,duplicate,0.6075297594070435,swimmer,FP
4488,4488.jpg,1,swimmer,0.13675,"[3451.53, 1437.17, 280.7, 143.41]",200.63695322646822,>64,duplicate,0.5804193019866943,swimmer,FP
4875,4875.jpg,1,swimmer,0.18432,"[1736.73, 1207.76, 69.34, 64.48]",66.86585974920236,>64,localization,0.40081021189689636,swimmer,FP
4875,4875.jpg,1,swimmer,0.12222,"[1689.44, 1207.32, 112.23, 78.77]",94.02317320745986,>64,duplicate,0.7016592621803284,swimmer,FP
4880,4880.jpg,1,swimmer,0.15063,"[1796.57, 1659.6, 62.07, 52.86]",57.280190292979995,32-64,duplicate,0.7197233438491821,swimmer,FP
4887,4887.jpg,1,swimmer,0.2031,"[1895.83, 1419.54, 47.61, 29.93]",37.748739051788206,32-64,duplicate,0.592831552028656,swimmer,FP
4888,4888.jpg,1,swimmer,0.26859,"[1895.95, 1354.57, 43.24, 37.61]",40.32686945449647,32-64,duplicate,0.7283464074134827,swimmer,FP
4888,4888.jpg,1,swimmer,0.12226,"[1905.82, 1343.97, 38.62, 43.02]",40.76067222213098,32-64,duplicate,0.5563760995864868,swimmer,FP
4889,4889.jpg,1,swimmer,0.31752,"[1902.85, 1290.28, 41.3, 29.41]",34.851585329795256,32-64,duplicate,0.5397872924804688,swimmer,FP
4890,4890.jpg,1,swimmer,0.10227,"[1898.32, 1235.03, 45.74, 29.07]",36.46452796897281,32-64,duplicate,0.6103716492652893,swimmer,FP
4892,4892.jpg,1,swimmer,0.27001,"[1864.36, 1024.0, 96.03, 40.18]",62.11670789731214,32-64,duplicate,0.7842455506324768,swimmer,FP
4892,4892.jpg,1,swimmer,0.10472,"[1911.46, 1023.72, 57.01, 41.49]",48.6348116065026,32-64,localization,0.4411570727825165,swimmer,FP
4893,4893.jpg,1,swimmer,0.10968,"[1896.73, 1007.86, 74.43, 45.9]",58.44943968935887,32-64,duplicate,0.5757500529289246,swimmer,FP
4894,4894.jpg,1,swimmer,0.24119,"[1867.74, 1019.3, 110.57, 37.11]",64.05663665850713,>64,duplicate,0.513738751411438,swimmer,FP
4894,4894.jpg,1,swimmer,0.1353,"[1892.02, 1007.84, 84.71, 44.74]",61.56236999986274,32-64,duplicate,0.5175493359565735,swimmer,FP
4895,4895.jpg,1,swimmer,0.18351,"[1864.94, 1019.64, 91.54, 34.08]",55.85412428818484,32-64,duplicate,0.7740587592124939,swimmer,FP
4896,4896.jpg,1,swimmer,0.18457,"[1835.81, 1027.56, 73.39, 37.2]",52.25043540488443,32-64,duplicate,0.7424315810203552,swimmer,FP
4897,4897.jpg,5,buoy,0.85301,"[2065.75, 785.3, 78.69, 100.51]",88.93330028735018,>64,localization,0.37890782952308655,buoy,FP
4897,4897.jpg,1,swimmer,0.60093,"[2353.52, 1172.54, 41.96, 32.08]",36.688919308150794,32-64,localization,0.19085675477981567,swimmer,FP
4897,4897.jpg,1,swimmer,0.39868,"[2198.74, 989.73, 33.46, 24.47]",28.61409093436309,16-32,background,0.0,,FP
4898,4898.jpg,1,swimmer,0.16115,"[2567.13, 1204.3, 40.87, 43.73]",42.275821695148636,32-64,duplicate,0.5723893046379089,swimmer,FP
4899,4899.jpg,1,swimmer,0.10785,"[2506.31, 1203.88, 39.25, 44.14]",41.623250713993976,32-64,localization,0.4831182360649109,swimmer,FP
4900,4900.jpg,1,swimmer,0.1666,"[2489.41, 1206.02, 40.11, 41.99]",41.039236104001745,32-64,localization,0.49238988757133484,swimmer,FP
4900,4900.jpg,1,swimmer,0.16455,"[2490.45, 1207.72, 54.07, 28.43]",39.20727100934213,32-64,localization,0.4912382960319519,swimmer,FP
4900,4900.jpg,1,swimmer,0.12343,"[2471.64, 1199.72, 50.1, 33.78]",41.13852209304559,32-64,duplicate,0.5162851214408875,swimmer,FP
4901,4901.jpg,1,swimmer,0.50478,"[2478.66, 1079.67, 42.27, 31.15]",36.28650575627254,32-64,localization,0.48330605030059814,swimmer,FP
4901,4901.jpg,1,swimmer,0.10202,"[2445.78, 1205.05, 38.0, 42.96]",40.4039602019406,32-64,localization,0.4409598708152771,swimmer,FP
4902,4902.jpg,1,swimmer,0.56641,"[2377.75, 1070.72, 61.65, 37.17]",47.86993315224077,32-64,localization,0.3873290419578552,swimmer,FP
4903,4903.jpg,1,swimmer,0.56782,"[2212.08, 1193.56, 39.29, 32.23]",35.58534389323784,32-64,localization,0.4896089434623718,swimmer,FP
4903,4903.jpg,1,swimmer,0.54241,"[2268.98, 1070.28, 54.95, 33.81]",43.10289433437156,32-64,localization,0.40400832891464233,swimmer,FP
4905,4905.jpg,1,swimmer,0.26467,"[1965.5, 1055.9, 60.81, 39.93]",49.276194049459626,32-64,duplicate,0.5066832304000854,swimmer,FP
4906,4906.jpg,1,swimmer,0.25467,"[1829.87, 1055.96, 45.82, 38.77]",42.14785166529844,32-64,duplicate,0.5739274024963379,swimmer,FP
4906,4906.jpg,1,swimmer,0.15138,"[1652.43, 1006.76, 27.07, 22.42]",24.635531250614427,16-32,background,0.0,,FP
4906,4906.jpg,1,swimmer,0.13953,"[1743.69, 1184.74, 32.9, 39.46]",36.03101441813705,32-64,localization,0.46343159675598145,swimmer,FP
4907,4907.jpg,1,swimmer,0.55431,"[1576.33, 1183.43, 32.18, 31.03]",31.599768986497352,16-32,localization,0.4120229184627533,swimmer,FP
4907,4907.jpg,1,swimmer,0.35632,"[1674.81, 1065.61, 53.39, 38.42]",45.2906590810953,32-64,localization,0.4093112647533417,swimmer,FP
4907,4907.jpg,1,swimmer,0.30016,"[1470.75, 1021.97, 34.02, 23.33]",28.172443983438853,16-32,background,0.0,,FP
4907,4907.jpg,1,swimmer,0.23986,"[1672.53, 1055.92, 55.93, 42.06]",48.501709248231656,32-64,localization,0.3922416865825653,swimmer,FP
4907,4907.jpg,1,swimmer,0.19018,"[1574.36, 1183.66, 32.27, 40.45]",36.12923331597282,32-64,localization,0.3772951066493988,swimmer,FP
4908,4908.jpg,1,swimmer,0.52856,"[1440.32, 1199.71, 30.6, 33.14]",31.844685584882136,16-32,localization,0.4665742814540863,swimmer,FP
4908,4908.jpg,1,swimmer,0.21666,"[1442.03, 1202.1, 46.28, 31.18]",37.9869767157114,32-64,localization,0.301853209733963,swimmer,FP
4908,4908.jpg,1,swimmer,0.18179,"[1099.52, 1171.12, 31.1, 30.0]",30.54504869860253,16-32,background,0.0,,FP
4909,4909.jpg,1,swimmer,0.54545,"[1578.26, 1072.55, 69.32, 32.07]",47.14968080485805,32-64,localization,0.4830475449562073,swimmer,FP
4909,4909.jpg,1,swimmer,0.48299,"[1480.58, 1199.51, 31.79, 31.44]",31.614515653414653,16-32,localization,0.39025765657424927,swimmer,FP
4909,4909.jpg,1,swimmer,0.11965,"[767.96, 1270.26, 40.71, 42.18]",41.43848211505822,32-64,background,0.0,,FP
4910,4910.jpg,1,swimmer,0.49656,"[1738.55, 1069.24, 48.26, 37.68]",42.64313309314877,32-64,localization,0.31114253401756287,swimmer,FP
4910,4910.jpg,1,swimmer,0.27118,"[1615.78, 1186.66, 40.28, 31.59]",35.67134984830263,32-64,localization,0.4686723053455353,swimmer,FP
4910,4910.jpg,1,swimmer,0.18808,"[1543.59, 1081.51, 32.55, 28.41]",30.409628409436376,16-32,background,0.0,,FP
4910,4910.jpg,1,swimmer,0.16841,"[1569.22, 1031.18, 25.84, 28.06]",26.927131299119107,16-32,background,0.0,,FP
4910,4910.jpg,1,swimmer,0.1463,"[1559.49, 1031.84, 36.3, 28.12]",31.94927229218218,16-32,background,0.0,,FP
4910,4910.jpg,1,swimmer,0.10919,"[1691.63, 1055.14, 61.55, 35.3]",46.61239105645622,32-64,localization,0.3730717599391937,swimmer,FP
4911,4911.jpg,1,swimmer,0.10472,"[1728.61, 989.5, 37.75, 29.62]",33.4388247401131,32-64,background,0.0,,FP
4912,4912.jpg,1,swimmer,0.40771,"[1892.93, 1068.63, 45.76, 35.43]",40.265081646508555,32-64,localization,0.44534552097320557,swimmer,FP
4912,4912.jpg,1,swimmer,0.29335,"[1900.65, 1072.4, 44.07, 31.76]",37.41207291770933,32-64,localization,0.3645522892475128,swimmer,FP
4913,4913.jpg,1,swimmer,0.28738,"[1855.25, 1190.09, 40.79, 31.4]",35.788350059761065,32-64,duplicate,0.6740529537200928,swimmer,FP
4913,4913.jpg,1,swimmer,0.12138,"[1989.26, 1075.15, 60.82, 34.75]",45.97276367589836,32-64,duplicate,0.6656336784362793,swimmer,FP
4914,4914.jpg,1,swimmer,0.49253,"[2148.54, 1091.83, 42.34, 28.5]",34.73744377469361,32-64,localization,0.3230772018432617,swimmer,FP
4914,4914.jpg,1,swimmer,0.17391,"[2133.36, 1090.73, 53.83, 30.41]",40.45948961615804,32-64,localization,0.4353836476802826,swimmer,FP
4918,4918.jpg,1,swimmer,0.48738,"[2083.73, 1164.01, 43.72, 36.36]",39.870530470511675,32-64,localization,0.3522767722606659,swimmer,FP
4919,4919.jpg,1,swimmer,0.33602,"[2094.49, 1150.7, 51.5, 40.76]",45.816372619403204,32-64,localization,0.3039340078830719,swimmer,FP
4919,4919.jpg,1,swimmer,0.20774,"[2084.08, 1151.12, 56.01, 42.68]",48.892809287256135,32-64,localization,0.2668890058994293,swimmer,FP
4919,4919.jpg,1,swimmer,0.20358,"[2095.02, 1157.01, 47.92, 43.05]",45.41977542877111,32-64,localization,0.30926498770713806,swimmer,FP
4919,4919.jpg,1,swimmer,0.19266,"[2260.66, 1058.14, 56.6, 46.0]",51.02548382916129,32-64,duplicate,0.6295862197875977,swimmer,FP
4919,4919.jpg,1,swimmer,0.14475,"[1878.42, 1210.9, 52.17, 37.89]",44.46033400684255,32-64,background,0.0,,FP
4920,4920.jpg,1,swimmer,0.27784,"[2087.76, 1151.9, 39.15, 36.46]",37.781066686900196,32-64,localization,0.4413590729236603,swimmer,FP
4920,4920.jpg,1,swimmer,0.27691,"[2095.6, 1151.64, 40.56, 33.74]",36.993166936611416,32-64,localization,0.4253615438938141,swimmer,FP
4920,4920.jpg,1,swimmer,0.17525,"[1968.95, 1094.57, 33.03, 38.78]",35.78971081190794,32-64,background,0.0,,FP
4920,4920.jpg,1,swimmer,0.16866,"[2260.67, 1058.07, 55.52, 46.0]",50.53632357027963,32-64,duplicate,0.5051284432411194,swimmer,FP
4920,4920.jpg,1,swimmer,0.1337,"[2087.06, 1156.94, 36.75, 43.08]",39.78932017514247,32-64,localization,0.3944176137447357,swimmer,FP
4921,4921.jpg,1,swimmer,0.35314,"[2080.26, 1161.23, 49.56, 38.84]",43.87380083831352,32-64,localization,0.3584582507610321,swimmer,FP
4921,4921.jpg,1,swimmer,0.21703,"[2079.94, 1151.84, 49.47, 42.09]",45.631045352917354,32-64,localization,0.3313814699649811,swimmer,FP
4921,4921.jpg,1,swimmer,0.18189,"[2253.82, 1055.81, 51.95, 43.21]",47.378892979891376,32-64,duplicate,0.7964012622833252,swimmer,FP
4921,4921.jpg,1,swimmer,0.14989,"[1770.33, 915.87, 39.47, 31.48]",35.24933474549555,32-64,background,0.0,,FP
4922,4922.jpg,1,swimmer,0.48221,"[2290.59, 1082.45, 39.84, 36.92]",38.35222027471161,32-64,localization,0.4128485321998596,swimmer,FP
4923,4923.jpg,1,swimmer,0.56504,"[2121.15, 1188.38, 48.5, 29.76]",37.991578014080964,32-64,localization,0.4156967103481293,swimmer,FP
4924,4924.jpg,1,swimmer,0.50013,"[2214.12, 1194.86, 44.66, 36.1]",40.15253416660024,32-64,localization,0.4807018041610718,swimmer,FP
4924,4924.jpg,1,swimmer,0.40839,"[2400.39, 1113.83, 36.8, 38.25]",37.51799568207235,32-64,localization,0.32352158427238464,swimmer,FP
4924,4924.jpg,2,boat,0.33649,"[2898.02, 23.0, 65.08, 53.57]",59.04519963553346,32-64,class_confusion,0.7684285044670105,jetski,FP
4924,4924.jpg,1,swimmer,0.21721,"[2397.22, 1103.86, 40.2, 42.92]",41.5377418741077,32-64,localization,0.49271515011787415,swimmer,FP
4924,4924.jpg,1,swimmer,0.19482,"[2400.71, 1111.0, 47.64, 36.32]",41.59669217618151,32-64,localization,0.4153783321380615,swimmer,FP
5148,5148.jpg,1,swimmer,0.27383,"[2436.45, 1111.21, 57.8, 54.86]",56.31081601255659,32-64,localization,0.3595954179763794,swimmer,FP
5151,5151.jpg,1,swimmer,0.1517,"[2788.05, 1177.34, 100.59, 73.06]",85.72692342549102,>64,duplicate,0.8255199193954468,swimmer,FP
5151,5151.jpg,1,swimmer,0.12042,"[2872.29, 1103.74, 53.89, 49.11]",51.44451282692839,32-64,duplicate,0.5385955572128296,swimmer,FP
5152,5152.jpg,1,swimmer,0.19658,"[2758.9, 1241.5, 52.39, 48.48]",50.39709515438365,32-64,duplicate,0.7807661890983582,swimmer,FP
5152,5152.jpg,1,swimmer,0.18314,"[2882.91, 1110.74, 69.86, 54.97]",61.969381149080384,32-64,duplicate,0.5909647941589355,swimmer,FP
5256,5256.jpg,1,swimmer,0.36726,"[2031.49, 553.18, 69.73, 45.55]",56.35779892792124,32-64,localization,0.25514087080955505,swimmer,FP
5256,5256.jpg,1,swimmer,0.17338,"[2003.55, 527.97, 57.77, 42.02]",49.26961944241096,32-64,localization,0.47363319993019104,swimmer,FP
5256,5256.jpg,2,boat,0.13473,"[2008.49, 540.86, 88.64, 85.02]",86.81113292660106,>64,localization,0.24598626792430878,boat,FP
5257,5257.jpg,1,swimmer,0.29523,"[2063.86, 669.61, 41.92, 38.07]",39.948647035913496,32-64,localization,0.25680801272392273,swimmer,FP
5258,5258.jpg,1,swimmer,0.4529,"[2034.33, 800.25, 83.35, 46.94]",62.54957234066433,32-64,localization,0.4835333824157715,swimmer,FP
5258,5258.jpg,1,swimmer,0.39507,"[2031.7, 794.05, 66.26, 41.58]",52.4889588389787,32-64,localization,0.4272356331348419,swimmer,FP
5308,5308.jpg,1,swimmer,0.3882,"[1799.93, 1247.51, 42.99, 33.89]",38.16976683187887,32-64,duplicate,0.6562935709953308,swimmer,FP
5308,5308.jpg,1,swimmer,0.38666,"[1889.79, 1126.51, 47.81, 51.06]",49.40828473039719,32-64,localization,0.18346865475177765,swimmer,FP
5308,5308.jpg,1,swimmer,0.22607,"[1885.98, 1157.79, 35.9, 42.67]",39.13889369923478,32-64,localization,0.4563370645046234,swimmer,FP
5309,5309.jpg,1,swimmer,0.68543,"[1886.07, 1168.12, 36.23, 32.59]",34.361834933542184,32-64,localization,0.48617592453956604,swimmer,FP
5309,5309.jpg,1,swimmer,0.25499,"[1815.3, 1247.87, 33.6, 39.54]",36.44919752203058,32-64,duplicate,0.6419682502746582,swimmer,FP
5309,5309.jpg,1,swimmer,0.1607,"[1898.17, 1486.46, 46.14, 33.86]",39.5259459089849,32-64,duplicate,0.6218163371086121,swimmer,FP
5310,5310.jpg,1,swimmer,0.3975,"[2049.08, 1340.98, 38.99, 23.43]",30.22475310072855,16-32,duplicate,0.6476128101348877,swimmer,FP
5310,5310.jpg,1,swimmer,0.12398,"[1799.93, 1265.12, 47.19, 31.95]",38.82937676553668,32-64,duplicate,0.6052148342132568,swimmer,FP
5311,5311.jpg,1,swimmer,0.37375,"[2039.9, 1343.83, 43.23, 33.45]",38.026878651816794,32-64,duplicate,0.740566074848175,swimmer,FP
5311,5311.jpg,1,swimmer,0.16257,"[1963.23, 1276.74, 46.71, 43.4]",45.024593279673276,32-64,localization,0.4845917224884033,swimmer,FP
5312,5312.jpg,1,swimmer,0.33665,"[1964.3, 1283.36, 43.15, 36.86]",39.88118604053796,32-64,localization,0.4488171935081482,swimmer,FP
5312,5312.jpg,1,swimmer,0.10345,"[1869.83, 1495.44, 55.07, 43.55]",48.972425914998325,32-64,duplicate,0.5421863794326782,swimmer,FP
5313,5313.jpg,1,swimmer,0.20943,"[1774.63, 1415.03, 37.3, 40.88]",39.04899486542516,32-64,duplicate,0.7235957980155945,swimmer,FP
5313,5313.jpg,1,swimmer,0.15085,"[1819.93, 1251.07, 34.6, 44.99]",39.45445475481825,32-64,duplicate,0.7355297803878784,swimmer,FP
5313,5313.jpg,1,swimmer,0.11484,"[1895.01, 1130.02, 46.31, 45.21]",45.75669459215777,32-64,localization,0.1633511632680893,swimmer,FP
5313,5313.jpg,1,swimmer,0.10577,"[1959.84, 1253.71, 35.58, 42.32]",38.803937944492176,32-64,duplicate,0.6473093628883362,swimmer,FP
5314,5314.jpg,1,swimmer,0.62419,"[1890.93, 1171.09, 33.81, 29.81]",31.747064431219464,16-32,localization,0.4336549937725067,swimmer,FP
5314,5314.jpg,1,swimmer,0.45631,"[2049.16, 1316.57, 38.96, 27.55]",32.76199017153873,32-64,duplicate,0.811837375164032,swimmer,FP
5314,5314.jpg,1,swimmer,0.39154,"[1955.18, 1247.95, 42.09, 39.29]",40.665908326262674,32-64,duplicate,0.555895209312439,swimmer,FP
5314,5314.jpg,1,swimmer,0.16815,"[1820.11, 1254.44, 37.23, 41.6]",39.3543898440822,32-64,duplicate,0.6921393275260925,swimmer,FP
5543,5543.jpg,1,swimmer,0.74674,"[2049.86, 1008.67, 59.97, 64.57]",62.22750919006802,32-64,localization,0.21157927811145782,swimmer,FP
5543,5543.jpg,1,swimmer,0.71445,"[2105.4, 622.86, 75.23, 33.42]",50.14166530940113,32-64,localization,0.17224891483783722,swimmer,FP
5543,5543.jpg,1,swimmer,0.66937,"[1634.53, 743.38, 53.26, 35.55]",43.513135947665276,32-64,localization,0.15882202982902527,swimmer,FP
5543,5543.jpg,1,swimmer,0.63818,"[1446.88, 658.97, 68.98, 37.31]",50.73109302981752,32-64,localization,0.21254654228687286,swimmer,FP
5543,5543.jpg,1,swimmer,0.61127,"[1775.23, 669.92, 95.74, 31.05]",54.52272003486253,32-64,localization,0.31992942094802856,swimmer,FP
5543,5543.jpg,1,swimmer,0.29984,"[3211.69, 538.45, 48.87, 44.87]",46.82730933974319,32-64,background,0.0,,FP
5544,5544.jpg,1,swimmer,0.47415,"[1718.33, 719.7, 46.68, 41.82]",44.18322758694752,32-64,localization,0.49677392840385437,swimmer,FP
5544,5544.jpg,1,swimmer,0.23108,"[1505.27, 651.96, 84.29, 45.16]",61.69713445533755,32-64,duplicate,0.6667624711990356,swimmer,FP
5545,5545.jpg,1,swimmer,0.48276,"[1895.29, 695.58, 44.15, 36.63]",40.21460555569332,32-64,localization,0.3866824507713318,swimmer,FP
5546,5546.jpg,1,swimmer,0.56756,"[2020.26, 671.66, 38.41, 37.33]",37.86614979107329,32-64,localization,0.4100528657436371,swimmer,FP
5547,5547.jpg,1,swimmer,0.4707,"[2087.85, 669.3, 41.27, 30.09]",35.23938563596136,32-64,localization,0.4463522732257843,swimmer,FP
5547,5547.jpg,1,swimmer,0.3423,"[2219.27, 599.95, 82.63, 31.24]",50.8070979293248,32-64,duplicate,0.7670211791992188,swimmer,FP
5547,5547.jpg,1,swimmer,0.14031,"[3463.27, 408.35, 52.05, 48.6]",50.29542722753233,32-64,duplicate,0.8067607283592224,swimmer,FP
5548,5548.jpg,1,swimmer,0.13503,"[2549.44, 527.92, 74.75, 43.42]",56.970562574017116,32-64,duplicate,0.6892246603965759,swimmer,FP
5548,5548.jpg,1,swimmer,0.10097,"[2115.18, 672.06, 40.68, 48.02]",44.19789135241635,32-64,duplicate,0.8584795594215393,swimmer,FP
5549,5549.jpg,1,swimmer,0.35014,"[2561.49, 887.45, 69.0, 47.61]",57.31570465413472,32-64,duplicate,0.5675725340843201,swimmer,FP
5549,5549.jpg,1,swimmer,0.2358,"[2564.04, 527.95, 64.62, 41.62]",51.86023910473225,32-64,duplicate,0.6814917922019958,swimmer,FP
5550,5550.jpg,1,swimmer,0.23455,"[3466.97, 383.95, 35.24, 38.71]",36.934271347895844,32-64,localization,0.4803221523761749,swimmer,FP
5550,5550.jpg,1,swimmer,0.13114,"[2560.69, 527.95, 83.04, 43.17]",59.87350666196194,32-64,duplicate,0.6490973830223083,swimmer,FP
5551,5551.jpg,1,swimmer,0.35439,"[2561.77, 533.73, 83.35, 42.36]",59.41974419332348,32-64,duplicate,0.6703396439552307,swimmer,FP
5552,5552.jpg,1,swimmer,0.63288,"[1921.57, 606.49, 49.02, 36.63]",42.3745513250583,32-64,localization,0.4802020788192749,swimmer,FP
5552,5552.jpg,1,swimmer,0.30028,"[2571.99, 533.36, 70.49, 42.73]",54.88203440106789,32-64,duplicate,0.6723513007164001,swimmer,FP
5553,5553.jpg,1,swimmer,0.22538,"[2576.28, 531.22, 84.51, 44.9]",61.599504868139974,32-64,duplicate,0.6901490688323975,swimmer,FP
5556,5556.jpg,1,swimmer,0.22868,"[2268.07, 575.93, 70.9, 41.42]",54.191124734591,32-64,duplicate,0.7177736759185791,swimmer,FP
5557,5557.jpg,1,swimmer,0.35126,"[2260.46, 583.23, 80.47, 40.85]",57.3341041614849,32-64,duplicate,0.7664673924446106,swimmer,FP
5558,5558.jpg,1,swimmer,0.59274,"[1934.69, 599.55, 53.42, 36.36]",44.072113632091664,32-64,localization,0.49957627058029175,swimmer,FP
5558,5558.jpg,1,swimmer,0.27582,"[2257.52, 585.85, 68.87, 38.23]",51.311792991475166,32-64,duplicate,0.6292762160301208,swimmer,FP
5558,5558.jpg,1,swimmer,0.22882,"[2258.68, 575.87, 86.14, 39.93]",58.64784906541757,32-64,duplicate,0.7901989817619324,swimmer,FP
5558,5558.jpg,1,swimmer,0.16897,"[2293.15, 583.1, 52.0, 40.95]",46.145422308177004,32-64,localization,0.4708186388015747,swimmer,FP
5558,5558.jpg,1,swimmer,0.10308,"[3408.73, 335.74, 47.67, 44.51]",46.062910242406524,32-64,duplicate,0.5035423040390015,swimmer,FP
5559,5559.jpg,1,swimmer,0.28882,"[2256.84, 585.73, 67.81, 38.34]",50.98858107458964,32-64,duplicate,0.5276036262512207,swimmer,FP
5559,5559.jpg,1,swimmer,0.23195,"[2258.41, 575.84, 87.4, 40.35]",59.385099141114516,32-64,duplicate,0.8864194750785828,swimmer,FP
5559,5559.jpg,1,swimmer,0.22696,"[3402.79, 340.12, 46.09, 44.07]",45.06868424970936,32-64,duplicate,0.7559653520584106,swimmer,FP
5559,5559.jpg,1,swimmer,0.11123,"[2284.48, 581.82, 61.51, 42.25]",50.97840228959711,32-64,duplicate,0.5726363658905029,swimmer,FP
5560,5560.jpg,1,swimmer,0.26693,"[3385.37, 333.46, 53.45, 31.78]",41.21457266550267,32-64,localization,0.4268072843551636,swimmer,FP
5560,5560.jpg,1,swimmer,0.2031,"[2257.91, 581.9, 92.69, 42.26]",62.58657523782556,32-64,duplicate,0.7167197465896606,swimmer,FP
5560,5560.jpg,1,swimmer,0.13696,"[2519.04, 890.83, 52.3, 46.34]",49.22988929502076,32-64,duplicate,0.6745095252990723,swimmer,FP
5561,5561.jpg,1,swimmer,0.15619,"[3369.55, 335.02, 79.41, 49.94]",62.97408514619327,32-64,duplicate,0.7732692956924438,swimmer,FP
5561,5561.jpg,1,swimmer,0.1252,"[1926.98, 600.17, 74.37, 48.2]",59.871813067586324,32-64,duplicate,0.754159152507782,swimmer,FP
5562,5562.jpg,1,swimmer,0.12,"[2104.37, 671.84, 58.81, 48.21]",53.24687878176523,32-64,duplicate,0.6895444393157959,swimmer,FP
5563,5563.jpg,1,swimmer,0.25317,"[3345.37, 329.69, 67.04, 30.92]",45.52885678336324,32-64,localization,0.49061545729637146,swimmer,FP
5565,5565.jpg,1,swimmer,0.35579,"[2094.8, 677.51, 79.73, 42.55]",58.24527019423981,32-64,duplicate,0.7321256995201111,swimmer,FP
5565,5565.jpg,1,swimmer,0.33289,"[3333.13, 330.16, 45.18, 35.65]",40.133116001626384,32-64,localization,0.46091505885124207,swimmer,FP
5566,5566.jpg,1,swimmer,0.22783,"[2095.05, 676.65, 81.04, 43.37]",59.28494581257539,32-64,duplicate,0.7041842341423035,swimmer,FP
5566,5566.jpg,1,swimmer,0.10304,"[3327.03, 340.41, 48.68, 43.66]",46.101722310560156,32-64,duplicate,0.5187978148460388,swimmer,FP
5567,5567.jpg,1,swimmer,0.37426,"[3311.79, 347.36, 44.76, 36.76]",40.56325430731612,32-64,localization,0.470940500497818,swimmer,FP
5567,5567.jpg,1,swimmer,0.1289,"[2095.9, 676.06, 79.38, 43.96]",59.07236917544445,32-64,duplicate,0.6990065574645996,swimmer,FP
5567,5567.jpg,1,swimmer,0.1189,"[3311.61, 335.94, 44.46, 40.73]",42.55415138385443,32-64,localization,0.44634586572647095,swimmer,FP
5568,5568.jpg,1,swimmer,0.24006,"[2742.95, 853.93, 39.14, 36.1]",37.58928038683369,32-64,background,0.0,,FP
5568,5568.jpg,1,swimmer,0.2284,"[2092.26, 676.33, 91.76, 43.7]",63.32386595905212,32-64,duplicate,0.572544276714325,swimmer,FP
5568,5568.jpg,1,swimmer,0.14605,"[2277.75, 579.56, 67.46, 44.8]",54.974612322416604,32-64,duplicate,0.7217972278594971,swimmer,FP
5568,5568.jpg,1,swimmer,0.12389,"[2499.77, 908.68, 44.61, 56.15]",50.048491485758085,32-64,duplicate,0.5787127614021301,swimmer,FP
5568,5568.jpg,1,swimmer,0.10482,"[3306.98, 335.93, 62.95, 41.32]",51.000921560301244,32-64,duplicate,0.5942602753639221,swimmer,FP
5569,5569.jpg,1,swimmer,0.4156,"[2096.86, 678.63, 85.8, 41.39]",59.59246596676462,32-64,duplicate,0.6863425970077515,swimmer,FP
5569,5569.jpg,1,swimmer,0.38897,"[3308.38, 350.44, 45.32, 33.62]",39.03406717215105,32-64,localization,0.4764848053455353,swimmer,FP
5569,5569.jpg,1,swimmer,0.12847,"[2498.9, 904.7, 45.6, 57.76]",51.32110676904776,32-64,duplicate,0.5447295904159546,swimmer,FP
5570,5570.jpg,1,swimmer,0.30437,"[2100.65, 676.79, 84.96, 43.24]",60.61081091686532,32-64,duplicate,0.6669079661369324,swimmer,FP
5571,5571.jpg,1,swimmer,0.48815,"[2103.26, 679.12, 82.72, 40.91]",58.172804642719434,32-64,duplicate,0.7812343835830688,swimmer,FP
5571,5571.jpg,1,swimmer,0.15596,"[2733.85, 841.81, 61.71, 29.84]",42.911844518733986,32-64,background,0.0,,FP
5572,5572.jpg,1,swimmer,0.35658,"[2106.59, 671.93, 83.44, 43.37]",60.15640281798771,32-64,duplicate,0.702167809009552,swimmer,FP
5572,5572.jpg,1,swimmer,0.22637,"[2300.38, 580.55, 67.02, 43.46]",53.96933573799107,32-64,duplicate,0.8194822669029236,swimmer,FP
5573,5573.jpg,1,swimmer,0.34205,"[2111.75, 671.92, 81.01, 43.57]",59.41048476489651,32-64,duplicate,0.6612340211868286,swimmer,FP
5573,5573.jpg,1,swimmer,0.10709,"[2680.73, 851.76, 61.64, 37.08]",47.80806626501432,32-64,background,0.0,,FP
5574,5574.jpg,1,swimmer,0.19438,"[2119.68, 671.93, 78.31, 43.54]",58.39192923683889,32-64,duplicate,0.6219196319580078,swimmer,FP
5575,5575.jpg,1,swimmer,0.1942,"[2713.14, 850.75, 81.05, 38.41]",55.795434401033205,32-64,background,0.0,,FP
5575,5575.jpg,1,swimmer,0.15383,"[2692.71, 838.31, 81.24, 38.04]",55.5910928117086,32-64,background,0.0,,FP
5576,5576.jpg,1,swimmer,0.10155,"[2438.77, 935.65, 96.69, 40.95]",62.92420440498235,32-64,duplicate,0.7480612993240356,swimmer,FP
5577,5577.jpg,1,swimmer,0.69741,"[2069.42, 911.77, 92.62, 34.82]",56.789333505509646,32-64,localization,0.2955867052078247,swimmer,FP
5577,5577.jpg,1,swimmer,0.69081,"[1737.27, 688.89, 80.62, 33.19]",51.7279208938461,32-64,localization,0.17650817334651947,swimmer,FP
5577,5577.jpg,1,swimmer,0.66506,"[2243.54, 495.57, 66.15, 32.82]",46.5944524594935,32-64,background,0.06363089382648468,,FP
5577,5577.jpg,1,swimmer,0.6278,"[1900.74, 575.83, 87.6, 40.59]",59.62955642967672,32-64,localization,0.18471333384513855,swimmer,FP
5577,5577.jpg,1,swimmer,0.5985,"[1562.93, 644.84, 53.16, 36.35]",43.95868514867113,32-64,background,0.023196367546916008,,FP
5577,5577.jpg,1,swimmer,0.39594,"[2801.62, 324.49, 55.16, 31.41]",41.6242189115904,32-64,background,0.0,,FP
6039,6039.jpg,1,swimmer,0.50898,"[2144.0, 1517.11, 48.88, 30.12]",38.37011336965269,32-64,localization,0.4327828586101532,swimmer,FP
6039,6039.jpg,1,swimmer,0.50494,"[597.3, 670.43, 20.54, 21.13]",20.832911462395263,16-32,background,0.0,,FP
6039,6039.jpg,5,buoy,0.40755,"[2087.95, 189.58, 29.39, 31.77]",30.55683720544389,16-32,localization,0.4048321843147278,buoy,FP
6039,6039.jpg,1,swimmer,0.2723,"[2123.58, 1487.96, 43.7, 40.62]",42.131864425871306,32-64,duplicate,0.6261239051818848,swimmer,FP
6039,6039.jpg,1,swimmer,0.26134,"[1953.21, 1471.69, 45.25, 41.76]",43.46998964803189,32-64,duplicate,0.6929925680160522,swimmer,FP
6039,6039.jpg,5,buoy,0.15429,"[1966.59, 41.11, 18.17, 30.93]",23.706499108894167,16-32,duplicate,0.5155982971191406,buoy,FP
6040,6040.jpg,5,buoy,0.54154,"[1964.83, 41.8, 27.2, 19.72]",23.159965457659904,16-32,localization,0.4600730836391449,buoy,FP
6040,6040.jpg,1,swimmer,0.50244,"[586.38, 670.01, 21.42, 18.64]",19.981711638395748,16-32,background,0.0,,FP
6040,6040.jpg,5,buoy,0.36789,"[2087.96, 190.57, 30.19, 30.22]",30.204996275450856,16-32,localization,0.3704752027988434,buoy,FP
6040,6040.jpg,1,swimmer,0.34608,"[2124.87, 1487.96, 40.23, 38.67]",39.44228821962539,32-64,duplicate,0.6867955327033997,swimmer,FP
6040,6040.jpg,1,swimmer,0.29213,"[1950.41, 1478.72, 46.1, 33.88]",39.52047570563897,32-64,duplicate,0.6332092881202698,swimmer,FP
6040,6040.jpg,5,buoy,0.15865,"[1966.54, 40.52, 19.47, 31.51]",24.768926097027297,16-32,localization,0.4486413598060608,buoy,FP
6041,6041.jpg,5,buoy,0.51088,"[1965.53, 42.83, 26.5, 19.12]",22.5095535273359,16-32,localization,0.47044306993484497,buoy,FP
6041,6041.jpg,1,swimmer,0.48501,"[582.36, 669.33, 23.44, 18.57]",20.863384193366137,16-32,background,0.0,,FP
6041,6041.jpg,1,swimmer,0.40471,"[2122.13, 1503.04, 50.39, 39.01]",44.33637220161343,32-64,duplicate,0.5829673409461975,swimmer,FP
6041,6041.jpg,1,swimmer,0.30281,"[1944.82, 1476.92, 47.42, 35.78]",41.19086791996498,32-64,duplicate,0.7843523025512695,swimmer,FP
6041,6041.jpg,5,buoy,0.25777,"[2087.98, 191.81, 30.28, 27.59]",28.90372294359327,16-32,localization,0.4214141070842743,buoy,FP
6041,6041.jpg,5,buoy,0.14513,"[1966.81, 42.48, 19.12, 29.56]",23.773666103485173,16-32,localization,0.4401545822620392,buoy,FP
6042,6042.jpg,1,swimmer,0.56915,"[579.88, 671.23, 26.01, 21.78]",23.801214254739193,16-32,background,0.0,,FP
6042,6042.jpg,1,swimmer,0.45551,"[2120.16, 1503.71, 57.44, 40.98]",48.51691663739566,32-64,localization,0.47580790519714355,swimmer,FP
6042,6042.jpg,5,buoy,0.45264,"[1963.34, 40.83, 28.68, 20.2]",24.0693996601494,16-32,localization,0.4336010217666626,buoy,FP
6042,6042.jpg,5,buoy,0.40622,"[2087.96, 191.6, 26.9, 27.48]",27.188453431558038,16-32,localization,0.4748300015926361,buoy,FP
6042,6042.jpg,1,swimmer,0.20811,"[1943.17, 1484.24, 45.51, 33.4]",38.98761341759713,32-64,duplicate,0.7532398104667664,swimmer,FP
6042,6042.jpg,5,buoy,0.17802,"[1966.0, 39.97, 18.89, 32.06]",24.609213721693752,16-32,localization,0.39862316846847534,buoy,FP
6043,6043.jpg,1,swimmer,0.50411,"[577.97, 671.46, 24.72, 22.55]",23.610082591977523,16-32,background,0.0,,FP
6043,6043.jpg,1,swimmer,0.41956,"[2116.11, 1501.68, 48.65, 36.74]",42.27766549846385,32-64,localization,0.46076613664627075,swimmer,FP
6043,6043.jpg,5,buoy,0.29613,"[1959.37, 41.54, 32.64, 18.34]",24.466663033605546,16-32,localization,0.39281994104385376,buoy,FP
6043,6043.jpg,1,swimmer,0.27862,"[1943.58, 1484.9, 38.77, 33.83]",36.215868069121306,32-64,duplicate,0.6780951619148254,swimmer,FP
6043,6043.jpg,5,buoy,0.17497,"[1961.04, 40.88, 19.35, 31.17]",24.55889859093848,16-32,localization,0.4109840393066406,buoy,FP
6043,6043.jpg,5,buoy,0.12048,"[1944.0, 40.33, 37.37, 20.33]",27.56323819873129,16-32,localization,0.3458764851093292,buoy,FP
6044,6044.jpg,1,swimmer,0.40799,"[578.57, 671.05, 25.56, 19.78]",22.485035023321622,16-32,background,0.0,,FP
6044,6044.jpg,1,swimmer,0.38384,"[2117.08, 1506.78, 38.83, 29.77]",33.99954558519863,32-64,localization,0.4957089424133301,swimmer,FP
6044,6044.jpg,1,swimmer,0.29591,"[2120.09, 1509.59, 47.55, 32.84]",39.516351046117606,32-64,localization,0.2764751613140106,swimmer,FP
6044,6044.jpg,1,swimmer,0.26769,"[1920.43, 1533.61, 32.35, 18.31]",24.3377998183895,16-32,localization,0.33813878893852234,swimmer,FP
6044,6044.jpg,5,buoy,0.199,"[1957.33, 41.45, 34.68, 19.42]",25.951601106675483,16-32,localization,0.35980209708213806,buoy,FP
6044,6044.jpg,5,buoy,0.17712,"[1943.99, 41.2, 37.17, 21.17]",28.051540064673812,16-32,localization,0.3164644241333008,buoy,FP
6044,6044.jpg,1,swimmer,0.17305,"[1950.19, 1481.69, 41.86, 37.72]",39.73611958910935,32-64,duplicate,0.5357222557067871,swimmer,FP
6044,6044.jpg,5,buoy,0.1725,"[1958.83, 40.82, 21.0, 31.21]",25.600976543874257,16-32,localization,0.38642093539237976,buoy,FP
6045,6045.jpg,1,swimmer,0.53164,"[581.38, 670.09, 22.06, 19.78]",20.888915721022954,16-32,background,0.0,,FP
6045,6045.jpg,1,swimmer,0.49641,"[2112.97, 1515.32, 49.07, 40.99]",44.84840353903358,32-64,localization,0.3241940438747406,swimmer,FP
6045,6045.jpg,1,swimmer,0.36467,"[1916.27, 1526.98, 35.25, 20.09]",26.611510667378507,16-32,localization,0.3097875118255615,swimmer,FP
6045,6045.jpg,5,buoy,0.20093,"[1958.11, 39.75, 33.9, 19.84]",25.9340702551682,16-32,localization,0.3680295944213867,buoy,FP
6045,6045.jpg,5,buoy,0.18347,"[1944.0, 38.93, 35.95, 21.87]",28.039730740504627,16-32,localization,0.33844998478889465,buoy,FP
6045,6045.jpg,1,swimmer,0.16087,"[2130.48, 1530.57, 54.56, 29.62]",40.20033830703419,32-64,localization,0.4658699631690979,swimmer,FP
6045,6045.jpg,5,buoy,0.15128,"[1959.16, 39.37, 19.87, 32.67]",25.478479153984054,16-32,localization,0.3910016715526581,buoy,FP
6045,6045.jpg,1,swimmer,0.13895,"[2114.66, 1511.37, 55.92, 51.55]",53.69055782910064,32-64,localization,0.2571914494037628,swimmer,FP
6046,6046.jpg,1,swimmer,0.50231,"[2111.24, 1515.67, 54.25, 42.38]",47.949087582559905,32-64,localization,0.27486729621887207,swimmer,FP
6046,6046.jpg,1,swimmer,0.38765,"[580.61, 666.76, 22.46, 20.31]",21.357963386053456,16-32,background,0.0,,FP
6046,6046.jpg,1,swimmer,0.3784,"[1940.5, 1487.89, 36.37, 35.01]",35.68352140694637,32-64,duplicate,0.5714441537857056,swimmer,FP
6046,6046.jpg,5,buoy,0.29001,"[1943.99, 39.26, 35.96, 19.27]",26.323928278279443,16-32,localization,0.3783876597881317,buoy,FP
6046,6046.jpg,1,swimmer,0.27141,"[1912.14, 1544.5, 32.47, 39.5]",35.812916664242806,32-64,localization,0.4999796152114868,swimmer,FP
6046,6046.jpg,1,swimmer,0.25687,"[1920.81, 1506.7, 47.56, 29.88]",37.697384524659,32-64,localization,0.22560453414916992,swimmer,FP
6046,6046.jpg,5,buoy,0.19448,"[1956.78, 39.48, 35.22, 17.98]",25.164570332115744,16-32,localization,0.37274253368377686,buoy,FP
6046,6046.jpg,1,swimmer,0.1538,"[2124.83, 1530.36, 60.44, 36.38]",46.891440583543606,32-64,localization,0.33621206879615784,swimmer,FP
6047,6047.jpg,1,swimmer,0.43592,"[2112.69, 1512.12, 37.18, 36.03]",36.6004836033624,32-64,localization,0.4396574795246124,swimmer,FP
6047,6047.jpg,1,swimmer,0.4341,"[577.98, 669.74, 24.03, 18.32]",20.981649124890065,16-32,background,0.0,,FP
6047,6047.jpg,1,swimmer,0.36999,"[1942.77, 1487.73, 32.52, 41.0]",36.51465459236881,32-64,duplicate,0.5826901793479919,swimmer,FP
6047,6047.jpg,1,swimmer,0.27474,"[1923.03, 1512.05, 45.3, 27.28]",35.1537195756011,32-64,localization,0.2600444555282593,swimmer,FP
6047,6047.jpg,5,buoy,0.21545,"[1959.36, 39.4, 32.65, 20.27]",25.725775012621096,16-32,localization,0.39140555262565613,buoy,FP
6047,6047.jpg,1,swimmer,0.13429,"[1895.96, 1543.05, 43.89, 41.03]",42.435912856918726,32-64,duplicate,0.5081509947776794,swimmer,FP
6047,6047.jpg,5,buoy,0.13196,"[1959.84, 38.65, 20.18, 33.41]",25.96562727915503,16-32,localization,0.4065331220626831,buoy,FP
6047,6047.jpg,1,swimmer,0.12852,"[2116.62, 1510.32, 48.0, 46.26]",47.12196939857247,32-64,localization,0.257301390171051,swimmer,FP
6047,6047.jpg,5,buoy,0.11905,"[1944.0, 38.92, 36.52, 21.83]",28.23528997548989,16-32,localization,0.34029635787010193,buoy,FP
6047,6047.jpg,1,swimmer,0.11497,"[1948.94, 1499.42, 43.15, 37.02]",39.967649417998054,32-64,localization,0.4846448004245758,swimmer,FP
6048,6048.jpg,1,swimmer,0.49555,"[577.98, 668.63, 23.65, 21.27]",22.42845291142481,16-32,background,0.0,,FP
6048,6048.jpg,5,buoy,0.22028,"[1958.54, 38.73, 33.47, 21.05]",26.5432383103494,16-32,localization,0.33404541015625,buoy,FP
6048,6048.jpg,1,swimmer,0.19813,"[1932.91, 1499.1, 39.83, 37.31]",38.54941374392093,32-64,localization,0.39865970611572266,swimmer,FP
6048,6048.jpg,1,swimmer,0.18124,"[2113.56, 1510.77, 53.98, 50.45]",52.18516072601483,32-64,localization,0.451579213142395,swimmer,FP
6048,6048.jpg,5,buoy,0.15557,"[1943.99, 38.78, 37.08, 21.98]",28.5485271073658,16-32,localization,0.2912988066673279,buoy,FP
6048,6048.jpg,1,swimmer,0.14545,"[1895.96, 1545.63, 43.81, 38.58]",41.11191798006997,32-64,duplicate,0.5491498708724976,swimmer,FP
6048,6048.jpg,5,buoy,0.11107,"[1959.1, 38.01, 21.36, 34.03]",26.960726993165448,16-32,localization,0.3428709805011749,buoy,FP
6049,6049.jpg,1,swimmer,0.56001,"[2115.86, 1508.87, 62.44, 48.86]",55.23421403441892,32-64,localization,0.3532339930534363,swimmer,FP
6049,6049.jpg,1,swimmer,0.4558,"[582.94, 665.07, 21.98, 21.24]",21.606832252785228,16-32,background,0.0,,FP
6049,6049.jpg,5,buoy,0.34176,"[2087.99, 190.04, 33.51, 29.66]",31.52628427201658,16-32,localization,0.35545429587364197,buoy,FP
6049,6049.jpg,1,swimmer,0.26051,"[2121.26, 1513.47, 65.54, 50.96]",57.79202713177658,32-64,localization,0.26426711678504944,swimmer,FP
6049,6049.jpg,5,buoy,0.15884,"[2099.12, 190.79, 36.89, 28.06]",32.17348908651345,32-64,localization,0.3285629153251648,buoy,FP
6049,6049.jpg,1,swimmer,0.12002,"[1943.81, 1486.07, 43.48, 33.58]",38.21071054037074,32-64,duplicate,0.5206494331359863,swimmer,FP
6050,6050.jpg,1,swimmer,0.53928,"[582.12, 667.95, 22.63, 20.84]",21.716565105927778,16-32,background,0.0,,FP
6050,6050.jpg,5,buoy,0.39983,"[1969.51, 41.76, 22.54, 20.06]",21.263875469913756,16-32,localization,0.4523237347602844,buoy,FP
6050,6050.jpg,5,buoy,0.3686,"[2087.99, 187.91, 33.65, 29.21]",31.351499166706528,16-32,localization,0.3703264594078064,buoy,FP
6050,6050.jpg,1,swimmer,0.32154,"[1915.48, 1543.8, 29.77, 40.21]",34.59843493570193,32-64,localization,0.4847157299518585,swimmer,FP
6050,6050.jpg,1,swimmer,0.25131,"[1958.42, 1493.13, 33.93, 42.94]",38.170069426187844,32-64,duplicate,0.5802838802337646,swimmer,FP
6050,6050.jpg,1,swimmer,0.18631,"[2115.08, 1487.98, 31.17, 39.81]",35.226094021335946,32-64,duplicate,0.5413782596588135,swimmer,FP
6050,6050.jpg,5,buoy,0.16677,"[2099.11, 189.22, 36.89, 26.88]",31.489731659701388,16-32,localization,0.3439335525035858,buoy,FP
6051,6051.jpg,1,swimmer,0.43998,"[586.76, 667.33, 22.98, 21.7]",22.330830705551463,16-32,background,0.0,,FP
6051,6051.jpg,5,buoy,0.40114,"[2102.97, 189.04, 33.04, 24.89]",28.676917547044695,16-32,localization,0.394206166267395,buoy,FP
6051,6051.jpg,1,swimmer,0.16919,"[2117.42, 1487.97, 33.91, 39.31]",36.51030128607541,32-64,localization,0.38396546244621277,swimmer,FP
6051,6051.jpg,5,buoy,0.15332,"[2088.0, 186.81, 37.11, 27.04]",31.677348373877507,16-32,localization,0.3627468943595886,buoy,FP
6051,6051.jpg,1,swimmer,0.14511,"[1917.48, 1539.37, 40.29, 44.64]",42.40926313908319,32-64,duplicate,0.5115653276443481,swimmer,FP
6051,6051.jpg,1,swimmer,0.13184,"[1952.12, 1486.07, 40.54, 50.52]",45.25572670944529,32-64,duplicate,0.5336840152740479,swimmer,FP
6052,6052.jpg,1,swimmer,0.54045,"[2132.79, 1518.4, 60.56, 36.71]",47.150372214861676,32-64,localization,0.32864102721214294,swimmer,FP
6052,6052.jpg,1,swimmer,0.51609,"[2124.78, 1512.45, 65.89, 32.48]",46.261292675410616,32-64,localization,0.369595468044281,swimmer,FP
6052,6052.jpg,5,buoy,0.50462,"[2109.66, 185.88, 26.36, 26.18]",26.26984583129486,16-32,localization,0.48236939311027527,buoy,FP
6052,6052.jpg,1,swimmer,0.43107,"[586.81, 668.38, 27.72, 20.34]",23.744995262159982,16-32,background,0.0,,FP
6052,6052.jpg,1,swimmer,0.29852,"[1921.3, 1527.07, 29.57, 44.38]",36.22591061657388,32-64,duplicate,0.7340459227561951,swimmer,FP
6052,6052.jpg,1,swimmer,0.14676,"[1943.76, 1471.56, 43.2, 45.54]",44.35457135403295,32-64,duplicate,0.5486155152320862,swimmer,FP
6052,6052.jpg,1,swimmer,0.12014,"[1951.25, 1483.13, 41.18, 53.01]",46.72206973155192,32-64,duplicate,0.5140028595924377,swimmer,FP
6053,6053.jpg,1,swimmer,0.52117,"[2148.41, 1533.07, 47.72, 26.25]",35.39279587712731,32-64,localization,0.4754023849964142,swimmer,FP
6053,6053.jpg,5,buoy,0.5022,"[2109.92, 184.2, 26.1, 28.31]",27.182549549297246,16-32,localization,0.4926301836967468,buoy,FP
6053,6053.jpg,1,swimmer,0.37219,"[2131.57, 1509.73, 42.01, 39.58]",40.776902775958845,32-64,duplicate,0.5561133027076721,swimmer,FP
6053,6053.jpg,1,swimmer,0.34291,"[589.28, 667.49, 24.69, 19.2]",21.772643385680112,16-32,background,0.0,,FP
6053,6053.jpg,1,swimmer,0.3182,"[1958.82, 1487.44, 33.29, 34.95]",34.10990325404046,32-64,duplicate,0.674716055393219,swimmer,FP
6053,6053.jpg,1,swimmer,0.24916,"[1920.86, 1540.38, 28.8, 43.65]",35.455888086465976,32-64,duplicate,0.5093779563903809,swimmer,FP
6053,6053.jpg,1,swimmer,0.22243,"[1953.69, 1494.04, 38.47, 41.98]",40.18669680379317,32-64,localization,0.46321815252304077,swimmer,FP
6054,6054.jpg,1,swimmer,0.41078,"[591.2, 668.43, 21.57, 18.99]",20.23893030770154,16-32,background,0.0,,FP
6054,6054.jpg,1,swimmer,0.26081,"[1921.96, 1540.48, 26.78, 43.54]",34.1467597291456,32-64,duplicate,0.5429997444152832,swimmer,FP
6054,6054.jpg,1,swimmer,0.1356,"[1963.41, 1487.94, 29.79, 42.63]",35.63632556816148,32-64,duplicate,0.7199959754943848,swimmer,FP
6054,6054.jpg,1,swimmer,0.11408,"[2120.57, 1487.98, 37.85, 40.69]",39.24431806007081,32-64,localization,0.48693743348121643,swimmer,FP
6055,6055.jpg,1,swimmer,0.57833,"[2103.6, 1508.66, 64.07, 50.58]",56.926800366786814,32-64,localization,0.26678335666656494,swimmer,FP
6055,6055.jpg,1,swimmer,0.45295,"[1908.67, 1552.87, 35.97, 31.37]",33.591351565544365,32-64,localization,0.49009138345718384,swimmer,FP
6055,6055.jpg,5,buoy,0.40885,"[1944.0, 33.82, 34.73, 21.48]",27.313007890014603,16-32,localization,0.45143014192581177,buoy,FP
6055,6055.jpg,1,swimmer,0.30039,"[566.33, 670.39, 33.79, 18.28]",24.85319295382386,16-32,background,0.0,,FP
6055,6055.jpg,1,swimmer,0.22392,"[1895.88, 1551.35, 44.06, 33.0]",38.13108967758462,32-64,localization,0.44401815533638,swimmer,FP
6055,6055.jpg,5,buoy,0.19676,"[1955.18, 33.87, 36.83, 21.47]",28.120101351168703,16-32,localization,0.42482587695121765,buoy,FP
6056,6056.jpg,1,swimmer,0.61855,"[2099.29, 1513.97, 60.29, 42.74]",50.762137464846774,32-64,localization,0.3294149339199066,swimmer,FP
6056,6056.jpg,1,swimmer,0.43445,"[551.69, 670.26, 27.99, 18.11]",22.514415382150165,16-32,background,0.0,,FP
6056,6056.jpg,1,swimmer,0.26798,"[1929.77, 1490.29, 35.47, 46.05]",40.415263205873096,32-64,duplicate,0.5932189226150513,swimmer,FP
6056,6056.jpg,1,swimmer,0.16214,"[1900.6, 1546.71, 43.78, 37.78]",40.66950208694471,32-64,duplicate,0.6167205572128296,swimmer,FP
6056,6056.jpg,1,swimmer,0.16115,"[1894.61, 1533.33, 41.85, 40.46]",41.14913121804639,32-64,localization,0.468988299369812,swimmer,FP
6056,6056.jpg,1,swimmer,0.10544,"[557.16, 667.8, 43.77, 17.37]",27.573264224607144,16-32,background,0.0,,FP
6057,6057.jpg,1,swimmer,0.32634,"[1943.87, 1487.42, 37.58, 34.52]",36.017517960014956,32-64,duplicate,0.5496798157691956,swimmer,FP
6057,6057.jpg,1,swimmer,0.29046,"[563.51, 670.98, 36.54, 19.85]",26.93174706549874,16-32,background,0.0,,FP
6057,6057.jpg,1,swimmer,0.2393,"[2118.28, 1511.19, 52.32, 47.89]",50.05601662138129,32-64,localization,0.49889570474624634,swimmer,FP
6057,6057.jpg,1,swimmer,0.22063,"[1953.06, 1487.78, 38.99, 37.28]",38.1254140961118,32-64,duplicate,0.5419584512710571,swimmer,FP
6057,6057.jpg,1,swimmer,0.18119,"[2134.55, 1531.79, 50.19, 32.44]",40.350509290466206,32-64,localization,0.35464975237846375,swimmer,FP
6057,6057.jpg,1,swimmer,0.17551,"[1951.42, 1494.41, 40.75, 41.64]",41.192596422172755,32-64,duplicate,0.5589120984077454,swimmer,FP
6057,6057.jpg,1,swimmer,0.1424,"[1931.29, 1527.17, 40.74, 13.18]",23.1722506459774,16-32,background,0.061455726623535156,,FP
6058,6058.jpg,5,buoy,0.42614,"[1910.9, 25.89, 33.11, 23.08]",27.64378411144176,16-32,localization,0.43968766927719116,buoy,FP
6058,6058.jpg,5,buoy,0.40737,"[2039.98, 180.9, 32.58, 28.84]",30.653012902486434,16-32,localization,0.37064725160598755,buoy,FP
6058,6058.jpg,1,swimmer,0.38315,"[538.18, 671.27, 22.04, 22.26]",22.149726860618394,16-32,background,0.0,,FP
6058,6058.jpg,1,swimmer,0.23837,"[1895.88, 1548.95, 42.8, 35.13]",38.77581720608865,32-64,localization,0.45641255378723145,swimmer,FP
6058,6058.jpg,5,buoy,0.17099,"[1896.0, 25.62, 37.91, 23.94]",30.125826129751196,16-32,localization,0.37022122740745544,buoy,FP
6058,6058.jpg,1,swimmer,0.1419,"[2107.77, 1511.4, 61.58, 40.16]",49.72979790829639,32-64,localization,0.42763033509254456,swimmer,FP
6058,6058.jpg,1,swimmer,0.10974,"[1944.46, 1501.94, 47.9, 37.75]",42.52322894607134,32-64,duplicate,0.5504832863807678,swimmer,FP
6058,6058.jpg,1,swimmer,0.10207,"[1943.23, 1487.97, 32.23, 46.81]",38.841811234802115,32-64,duplicate,0.5620485544204712,swimmer,FP
6059,6059.jpg,1,swimmer,0.42015,"[2145.41, 1523.77, 61.17, 38.86]",48.75516588014033,32-64,localization,0.3660961985588074,swimmer,FP
6059,6059.jpg,1,swimmer,0.29984,"[2176.54, 1542.75, 36.4, 41.29]",38.76797647543653,32-64,localization,0.45477980375289917,swimmer,FP
6059,6059.jpg,1,swimmer,0.27992,"[1949.15, 1562.53, 43.37, 25.12]",33.00688413043558,32-64,duplicate,0.5466451644897461,swimmer,FP
6059,6059.jpg,5,buoy,0.23143,"[2061.19, 167.94, 19.33, 43.28]",28.92407993350869,16-32,localization,0.4589994549751282,buoy,FP
6059,6059.jpg,1,swimmer,0.16897,"[2143.74, 1511.77, 32.74, 38.16]",35.34626430048868,32-64,duplicate,0.6911858320236206,swimmer,FP
6059,6059.jpg,1,swimmer,0.13044,"[560.82, 671.0, 40.14, 19.78]",28.17745907636102,16-32,background,0.0,,FP
6059,6059.jpg,1,swimmer,0.11119,"[1966.84, 1501.39, 42.15, 52.06]",46.84366552694185,32-64,localization,0.46390801668167114,swimmer,FP
6060,6060.jpg,1,swimmer,0.2063,"[1991.74, 1509.39, 41.61, 42.96]",42.27961210796523,32-64,duplicate,0.6398266553878784,swimmer,FP
6060,6060.jpg,1,swimmer,0.11735,"[2181.07, 1534.42, 53.41, 39.07]",45.68072569476102,32-64,localization,0.20510871708393097,swimmer,FP
6061,6061.jpg,1,swimmer,0.1145,"[2180.81, 1533.43, 53.65, 31.75]",41.27211528380875,32-64,localization,0.3722906708717346,swimmer,FP
6061,6061.jpg,1,swimmer,0.10499,"[1991.1, 1516.93, 44.23, 41.36]",42.77093405573462,32-64,duplicate,0.5385946035385132,swimmer,FP
6062,6062.jpg,1,swimmer,0.3167,"[2181.68, 1521.53, 59.51, 37.36]",47.1518143871474,32-64,localization,0.45301687717437744,swimmer,FP
6062,6062.jpg,3,jetski,0.12374,"[572.87, 671.39, 29.86, 30.42]",30.138699374724187,16-32,background,0.0,,FP
6062,6062.jpg,1,swimmer,0.11101,"[1966.59, 1570.35, 36.89, 37.74]",37.3125796481562,32-64,duplicate,0.5609467029571533,swimmer,FP
6063,6063.jpg,1,swimmer,0.14563,"[1965.99, 1571.28, 37.46, 36.8]",37.128533501876966,32-64,duplicate,0.6036846041679382,swimmer,FP
6063,6063.jpg,1,swimmer,0.13752,"[2183.23, 1513.65, 59.64, 27.47]",40.47605217903544,32-64,localization,0.4343678653240204,swimmer,FP
6064,6064.jpg,1,swimmer,0.12333,"[2181.85, 1509.77, 51.99, 31.42]",40.41689993059834,32-64,localization,0.4212731122970581,swimmer,FP
6064,6064.jpg,3,jetski,0.10408,"[525.26, 666.85, 76.1, 31.32]",48.82061040175552,32-64,localization,0.47176748514175415,jetski,FP
6065,6065.jpg,1,swimmer,0.1134,"[2179.56, 1516.25, 54.03, 29.04]",39.61099847264646,32-64,localization,0.24090184271335602,swimmer,FP
6066,6066.jpg,1,swimmer,0.17286,"[2181.42, 1547.22, 45.13, 36.86]",40.78592649431909,32-64,duplicate,0.5157467722892761,swimmer,FP
6066,6066.jpg,1,swimmer,0.10789,"[1989.32, 1505.18, 44.87, 48.51]",46.6545142510347,32-64,duplicate,0.5094998478889465,swimmer,FP
6067,6067.jpg,1,swimmer,0.12546,"[2181.8, 1559.39, 46.0, 26.68]",35.03255628697398,32-64,duplicate,0.5059970021247864,swimmer,FP
6067,6067.jpg,1,swimmer,0.10268,"[1989.98, 1515.58, 49.06, 42.23]",45.51707152267158,32-64,duplicate,0.5539070963859558,swimmer,FP
6068,6068.jpg,1,swimmer,0.10478,"[1967.32, 1573.26, 35.15, 34.81]",34.979586904364666,32-64,duplicate,0.5468155741691589,swimmer,FP
6068,6068.jpg,1,swimmer,0.10394,"[1991.06, 1528.38, 44.45, 35.98]",39.99138657261086,32-64,duplicate,0.5446224808692932,swimmer,FP
6069,6069.jpg,1,swimmer,0.59354,"[2199.68, 1566.58, 44.02, 27.99]",35.10156406771641,32-64,localization,0.4126574397087097,swimmer,FP
6069,6069.jpg,1,swimmer,0.12101,"[2000.37, 1531.2, 40.18, 53.72]",46.4593327545715,32-64,localization,0.4611188471317291,swimmer,FP
6069,6069.jpg,1,swimmer,0.10188,"[1989.27, 1527.03, 49.26, 54.96]",52.032005535055056,32-64,localization,0.42840811610221863,swimmer,FP
6071,6071.jpg,1,swimmer,0.28373,"[2159.19, 1499.65, 49.41, 30.42]",38.76921717032729,32-64,localization,0.48033109307289124,swimmer,FP
6071,6071.jpg,1,swimmer,0.14445,"[1967.16, 1568.19, 48.58, 40.37]",44.2851510102427,32-64,duplicate,0.6834022402763367,swimmer,FP
6071,6071.jpg,1,swimmer,0.13605,"[2163.36, 1487.94, 53.44, 44.79]",48.924202599531455,32-64,duplicate,0.5607816576957703,swimmer,FP
6072,6072.jpg,5,buoy,0.83137,"[1138.93, 1334.2, 61.41, 83.26]",71.50522078841517,>64,localization,0.1754283457994461,buoy,FP
6072,6072.jpg,2,boat,0.78091,"[61.21, 547.18, 127.46, 126.98]",127.21977362029851,>64,localization,0.28946465253829956,boat,FP
6072,6072.jpg,1,swimmer,0.73073,"[1860.45, 1534.31, 79.27, 37.09]",54.22291305343157,32-64,localization,0.3019624948501587,swimmer,FP
6072,6072.jpg,3,jetski,0.70333,"[36.71, 711.28, 103.12, 37.33]",62.0440939977368,32-64,localization,0.2157716155052185,jetski,FP
6072,6072.jpg,1,swimmer,0.62919,"[1819.59, 1472.36, 39.63, 36.36]",37.959805057455185,32-64,background,0.0,,FP
6072,6072.jpg,1,swimmer,0.56446,"[1634.24, 1567.5, 38.68, 29.53]",33.79675132316714,32-64,background,0.0,,FP
6072,6072.jpg,5,buoy,0.52319,"[1651.83, 172.88, 19.66, 28.31]",23.591833332744617,16-32,background,0.0,,FP
6072,6072.jpg,5,buoy,0.50164,"[1495.57, 19.03, 22.91, 29.01]",25.780207524378078,16-32,background,0.0,,FP
6072,6072.jpg,1,swimmer,0.4935,"[1668.83, 1508.03, 35.32, 40.89]",38.00308934810432,32-64,background,0.0,,FP
6072,6072.jpg,1,swimmer,0.41226,"[1666.12, 1507.37, 29.34, 45.24]",36.43269959802595,32-64,background,0.0,,FP
6072,6072.jpg,5,buoy,0.1068,"[1655.24, 167.8, 24.95, 38.3]",30.91253790939851,16-32,background,0.0,,FP
6072,6072.jpg,1,swimmer,0.10458,"[1860.57, 1536.88, 77.83, 47.13]",60.565071617228355,32-64,localization,0.29403549432754517,swimmer,FP
6072,6072.jpg,1,swimmer,0.10272,"[1828.23, 1472.0, 48.36, 44.84]",46.566752087728865,32-64,background,0.0,,FP
6073,6073.jpg,5,buoy,0.26378,"[1080.0, 18.95, 35.21, 29.1]",32.00954545131811,32-64,localization,0.33671316504478455,buoy,FP
6073,6073.jpg,5,buoy,0.23125,"[1276.25, 167.78, 20.23, 37.32]",27.4769648978922,16-32,localization,0.4714292585849762,buoy,FP
6073,6073.jpg,1,swimmer,0.11991,"[1411.9, 1566.2, 52.83, 36.99]",44.206127403336296,32-64,duplicate,0.7112954258918762,swimmer,FP
6074,6074.jpg,5,buoy,0.18525,"[1294.71, 167.94, 20.58, 42.17]",29.459439913209483,16-32,localization,0.49777692556381226,buoy,FP
6074,6074.jpg,1,swimmer,0.15032,"[1517.43, 1505.56, 42.66, 46.34]",44.461943277369244,32-64,duplicate,0.7081610560417175,swimmer,FP
6074,6074.jpg,1,swimmer,0.12517,"[1484.65, 1567.09, 50.24, 40.98]",45.37438925208801,32-64,duplicate,0.5912566781044006,swimmer,FP
6075,6075.jpg,1,swimmer,0.39481,"[1722.03, 1446.48, 41.0, 41.57]",41.284016277489286,32-64,duplicate,0.5556424260139465,swimmer,FP
6076,6076.jpg,1,swimmer,0.45205,"[1929.37, 1487.36, 54.93, 43.68]",48.98308279396061,32-64,localization,0.4731977880001068,swimmer,FP
6076,6076.jpg,5,buoy,0.25872,"[1142.19, 20.63, 33.82, 27.53]",30.513351176165493,16-32,localization,0.3157675266265869,buoy,FP
6076,6076.jpg,1,swimmer,0.1982,"[1941.1, 1487.51, 51.52, 40.03]",45.41305539159417,32-64,localization,0.4061430096626282,swimmer,FP
6076,6076.jpg,5,buoy,0.13251,"[1127.99, 20.06, 38.54, 28.26]",33.002127204166705,32-64,localization,0.269937664270401,buoy,FP
6077,6077.jpg,1,swimmer,0.7166,"[1904.17, 1434.99, 57.73, 41.84]",49.146955144749306,32-64,localization,0.4645148813724518,swimmer,FP
6077,6077.jpg,5,buoy,0.44264,"[1163.95, 27.99, 20.85, 25.55]",23.08067373366731,16-32,localization,0.4233083128929138,buoy,FP
6077,6077.jpg,5,buoy,0.31819,"[1368.0, 179.72, 34.53, 28.92]",31.600753155581593,16-32,localization,0.3643624782562256,buoy,FP
6077,6077.jpg,5,buoy,0.27598,"[1380.88, 179.45, 35.12, 28.02]",31.36976888662076,16-32,localization,0.4105820059776306,buoy,FP
6077,6077.jpg,1,swimmer,0.24832,"[2043.21, 1491.55, 57.33, 44.48]",50.4979049070355,32-64,duplicate,0.7323346138000488,swimmer,FP
6077,6077.jpg,1,swimmer,0.21155,"[1773.03, 1510.28, 37.87, 40.46]",39.14358440408849,32-64,localization,0.49910879135131836,swimmer,FP
6077,6077.jpg,5,buoy,0.15581,"[1383.31, 167.95, 17.32, 46.61]",28.412764736998053,16-32,localization,0.3669441044330597,buoy,FP
6078,6078.jpg,1,swimmer,0.59641,"[1988.28, 1438.29, 49.99, 36.82]",42.90258500370345,32-64,localization,0.4784161448478699,swimmer,FP
6078,6078.jpg,5,buoy,0.35549,"[1428.95, 186.5, 35.06, 27.24]",30.90363085464231,16-32,localization,0.427209734916687,buoy,FP
6078,6078.jpg,3,jetski,0.29322,"[0.92, 787.4, 32.99, 29.35]",31.11682021029784,16-32,background,0.0,,FP
6078,6078.jpg,5,buoy,0.23662,"[1416.0, 186.05, 36.24, 28.36]",32.058795984877534,32-64,localization,0.39697733521461487,buoy,FP
6078,6078.jpg,1,swimmer,0.2304,"[1846.64, 1510.94, 46.73, 43.79]",45.236121628627714,32-64,duplicate,0.5712800025939941,swimmer,FP
6078,6078.jpg,1,swimmer,0.11355,"[1841.95, 1566.09, 54.35, 27.69]",38.79370438615008,32-64,duplicate,0.5491626858711243,swimmer,FP
6078,6078.jpg,2,boat,0.10588,"[0.0, 615.13, 31.9, 182.0]",76.1958004092089,>64,background,0.0,,FP
6079,6079.jpg,1,swimmer,0.56183,"[1905.29, 1439.94, 47.3, 39.47]",43.20799694501007,32-64,localization,0.49492987990379333,swimmer,FP
6079,6079.jpg,5,buoy,0.49816,"[1098.27, 51.26, 18.98, 21.19]",20.05458052415956,16-32,localization,0.4059087634086609,buoy,FP
6079,6079.jpg,5,buoy,0.34653,"[1095.69, 47.94, 32.32, 23.3]",27.441865825777956,16-32,localization,0.3703203797340393,buoy,FP
6079,6079.jpg,1,swimmer,0.21924,"[1905.99, 1444.84, 47.87, 43.17]",45.459299378674984,32-64,localization,0.43083834648132324,swimmer,FP
6079,6079.jpg,5,buoy,0.20341,"[1319.89, 191.95, 28.52, 34.88]",31.540095117167926,16-32,localization,0.33472704887390137,buoy,FP
6079,6079.jpg,5,buoy,0.10866,"[1319.95, 196.89, 29.54, 43.14]",35.698117597430816,32-64,localization,0.2623938322067261,buoy,FP
6080,6080.jpg,1,swimmer,0.5098,"[1905.56, 1448.37, 39.88, 39.68]",39.77987430849927,32-64,localization,0.47358056902885437,swimmer,FP
6080,6080.jpg,5,buoy,0.48509,"[1300.48, 191.97, 19.67, 32.85]",25.41966758240556,16-32,localization,0.4610193967819214,buoy,FP
6080,6080.jpg,1,swimmer,0.39118,"[1768.09, 1574.49, 52.49, 31.82]",40.868469508901356,32-64,duplicate,0.5649701952934265,swimmer,FP
6080,6080.jpg,1,swimmer,0.13841,"[1750.99, 1567.79, 54.35, 31.96]",41.67764388734085,32-64,localization,0.3911571204662323,swimmer,FP
6081,6081.jpg,1,swimmer,0.4144,"[1651.2, 1594.95, 46.14, 34.46]",39.87460846202756,32-64,duplicate,0.5540522336959839,swimmer,FP
6081,6081.jpg,1,swimmer,0.32133,"[1947.91, 1494.17, 47.44, 41.84]",44.552099838279226,32-64,duplicate,0.7214875221252441,swimmer,FP
6081,6081.jpg,1,swimmer,0.19495,"[1653.72, 1550.81, 44.81, 44.43]",44.61959547104837,32-64,duplicate,0.8176850080490112,swimmer,FP
6081,6081.jpg,5,buoy,0.16203,"[858.6, 57.97, 29.41, 38.04]",33.447816072204176,32-64,localization,0.34949517250061035,buoy,FP
6081,6081.jpg,5,buoy,0.15539,"[856.89, 47.69, 31.13, 34.18]",32.6193715451417,32-64,localization,0.34322232007980347,buoy,FP
6081,6081.jpg,5,buoy,0.12756,"[1100.22, 191.97, 27.82, 41.38]",33.92921455029574,32-64,localization,0.4388200044631958,buoy,FP
6082,6082.jpg,1,swimmer,0.64861,"[1807.42, 1446.58, 53.36, 45.88]",49.47885204812254,32-64,localization,0.4100717008113861,swimmer,FP
6082,6082.jpg,5,buoy,0.30774,"[866.09, 47.97, 22.26, 34.26]",27.615712918554177,16-32,localization,0.4113396406173706,buoy,FP
6082,6082.jpg,5,buoy,0.19103,"[1110.96, 191.97, 19.24, 40.26]",27.831679791201964,16-32,duplicate,0.6836914420127869,buoy,FP
6082,6082.jpg,5,buoy,0.18187,"[868.08, 57.16, 20.17, 38.84]",27.989333682672765,16-32,localization,0.4212392270565033,buoy,FP
6083,6083.jpg,1,swimmer,0.62584,"[1854.79, 1443.24, 49.94, 54.92]",52.370839214203926,32-64,localization,0.422940194606781,swimmer,FP
6083,6083.jpg,1,swimmer,0.30266,"[1733.35, 1576.39, 44.9, 42.61]",43.74001600365505,32-64,localization,0.4471437335014343,swimmer,FP
6084,6084.jpg,1,swimmer,0.71525,"[2056.64, 1482.62, 48.45, 35.3]",41.35559212488681,32-64,localization,0.47507941722869873,swimmer,FP
6084,6084.jpg,5,buoy,0.57256,"[1126.13, 217.05, 20.81, 24.93]",22.777034486517334,16-32,localization,0.48785310983657837,buoy,FP
6084,6084.jpg,1,swimmer,0.40192,"[1844.05, 1438.71, 51.44, 39.56]",45.110601858099834,32-64,localization,0.4599584639072418,swimmer,FP
6084,6084.jpg,1,swimmer,0.32706,"[1850.13, 1440.24, 68.14, 53.87]",60.58631693707746,32-64,localization,0.25499212741851807,swimmer,FP
6084,6084.jpg,1,swimmer,0.31241,"[1738.83, 1577.89, 48.73, 42.89]",45.71684262938551,32-64,localization,0.4748573899269104,swimmer,FP
6085,6085.jpg,1,swimmer,0.49242,"[1838.69, 1434.07, 51.79, 43.52]",47.47526513880676,32-64,localization,0.4594637453556061,swimmer,FP
6085,6085.jpg,1,swimmer,0.18551,"[1836.48, 1435.04, 61.25, 60.11]",60.67732278207403,32-64,localization,0.275786429643631,swimmer,FP
6085,6085.jpg,1,swimmer,0.18112,"[1843.18, 1435.68, 83.15, 65.44]",73.76541194896156,>64,localization,0.18445837497711182,swimmer,FP
6085,6085.jpg,1,swimmer,0.14776,"[1754.93, 1581.79, 45.21, 29.32]",36.40820237254237,32-64,localization,0.4477555453777313,swimmer,FP
6086,6086.jpg,1,swimmer,0.3399,"[1734.86, 1577.76, 49.36, 41.62]",45.32508356307796,32-64,localization,0.48216208815574646,swimmer,FP
6087,6087.jpg,1,swimmer,0.5747,"[1821.9, 1427.0, 50.7, 35.75]",42.57375952391332,32-64,localization,0.45516616106033325,swimmer,FP
6087,6087.jpg,1,swimmer,0.3381,"[1734.28, 1582.43, 48.19, 37.08]",42.271564910705635,32-64,duplicate,0.5169392228126526,swimmer,FP
6088,6088.jpg,1,swimmer,0.63146,"[1817.85, 1416.84, 53.39, 36.67]",44.24716149087984,32-64,localization,0.44265320897102356,swimmer,FP
6090,6090.jpg,5,buoy,0.85586,"[1161.22, 555.84, 64.37, 87.27]",74.95044963174004,>64,localization,0.14200186729431152,buoy,FP
6090,6090.jpg,2,boat,0.84001,"[2126.34, 122.38, 239.46, 105.3]",158.7927517237484,>64,localization,0.14790712296962738,boat,FP
6090,6090.jpg,1,swimmer,0.61377,"[2044.52, 575.67, 51.09, 39.27]",44.79178830991235,32-64,background,0.0,,FP
6090,6090.jpg,1,swimmer,0.5288,"[1810.96, 521.78, 40.53, 33.22]",36.69341357791613,32-64,background,0.0,,FP
6090,6090.jpg,1,swimmer,0.42831,"[1717.09, 690.45, 61.48, 34.24]",45.88109850472197,32-64,background,0.02603583224117756,,FP
6090,6090.jpg,1,swimmer,0.38737,"[1718.91, 727.83, 46.04, 40.21]",43.02636865923035,32-64,background,0.0,,FP
6090,6090.jpg,1,swimmer,0.1965,"[1799.54, 521.23, 47.56, 36.49]",41.65890541048817,32-64,background,0.0,,FP
6090,6090.jpg,1,swimmer,0.14364,"[1718.46, 708.76, 58.62, 46.46]",52.18702137505071,32-64,background,0.0,,FP
6090,6090.jpg,1,swimmer,0.12932,"[1703.73, 698.94, 51.35, 37.54]",43.905341360704625,32-64,background,0.0,,FP
6091,6091.jpg,1,swimmer,0.28151,"[1811.97, 247.41, 36.33, 40.81]",38.5048996882215,32-64,localization,0.4208744466304779,swimmer,FP
6091,6091.jpg,1,swimmer,0.23276,"[1703.34, 471.1, 51.18, 34.76]",42.17839257250091,32-64,duplicate,0.8105525970458984,swimmer,FP
6091,6091.jpg,1,swimmer,0.16073,"[1799.55, 248.94, 38.55, 40.44]",39.48369283641032,32-64,localization,0.30204853415489197,swimmer,FP
6091,6091.jpg,1,swimmer,0.15304,"[1812.28, 239.95, 35.93, 40.16]",37.98616590286522,32-64,localization,0.43244779109954834,swimmer,FP
6091,6091.jpg,1,swimmer,0.10978,"[1799.83, 239.85, 39.73, 39.85]",39.78995476247742,32-64,localization,0.32503169775009155,swimmer,FP
6092,6092.jpg,1,swimmer,0.50985,"[1807.39, 255.58, 45.82, 33.61]",39.24296370051579,32-64,localization,0.4389581084251404,swimmer,FP
6092,6092.jpg,1,swimmer,0.15478,"[1703.47, 487.24, 50.67, 40.87]",45.50695441358386,32-64,duplicate,0.6560295224189758,swimmer,FP
6092,6092.jpg,1,swimmer,0.1194,"[1702.7, 475.99, 55.62, 36.28]",44.92097060393954,32-64,duplicate,0.5568315386772156,swimmer,FP
6093,6093.jpg,1,swimmer,0.23146,"[1799.11, 266.46, 49.25, 39.53]",44.12315151935546,32-64,localization,0.43146565556526184,swimmer,FP
6093,6093.jpg,1,swimmer,0.10975,"[1723.12, 455.67, 57.33, 47.17]",52.00246244169597,32-64,duplicate,0.6581822037696838,swimmer,FP
6094,6094.jpg,1,swimmer,0.20353,"[1721.55, 479.95, 64.73, 42.28]",52.314284856050556,32-64,duplicate,0.5509641766548157,swimmer,FP
6094,6094.jpg,1,swimmer,0.14884,"[1799.86, 286.28, 45.13, 32.83]",38.49179003372018,32-64,duplicate,0.5648597478866577,swimmer,FP
6094,6094.jpg,1,swimmer,0.11522,"[1713.98, 528.55, 72.89, 37.63]",52.37223214643424,32-64,duplicate,0.5060856938362122,swimmer,FP
6095,6095.jpg,1,swimmer,0.36792,"[1804.9, 298.14, 43.64, 38.08]",40.76531859313747,32-64,localization,0.4212271273136139,swimmer,FP
6095,6095.jpg,1,swimmer,0.18111,"[1734.32, 520.51, 69.43, 39.51]",52.37536921110915,32-64,duplicate,0.6751694083213806,swimmer,FP
6095,6095.jpg,1,swimmer,0.11156,"[1799.41, 287.97, 44.46, 42.99]",43.718822033536085,32-64,localization,0.3662360906600952,swimmer,FP
6095,6095.jpg,1,swimmer,0.10939,"[2072.78, 335.86, 39.37, 47.17]",43.09388471697579,32-64,duplicate,0.6894983053207397,swimmer,FP
6096,6096.jpg,1,swimmer,0.21355,"[1806.74, 318.96, 41.32, 29.76]",35.06683903633175,32-64,duplicate,0.698521077632904,swimmer,FP
6097,6097.jpg,1,swimmer,0.46405,"[1789.94, 339.29, 48.97, 45.83]",47.3739918098528,32-64,localization,0.3595069646835327,swimmer,FP
6097,6097.jpg,1,swimmer,0.27238,"[1706.61, 599.68, 68.12, 48.56]",57.514408629490404,32-64,localization,0.24279266595840454,swimmer,FP
6097,6097.jpg,1,swimmer,0.11961,"[1703.69, 624.48, 49.82, 47.57]",48.68200283472323,32-64,duplicate,0.5340957045555115,swimmer,FP
6098,6098.jpg,1,swimmer,0.55062,"[1792.64, 364.06, 41.52, 44.04]",42.76144057442406,32-64,localization,0.46619781851768494,swimmer,FP
6098,6098.jpg,1,swimmer,0.15151,"[1694.86, 655.79, 62.15, 46.42]",53.712223934594256,32-64,duplicate,0.5293692350387573,swimmer,FP
6641,6641.jpg,5,buoy,0.67098,"[0.0, 1631.01, 37.9, 93.41]",59.4999075629534,32-64,background,0.0,,FP
6641,6641.jpg,1,swimmer,0.66906,"[1482.1, 1477.59, 54.04, 29.34]",39.81875939805257,32-64,localization,0.4879816174507141,swimmer,FP
6641,6641.jpg,1,swimmer,0.61338,"[1494.11, 1414.27, 43.03, 34.57]",38.56873215442789,32-64,localization,0.45529189705848694,swimmer,FP
6641,6641.jpg,1,swimmer,0.59761,"[1975.46, 1003.97, 29.91, 26.4]",28.100249109216094,16-32,localization,0.3193724453449249,swimmer,FP
6641,6641.jpg,1,swimmer,0.5733,"[1555.89, 1319.7, 59.19, 26.79]",39.820850066265535,32-64,localization,0.3923143446445465,swimmer,FP
6641,6641.jpg,1,swimmer,0.56083,"[1601.49, 1409.18, 32.67, 31.09]",31.87021022836216,16-32,localization,0.3476141393184662,swimmer,FP
6641,6641.jpg,1,swimmer,0.55028,"[1509.54, 1093.58, 26.15, 29.19]",27.628219269435373,16-32,localization,0.1733880639076233,swimmer,FP
6641,6641.jpg,1,swimmer,0.44557,"[1817.21, 1103.88, 31.02, 26.27]",28.54637279935929,16-32,localization,0.33735233545303345,swimmer,FP
6641,6641.jpg,1,swimmer,0.1754,"[1966.53, 1003.48, 36.94, 28.83]",32.63403438130199,32-64,localization,0.4792717695236206,swimmer,FP
6642,6642.jpg,1,swimmer,0.55998,"[1508.3, 1038.08, 26.84, 24.66]",25.72691975344114,16-32,localization,0.25318941473960876,swimmer,FP
6642,6642.jpg,1,swimmer,0.5438,"[1607.82, 1328.4, 33.49, 26.34]",29.700616155224793,16-32,localization,0.2573015093803406,swimmer,FP
6642,6642.jpg,1,swimmer,0.49035,"[1811.4, 1051.69, 36.97, 25.68]",30.812166428214685,16-32,localization,0.435371458530426,swimmer,FP
6642,6642.jpg,1,swimmer,0.4832,"[1510.93, 1334.34, 44.31, 34.91]",39.33016781047343,32-64,localization,0.48871910572052,swimmer,FP
6642,6642.jpg,1,swimmer,0.17403,"[1716.37, 1127.57, 61.15, 44.13]",51.94756490924286,32-64,duplicate,0.6133803129196167,swimmer,FP
6642,6642.jpg,1,swimmer,0.17179,"[1799.91, 1052.05, 42.98, 25.35]",33.008226247406874,32-64,localization,0.25438088178634644,swimmer,FP
6642,6642.jpg,1,swimmer,0.12638,"[1611.29, 1326.7, 44.81, 29.12]",36.12294561632537,32-64,localization,0.47475162148475647,swimmer,FP
6643,6643.jpg,1,swimmer,0.31963,"[1511.98, 1006.6, 38.28, 22.97]",29.652851464909745,16-32,localization,0.4165976643562317,swimmer,FP
6643,6643.jpg,1,swimmer,0.31059,"[1524.2, 1005.56, 35.84, 23.73]",29.163045108493044,16-32,localization,0.4622518718242645,swimmer,FP
6643,6643.jpg,1,swimmer,0.28376,"[1966.93, 927.27, 45.71, 27.83]",35.666641277249525,32-64,duplicate,0.6296929717063904,swimmer,FP
6643,6643.jpg,1,swimmer,0.16528,"[1822.81, 1018.54, 49.55, 32.27]",39.98722921133697,32-64,localization,0.39127495884895325,swimmer,FP
6643,6643.jpg,1,swimmer,0.15908,"[1582.96, 1218.25, 59.45, 26.32]",39.55659237093104,32-64,duplicate,0.918413519859314,swimmer,FP
6644,6644.jpg,1,swimmer,0.36641,"[1511.97, 983.98, 37.11, 25.25]",30.61090491965241,16-32,localization,0.3889926075935364,swimmer,FP
6644,6644.jpg,1,swimmer,0.31007,"[1828.27, 1007.98, 27.49, 35.97]",31.44543369076025,16-32,localization,0.4815359115600586,swimmer,FP
6644,6644.jpg,1,swimmer,0.29788,"[1966.72, 918.56, 43.61, 25.69]",33.47149384177528,32-64,duplicate,0.6684592366218567,swimmer,FP
6644,6644.jpg,1,swimmer,0.28189,"[1522.91, 984.1, 37.16, 24.93]",30.4368000946223,16-32,localization,0.3901691436767578,swimmer,FP
6644,6644.jpg,1,swimmer,0.22141,"[1827.96, 1014.07, 44.19, 28.39]",35.41968520469938,32-64,localization,0.3930893540382385,swimmer,FP
6644,6644.jpg,1,swimmer,0.18792,"[1827.31, 1016.33, 29.54, 39.69]",34.240949169087,32-64,localization,0.43438711762428284,swimmer,FP
6644,6644.jpg,1,swimmer,0.13205,"[1536.71, 1294.93, 47.52, 53.21]",50.28458213011221,32-64,localization,0.2516878545284271,swimmer,FP
6644,6644.jpg,1,swimmer,0.11457,"[1974.8, 917.21, 36.95, 42.82]",39.77686513540252,32-64,duplicate,0.523827075958252,swimmer,FP
6645,6645.jpg,1,swimmer,0.47414,"[1527.76, 980.23, 32.56, 27.85]",30.11305364787836,16-32,localization,0.47640261054039,swimmer,FP
6645,6645.jpg,1,swimmer,0.42655,"[1759.08, 1097.1, 41.59, 26.79]",33.37957609077743,32-64,localization,0.45671796798706055,swimmer,FP
6645,6645.jpg,1,swimmer,0.27498,"[1829.21, 1016.6, 42.92, 26.52]",33.73778890206055,32-64,localization,0.4788612425327301,swimmer,FP
6645,6645.jpg,1,swimmer,0.19958,"[1966.87, 921.09, 44.46, 25.07]",33.385808362236794,32-64,duplicate,0.5820993185043335,swimmer,FP
6645,6645.jpg,1,swimmer,0.1977,"[1828.09, 1007.99, 29.2, 38.88]",33.69415379557706,32-64,localization,0.49022117257118225,swimmer,FP
6645,6645.jpg,1,swimmer,0.18152,"[1542.71, 1285.55, 42.21, 54.93]",48.15179435908905,32-64,localization,0.35593169927597046,swimmer,FP
6645,6645.jpg,1,swimmer,0.15349,"[1981.15, 919.34, 32.29, 40.69]",36.24748405062067,32-64,localization,0.48244842886924744,swimmer,FP
6645,6645.jpg,1,swimmer,0.10319,"[1511.98, 980.72, 42.82, 27.53]",34.33416083145182,32-64,localization,0.36646363139152527,swimmer,FP
6646,6646.jpg,1,swimmer,0.41246,"[1829.56, 1007.97, 33.32, 32.84]",33.07912937185621,32-64,localization,0.4798643887042999,swimmer,FP
6646,6646.jpg,1,swimmer,0.36517,"[1832.46, 1013.61, 39.72, 26.55]",32.474081973167465,32-64,localization,0.427741140127182,swimmer,FP
6646,6646.jpg,1,swimmer,0.34418,"[1978.32, 911.97, 44.21, 36.82]",40.34615471144679,32-64,localization,0.39992332458496094,swimmer,FP
6646,6646.jpg,1,swimmer,0.25659,"[1979.22, 919.53, 43.1, 40.49]",41.77462148242638,32-64,localization,0.37304043769836426,swimmer,FP
6646,6646.jpg,1,swimmer,0.25081,"[1542.0, 1287.98, 43.98, 48.81]",46.33210334098809,32-64,duplicate,0.5336644053459167,swimmer,FP
6646,6646.jpg,1,swimmer,0.13462,"[1826.53, 1013.78, 37.81, 42.25]",39.96839376307234,32-64,localization,0.3380339443683624,swimmer,FP
6646,6646.jpg,1,swimmer,0.13294,"[1966.45, 921.24, 49.55, 27.45]",36.88017760260924,32-64,localization,0.43798506259918213,swimmer,FP
6646,6646.jpg,1,swimmer,0.10238,"[1629.64, 1201.82, 50.56, 32.53]",40.555108186269216,32-64,localization,0.4728317856788635,swimmer,FP
6647,6647.jpg,1,swimmer,0.54553,"[1967.99, 911.95, 65.9, 35.13]",48.11514314641494,32-64,localization,0.3576570153236389,swimmer,FP
6647,6647.jpg,1,swimmer,0.44324,"[1827.71, 1007.97, 32.92, 33.68]",33.29783176124235,32-64,localization,0.4626850485801697,swimmer,FP
6647,6647.jpg,1,swimmer,0.34802,"[1965.03, 918.44, 59.66, 25.9]",39.308955722583114,32-64,localization,0.4860008955001831,swimmer,FP
6647,6647.jpg,1,swimmer,0.31982,"[1830.75, 1011.75, 41.43, 29.35]",34.87076856050064,32-64,localization,0.4218851923942566,swimmer,FP
6647,6647.jpg,1,swimmer,0.21609,"[1629.41, 1205.77, 50.76, 27.7]",37.49735990706546,32-64,duplicate,0.556536078453064,swimmer,FP
6647,6647.jpg,1,swimmer,0.19585,"[1619.77, 1205.13, 52.93, 43.0]",47.70733696193909,32-64,localization,0.44464167952537537,swimmer,FP
6647,6647.jpg,1,swimmer,0.17407,"[1967.28, 917.1, 68.58, 42.92]",54.25360448854988,32-64,localization,0.2797374129295349,swimmer,FP
6647,6647.jpg,1,swimmer,0.16114,"[1541.8, 1289.12, 42.86, 46.83]",44.80104686276873,32-64,duplicate,0.6277113556861877,swimmer,FP
6647,6647.jpg,1,swimmer,0.13459,"[1826.08, 1012.92, 36.57, 43.13]",39.714784400774484,32-64,localization,0.3252467215061188,swimmer,FP
6648,6648.jpg,1,swimmer,0.56386,"[1956.18, 911.85, 57.15, 33.96]",44.05467058099516,32-64,localization,0.4536987245082855,swimmer,FP
6648,6648.jpg,1,swimmer,0.52798,"[1510.0, 981.53, 29.45, 27.17]",28.287037667454683,16-32,localization,0.49193939566612244,swimmer,FP
6648,6648.jpg,1,swimmer,0.35258,"[1819.27, 1007.98, 29.62, 35.22]",32.29886066102023,32-64,localization,0.42051437497138977,swimmer,FP
6648,6648.jpg,1,swimmer,0.27853,"[1614.74, 1209.04, 41.46, 39.01]",40.2163474224102,32-64,localization,0.46560364961624146,swimmer,FP
6648,6648.jpg,1,swimmer,0.23775,"[1615.5, 1199.97, 41.06, 36.91]",38.929739274749835,32-64,localization,0.4737175703048706,swimmer,FP
6648,6648.jpg,1,swimmer,0.22727,"[1738.31, 1092.26, 62.01, 35.87]",47.16247130929421,32-64,duplicate,0.5577663779258728,swimmer,FP
6648,6648.jpg,1,swimmer,0.21409,"[1817.48, 1013.5, 31.73, 42.53]",36.73522696268529,32-64,localization,0.36481237411499023,swimmer,FP
6648,6648.jpg,1,swimmer,0.20583,"[1511.87, 1286.76, 46.23, 36.92]",41.3135764610134,32-64,duplicate,0.6353573203086853,swimmer,FP
6648,6648.jpg,1,swimmer,0.15912,"[1607.85, 1285.66, 46.41, 25.27]",34.245885884292726,32-64,localization,0.4970799386501312,swimmer,FP
6648,6648.jpg,1,swimmer,0.1327,"[1955.38, 916.91, 61.59, 43.12]",51.53407416457581,32-64,localization,0.34200021624565125,swimmer,FP
6649,6649.jpg,1,swimmer,0.47719,"[1529.86, 974.56, 30.26, 33.48]",31.829307249765897,16-32,localization,0.47675228118896484,swimmer,FP
6649,6649.jpg,1,swimmer,0.29374,"[1629.45, 1199.93, 40.52, 37.01]",38.72525274288084,32-64,duplicate,0.5515855550765991,swimmer,FP
6649,6649.jpg,1,swimmer,0.22973,"[1632.68, 1209.4, 47.41, 27.24]",35.9367277308327,32-64,duplicate,0.535394012928009,swimmer,FP
6649,6649.jpg,1,swimmer,0.21866,"[1841.78, 1014.63, 28.16, 41.41]",34.148288390488915,32-64,duplicate,0.5106135606765747,swimmer,FP
6649,6649.jpg,1,swimmer,0.21667,"[1757.44, 1093.41, 63.11, 34.95]",46.96482194153407,32-64,duplicate,0.5408481359481812,swimmer,FP
6649,6649.jpg,1,swimmer,0.18965,"[1519.41, 1348.54, 47.46, 43.47]",45.42120870254335,32-64,localization,0.49695271253585815,swimmer,FP
6649,6649.jpg,1,swimmer,0.10673,"[1982.31, 918.17, 63.19, 41.91]",51.46156721282397,32-64,localization,0.37864187359809875,swimmer,FP
6650,6650.jpg,1,swimmer,0.21258,"[2039.75, 911.85, 47.26, 30.66]",38.06562228573178,32-64,localization,0.4605260193347931,swimmer,FP
6650,6650.jpg,1,swimmer,0.20105,"[1811.98, 1090.84, 67.49, 37.42]",50.25411226954466,32-64,localization,0.4228909909725189,swimmer,FP
6650,6650.jpg,1,swimmer,0.12393,"[1561.46, 1348.38, 54.2, 43.65]",48.63979851931955,32-64,localization,0.46033477783203125,swimmer,FP
6650,6650.jpg,1,swimmer,0.11683,"[1903.19, 1007.97, 40.85, 35.53]",38.09725055696277,32-64,duplicate,0.5408403873443604,swimmer,FP
6650,6650.jpg,1,swimmer,0.10018,"[2049.67, 917.73, 49.8, 42.3]",45.89705872929114,32-64,localization,0.4056817889213562,swimmer,FP
6651,6651.jpg,1,swimmer,0.49925,"[1691.33, 959.71, 29.76, 27.41]",28.56084032377199,16-32,localization,0.49744290113449097,swimmer,FP
6651,6651.jpg,1,swimmer,0.46053,"[2150.31, 911.97, 65.55, 36.2]",48.71252405696096,32-64,localization,0.4762195646762848,swimmer,FP
6651,6651.jpg,1,swimmer,0.3504,"[1654.73, 1276.34, 46.41, 38.68]",42.36907834730418,32-64,duplicate,0.6212906241416931,swimmer,FP
6651,6651.jpg,1,swimmer,0.32703,"[1991.96, 1007.97, 39.07, 34.23]",36.57001640688721,32-64,localization,0.4328310787677765,swimmer,FP
6651,6651.jpg,1,swimmer,0.30548,"[2149.31, 919.65, 68.67, 40.36]",52.64523910098614,32-64,localization,0.4329191744327545,swimmer,FP
6651,6651.jpg,1,swimmer,0.18017,"[1636.55, 924.06, 42.22, 37.16]",39.60928174052137,32-64,background,0.0,,FP
6651,6651.jpg,1,swimmer,0.15667,"[1905.69, 1086.92, 79.34, 41.3]",57.24283361260167,32-64,localization,0.44671374559402466,swimmer,FP
6651,6651.jpg,1,swimmer,0.14155,"[1998.74, 1007.97, 41.31, 34.49]",37.74628326073973,32-64,localization,0.49411067366600037,swimmer,FP
6651,6651.jpg,1,swimmer,0.10214,"[1751.95, 1274.42, 44.63, 30.42]",36.84622911506685,32-64,localization,0.4493332505226135,swimmer,FP
6652,6652.jpg,1,swimmer,0.33041,"[2065.82, 1017.37, 28.8, 38.65]",33.36345305869882,32-64,localization,0.3937757611274719,swimmer,FP
6652,6652.jpg,2,boat,0.23529,"[225.56, 71.9, 152.12, 175.41]",163.35044903519548,>64,duplicate,0.6688278317451477,boat,FP
6652,6652.jpg,1,swimmer,0.21637,"[2066.5, 1007.98, 27.82, 35.87]",31.589609051078803,16-32,localization,0.41948384046554565,swimmer,FP
6652,6652.jpg,2,boat,0.21263,"[225.32, 6.07, 106.29, 234.48]",157.86981725459748,>64,duplicate,0.6136101484298706,boat,FP
6653,6653.jpg,1,swimmer,0.36963,"[2059.05, 1018.07, 35.61, 37.95]",36.761385991281664,32-64,localization,0.3019092381000519,swimmer,FP
6653,6653.jpg,1,swimmer,0.23433,"[2060.18, 1007.98, 36.46, 37.05]",36.753816128396785,32-64,localization,0.3020336329936981,swimmer,FP
6653,6653.jpg,1,swimmer,0.18493,"[1676.86, 1319.46, 50.58, 40.29]",45.14275357130976,32-64,localization,0.487603098154068,swimmer,FP
6653,6653.jpg,1,swimmer,0.14377,"[1823.75, 1180.61, 48.82, 43.76]",46.22080916643498,32-64,localization,0.41565969586372375,swimmer,FP
6653,6653.jpg,1,swimmer,0.13887,"[1702.43, 1254.81, 33.16, 41.37]",37.038212699859045,32-64,duplicate,0.607316255569458,swimmer,FP
6654,6654.jpg,1,swimmer,0.47729,"[2122.05, 1024.87, 29.34, 31.22]",30.265405994303133,16-32,localization,0.32096248865127563,swimmer,FP
6654,6654.jpg,1,swimmer,0.38251,"[1732.84, 1314.14, 54.95, 33.46]",42.87921407861856,32-64,duplicate,0.5884050130844116,swimmer,FP
6654,6654.jpg,1,swimmer,0.32305,"[2123.88, 1023.63, 36.32, 23.82]",29.413303112707354,16-32,localization,0.3398284614086151,swimmer,FP
6654,6654.jpg,1,swimmer,0.28578,"[1758.63, 1247.39, 41.8, 29.8]",35.293625486764604,32-64,duplicate,0.889953076839447,swimmer,FP
6654,6654.jpg,1,swimmer,0.24352,"[1808.7, 949.35, 39.35, 27.73]",33.032945675491916,32-64,duplicate,0.5040436387062073,swimmer,FP
6654,6654.jpg,1,swimmer,0.11545,"[1859.51, 1178.33, 62.17, 45.91]",53.4249445484036,32-64,localization,0.48113226890563965,swimmer,FP
6655,6655.jpg,1,swimmer,0.51655,"[2183.82, 1029.61, 29.28, 27.48]",28.365725797165847,16-32,localization,0.3803063929080963,swimmer,FP
6655,6655.jpg,1,swimmer,0.37337,"[1774.16, 1305.4, 55.22, 29.16]",40.12748683882408,32-64,duplicate,0.6754214763641357,swimmer,FP
6655,6655.jpg,1,swimmer,0.30084,"[1905.66, 1245.77, 38.45, 26.21]",31.745464242943434,16-32,duplicate,0.6700741052627563,swimmer,FP
6655,6655.jpg,1,swimmer,0.24946,"[1799.67, 1240.71, 45.86, 35.0]",40.06369928002156,32-64,duplicate,0.5957017540931702,swimmer,FP
6655,6655.jpg,1,swimmer,0.20444,"[1781.79, 1295.86, 57.91, 39.33]",47.72421083684883,32-64,localization,0.49300605058670044,swimmer,FP
6655,6655.jpg,1,swimmer,0.17787,"[2104.68, 1085.71, 57.25, 42.61]",49.390510222106435,32-64,duplicate,0.5692328810691833,swimmer,FP
6655,6655.jpg,1,swimmer,0.1631,"[2334.84, 935.8, 62.6, 36.93]",48.08136853293592,32-64,duplicate,0.5746532678604126,swimmer,FP
6655,6655.jpg,1,swimmer,0.15943,"[1944.32, 1176.71, 47.75, 25.62]",34.976492105412746,32-64,duplicate,0.5460626482963562,swimmer,FP
6655,6655.jpg,1,swimmer,0.15144,"[2327.0, 943.15, 55.94, 26.01]",38.144454380682916,32-64,localization,0.46131742000579834,swimmer,FP
6655,6655.jpg,1,swimmer,0.13686,"[1870.68, 935.78, 31.15, 38.7]",34.72038306240299,32-64,localization,0.36499226093292236,swimmer,FP
6656,6656.jpg,1,swimmer,0.16835,"[1823.81, 1297.28, 48.62, 33.59]",40.412198653376926,32-64,localization,0.46630290150642395,swimmer,FP
6656,6656.jpg,1,swimmer,0.16617,"[1814.46, 1298.64, 48.17, 45.39]",46.75934452064101,32-64,localization,0.4806745648384094,swimmer,FP
6656,6656.jpg,1,swimmer,0.15067,"[2389.1, 934.51, 61.37, 38.26]",48.45633291944407,32-64,duplicate,0.7039985656738281,swimmer,FP
6656,6656.jpg,1,swimmer,0.12002,"[2138.65, 1087.17, 66.17, 40.93]",52.04169578328516,32-64,duplicate,0.602027952671051,swimmer,FP
6657,6657.jpg,1,swimmer,0.26246,"[1943.97, 1239.19, 39.83, 23.6]",30.659223734465296,16-32,duplicate,0.5868539214134216,swimmer,FP
6657,6657.jpg,1,swimmer,0.14715,"[2255.24, 1031.63, 27.66, 25.94]",26.786197938490638,16-32,localization,0.49756065011024475,swimmer,FP
6657,6657.jpg,1,swimmer,0.14357,"[1867.23, 1223.74, 30.91, 43.35]",36.605306992292796,32-64,duplicate,0.5908546447753906,swimmer,FP
6657,6657.jpg,1,swimmer,0.13183,"[1947.6, 935.92, 24.36, 40.63]",31.460241575677706,16-32,localization,0.4528891444206238,swimmer,FP
6657,6657.jpg,1,swimmer,0.13134,"[2406.99, 935.81, 55.89, 42.24]",48.58799851815261,32-64,localization,0.46288150548934937,swimmer,FP
6657,6657.jpg,1,swimmer,0.12961,"[2413.18, 945.77, 60.67, 28.4]",41.50937243563193,32-64,duplicate,0.7606621384620667,swimmer,FP
6657,6657.jpg,1,swimmer,0.12472,"[1991.93, 1172.66, 44.39, 29.06]",35.916199687606145,32-64,localization,0.4651258885860443,swimmer,FP
6657,6657.jpg,1,swimmer,0.12037,"[1847.12, 1228.0, 47.19, 44.47]",45.80981663355574,32-64,localization,0.4457300007343292,swimmer,FP
6658,6658.jpg,1,swimmer,0.46533,"[1958.89, 1168.44, 34.07, 31.58]",32.80138106848551,32-64,localization,0.461324006319046,swimmer,FP
6658,6658.jpg,1,swimmer,0.34741,"[1895.99, 939.21, 38.13, 22.56]",29.329384582701355,16-32,duplicate,0.5705528855323792,swimmer,FP
6658,6658.jpg,1,swimmer,0.32132,"[1799.71, 1222.62, 41.66, 44.49]",43.051752577566454,32-64,duplicate,0.5893225073814392,swimmer,FP
6658,6658.jpg,1,swimmer,0.3192,"[2375.35, 944.44, 57.68, 30.55]",41.97766072567646,32-64,duplicate,0.7631180882453918,swimmer,FP
6658,6658.jpg,1,swimmer,0.19316,"[2126.5, 1084.66, 64.47, 43.52]",52.969183493801374,32-64,duplicate,0.5166823863983154,swimmer,FP
6658,6658.jpg,1,swimmer,0.12798,"[1901.7, 1238.35, 42.41, 23.0]",31.23187474360129,16-32,localization,0.44221267104148865,swimmer,FP
6659,6659.jpg,1,swimmer,0.38629,"[2142.93, 1031.46, 23.87, 25.7]",24.768104489443676,16-32,duplicate,0.7276846170425415,swimmer,FP
6659,6659.jpg,1,swimmer,0.20034,"[1831.1, 929.64, 41.35, 29.09]",34.68243791892375,32-64,localization,0.3824182450771332,swimmer,FP
6659,6659.jpg,1,swimmer,0.18507,"[2145.4, 1034.79, 38.67, 21.84]",29.061190615664735,16-32,localization,0.4508141875267029,swimmer,FP
6659,6659.jpg,1,swimmer,0.1123,"[1799.97, 1236.84, 39.92, 23.85]",30.855988073630055,16-32,duplicate,0.5933018922805786,swimmer,FP
6659,6659.jpg,1,swimmer,0.11201,"[1703.11, 1225.77, 46.19, 36.79]",41.222931724951344,32-64,localization,0.4037291407585144,swimmer,FP
6659,6659.jpg,1,swimmer,0.10072,"[2278.47, 947.74, 55.22, 25.15]",37.2663789493962,32-64,duplicate,0.6863203644752502,swimmer,FP
6660,6660.jpg,1,swimmer,0.56824,"[2087.33, 1033.84, 28.76, 26.15]",27.42396761958415,16-32,localization,0.4556061625480652,swimmer,FP
6660,6660.jpg,1,swimmer,0.32573,"[2231.62, 948.2, 50.89, 25.57]",36.07294415486488,32-64,duplicate,0.7226265668869019,swimmer,FP
6660,6660.jpg,1,swimmer,0.29186,"[1813.31, 1173.06, 34.77, 27.14]",30.719013656040456,16-32,localization,0.39558663964271545,swimmer,FP
6660,6660.jpg,1,swimmer,0.27962,"[1799.98, 1174.45, 36.85, 26.33]",31.14900479951165,16-32,localization,0.454517126083374,swimmer,FP
6660,6660.jpg,1,swimmer,0.17616,"[1648.15, 1223.87, 35.62, 38.52]",37.04163063365326,32-64,duplicate,0.6317511796951294,swimmer,FP
6660,6660.jpg,1,swimmer,0.16223,"[1583.45, 1297.34, 47.38, 27.09]",35.82630597759138,32-64,duplicate,0.5021381378173828,swimmer,FP
6660,6660.jpg,1,swimmer,0.11042,"[1772.71, 911.97, 30.86, 41.61]",35.83412619277886,32-64,localization,0.3893824517726898,swimmer,FP
6661,6661.jpg,1,swimmer,0.54836,"[1750.43, 1177.3, 26.46, 26.09]",26.27434870743707,16-32,localization,0.49250999093055725,swimmer,FP
6661,6661.jpg,1,swimmer,0.44108,"[1727.97, 925.05, 31.83, 34.97]",33.363079893798776,32-64,localization,0.4099574387073517,swimmer,FP
6661,6661.jpg,1,swimmer,0.31509,"[2185.23, 943.61, 51.24, 27.76]",37.71501557735328,32-64,duplicate,0.8247448801994324,swimmer,FP
6661,6661.jpg,1,swimmer,0.20346,"[1731.39, 923.77, 44.83, 24.91]",33.41729043474351,32-64,localization,0.32563516497612,swimmer,FP
6661,6661.jpg,1,swimmer,0.16331,"[1726.27, 911.96, 34.52, 37.84]",36.1418981239226,32-64,localization,0.39129701256752014,swimmer,FP
6661,6661.jpg,1,swimmer,0.11077,"[1655.83, 1245.92, 41.0, 24.56]",31.73263304549435,16-32,duplicate,0.5622425079345703,swimmer,FP
6662,6662.jpg,1,swimmer,0.30665,"[1544.57, 1288.02, 47.63, 32.2]",39.162303303048965,32-64,duplicate,0.5851211547851562,swimmer,FP
6662,6662.jpg,1,swimmer,0.30481,"[1762.02, 911.98, 38.67, 32.95]",35.69560897365389,32-64,duplicate,0.5234753489494324,swimmer,FP
6662,6662.jpg,1,swimmer,0.22798,"[1750.97, 911.94, 43.66, 32.33]",37.57030476320361,32-64,localization,0.3746534287929535,swimmer,FP
6662,6662.jpg,1,swimmer,0.20279,"[1614.03, 1225.14, 42.25, 25.36]",32.73316361123685,32-64,duplicate,0.6749479174613953,swimmer,FP
6662,6662.jpg,1,swimmer,0.10282,"[1762.42, 919.03, 38.09, 40.98]",39.50858387743099,32-64,localization,0.42651399970054626,swimmer,FP
6663,6663.jpg,2,boat,0.62455,"[129.49, 144.9, 189.99, 124.93]",154.06313868021772,>64,localization,0.4197257459163666,boat,FP
6663,6663.jpg,1,swimmer,0.46124,"[1825.94, 1167.74, 27.01, 32.28]",29.52766160738097,16-32,localization,0.47108179330825806,swimmer,FP
6663,6663.jpg,2,boat,0.41968,"[128.62, 205.61, 190.57, 64.12]",110.54116156436932,>64,localization,0.21364346146583557,boat,FP
6663,6663.jpg,1,swimmer,0.32692,"[1829.76, 911.98, 41.5, 34.47]",37.822017397278,32-64,localization,0.43341341614723206,swimmer,FP
6663,6663.jpg,1,swimmer,0.28372,"[1665.45, 1214.22, 38.87, 33.98]",36.34284798966641,32-64,duplicate,0.5567329525947571,swimmer,FP
6663,6663.jpg,1,swimmer,0.17792,"[1830.23, 921.93, 41.69, 38.08]",39.84413633146036,32-64,localization,0.3905376195907593,swimmer,FP
6663,6663.jpg,1,swimmer,0.16822,"[1655.94, 1199.95, 41.61, 38.89]",40.22701704078989,32-64,localization,0.4755341708660126,swimmer,FP
6663,6663.jpg,1,swimmer,0.14453,"[2039.0, 1092.94, 53.58, 30.34]",40.31894343853767,32-64,duplicate,0.7597257494926453,swimmer,FP
6663,6663.jpg,1,swimmer,0.13673,"[1601.64, 1277.98, 55.75, 27.91]",39.445944024702975,32-64,duplicate,0.6070723533630371,swimmer,FP
6663,6663.jpg,1,swimmer,0.10478,"[1665.53, 1199.96, 38.85, 40.23]",39.53397905599688,32-64,duplicate,0.6628552079200745,swimmer,FP
6664,6664.jpg,1,swimmer,0.3466,"[1860.7, 1151.98, 35.39, 32.08]",33.69437935323931,32-64,localization,0.4254574775695801,swimmer,FP
6664,6664.jpg,1,swimmer,0.32734,"[2086.17, 1088.69, 48.34, 29.16]",37.54456551886039,32-64,duplicate,0.7732592225074768,swimmer,FP
6664,6664.jpg,1,swimmer,0.32678,"[1888.4, 924.7, 37.9, 35.31]",36.58208577979118,32-64,localization,0.482720285654068,swimmer,FP
6664,6664.jpg,2,boat,0.25474,"[287.45, 94.49, 179.46, 163.75]",171.42512942973093,>64,duplicate,0.5836032032966614,boat,FP
6664,6664.jpg,2,boat,0.2247,"[286.8, 175.85, 179.2, 80.93]",120.4269737226673,>64,localization,0.29589203000068665,boat,FP
6664,6664.jpg,1,swimmer,0.20286,"[1886.28, 911.97, 39.39, 37.2]",38.27934168712937,32-64,localization,0.4408629238605499,swimmer,FP
6664,6664.jpg,1,swimmer,0.18715,"[2338.13, 968.37, 69.9, 39.63]",52.63209097119362,32-64,duplicate,0.5718162059783936,swimmer,FP
6664,6664.jpg,1,swimmer,0.17373,"[1871.19, 924.27, 50.44, 24.07]",34.84380576228722,32-64,localization,0.4999244511127472,swimmer,FP
6664,6664.jpg,1,swimmer,0.14589,"[1847.96, 1151.97, 40.6, 32.86]",36.5255526994459,32-64,localization,0.4197536110877991,swimmer,FP
6664,6664.jpg,1,swimmer,0.14198,"[1754.86, 1222.65, 33.94, 27.6]",30.606273866643747,16-32,localization,0.45065435767173767,swimmer,FP
6665,6665.jpg,1,swimmer,0.50608,"[1625.17, 1247.96, 35.5, 36.1]",35.798742994691864,32-64,localization,0.498458594083786,swimmer,FP
6665,6665.jpg,1,swimmer,0.34361,"[1904.32, 911.96, 41.12, 35.49]",38.20142405722593,32-64,localization,0.3885294497013092,swimmer,FP
6665,6665.jpg,1,swimmer,0.33696,"[1858.07, 1150.39, 38.0, 23.1]",29.627689751312033,16-32,localization,0.45719581842422485,swimmer,FP
6665,6665.jpg,1,swimmer,0.30275,"[1752.58, 1220.08, 26.94, 22.78]",24.772831893023454,16-32,duplicate,0.8637393116950989,swimmer,FP
6665,6665.jpg,1,swimmer,0.29736,"[2086.9, 1088.0, 46.46, 28.48]",36.37555222948512,32-64,duplicate,0.6513533592224121,swimmer,FP
6665,6665.jpg,1,swimmer,0.29638,"[1847.98, 1150.98, 38.76, 22.0]",29.201369830882932,16-32,localization,0.4742891788482666,swimmer,FP
6665,6665.jpg,2,boat,0.22773,"[384.33, 159.77, 174.76, 89.43]",125.01514628236052,>64,localization,0.3427273631095886,boat,FP
6665,6665.jpg,1,swimmer,0.21692,"[1623.51, 1254.88, 36.86, 41.13]",38.93650985899995,32-64,localization,0.4604314863681793,swimmer,FP
6665,6665.jpg,1,swimmer,0.17419,"[2189.92, 1052.29, 42.14, 24.87]",32.37316481285078,32-64,duplicate,0.5662733316421509,swimmer,FP
6665,6665.jpg,1,swimmer,0.16921,"[1906.89, 920.04, 39.35, 39.97]",39.65878843333467,32-64,localization,0.3604991137981415,swimmer,FP
6665,6665.jpg,1,swimmer,0.13503,"[2350.09, 959.97, 45.08, 40.01]",42.46941016779018,32-64,duplicate,0.510094404220581,swimmer,FP
6665,6665.jpg,1,swimmer,0.11634,"[1755.54, 1220.29, 44.63, 27.81]",35.23010502397062,32-64,localization,0.41302335262298584,swimmer,FP
6666,6666.jpg,1,swimmer,0.44426,"[1742.31, 1207.9, 31.69, 40.16]",35.67450630352157,32-64,localization,0.45573464035987854,swimmer,FP
6666,6666.jpg,1,swimmer,0.27099,"[1607.79, 1240.14, 46.0, 27.28]",35.42428545503776,32-64,duplicate,0.7451092600822449,swimmer,FP
6666,6666.jpg,1,swimmer,0.25477,"[2194.94, 1055.57, 37.13, 23.32]",29.42569625344488,16-32,duplicate,0.537116289138794,swimmer,FP
6666,6666.jpg,1,swimmer,0.16398,"[2087.24, 1087.96, 50.64, 26.93]",36.928785520241526,32-64,duplicate,0.8435961008071899,swimmer,FP
6666,6666.jpg,1,swimmer,0.13933,"[1853.51, 1145.39, 42.55, 24.95]",32.582549010168,32-64,localization,0.32566478848457336,swimmer,FP
6666,6666.jpg,1,swimmer,0.13781,"[1739.13, 1199.51, 38.51, 33.08]",35.69188703333013,32-64,localization,0.45529091358184814,swimmer,FP
6666,6666.jpg,5,buoy,0.13186,"[4.16, 135.56, 27.07, 34.86]",30.71905271976986,16-32,localization,0.46000251173973083,buoy,FP
6667,6667.jpg,5,buoy,0.59983,"[165.97, 120.54, 22.58, 32.05]",26.90146836141105,16-32,localization,0.4784342348575592,buoy,FP
6667,6667.jpg,1,swimmer,0.51363,"[2358.91, 981.71, 42.87, 26.43]",33.66086897274044,32-64,localization,0.4832705855369568,swimmer,FP
6667,6667.jpg,1,swimmer,0.45271,"[2202.21, 1055.95, 31.17, 27.76]",29.415628499149904,16-32,localization,0.4879910349845886,swimmer,FP
6667,6667.jpg,1,swimmer,0.39437,"[1615.24, 1224.12, 41.07, 24.92]",31.991630155401584,16-32,duplicate,0.6371734738349915,swimmer,FP
6667,6667.jpg,1,swimmer,0.3204,"[1696.07, 1164.49, 38.38, 35.67]",37.000197296771276,32-64,localization,0.49816417694091797,swimmer,FP
6667,6667.jpg,1,swimmer,0.1519,"[1932.28, 900.89, 36.12, 35.28]",35.69752932627131,32-64,localization,0.45514702796936035,swimmer,FP
6668,6668.jpg,1,swimmer,0.35612,"[1847.92, 1120.48, 33.11, 31.53]",32.31034354506309,32-64,localization,0.45803654193878174,swimmer,FP
6668,6668.jpg,5,buoy,0.28443,"[311.42, 95.89, 24.08, 35.27]",29.14277955171744,16-32,localization,0.32271790504455566,buoy,FP
6668,6668.jpg,1,swimmer,0.24443,"[2361.31, 959.98, 65.84, 40.08]",51.36990558683168,32-64,duplicate,0.7345209717750549,swimmer,FP
6668,6668.jpg,1,swimmer,0.15114,"[1951.14, 894.58, 40.93, 21.71]",29.809231791510495,16-32,localization,0.44952791929244995,swimmer,FP
6668,6668.jpg,1,swimmer,0.11,"[1853.32, 1120.35, 42.81, 31.68]",36.82690320947446,32-64,localization,0.36597925424575806,swimmer,FP
6669,6669.jpg,5,buoy,0.46322,"[446.26, 86.71, 23.74, 28.86]",26.175110314953784,16-32,localization,0.46075326204299927,buoy,FP
6669,6669.jpg,1,swimmer,0.37534,"[1955.2, 878.25, 36.9, 33.76]",35.295098809891435,32-64,localization,0.43430718779563904,swimmer,FP
6669,6669.jpg,1,swimmer,0.2564,"[1714.05, 1172.37, 38.1, 27.84]",32.56845099171896,32-64,localization,0.34649816155433655,swimmer,FP
6669,6669.jpg,1,swimmer,0.21606,"[1703.44, 1171.4, 36.34, 28.92]",32.41840218147711,32-64,localization,0.43389201164245605,swimmer,FP
6669,6669.jpg,1,swimmer,0.19425,"[2352.97, 967.8, 55.06, 40.21]",47.052763999578175,32-64,localization,0.4727570116519928,swimmer,FP
6669,6669.jpg,1,swimmer,0.17778,"[1943.98, 878.74, 39.67, 33.27]",36.32933938292851,32-64,localization,0.3971397280693054,swimmer,FP
6669,6669.jpg,1,swimmer,0.12265,"[1679.33, 1127.53, 35.98, 31.71]",33.77759316470018,32-64,duplicate,0.573738157749176,swimmer,FP
6670,6670.jpg,1,swimmer,0.41392,"[1685.44, 1123.42, 36.46, 34.73]",35.584488193593565,32-64,localization,0.38224807381629944,swimmer,FP
6670,6670.jpg,1,swimmer,0.23163,"[1699.21, 1157.44, 42.25, 42.59]",42.4196593574253,32-64,localization,0.46235978603363037,swimmer,FP
6670,6670.jpg,5,buoy,0.19338,"[585.16, 69.81, 23.28, 31.96]",27.276891318476892,16-32,localization,0.4643090069293976,buoy,FP
6670,6670.jpg,1,swimmer,0.14633,"[2369.25, 958.51, 55.62, 29.74]",40.67110522225822,32-64,duplicate,0.7640458345413208,swimmer,FP
6670,6670.jpg,1,swimmer,0.11206,"[1683.64, 1103.97, 27.71, 41.11]",33.75141626658058,32-64,duplicate,0.5658066272735596,swimmer,FP
6671,6671.jpg,2,boat,0.59248,"[987.75, 65.05, 153.97, 111.73]",131.1604669860549,>64,duplicate,0.5338838696479797,boat,FP
6671,6671.jpg,1,swimmer,0.42922,"[1703.71, 1138.02, 52.03, 28.67]",38.62253357821053,32-64,duplicate,0.7780914306640625,swimmer,FP
6671,6671.jpg,1,swimmer,0.37003,"[1991.98, 857.12, 38.79, 20.16]",27.964377339751373,16-32,duplicate,0.6732514500617981,swimmer,FP
6671,6671.jpg,1,swimmer,0.33231,"[1859.83, 1089.77, 36.21, 20.0]",26.91096430825176,16-32,localization,0.47638776898384094,swimmer,FP
6671,6671.jpg,1,swimmer,0.30452,"[1847.98, 1091.41, 37.25, 19.5]",26.951345049922832,16-32,localization,0.4749612808227539,swimmer,FP
6671,6671.jpg,1,swimmer,0.25691,"[2128.72, 1067.18, 30.87, 36.84]",33.72314931912499,32-64,localization,0.39528974890708923,swimmer,FP
6671,6671.jpg,3,jetski,0.25269,"[741.08, 57.22, 24.16, 38.81]",30.62106464510991,16-32,background,0.4078926742076874,,FP
6671,6671.jpg,1,swimmer,0.20648,"[2215.93, 1030.8, 40.28, 23.99]",31.085642988363613,16-32,localization,0.44018372893333435,swimmer,FP
6671,6671.jpg,3,jetski,0.11867,"[739.95, 47.98, 25.76, 37.57]",31.10953551565822,16-32,background,0.4118407666683197,,FP
6672,6672.jpg,1,swimmer,0.43044,"[1865.59, 1067.38, 30.86, 36.63]",33.62144851132979,32-64,localization,0.33174043893814087,swimmer,FP
6672,6672.jpg,1,swimmer,0.30176,"[2216.26, 1023.95, 39.9, 24.07]",30.99020813095646,16-32,localization,0.40890493988990784,swimmer,FP
6672,6672.jpg,5,buoy,0.19507,"[884.34, 43.08, 25.44, 29.45]",27.37166418031611,16-32,localization,0.47351759672164917,buoy,FP
6672,6672.jpg,1,swimmer,0.16705,"[1865.63, 1055.99, 30.84, 38.56]",34.48464005901758,32-64,localization,0.3153405785560608,swimmer,FP
6672,6672.jpg,3,jetski,0.15961,"[882.89, 42.58, 29.44, 30.72]",30.07319071864507,16-32,background,0.4911932647228241,,FP
6673,6673.jpg,1,swimmer,0.47424,"[1583.65, 1103.94, 29.99, 29.43]",29.708680549630607,16-32,localization,0.4652283787727356,swimmer,FP
6673,6673.jpg,5,buoy,0.38499,"[1017.25, 32.7, 22.19, 29.59]",25.624248281656968,16-32,localization,0.43865764141082764,buoy,FP
6673,6673.jpg,1,swimmer,0.37617,"[2205.27, 1007.99, 32.87, 34.02]",33.44005681813355,32-64,localization,0.4484507441520691,swimmer,FP
6673,6673.jpg,1,swimmer,0.33602,"[2037.76, 828.88, 30.91, 35.13]",32.95251583718609,32-64,localization,0.4450315833091736,swimmer,FP
6673,6673.jpg,1,swimmer,0.28192,"[1847.96, 1047.35, 38.99, 22.29]",29.480283241515846,16-32,localization,0.49294838309288025,swimmer,FP
6673,6673.jpg,1,swimmer,0.19716,"[2205.78, 1017.72, 32.78, 38.29]",35.428042565177094,32-64,localization,0.4205179810523987,swimmer,FP
6673,6673.jpg,1,swimmer,0.1725,"[2208.18, 1016.78, 48.02, 24.81]",34.51631788009839,32-64,localization,0.3524622917175293,swimmer,FP
6673,6673.jpg,1,swimmer,0.1658,"[2375.82, 943.77, 46.9, 23.47]",33.17744715917727,32-64,duplicate,0.6846580505371094,swimmer,FP
6673,6673.jpg,1,swimmer,0.16491,"[2035.16, 815.98, 32.46, 36.63]",34.48202140246421,32-64,localization,0.47270482778549194,swimmer,FP
6674,6674.jpg,1,swimmer,0.57894,"[1679.84, 1080.16, 29.24, 24.66]",26.852530607002386,16-32,localization,0.33029288053512573,swimmer,FP
6674,6674.jpg,1,swimmer,0.44456,"[1855.64, 1025.44, 40.78, 30.6]",35.32517515880141,32-64,localization,0.4263271689414978,swimmer,FP
6674,6674.jpg,2,boat,0.40424,"[1302.61, 79.86, 133.22, 65.11]",93.13406573322138,>64,localization,0.411467045545578,boat,FP
6674,6674.jpg,1,swimmer,0.37146,"[2054.02, 815.93, 34.05, 27.24]",30.455245853547133,16-32,duplicate,0.5039859414100647,swimmer,FP
6674,6674.jpg,2,boat,0.29016,"[1303.94, 48.97, 135.18, 95.52]",113.63271359956164,>64,duplicate,0.6164032816886902,boat,FP
6674,6674.jpg,1,swimmer,0.11459,"[2118.92, 1021.6, 41.34, 25.26]",32.3148325076891,32-64,localization,0.3141418993473053,swimmer,FP
6675,6675.jpg,1,swimmer,0.6102,"[1679.92, 1054.89, 29.37, 25.38]",27.302208701861467,16-32,localization,0.4995814263820648,swimmer,FP
6675,6675.jpg,1,swimmer,0.3065,"[2386.34, 921.34, 43.18, 38.67]",40.86282662763309,32-64,duplicate,0.5181631445884705,swimmer,FP
6675,6675.jpg,5,buoy,0.19102,"[1288.78, 9.24, 31.29, 38.84]",34.86120479845756,32-64,localization,0.4163568615913391,buoy,FP
6675,6675.jpg,1,swimmer,0.19044,"[2110.5, 1016.2, 29.01, 39.81]",33.98364459559922,32-64,localization,0.45995867252349854,swimmer,FP
6675,6675.jpg,1,swimmer,0.15838,"[1706.3, 1007.81, 45.82, 26.07]",34.561935709679226,32-64,duplicate,0.5482184290885925,swimmer,FP
6675,6675.jpg,1,swimmer,0.13977,"[1847.75, 1007.81, 45.92, 24.27]",33.38380445665233,32-64,localization,0.42821669578552246,swimmer,FP
6676,6676.jpg,2,boat,0.59135,"[1511.04, 0.0, 126.98, 124.3]",125.63285398334307,>64,duplicate,0.9707164764404297,boat,FP
6676,6676.jpg,1,swimmer,0.55774,"[1845.67, 994.11, 38.09, 23.41]",29.861126904388588,16-32,localization,0.45745259523391724,swimmer,FP
6676,6676.jpg,1,swimmer,0.49579,"[2183.9, 982.47, 31.35, 26.5]",28.823167764838065,16-32,localization,0.4401277005672455,swimmer,FP
6676,6676.jpg,1,swimmer,0.42746,"[2101.98, 1006.95, 34.27, 22.11]",27.52652720558843,16-32,localization,0.3773506283760071,swimmer,FP
6676,6676.jpg,1,swimmer,0.22326,"[2375.81, 911.9, 43.68, 29.29]",35.76852247437682,32-64,duplicate,0.7878772020339966,swimmer,FP
6676,6676.jpg,1,swimmer,0.17451,"[1847.92, 994.47, 48.27, 23.49]",33.672871870394424,32-64,localization,0.3281986713409424,swimmer,FP
6676,6676.jpg,1,swimmer,0.16154,"[1559.32, 1030.18, 54.64, 27.42]",38.706960614339124,32-64,duplicate,0.5072656869888306,swimmer,FP
6676,6676.jpg,1,swimmer,0.10867,"[2189.44, 982.76, 42.72, 26.5]",33.646396538113855,32-64,localization,0.250675767660141,swimmer,FP
6676,6676.jpg,3,jetski,0.10442,"[1414.26, 0.0, 21.46, 33.56]",26.836497536004956,16-32,class_confusion,0.5498491525650024,buoy,FP
6677,6677.jpg,1,swimmer,0.47052,"[1957.81, 993.35, 35.26, 22.47]",28.1476855176407,16-32,localization,0.3453117311000824,swimmer,FP
6677,6677.jpg,1,swimmer,0.45455,"[2240.1, 906.11, 40.43, 26.43]",32.688910963811566,32-64,localization,0.4618295431137085,swimmer,FP
6677,6677.jpg,1,swimmer,0.43694,"[1715.65, 984.99, 36.57, 23.19]",29.121440555027494,16-32,localization,0.35176074504852295,swimmer,FP
6677,6677.jpg,1,swimmer,0.37958,"[1957.11, 795.5, 34.94, 21.43]",27.363556055454488,16-32,localization,0.39723801612854004,swimmer,FP
6677,6677.jpg,1,swimmer,0.3723,"[1550.25, 959.99, 38.42, 34.6]",36.460005485463114,32-64,localization,0.4746771454811096,swimmer,FP
6677,6677.jpg,1,swimmer,0.29045,"[2039.93, 978.02, 30.24, 30.04]",30.139834107041796,16-32,localization,0.48447558283805847,swimmer,FP
6677,6677.jpg,1,swimmer,0.1996,"[1703.94, 985.44, 42.04, 22.85]",30.99377356825077,16-32,localization,0.4798388183116913,swimmer,FP
6677,6677.jpg,1,swimmer,0.17298,"[1943.99, 795.0, 37.31, 21.78]",28.506346661752364,16-32,localization,0.46762794256210327,swimmer,FP
6677,6677.jpg,1,swimmer,0.15978,"[1530.56, 992.18, 37.44, 17.66]",25.713622848599144,16-32,background,0.011948671191930771,,FP
6677,6677.jpg,1,swimmer,0.11033,"[1415.55, 1007.33, 50.22, 27.35]",37.060990272792225,32-64,duplicate,0.6246737241744995,swimmer,FP
6678,6678.jpg,2,boat,0.50557,"[1389.5, 67.03, 132.37, 52.59]",83.43463489462874,>64,localization,0.3961133360862732,boat,FP
6678,6678.jpg,1,swimmer,0.46738,"[1919.56, 959.97, 27.12, 30.87]",28.934311811411725,16-32,localization,0.2959050238132477,swimmer,FP
6678,6678.jpg,1,swimmer,0.39827,"[1829.14, 978.76, 26.47, 29.26]",27.830059288474395,16-32,localization,0.46013742685317993,swimmer,FP
6678,6678.jpg,1,swimmer,0.34237,"[1838.25, 783.11, 29.74, 32.9]",31.280121483140054,16-32,localization,0.32761305570602417,swimmer,FP
6678,6678.jpg,1,swimmer,0.30138,"[1587.19, 970.57, 36.1, 37.44]",36.76389533224139,32-64,localization,0.39065277576446533,swimmer,FP
6678,6678.jpg,1,swimmer,0.27323,"[1591.38, 959.99, 30.12, 35.43]",32.66728638867942,32-64,localization,0.4329017400741577,swimmer,FP
6678,6678.jpg,1,swimmer,0.11392,"[1920.26, 968.55, 29.99, 39.48]",34.40937662905272,32-64,localization,0.19416283071041107,swimmer,FP
6678,6678.jpg,1,swimmer,0.1102,"[2110.52, 897.96, 50.08, 38.22]",43.74994399996416,32-64,localization,0.4734691083431244,swimmer,FP
6678,6678.jpg,1,swimmer,0.10859,"[1836.4, 767.98, 32.44, 37.05]",34.66845828703664,32-64,localization,0.3319738209247589,swimmer,FP
6679,6679.jpg,2,boat,0.59062,"[1343.48, 59.94, 133.13, 46.05]",78.29838120932003,>64,localization,0.4089258909225464,boat,FP
6679,6679.jpg,1,swimmer,0.5554,"[1827.44, 956.7, 27.17, 21.11]",23.94908557753302,16-32,localization,0.46998652815818787,swimmer,FP
6679,6679.jpg,1,swimmer,0.54118,"[1743.4, 959.94, 29.91, 30.06]",29.984906202954846,16-32,localization,0.4848068952560425,swimmer,FP
6679,6679.jpg,1,swimmer,0.50524,"[1505.92, 959.67, 37.0, 25.41]",30.662191702485977,16-32,localization,0.47863689064979553,swimmer,FP
6679,6679.jpg,2,boat,0.30006,"[1344.05, 2.41, 132.55, 101.94]",116.24176099836066,>64,duplicate,0.8956616520881653,boat,FP
6679,6679.jpg,1,swimmer,0.23484,"[1764.51, 767.85, 35.51, 24.41]",29.441452070168005,16-32,localization,0.49007999897003174,swimmer,FP
6679,6679.jpg,1,swimmer,0.20994,"[1751.94, 767.81, 37.66, 24.16]",30.163978517430355,16-32,localization,0.4835878908634186,swimmer,FP
6680,6680.jpg,1,swimmer,0.53707,"[1775.53, 951.51, 25.34, 19.05]",21.97104913289304,16-32,localization,0.41767755150794983,swimmer,FP
6680,6680.jpg,2,boat,0.4671,"[1312.57, 49.74, 127.34, 47.88]",78.08353987877342,>64,localization,0.4770045876502991,boat,FP
6680,6680.jpg,1,swimmer,0.37096,"[1463.91, 952.58, 34.77, 19.09]",25.763526544322307,16-32,localization,0.4745695888996124,swimmer,FP
6680,6680.jpg,1,swimmer,0.31505,"[1471.44, 950.88, 41.39, 22.89]",30.780141325211616,16-32,localization,0.2636602818965912,swimmer,FP
6680,6680.jpg,1,swimmer,0.27407,"[1703.9, 763.34, 39.75, 20.59]",28.608608844192336,16-32,localization,0.4178623855113983,swimmer,FP
6680,6680.jpg,1,swimmer,0.136,"[1975.19, 863.98, 33.64, 39.16]",36.295211805415875,32-64,duplicate,0.5095461010932922,swimmer,FP
6680,6680.jpg,1,swimmer,0.10437,"[1300.13, 641.1, 68.47, 53.29]",60.40501883121964,32-64,background,0.005602343939244747,,FP
6681,6681.jpg,2,boat,0.44108,"[1286.78, 41.23, 129.3, 55.22]",84.49820116428515,>64,localization,0.49651920795440674,boat,FP
6681,6681.jpg,1,swimmer,0.2154,"[1951.95, 863.98, 40.11, 33.01]",36.38723814746044,32-64,duplicate,0.5721108913421631,swimmer,FP
6681,6681.jpg,1,swimmer,0.16892,"[1839.62, 1006.13, 33.04, 23.72]",27.994799517053163,16-32,background,0.0,,FP
6681,6681.jpg,1,swimmer,0.13835,"[1286.77, 935.86, 23.29, 32.58]",27.546110433235395,16-32,duplicate,0.5193714499473572,swimmer,FP
6681,6681.jpg,1,swimmer,0.12854,"[1655.87, 952.87, 45.66, 22.33]",31.930984951924046,16-32,duplicate,0.5072803497314453,swimmer,FP
6681,6681.jpg,1,swimmer,0.11795,"[1448.92, 935.8, 39.54, 33.39]",36.33511524682425,32-64,localization,0.3029750883579254,swimmer,FP
6682,6682.jpg,1,swimmer,0.38224,"[1943.93, 862.17, 39.38, 27.8]",33.087218075867305,32-64,duplicate,0.6452555060386658,swimmer,FP
6682,6682.jpg,1,swimmer,0.2782,"[1271.81, 940.43, 34.93, 20.41]",26.70058613588848,16-32,duplicate,0.569459855556488,swimmer,FP
6682,6682.jpg,1,swimmer,0.25713,"[1280.17, 941.4, 39.86, 19.4]",27.807984464897846,16-32,duplicate,0.5943906307220459,swimmer,FP
6682,6682.jpg,1,swimmer,0.1577,"[1678.86, 743.46, 32.45, 24.15]",27.99406187033243,16-32,localization,0.44592511653900146,swimmer,FP
6683,6683.jpg,1,swimmer,0.52425,"[1751.56, 949.66, 31.17, 20.2]",25.092508842281994,16-32,localization,0.4865376353263855,swimmer,FP
6683,6683.jpg,1,swimmer,0.52383,"[1453.76, 952.38, 35.7, 24.31]",29.45958248176644,16-32,localization,0.47011813521385193,swimmer,FP
6683,6683.jpg,1,swimmer,0.43799,"[1237.95, 976.35, 34.73, 31.7]",33.18043097972056,32-64,localization,0.44223666191101074,swimmer,FP
6683,6683.jpg,1,swimmer,0.34683,"[1943.95, 854.48, 39.65, 22.9]",30.132789449368936,16-32,duplicate,0.7736152410507202,swimmer,FP
6683,6683.jpg,1,swimmer,0.27158,"[1280.67, 940.46, 39.36, 20.39]",28.32932050014613,16-32,duplicate,0.6859328150749207,swimmer,FP
6683,6683.jpg,1,swimmer,0.25864,"[1271.59, 939.86, 35.62, 21.63]",27.757172046157727,16-32,duplicate,0.6293526291847229,swimmer,FP
6683,6683.jpg,1,swimmer,0.25754,"[1679.43, 740.73, 33.22, 20.18]",25.89168978649327,16-32,duplicate,0.5533037185668945,swimmer,FP
6684,6684.jpg,1,swimmer,0.56449,"[1453.78, 950.48, 36.29, 22.83]",28.783688088915916,16-32,localization,0.463487833738327,swimmer,FP
6684,6684.jpg,1,swimmer,0.34027,"[1285.97, 935.63, 21.29, 27.15]",24.04211929094438,16-32,duplicate,0.5477946400642395,swimmer,FP
6684,6684.jpg,1,swimmer,0.33763,"[1751.97, 950.47, 33.24, 18.1]",24.52843248151011,16-32,localization,0.46868327260017395,swimmer,FP
6684,6684.jpg,1,swimmer,0.32961,"[1237.8, 973.11, 34.49, 34.91]",34.69936454749568,32-64,localization,0.47274428606033325,swimmer,FP
6684,6684.jpg,1,swimmer,0.30193,"[1951.79, 849.69, 40.47, 22.86]",30.41618319250461,16-32,duplicate,0.6497730016708374,swimmer,FP
6684,6684.jpg,1,swimmer,0.27907,"[1269.35, 955.26, 30.7, 24.97]",27.687163090500984,16-32,localization,0.10755962133407593,swimmer,FP
6684,6684.jpg,1,swimmer,0.23297,"[1678.85, 743.33, 31.7, 22.51]",26.712674894139674,16-32,localization,0.493296355009079,swimmer,FP
6684,6684.jpg,1,swimmer,0.19704,"[1759.84, 948.39, 40.22, 20.62]",28.798201332722154,16-32,localization,0.36594924330711365,swimmer,FP
6684,6684.jpg,1,swimmer,0.15746,"[1950.44, 839.88, 30.21, 37.84]",33.810448089311095,32-64,duplicate,0.589527428150177,swimmer,FP
6684,6684.jpg,1,swimmer,0.10512,"[1757.59, 935.89, 23.89, 31.86]",27.588682462198154,16-32,localization,0.4243660271167755,swimmer,FP
6685,6685.jpg,1,swimmer,0.51995,"[1458.14, 948.07, 32.54, 21.33]",26.34536391853413,16-32,localization,0.45383933186531067,swimmer,FP
6685,6685.jpg,1,swimmer,0.51687,"[1673.96, 742.52, 34.64, 25.61]",29.78473434496269,16-32,localization,0.4034847021102905,swimmer,FP
6685,6685.jpg,1,swimmer,0.34668,"[1281.67, 939.11, 38.35, 21.38]",28.634297616669418,16-32,duplicate,0.7078966498374939,swimmer,FP
6685,6685.jpg,1,swimmer,0.27388,"[1751.84, 950.9, 34.29, 19.22]",25.672043159826604,16-32,duplicate,0.5438116788864136,swimmer,FP
6685,6685.jpg,1,swimmer,0.19316,"[1941.87, 839.84, 37.31, 38.93]",38.11139330961281,32-64,duplicate,0.5617983341217041,swimmer,FP
6685,6685.jpg,1,swimmer,0.17466,"[1271.81, 936.98, 37.27, 23.68]",29.70780368859334,16-32,duplicate,0.6221805810928345,swimmer,FP
6685,6685.jpg,1,swimmer,0.1493,"[1946.41, 847.41, 45.77, 27.26]",35.32265845034884,32-64,duplicate,0.5521941184997559,swimmer,FP
6685,6685.jpg,1,swimmer,0.10776,"[1127.71, 976.59, 53.81, 31.58]",41.22280679429774,32-64,duplicate,0.552910327911377,swimmer,FP
6685,6685.jpg,1,swimmer,0.10082,"[1756.74, 935.87, 25.29, 31.78]",28.34988888867115,16-32,localization,0.4706965684890747,swimmer,FP
6686,6686.jpg,1,swimmer,0.50817,"[1453.23, 945.31, 37.9, 25.23]",30.922758609153874,16-32,localization,0.26772165298461914,swimmer,FP
6686,6686.jpg,1,swimmer,0.47066,"[1664.8, 738.73, 32.56, 23.04]",27.389457825959244,16-32,localization,0.46921923756599426,swimmer,FP
6686,6686.jpg,1,swimmer,0.39699,"[1669.1, 738.97, 35.07, 29.04]",31.912893945864575,16-32,localization,0.3456290662288666,swimmer,FP
6686,6686.jpg,1,swimmer,0.22859,"[1270.66, 941.93, 33.94, 20.5]",26.377452492611944,16-32,localization,0.44515687227249146,swimmer,FP
6686,6686.jpg,1,swimmer,0.22121,"[1281.3, 938.66, 38.73, 21.56]",28.896691852182663,16-32,duplicate,0.7544740438461304,swimmer,FP
6686,6686.jpg,1,swimmer,0.18533,"[1655.9, 738.38, 41.63, 29.67]",35.14487302580563,32-64,localization,0.284982830286026,swimmer,FP
6686,6686.jpg,1,swimmer,0.17899,"[1930.9, 839.81, 42.98, 39.93]",41.42694050976973,32-64,localization,0.4807156026363373,swimmer,FP
6686,6686.jpg,1,swimmer,0.17632,"[1127.42, 979.06, 53.1, 29.16]",39.34966327683122,32-64,duplicate,0.5766951441764832,swimmer,FP
6686,6686.jpg,1,swimmer,0.16519,"[1758.93, 946.62, 41.12, 21.0]",29.385710813250714,16-32,localization,0.42044875025749207,swimmer,FP
6686,6686.jpg,1,swimmer,0.13323,"[1756.94, 935.76, 23.48, 29.14]",26.15735460630528,16-32,localization,0.4456126391887665,swimmer,FP
6686,6686.jpg,1,swimmer,0.11729,"[1452.31, 935.89, 38.12, 39.13]",38.621698564408064,32-64,localization,0.17162367701530457,swimmer,FP
6687,6687.jpg,1,swimmer,0.51323,"[1450.8, 946.71, 39.14, 26.3]",32.08398354319488,32-64,localization,0.2811835706233978,swimmer,FP
6687,6687.jpg,1,swimmer,0.48342,"[1656.77, 732.76, 33.47, 23.21]",27.87182627672611,16-32,localization,0.40548962354660034,swimmer,FP
6687,6687.jpg,1,swimmer,0.35014,"[1243.28, 974.96, 29.23, 33.06]",31.08607083566529,16-32,localization,0.4678152799606323,swimmer,FP
6687,6687.jpg,1,swimmer,0.33515,"[1269.76, 946.89, 32.6, 23.44]",27.643154668018628,16-32,localization,0.2690664827823639,swimmer,FP
6687,6687.jpg,1,swimmer,0.26011,"[1655.91, 732.26, 35.22, 35.74]",35.47904733783025,32-64,localization,0.25024569034576416,swimmer,FP
6687,6687.jpg,1,swimmer,0.21262,"[1929.76, 839.75, 41.74, 35.82]",38.66686953969768,32-64,localization,0.49761661887168884,swimmer,FP
6687,6687.jpg,1,swimmer,0.16694,"[1655.14, 719.92, 34.11, 34.53]",34.31935751146865,32-64,localization,0.25545212626457214,swimmer,FP
6687,6687.jpg,1,swimmer,0.13501,"[1749.03, 935.6, 28.71, 26.57]",27.619281308535168,16-32,localization,0.42955827713012695,swimmer,FP
6687,6687.jpg,1,swimmer,0.11377,"[1450.68, 935.89, 40.52, 41.38]",40.947742306505745,32-64,localization,0.1813066154718399,swimmer,FP
6687,6687.jpg,1,swimmer,0.11224,"[1661.52, 733.29, 42.52, 34.71]",38.417043092877414,32-64,localization,0.21343356370925903,swimmer,FP
6687,6687.jpg,1,swimmer,0.11173,"[1280.68, 940.28, 39.34, 20.41]",28.33600889327924,16-32,duplicate,0.5985133051872253,swimmer,FP
6687,6687.jpg,1,swimmer,0.10956,"[1127.61, 978.24, 53.46, 29.86]",39.953918456141444,32-64,duplicate,0.6028709411621094,swimmer,FP
6688,6688.jpg,1,swimmer,0.4915,"[1751.65, 939.95, 26.1, 21.02]",23.42268131534048,16-32,localization,0.4761139452457428,swimmer,FP
6688,6688.jpg,1,swimmer,0.4815,"[1658.17, 735.71, 29.2, 23.05]",25.943399931389102,16-32,localization,0.4992125630378723,swimmer,FP
6688,6688.jpg,1,swimmer,0.43911,"[1463.55, 943.68, 28.69, 23.26]",25.832719562601227,16-32,localization,0.45854416489601135,swimmer,FP
6688,6688.jpg,1,swimmer,0.41185,"[1241.14, 974.69, 32.39, 33.32]",32.851709240159785,32-64,localization,0.3952156603336334,swimmer,FP
6688,6688.jpg,1,swimmer,0.32705,"[1268.27, 946.31, 30.39, 20.6]",25.02067145381994,16-32,localization,0.3378363251686096,swimmer,FP
6688,6688.jpg,1,swimmer,0.31397,"[1655.95, 734.92, 32.48, 33.09]",32.783581256476545,32-64,localization,0.31262701749801636,swimmer,FP
6688,6688.jpg,1,swimmer,0.17593,"[1630.8, 945.47, 44.79, 26.47]",34.43241641244482,32-64,background,0.0,,FP
6688,6688.jpg,1,swimmer,0.15082,"[1753.3, 935.46, 23.61, 22.78]",23.191287157033784,16-32,localization,0.3339084982872009,swimmer,FP
6688,6688.jpg,1,swimmer,0.14535,"[1921.81, 839.59, 47.15, 34.74]",40.4721015021459,32-64,localization,0.38783299922943115,swimmer,FP
6688,6688.jpg,1,swimmer,0.14245,"[1466.54, 935.93, 24.73, 37.7]",30.533931944641523,16-32,localization,0.3282131254673004,swimmer,FP
6688,6688.jpg,1,swimmer,0.13351,"[1662.37, 735.65, 41.7, 32.37]",36.740019052798544,32-64,localization,0.24892042577266693,swimmer,FP
6688,6688.jpg,1,swimmer,0.12566,"[1466.32, 943.64, 46.07, 28.19]",36.037665018699535,32-64,localization,0.23561783134937286,swimmer,FP
6688,6688.jpg,2,boat,0.10142,"[1165.08, 0.0, 129.89, 75.8]",99.2253092713749,>64,duplicate,0.849326491355896,boat,FP
6689,6689.jpg,1,swimmer,0.47499,"[1656.61, 732.58, 29.66, 24.1]",26.73585607381967,16-32,localization,0.44067898392677307,swimmer,FP
6689,6689.jpg,1,swimmer,0.46108,"[1463.62, 944.13, 28.25, 21.42]",24.599085348849865,16-32,localization,0.4214075207710266,swimmer,FP
6689,6689.jpg,1,swimmer,0.34555,"[1655.73, 732.93, 30.51, 35.07]",32.71063588498395,32-64,localization,0.29439646005630493,swimmer,FP
6689,6689.jpg,1,swimmer,0.33634,"[1269.46, 942.47, 30.09, 25.08]",27.47102473516414,16-32,localization,0.470156192779541,swimmer,FP
6689,6689.jpg,1,swimmer,0.20531,"[1741.53, 934.94, 35.12, 23.0]",28.421118908304788,16-32,duplicate,0.512570858001709,swimmer,FP
6689,6689.jpg,1,swimmer,0.15526,"[1467.45, 935.9, 23.02, 33.21]",27.64948824119535,16-32,localization,0.33355388045310974,swimmer,FP
6689,6689.jpg,1,swimmer,0.145,"[1678.58, 935.84, 38.69, 32.22]",35.30710693330735,32-64,localization,0.3537645637989044,swimmer,FP
6689,6689.jpg,1,swimmer,0.1345,"[1127.64, 979.31, 52.05, 29.22]",38.99873074857693,32-64,duplicate,0.6159806251525879,swimmer,FP
6689,6689.jpg,1,swimmer,0.1205,"[1655.52, 719.97, 29.69, 35.99]",32.68857751570111,32-64,localization,0.29479387402534485,swimmer,FP
6690,6690.jpg,1,swimmer,0.45553,"[1653.52, 730.06, 27.45, 24.83]",26.10715419190686,16-32,localization,0.49296969175338745,swimmer,FP
6690,6690.jpg,1,swimmer,0.43853,"[1462.88, 945.61, 27.83, 22.99]",25.294499402043915,16-32,localization,0.3938658833503723,swimmer,FP
6690,6690.jpg,1,swimmer,0.36303,"[1901.94, 843.31, 42.22, 24.95]",32.45595476950262,32-64,duplicate,0.6193742156028748,swimmer,FP
6690,6690.jpg,1,swimmer,0.35581,"[1270.11, 939.52, 30.53, 21.12]",25.39278637723714,16-32,duplicate,0.5774368643760681,swimmer,FP
6690,6690.jpg,1,swimmer,0.26531,"[1654.62, 719.96, 25.38, 34.84]",29.73615980586599,16-32,localization,0.3799876570701599,swimmer,FP
6690,6690.jpg,1,swimmer,0.24956,"[1655.04, 730.11, 25.8, 37.9]",31.270113527136417,16-32,localization,0.34362149238586426,swimmer,FP
6690,6690.jpg,1,swimmer,0.24848,"[1676.3, 935.82, 35.74, 33.78]",34.74618252412775,32-64,localization,0.34788450598716736,swimmer,FP
6690,6690.jpg,1,swimmer,0.1751,"[1731.05, 930.96, 45.23, 25.38]",33.881224889310005,32-64,localization,0.3105364441871643,swimmer,FP
6690,6690.jpg,1,swimmer,0.11061,"[1464.35, 945.65, 48.34, 27.52]",36.473508194304536,32-64,localization,0.18942856788635254,swimmer,FP
6690,6690.jpg,1,swimmer,0.10363,"[1466.19, 935.89, 25.37, 37.3]",30.76200578635925,16-32,localization,0.2663000524044037,swimmer,FP
6691,6691.jpg,1,swimmer,0.43451,"[1647.44, 727.75, 33.15, 26.42]",29.59430688493988,16-32,localization,0.3836391568183899,swimmer,FP
6691,6691.jpg,1,swimmer,0.37068,"[1275.15, 935.15, 22.95, 23.44]",23.19370604280394,16-32,duplicate,0.5912875533103943,swimmer,FP
6691,6691.jpg,1,swimmer,0.29256,"[1655.97, 946.38, 40.34, 25.25]",31.91527847285685,16-32,localization,0.4123367369174957,swimmer,FP
6691,6691.jpg,1,swimmer,0.18991,"[1668.41, 935.93, 34.1, 38.47]",36.219152392070136,32-64,localization,0.32016417384147644,swimmer,FP
6691,6691.jpg,1,swimmer,0.18089,"[1648.18, 728.34, 30.33, 39.67]",34.687045132152726,32-64,localization,0.27171021699905396,swimmer,FP
6691,6691.jpg,1,swimmer,0.14205,"[1470.57, 950.2, 41.53, 19.6]",28.530474934707975,16-32,localization,0.31308218836784363,swimmer,FP
6691,6691.jpg,1,swimmer,0.13607,"[1902.77, 844.26, 41.34, 24.51]",31.831484414020032,16-32,duplicate,0.5306992530822754,swimmer,FP
6692,6692.jpg,1,swimmer,0.49507,"[1642.35, 719.89, 30.25, 25.91]",27.99602650377371,16-32,localization,0.49886608123779297,swimmer,FP
6692,6692.jpg,1,swimmer,0.45535,"[1655.92, 951.77, 36.8, 22.78]",28.953479929017167,16-32,localization,0.42836782336235046,swimmer,FP
6692,6692.jpg,1,swimmer,0.44756,"[1262.31, 942.02, 34.27, 36.4]",35.31894675666306,32-64,localization,0.36290237307548523,swimmer,FP
6692,6692.jpg,1,swimmer,0.21514,"[1463.51, 935.91, 28.91, 33.94]",31.324198313763752,16-32,localization,0.42208534479141235,swimmer,FP
6692,6692.jpg,1,swimmer,0.20977,"[1248.62, 971.19, 25.64, 36.83]",30.729809631691506,16-32,localization,0.4565213918685913,swimmer,FP
6692,6692.jpg,1,swimmer,0.19132,"[1898.79, 837.36, 45.35, 26.83]",34.88180757930988,32-64,localization,0.4765615463256836,swimmer,FP
6692,6692.jpg,1,swimmer,0.11993,"[1666.2, 935.92, 30.42, 41.48]",35.52212831461539,32-64,localization,0.30115193128585815,swimmer,FP
6692,6692.jpg,1,swimmer,0.11273,"[1664.02, 948.16, 40.05, 25.68]",32.0699859681915,32-64,localization,0.3694758415222168,swimmer,FP
6693,6693.jpg,1,swimmer,0.48784,"[1655.91, 952.05, 34.87, 20.95]",27.02825373567445,16-32,localization,0.4544450640678406,swimmer,FP
6693,6693.jpg,1,swimmer,0.44786,"[1637.31, 719.93, 32.98, 31.57]",32.26729923622366,32-64,localization,0.33807840943336487,swimmer,FP
6693,6693.jpg,1,swimmer,0.40068,"[1269.45, 934.97, 28.69, 25.45]",27.021482194727955,16-32,duplicate,0.7737390995025635,swimmer,FP
6693,6693.jpg,1,swimmer,0.33558,"[1641.39, 723.17, 38.93, 29.93]",34.13465834016799,32-64,localization,0.3021005690097809,swimmer,FP
6693,6693.jpg,1,swimmer,0.19359,"[1251.46, 970.52, 26.25, 37.52]",31.383116480043853,16-32,localization,0.4438491463661194,swimmer,FP
6693,6693.jpg,1,swimmer,0.18533,"[1461.28, 935.89, 30.45, 37.18]",33.647154411628925,32-64,localization,0.37892600893974304,swimmer,FP
6693,6693.jpg,1,swimmer,0.13512,"[1666.03, 935.9, 25.83, 40.81]",32.46724965253448,32-64,localization,0.34246501326560974,swimmer,FP
6694,6694.jpg,1,swimmer,0.55321,"[1453.05, 942.54, 41.0, 26.04]",32.67476090195611,32-64,localization,0.3988504707813263,swimmer,FP
6694,6694.jpg,1,swimmer,0.54,"[1655.74, 950.39, 35.28, 23.98]",29.08632668454372,16-32,localization,0.48277419805526733,swimmer,FP
6694,6694.jpg,1,swimmer,0.37105,"[1633.09, 719.96, 27.73, 35.35]",31.30903224310838,16-32,localization,0.35909008979797363,swimmer,FP
6694,6694.jpg,1,swimmer,0.37005,"[1267.16, 931.69, 29.26, 21.36]",24.99987199967232,16-32,duplicate,0.6161978244781494,swimmer,FP
6694,6694.jpg,1,swimmer,0.22622,"[1455.62, 935.83, 37.57, 35.64]",36.592277873890275,32-64,localization,0.2937045991420746,swimmer,FP
6694,6694.jpg,1,swimmer,0.21737,"[1638.67, 726.31, 41.73, 30.32]",35.57040342756883,32-64,localization,0.2364567220211029,swimmer,FP
6694,6694.jpg,1,swimmer,0.17738,"[1633.52, 726.9, 25.76, 41.11]",32.54218185678398,32-64,localization,0.33239105343818665,swimmer,FP
6694,6694.jpg,1,swimmer,0.1666,"[1871.64, 828.48, 43.77, 26.63]",34.1408128198495,32-64,localization,0.4957953691482544,swimmer,FP
6694,6694.jpg,1,swimmer,0.13611,"[1250.77, 967.94, 25.92, 40.1]",32.23960297522288,32-64,localization,0.4452481269836426,swimmer,FP
6694,6694.jpg,1,swimmer,0.10172,"[1884.75, 815.97, 31.43, 41.7]",36.20263802542572,32-64,localization,0.4622151255607605,swimmer,FP
6694,6694.jpg,1,swimmer,0.10025,"[1663.18, 935.93, 27.78, 43.43]",34.734498700859355,32-64,localization,0.3439067602157593,swimmer,FP
6695,6695.jpg,1,swimmer,0.59001,"[1444.73, 944.85, 49.38, 28.46]",37.488062099820525,32-64,localization,0.4739016890525818,swimmer,FP
6695,6695.jpg,1,swimmer,0.56256,"[1644.33, 949.17, 44.93, 24.7]",33.31322560185369,32-64,localization,0.37424659729003906,swimmer,FP
6695,6695.jpg,1,swimmer,0.51064,"[1254.92, 940.93, 30.22, 40.28]",34.889276289427386,32-64,localization,0.32154759764671326,swimmer,FP
6695,6695.jpg,1,swimmer,0.32034,"[1628.99, 719.98, 27.56, 35.05]",31.080186614626363,16-32,localization,0.3478339910507202,swimmer,FP
6695,6695.jpg,1,swimmer,0.21474,"[1871.69, 828.17, 42.45, 25.05]",32.609392818634326,32-64,duplicate,0.5259037613868713,swimmer,FP
6695,6695.jpg,1,swimmer,0.20342,"[1629.45, 729.05, 26.82, 38.96]",32.325024361939775,32-64,localization,0.32155969738960266,swimmer,FP
6695,6695.jpg,1,swimmer,0.17726,"[1881.68, 815.98, 32.82, 39.52]",36.01453040093679,32-64,localization,0.49188679456710815,swimmer,FP
6695,6695.jpg,1,swimmer,0.1564,"[1649.68, 935.86, 37.67, 40.05]",38.84177519115212,32-64,localization,0.27838844060897827,swimmer,FP
6695,6695.jpg,1,swimmer,0.14326,"[1445.77, 935.9, 49.28, 42.26]",45.63521447303606,32-64,localization,0.31979674100875854,swimmer,FP
6695,6695.jpg,1,swimmer,0.12791,"[1257.22, 935.67, 39.13, 35.04]",37.02857275132273,32-64,localization,0.444163978099823,swimmer,FP
6696,6696.jpg,1,swimmer,0.5537,"[1254.49, 947.52, 32.86, 40.06]",36.28183567572071,32-64,localization,0.4070360064506531,swimmer,FP
6696,6696.jpg,1,swimmer,0.39091,"[1624.38, 719.96, 31.92, 29.55]",30.712147433873785,16-32,localization,0.37318339943885803,swimmer,FP
6696,6696.jpg,1,swimmer,0.26756,"[1871.62, 838.41, 32.82, 23.18]",27.582015879917115,16-32,duplicate,0.6894752979278564,swimmer,FP
6696,6696.jpg,1,swimmer,0.11994,"[1607.81, 719.8, 43.45, 28.41]",35.13423544066386,32-64,localization,0.28515541553497314,swimmer,FP
6697,6697.jpg,1,swimmer,0.54259,"[1253.33, 952.8, 27.38, 29.52]",28.429871614201847,16-32,localization,0.49460479617118835,swimmer,FP
6697,6697.jpg,1,swimmer,0.42949,"[1250.38, 981.18, 26.53, 26.9]",26.714359434581247,16-32,localization,0.46118399500846863,swimmer,FP
6697,6697.jpg,1,swimmer,0.37067,"[1623.56, 719.95, 32.51, 29.04]",30.72605409095024,16-32,localization,0.33895060420036316,swimmer,FP
6698,6698.jpg,1,swimmer,0.55167,"[1449.02, 956.9, 36.88, 24.0]",29.750966370859285,16-32,localization,0.41576284170150757,swimmer,FP
6698,6698.jpg,1,swimmer,0.45906,"[1252.49, 977.67, 28.56, 30.46]",29.49470460947185,16-32,localization,0.46416372060775757,swimmer,FP
6698,6698.jpg,1,swimmer,0.34734,"[1620.2, 719.88, 35.93, 27.32]",31.330617612808084,16-32,localization,0.31173351407051086,swimmer,FP
6698,6698.jpg,1,swimmer,0.25001,"[1607.93, 719.9, 38.1, 26.37]",31.696955689781948,16-32,localization,0.30456942319869995,swimmer,FP
6699,6699.jpg,1,swimmer,0.52923,"[1252.2, 955.99, 27.71, 34.25]",30.806939153379066,16-32,localization,0.46610763669013977,swimmer,FP
6699,6699.jpg,1,swimmer,0.50741,"[1446.75, 959.83, 38.8, 28.16]",33.054621462058826,32-64,localization,0.36609652638435364,swimmer,FP
6699,6699.jpg,1,swimmer,0.38666,"[1607.88, 719.85, 36.81, 24.06]",29.75984878993843,16-32,localization,0.3658335506916046,swimmer,FP
6699,6699.jpg,1,swimmer,0.29907,"[1618.39, 719.8, 37.68, 25.27]",30.85731031700592,16-32,localization,0.3402740955352783,swimmer,FP
6700,6700.jpg,1,swimmer,0.49628,"[1647.19, 959.8, 32.09, 28.96]",30.484855256339994,16-32,localization,0.4770347774028778,swimmer,FP
6700,6700.jpg,1,swimmer,0.4873,"[1445.16, 959.91, 49.5, 32.36]",40.02274353414568,32-64,localization,0.24347303807735443,swimmer,FP
6700,6700.jpg,1,swimmer,0.37893,"[1607.92, 719.9, 34.45, 26.56]",30.248834688298327,16-32,localization,0.29508456587791443,swimmer,FP
6700,6700.jpg,1,swimmer,0.35194,"[1858.27, 837.85, 37.77, 26.21]",31.463497898358348,16-32,duplicate,0.5555863976478577,swimmer,FP
6700,6700.jpg,2,boat,0.28719,"[957.05, 37.17, 127.49, 59.4]",87.0224453804879,>64,duplicate,0.5410116910934448,boat,FP
6700,6700.jpg,1,swimmer,0.2804,"[1847.99, 838.35, 38.12, 25.73]",31.31816725161292,16-32,duplicate,0.6800379157066345,swimmer,FP
6700,6700.jpg,1,swimmer,0.25193,"[1618.45, 719.8, 37.6, 26.44]",31.530049159492286,16-32,localization,0.2715904116630554,swimmer,FP
6700,6700.jpg,1,swimmer,0.11986,"[1444.9, 964.43, 50.52, 43.58]",46.92186697052878,32-64,localization,0.17713893949985504,swimmer,FP
6700,6700.jpg,1,swimmer,0.1059,"[1646.31, 970.06, 35.31, 37.99]",36.625495218495004,32-64,localization,0.22308066487312317,swimmer,FP
7172,7172.jpg,2,boat,0.36026,"[1542.98, 856.79, 24.07, 25.11]",24.584501215196536,16-32,localization,0.304606169462204,boat,FP
7172,7172.jpg,5,buoy,0.26498,"[1727.02, 1125.36, 25.97, 26.69]",26.327538813949168,16-32,localization,0.48475104570388794,buoy,FP
7172,7172.jpg,2,boat,0.25396,"[1903.09, 897.58, 40.93, 56.8]",48.21642873544245,32-64,duplicate,0.5289738178253174,boat,FP
7173,7173.jpg,2,boat,0.43309,"[1895.99, 902.0, 32.89, 51.45]",41.1362431439722,32-64,localization,0.4871356189250946,boat,FP
7173,7173.jpg,2,boat,0.33317,"[1542.34, 858.5, 25.0, 23.33]",24.150569351466643,16-32,localization,0.26687130331993103,boat,FP
7173,7173.jpg,5,buoy,0.26882,"[3142.72, 953.25, 19.7, 19.06]",19.377357921037635,16-32,background,0.0,,FP
7173,7173.jpg,2,boat,0.11751,"[1903.32, 906.52, 40.7, 49.65]",44.95280858856319,32-64,localization,0.45399942994117737,boat,FP
7174,7174.jpg,5,buoy,0.3735,"[1733.17, 1122.38, 19.69, 29.63]",24.15397896827767,16-32,localization,0.4951291084289551,buoy,FP
7174,7174.jpg,2,boat,0.24159,"[1541.91, 859.47, 23.89, 22.1]",22.977576025333917,16-32,localization,0.2197314351797104,boat,FP
7174,7174.jpg,5,buoy,0.24048,"[3143.65, 951.99, 18.87, 19.72]",19.290318815405826,16-32,background,0.0,,FP
7174,7174.jpg,2,boat,0.11077,"[1903.62, 900.38, 40.4, 50.76]",45.284699402778415,32-64,duplicate,0.5106587409973145,boat,FP
7175,7175.jpg,5,buoy,0.28037,"[1734.35, 1118.67, 18.62, 33.34]",24.915673781778413,16-32,localization,0.4523075819015503,buoy,FP
7175,7175.jpg,2,boat,0.15696,"[1542.18, 853.0, 21.07, 28.04]",24.306435361854273,16-32,localization,0.34616348147392273,boat,FP
7175,7175.jpg,2,boat,0.12294,"[1587.01, 812.15, 21.69, 46.63]",31.802589517207558,16-32,localization,0.41362425684928894,boat,FP
7175,7175.jpg,5,buoy,0.12063,"[2776.05, 1007.98, 31.97, 26.95]",29.352878904802505,16-32,localization,0.3517073690891266,buoy,FP
7175,7175.jpg,2,boat,0.11705,"[1901.15, 878.82, 42.89, 72.0]",55.57049576888801,32-64,localization,0.46630915999412537,boat,FP
7176,7176.jpg,2,boat,0.29691,"[1541.7, 852.73, 21.51, 28.88]",24.92406066434601,16-32,localization,0.3149867355823517,boat,FP
7176,7176.jpg,5,buoy,0.18327,"[1732.6, 1115.9, 20.72, 36.11]",27.35323015660125,16-32,localization,0.4490782618522644,buoy,FP
7176,7176.jpg,5,buoy,0.11708,"[1731.52, 1103.99, 21.26, 37.8]",28.348333284339663,16-32,localization,0.41220057010650635,buoy,FP
7176,7176.jpg,2,boat,0.11149,"[1407.79, 1199.6, 43.0, 44.65]",43.81723405236802,32-64,localization,0.4942646622657776,boat,FP
7177,7177.jpg,2,boat,0.37196,"[1541.69, 856.94, 22.96, 24.82]",23.871891420664596,16-32,localization,0.21112143993377686,boat,FP
7177,7177.jpg,2,boat,0.18547,"[1406.49, 1199.58, 43.74, 43.69]",43.71499285142341,32-64,duplicate,0.5214278697967529,boat,FP
7177,7177.jpg,5,buoy,0.17565,"[2760.0, 1007.78, 30.87, 20.68]",25.266412487727656,16-32,localization,0.31487342715263367,buoy,FP
7177,7177.jpg,5,buoy,0.17454,"[1733.17, 1114.43, 20.23, 37.58]",27.57251167376668,16-32,localization,0.44196370244026184,buoy,FP
7177,7177.jpg,5,buoy,0.15013,"[1731.22, 1103.99, 21.4, 36.98]",28.131334842129334,16-32,localization,0.3955172002315521,buoy,FP
7177,7177.jpg,5,buoy,0.13927,"[3140.15, 951.92, 16.49, 18.49]",17.46138883365238,16-32,background,0.0,,FP
7178,7178.jpg,5,buoy,0.44418,"[3131.42, 951.03, 17.89, 16.58]",17.22254917252379,16-32,background,0.0,,FP
7178,7178.jpg,2,boat,0.40117,"[1536.19, 858.05, 27.78, 22.58]",25.045406764514723,16-32,localization,0.23189444839954376,boat,FP
7178,7178.jpg,5,buoy,0.21782,"[2760.0, 1007.76, 30.48, 22.79]",26.356008802548235,16-32,localization,0.3390709161758423,buoy,FP
7178,7178.jpg,5,buoy,0.13977,"[1732.72, 1103.99, 20.06, 37.14]",27.295208370701257,16-32,localization,0.45038414001464844,buoy,FP
7178,7178.jpg,2,boat,0.12274,"[1405.71, 1199.09, 42.94, 43.79]",43.36291733728255,32-64,localization,0.4849585294723511,boat,FP
7179,7179.jpg,5,buoy,0.39937,"[3131.62, 946.19, 18.89, 20.88]",19.860090634234275,16-32,background,0.0,,FP
7179,7179.jpg,2,boat,0.38608,"[1536.37, 857.62, 27.23, 23.59]",25.344737126275348,16-32,localization,0.21290236711502075,boat,FP
7179,7179.jpg,5,buoy,0.23828,"[1733.74, 1114.39, 19.47, 37.61]",27.060426825902063,16-32,localization,0.46431177854537964,buoy,FP
7179,7179.jpg,5,buoy,0.18345,"[1731.59, 1104.0, 21.1, 36.14]",27.614380311714402,16-32,localization,0.4458701014518738,buoy,FP
7180,7180.jpg,2,boat,0.47209,"[1536.23, 856.97, 27.33, 23.8]",25.50399968632371,16-32,localization,0.22870995104312897,boat,FP
7180,7180.jpg,5,buoy,0.31342,"[2759.96, 1007.78, 23.45, 21.47]",22.43817060279202,16-32,localization,0.4642021656036377,buoy,FP
7180,7180.jpg,5,buoy,0.26138,"[1733.19, 1114.64, 20.4, 37.37]",27.610650119111643,16-32,localization,0.4722253382205963,buoy,FP
7180,7180.jpg,5,buoy,0.18309,"[1731.8, 1103.99, 21.19, 36.57]",27.837354400158073,16-32,localization,0.46418681740760803,buoy,FP
7180,7180.jpg,2,boat,0.17846,"[1406.42, 1199.48, 34.19, 41.24]",37.549908122390924,32-64,localization,0.4753663241863251,boat,FP
7180,7180.jpg,5,buoy,0.10461,"[3125.14, 952.07, 19.18, 22.22]",20.644117806290488,16-32,background,0.0,,FP
7181,7181.jpg,2,boat,0.49514,"[1534.83, 856.6, 26.01, 24.41]",25.19730342715268,16-32,localization,0.2531503736972809,boat,FP
7181,7181.jpg,5,buoy,0.24921,"[1730.58, 1103.99, 22.19, 34.8]",27.7887027405023,16-32,localization,0.3936743140220642,buoy,FP
7181,7181.jpg,5,buoy,0.17396,"[1733.13, 1112.92, 19.99, 39.09]",27.953695641184904,16-32,localization,0.3890407383441925,buoy,FP
7182,7182.jpg,5,buoy,0.29347,"[3122.45, 947.22, 21.7, 16.31]",18.812947669092157,16-32,background,0.0,,FP
7182,7182.jpg,5,buoy,0.28084,"[1727.69, 1103.95, 24.5, 26.96]",25.700583650960148,16-32,localization,0.46024346351623535,buoy,FP
7182,7182.jpg,2,boat,0.21237,"[1533.14, 853.12, 27.04, 18.47]",22.34790370482207,16-32,localization,0.2909238934516907,boat,FP
7182,7182.jpg,5,buoy,0.12411,"[3119.33, 935.86, 22.27, 31.34]",26.418588153041032,16-32,background,0.0,,FP
7182,7182.jpg,2,boat,0.1081,"[1407.22, 1209.78, 30.03, 38.24]",33.88727194685344,32-64,duplicate,0.5034103989601135,boat,FP
7183,7183.jpg,5,buoy,0.4375,"[2759.68, 1001.63, 19.44, 19.65]",19.544717956522167,16-32,localization,0.43650496006011963,buoy,FP
7183,7183.jpg,5,buoy,0.17974,"[3119.23, 935.83, 19.05, 32.31]",24.80938330551568,16-32,background,0.0,,FP
7183,7183.jpg,5,buoy,0.14048,"[3119.3, 949.3, 24.73, 15.4]",19.51517358365024,16-32,background,0.0,,FP
7183,7183.jpg,5,buoy,0.1404,"[1726.63, 1103.98, 25.83, 31.57]",28.556139444959992,16-32,localization,0.3127095699310303,buoy,FP
7183,7183.jpg,2,boat,0.12349,"[1532.72, 852.78, 27.31, 20.96]",23.925250259924137,16-32,localization,0.2641907036304474,boat,FP
7184,7184.jpg,3,jetski,0.29187,"[1395.98, 1215.2, 31.77, 32.83]",32.29565141005829,32-64,class_confusion,0.6036257743835449,boat,FP
7184,7184.jpg,5,buoy,0.21649,"[3117.93, 935.69, 17.25, 31.02]",23.132120525364726,16-32,background,0.0,,FP
7184,7184.jpg,5,buoy,0.17276,"[1726.13, 1103.98, 26.07, 29.36]",27.666138147562265,16-32,localization,0.37626633048057556,buoy,FP
7184,7184.jpg,2,boat,0.15401,"[1871.63, 877.87, 37.9, 60.92]",48.050681576851744,32-64,localization,0.4973737895488739,boat,FP
7185,7185.jpg,3,jetski,0.40833,"[1396.12, 1215.44, 29.48, 32.59]",30.99601909923273,16-32,class_confusion,0.6382244229316711,boat,FP
7185,7185.jpg,3,jetski,0.1941,"[1391.6, 1216.36, 31.79, 25.55]",28.49972806887813,16-32,class_confusion,0.6956166625022888,boat,FP
7185,7185.jpg,2,boat,0.17155,"[1527.4, 852.08, 32.63, 20.85]",26.08324174637808,16-32,localization,0.40899065136909485,boat,FP
7185,7185.jpg,2,boat,0.15221,"[1871.69, 893.7, 36.26, 44.33]",40.092465626349295,32-64,duplicate,0.5526362061500549,boat,FP
7185,7185.jpg,5,buoy,0.1381,"[1724.99, 1103.97, 27.19, 31.19]",29.121402782146333,16-32,localization,0.35846683382987976,buoy,FP
7185,7185.jpg,5,buoy,0.12801,"[3118.37, 935.68, 16.49, 28.32]",21.610108745677334,16-32,background,0.0,,FP
7185,7185.jpg,5,buoy,0.10996,"[2999.86, 991.67, 20.53, 20.65]",20.589912578736218,16-32,background,0.0,,FP
7186,7186.jpg,2,boat,0.33177,"[1525.44, 849.71, 34.57, 28.33]",31.29485740501145,16-32,localization,0.38629117608070374,boat,FP
7187,7187.jpg,2,boat,0.30605,"[1525.42, 855.55, 34.6, 24.04]",28.840665734341155,16-32,localization,0.2980985641479492,boat,FP
7188,7188.jpg,5,buoy,0.42037,"[2759.74, 1007.97, 19.46, 22.53]",20.938810854487414,16-32,localization,0.4432424008846283,buoy,FP
7188,7188.jpg,2,boat,0.251,"[1525.24, 844.48, 34.78, 33.7]",34.23574155761783,32-64,localization,0.4161939322948456,boat,FP
7188,7188.jpg,5,buoy,0.2404,"[3204.13, 837.31, 13.32, 28.04]",19.325961813063792,16-32,background,0.0,,FP
7188,7188.jpg,5,buoy,0.13651,"[3116.73, 935.86, 18.96, 40.12]",27.580340824580105,16-32,background,0.0,,FP
7188,7188.jpg,2,boat,0.12817,"[1511.99, 855.12, 37.37, 22.82]",29.202455376217937,16-32,localization,0.3274824023246765,boat,FP
7188,7188.jpg,5,buoy,0.10842,"[3114.26, 951.96, 29.75, 17.18]",22.607631454887088,16-32,background,0.0,,FP
7189,7189.jpg,5,buoy,0.45547,"[2759.39, 1007.97, 18.96, 23.12]",20.93693387294329,16-32,localization,0.41651836037635803,buoy,FP
7189,7189.jpg,5,buoy,0.31658,"[3116.3, 950.28, 27.72, 17.41]",21.968277128623445,16-32,background,0.0,,FP
7189,7189.jpg,2,boat,0.28164,"[1734.85, 1130.3, 54.84, 28.11]",39.26260816604012,32-64,background,0.10057093948125839,,FP
7189,7189.jpg,5,buoy,0.24266,"[3117.41, 935.92, 19.17, 37.68]",26.8761157907909,16-32,background,0.0,,FP
7189,7189.jpg,2,boat,0.10763,"[1524.74, 848.36, 35.41, 27.03]",30.93755484843623,16-32,localization,0.3559749722480774,boat,FP
7190,7190.jpg,5,buoy,0.30974,"[3118.84, 952.26, 25.19, 16.16]",20.175985725609543,16-32,background,0.0,,FP
7190,7190.jpg,2,boat,0.25285,"[1381.29, 1223.59, 48.77, 35.11]",41.380124456071904,32-64,duplicate,0.6570053696632385,boat,FP
7190,7190.jpg,5,buoy,0.13887,"[3119.05, 935.9, 19.06, 38.53]",27.099479699802355,16-32,background,0.0,,FP
7191,7191.jpg,5,buoy,0.45303,"[2759.6, 1007.95, 19.08, 25.48]",22.048999977323234,16-32,localization,0.49445945024490356,buoy,FP
7191,7191.jpg,2,boat,0.15823,"[1378.62, 1223.66, 50.18, 39.43]",44.481427585004504,32-64,duplicate,0.5828161239624023,boat,FP
7192,7192.jpg,2,boat,0.20528,"[1379.13, 1223.72, 53.72, 40.07]",46.39569376569338,32-64,duplicate,0.588973879814148,boat,FP
7192,7192.jpg,2,boat,0.14703,"[1554.28, 848.57, 11.51, 29.74]",18.501551286311102,16-32,background,0.0,,FP
7192,7192.jpg,2,boat,0.11756,"[1571.26, 836.22, 21.1, 34.61]",27.023526786857413,16-32,localization,0.46144554018974304,boat,FP
7192,7192.jpg,2,boat,0.10975,"[1861.88, 906.15, 34.26, 53.91]",42.976232966606084,32-64,localization,0.4380602538585663,boat,FP
7192,7192.jpg,5,buoy,0.10014,"[3117.39, 935.79, 13.97, 41.38]",24.043265169273496,16-32,background,0.0,,FP
7193,7193.jpg,2,boat,0.30571,"[1847.99, 887.51, 38.12, 60.72]",48.11077218253725,32-64,localization,0.46696537733078003,boat,FP
7193,7193.jpg,5,buoy,0.16336,"[2755.61, 1007.96, 14.77, 27.33]",20.09139367988194,16-32,localization,0.49739694595336914,buoy,FP
7194,7194.jpg,2,boat,0.19289,"[1856.85, 901.49, 39.17, 52.04]",45.14871869721222,32-64,localization,0.48775091767311096,boat,FP
7194,7194.jpg,5,buoy,0.16163,"[2757.81, 1007.96, 15.85, 27.94]",21.04397776087021,16-32,localization,0.39859694242477417,buoy,FP
7194,7194.jpg,5,buoy,0.14408,"[1511.69, 863.38, 26.62, 22.18]",24.298798324197023,16-32,background,0.3843218684196472,,FP
7194,7194.jpg,2,boat,0.14269,"[1734.64, 1126.94, 42.37, 38.71]",40.498675286976976,32-64,background,0.13263705372810364,,FP
7194,7194.jpg,2,boat,0.13205,"[1550.69, 1031.83, 88.87, 44.55]",62.921844378562206,32-64,duplicate,0.5873526930809021,boat,FP
7195,7195.jpg,2,boat,0.17649,"[1382.06, 1223.72, 64.16, 44.29]",53.307095212551204,32-64,duplicate,0.5174511671066284,boat,FP
7195,7195.jpg,3,jetski,0.15418,"[1735.29, 1134.23, 46.29, 28.95]",36.607314842801564,32-64,background,0.08965221047401428,,FP
7196,7196.jpg,5,buoy,0.30641,"[3117.33, 959.09, 26.71, 16.41]",20.9358806836493,16-32,background,0.0,,FP
7196,7196.jpg,3,jetski,0.28077,"[1729.7, 1136.02, 47.96, 27.55]",36.349662997062296,32-64,background,0.17256350815296173,,FP
7196,7196.jpg,5,buoy,0.19013,"[1511.69, 863.84, 24.48, 27.22]",25.813670796692204,16-32,background,0.45592501759529114,,FP
7196,7196.jpg,2,boat,0.15095,"[1847.99, 907.04, 33.81, 53.13]",42.38307799110395,32-64,duplicate,0.5681723356246948,boat,FP
7197,7197.jpg,2,boat,0.2395,"[1847.98, 906.05, 35.5, 54.3]",43.90501110351756,32-64,duplicate,0.555795431137085,boat,FP
7197,7197.jpg,5,buoy,0.17914,"[1511.31, 863.73, 24.94, 27.93]",26.392692170371706,16-32,class_confusion,0.5422994494438171,boat,FP
7197,7197.jpg,5,buoy,0.13215,"[3110.61, 934.85, 17.75, 46.89]",28.84956672118318,16-32,background,0.0,,FP
7197,7197.jpg,2,boat,0.1134,"[1855.62, 913.07, 40.41, 47.44]",43.784134112712565,32-64,localization,0.4473128616809845,boat,FP
7197,7197.jpg,2,boat,0.10841,"[1852.39, 891.93, 43.64, 67.21]",54.1575885726091,32-64,localization,0.41254064440727234,boat,FP
7198,7198.jpg,5,buoy,0.25707,"[1511.85, 863.33, 25.92, 31.22]",28.44683462179931,16-32,class_confusion,0.582359254360199,boat,FP
7198,7198.jpg,2,boat,0.25132,"[1728.4, 1134.57, 54.85, 27.95]",39.15427818259455,32-64,background,0.1759033054113388,,FP
7198,7198.jpg,5,buoy,0.20913,"[2756.0, 1019.98, 13.39, 36.02]",21.96150723424966,16-32,localization,0.4806336462497711,buoy,FP
7198,7198.jpg,2,boat,0.11016,"[1728.13, 1127.74, 55.13, 39.9]",46.9008208883384,32-64,background,0.14320218563079834,,FP
7199,7199.jpg,5,buoy,0.18792,"[2663.39, 1136.05, 17.0, 19.43]",18.174432590867866,16-32,background,0.0,,FP
7199,7199.jpg,3,jetski,0.16927,"[1728.19, 1137.9, 53.75, 24.91]",36.591153302403576,32-64,background,0.1728191077709198,,FP
7199,7199.jpg,2,boat,0.15312,"[1570.88, 839.38, 20.24, 45.95]",30.496360438583487,16-32,localization,0.4779208302497864,boat,FP
7199,7199.jpg,2,boat,0.1252,"[1569.05, 855.99, 38.96, 23.96]",30.552931119616005,16-32,localization,0.30829742550849915,boat,FP
7199,7199.jpg,2,boat,0.10994,"[1852.15, 902.65, 43.89, 60.3]",51.44479565514864,32-64,localization,0.46550872921943665,boat,FP
7200,7200.jpg,2,boat,0.203,"[1569.43, 838.47, 19.9, 45.74]",30.169951938973984,16-32,localization,0.4713114798069,boat,FP
7200,7200.jpg,5,buoy,0.1735,"[2735.89, 1031.03, 25.87, 16.79]",20.841240366158633,16-32,localization,0.45091503858566284,buoy,FP
7200,7200.jpg,2,boat,0.13012,"[1854.37, 915.5, 41.66, 47.91]",44.67583910795632,32-64,localization,0.478714257478714,boat,FP
7200,7200.jpg,2,boat,0.12803,"[1568.06, 856.02, 39.94, 24.82]",31.485088534098168,16-32,localization,0.2939551770687103,boat,FP
7200,7200.jpg,2,boat,0.1157,"[1559.9, 856.71, 28.78, 27.05]",27.90159493649064,16-32,localization,0.4108782708644867,boat,FP
7201,7201.jpg,2,boat,0.38782,"[1727.68, 1134.59, 62.43, 27.34]",41.313874182894054,32-64,background,0.15089425444602966,,FP
7201,7201.jpg,2,boat,0.36393,"[1847.75, 905.62, 31.42, 56.87]",42.27121242642562,32-64,duplicate,0.6346344351768494,boat,FP
7201,7201.jpg,5,buoy,0.35843,"[2735.74, 1028.89, 19.44, 16.36]",17.833631150161203,16-32,localization,0.4697072505950928,buoy,FP
7201,7201.jpg,5,buoy,0.21759,"[2743.17, 1026.67, 16.98, 29.34]",22.320241934172667,16-32,localization,0.4688822627067566,buoy,FP
7202,7202.jpg,2,boat,0.39489,"[1746.3, 921.27, 27.41, 42.48]",34.12296587344072,32-64,duplicate,0.5679195523262024,boat,FP
7202,7202.jpg,2,boat,0.30701,"[1747.55, 905.53, 28.83, 54.22]",39.536851164451626,32-64,duplicate,0.721383273601532,boat,FP
7202,7202.jpg,5,buoy,0.2515,"[2616.0, 1024.15, 28.94, 31.87]",30.369685543317697,16-32,localization,0.409837007522583,buoy,FP
7202,7202.jpg,2,boat,0.16332,"[1632.92, 1130.92, 57.22, 26.82]",39.17448659523185,32-64,background,0.16094976663589478,,FP
7202,7202.jpg,2,boat,0.15257,"[1328.85, 1223.58, 74.5, 40.77]",55.11229445414154,32-64,duplicate,0.5392831563949585,boat,FP
7203,7203.jpg,2,boat,0.51021,"[1737.2, 910.22, 26.77, 50.68]",36.83345761668323,32-64,localization,0.3251477777957916,boat,FP
7203,7203.jpg,2,boat,0.25224,"[1462.91, 860.35, 19.75, 23.35]",21.474694409932823,16-32,background,0.07077153772115707,,FP
7203,7203.jpg,2,boat,0.23645,"[1409.42, 862.42, 22.75, 32.62]",27.241604211206063,16-32,background,0.04709305241703987,,FP
7203,7203.jpg,5,buoy,0.16624,"[2619.9, 1018.51, 20.23, 17.96]",19.0612381549573,16-32,background,0.0,,FP
7203,7203.jpg,2,boat,0.15023,"[1738.18, 906.76, 37.96, 51.03]",44.01248459244263,32-64,localization,0.23917119204998016,boat,FP
7203,7203.jpg,5,buoy,0.11203,"[2615.79, 1007.96, 16.08, 31.94]",22.662638857820596,16-32,background,0.040972791612148285,,FP
7204,7204.jpg,2,boat,0.75151,"[299.01, 1272.73, 68.64, 27.83]",43.7064205809627,32-64,background,0.0,,FP
7204,7204.jpg,2,boat,0.7355,"[433.18, 1072.56, 102.52, 31.62]",56.935774342674925,32-64,background,0.03453335911035538,,FP
7204,7204.jpg,2,boat,0.56463,"[755.55, 915.99, 36.63, 58.08]",46.124509753492234,32-64,background,0.0,,FP
7204,7204.jpg,5,buoy,0.49808,"[1668.9, 1012.91, 15.08, 19.82]",17.28830818790549,16-32,background,0.0,,FP
7204,7204.jpg,5,buoy,0.16697,"[1985.82, 959.24, 17.39, 16.02]",16.690949643444497,16-32,background,0.0,,FP
7204,7204.jpg,2,boat,0.14099,"[636.15, 1151.29, 31.97, 21.02]",25.923144099433618,16-32,background,0.0,,FP
7204,7204.jpg,2,boat,0.12048,"[743.98, 913.51, 43.14, 60.01]",50.88056013842615,32-64,background,0.0,,FP
7205,7205.jpg,2,boat,0.81392,"[110.82, 1081.99, 109.25, 31.66]",58.81203108208388,32-64,background,0.054653849452733994,,FP
7205,7205.jpg,2,boat,0.75317,"[2.49, 1284.33, 64.64, 28.98]",43.28125691335685,32-64,background,0.0,,FP
7205,7205.jpg,2,boat,0.58997,"[439.78, 915.92, 37.35, 63.28]",48.61592331736589,32-64,background,0.0,,FP
7205,7205.jpg,5,buoy,0.35607,"[1398.51, 1007.99, 17.78, 28.18]",22.38393173685088,16-32,background,0.0,,FP
7205,7205.jpg,5,buoy,0.34238,"[1391.77, 1016.35, 22.95, 19.19]",20.985959592070124,16-32,background,0.0,,FP
7205,7205.jpg,3,jetski,0.21156,"[372.0, 1172.25, 36.09, 27.76]",31.65214684662006,16-32,background,0.0,,FP
7205,7205.jpg,2,boat,0.16921,"[431.75, 906.4, 42.84, 74.83]",56.61905333012907,32-64,background,0.0,,FP
7205,7205.jpg,3,jetski,0.10282,"[327.27, 1151.97, 33.08, 28.72]",30.823004396067557,16-32,background,0.0,,FP
7206,7206.jpg,5,buoy,0.29977,"[2184.0, 1006.72, 28.52, 18.17]",22.764191178251867,16-32,localization,0.46924784779548645,buoy,FP
7206,7206.jpg,2,boat,0.11643,"[1336.1, 906.27, 31.98, 53.77]",41.467633161298224,32-64,duplicate,0.5911533832550049,boat,FP
7206,7206.jpg,5,buoy,0.10865,"[2515.64, 952.94, 20.48, 17.2]",18.76848422222743,16-32,background,0.0,,FP
7207,7207.jpg,2,boat,0.38094,"[985.76, 1199.94, 60.59, 38.54]",48.32327182631574,32-64,duplicate,0.5906368494033813,boat,FP
7207,7207.jpg,2,boat,0.29055,"[1069.04, 1031.79, 90.96, 40.1]",60.39450306112304,32-64,duplicate,0.5724474787712097,boat,FP
7207,7207.jpg,5,buoy,0.18207,"[2183.99, 1001.73, 28.2, 19.03]",23.16562107952213,16-32,localization,0.4176815450191498,buoy,FP
7208,7208.jpg,2,boat,0.31284,"[1340.38, 848.21, 29.83, 99.61]",54.51024032234677,32-64,localization,0.3675077259540558,boat,FP
7208,7208.jpg,5,buoy,0.17822,"[2999.92, 1124.85, 26.13, 40.01]",32.333593985203684,32-64,background,0.0,,FP
7208,7208.jpg,5,buoy,0.13504,"[3004.82, 1124.43, 19.85, 28.28]",23.692994745282835,16-32,background,0.0,,FP
7210,7210.jpg,2,boat,0.53924,"[1109.43, 1017.61, 94.62, 24.25]",47.90130478389916,32-64,duplicate,0.8033475875854492,boat,FP
7210,7210.jpg,5,buoy,0.3496,"[2523.81, 929.21, 20.3, 17.58]",18.891109019853758,16-32,background,0.0,,FP
7210,7210.jpg,5,buoy,0.18559,"[2208.06, 978.87, 23.96, 29.14]",26.42336844537426,16-32,localization,0.38098275661468506,buoy,FP
7210,7210.jpg,2,boat,0.15377,"[1112.28, 1014.65, 90.27, 41.36]",61.10292300700515,32-64,duplicate,0.535524845123291,boat,FP
7210,7210.jpg,5,buoy,0.15045,"[1289.93, 1088.07, 30.11, 17.43]",22.908891287009066,16-32,localization,0.3822556734085083,buoy,FP
7210,7210.jpg,5,buoy,0.12403,"[734.44, 855.91, 14.52, 26.53]",19.62691009812803,16-32,background,0.0,,FP
7210,7210.jpg,5,buoy,0.10009,"[2519.91, 926.85, 16.18, 33.15]",23.159598442114664,16-32,background,0.0,,FP
7211,7211.jpg,2,boat,0.48068,"[1367.98, 866.75, 35.88, 56.61]",45.06846791272142,32-64,localization,0.4682753086090088,boat,FP
7211,7211.jpg,2,boat,0.18062,"[1377.02, 870.29, 39.0, 53.54]",45.695295162631346,32-64,localization,0.4618052542209625,boat,FP
7211,7211.jpg,5,buoy,0.11732,"[1317.62, 1075.47, 16.85, 28.55]",21.933251013016744,16-32,localization,0.3975813090801239,buoy,FP
7211,7211.jpg,1,swimmer,0.10769,"[1214.98, 1767.56, 24.56, 21.22]",22.828999102019342,16-32,background,0.0,,FP
7211,7211.jpg,5,buoy,0.10299,"[2528.53, 917.64, 18.03, 20.9]",19.41203235109606,16-32,background,0.0,,FP
7212,7212.jpg,5,buoy,0.14794,"[2546.44, 910.2, 21.68, 16.37]",18.838832235571292,16-32,background,0.0,,FP
7212,7212.jpg,5,buoy,0.13745,"[1349.8, 1055.98, 20.31, 32.4]",25.652368311717343,16-32,localization,0.4103069007396698,buoy,FP
7214,7214.jpg,2,boat,0.56709,"[1415.98, 839.74, 33.0, 62.6]",45.45107259460441,32-64,localization,0.4845837652683258,boat,FP
7214,7214.jpg,5,buoy,0.41355,"[2567.98, 896.51, 24.47, 16.64]",20.178721465940303,16-32,background,0.0,,FP
7215,7215.jpg,5,buoy,0.28667,"[2586.58, 891.26, 29.43, 20.91]",24.806880094038426,16-32,background,0.0,,FP
7216,7216.jpg,5,buoy,0.11222,"[2614.73, 878.16, 13.35, 33.85]",21.257880891565836,16-32,background,0.0,,FP
7217,7217.jpg,5,buoy,0.15072,"[1554.75, 1030.38, 30.82, 24.24]",27.33270568385062,16-32,background,0.0,,FP
7218,7218.jpg,2,boat,0.51615,"[1352.37, 959.92, 76.9, 38.57]",54.461298185041464,32-64,duplicate,0.538222074508667,boat,FP
7218,7218.jpg,2,boat,0.49942,"[1441.98, 1115.59, 62.11, 36.42]",47.5609734971857,32-64,duplicate,0.5260173678398132,boat,FP
7218,7218.jpg,2,boat,0.12342,"[1445.05, 1103.94, 56.58, 39.18]",47.08295232884191,32-64,duplicate,0.5006000995635986,boat,FP
7219,7219.jpg,2,boat,0.37787,"[1377.45, 968.81, 86.54, 39.21]",58.25146693431849,32-64,duplicate,0.5151428580284119,boat,FP
7219,7219.jpg,2,boat,0.17077,"[1509.15, 1103.41, 51.17, 28.08]",37.905851790983405,32-64,localization,0.44158804416656494,boat,FP
7220,7220.jpg,5,buoy,0.17177,"[2421.85, 911.97, 12.43, 31.82]",19.88774999842868,16-32,localization,0.4652259647846222,buoy,FP
7220,7220.jpg,2,boat,0.10501,"[1607.96, 1018.32, 30.68, 37.69]",34.00484083185804,32-64,background,0.18779993057250977,,FP
7747,7747.jpg,1,swimmer,0.50941,"[2922.43, 1462.34, 35.14, 34.07]",34.600864151058424,32-64,localization,0.4139373004436493,swimmer,FP
7747,7747.jpg,1,swimmer,0.32677,"[2933.32, 1123.13, 24.17, 29.0]",26.475082624989106,16-32,background,0.0,,FP
7747,7747.jpg,1,swimmer,0.12274,"[3431.9, 1810.91, 46.1, 30.45]",37.46658511260401,32-64,duplicate,0.5342850089073181,swimmer,FP
7747,7747.jpg,1,swimmer,0.10801,"[2927.65, 1124.1, 25.1, 23.94]",24.513139333834825,16-32,background,0.0,,FP
7748,7748.jpg,1,swimmer,0.49776,"[3397.86, 1811.65, 38.11, 37.99]",38.04995269379451,32-64,localization,0.44611167907714844,swimmer,FP
7748,7748.jpg,1,swimmer,0.49315,"[3108.07, 1320.4, 41.13, 37.41]",39.225926375294186,32-64,localization,0.27094346284866333,swimmer,FP
7748,7748.jpg,1,swimmer,0.34332,"[3104.2, 1318.96, 36.61, 32.97]",34.74236175046251,32-64,localization,0.3768925070762634,swimmer,FP
7748,7748.jpg,1,swimmer,0.1487,"[3040.18, 1624.83, 28.25, 27.06]",27.648598517827264,16-32,background,0.0,,FP
7749,7749.jpg,1,swimmer,0.47056,"[2871.95, 1458.74, 32.16, 29.83]",30.973098004558725,16-32,localization,0.4612242877483368,swimmer,FP
7749,7749.jpg,1,swimmer,0.35808,"[3101.83, 1319.41, 32.43, 31.01]",31.71205291367937,16-32,localization,0.4574136435985565,swimmer,FP
7749,7749.jpg,1,swimmer,0.33142,"[3104.73, 1324.03, 40.19, 38.28]",39.22337568338554,32-64,localization,0.26073604822158813,swimmer,FP
7749,7749.jpg,1,swimmer,0.32009,"[3030.07, 1336.06, 32.1, 29.79]",30.923437713165075,16-32,localization,0.4371200501918793,swimmer,FP
7749,7749.jpg,1,swimmer,0.23772,"[3383.95, 1818.2, 40.8, 30.76]",35.426092079144155,32-64,localization,0.4336150586605072,swimmer,FP
7749,7749.jpg,1,swimmer,0.22761,"[3095.89, 1321.69, 35.18, 30.38]",32.692023491977366,32-64,localization,0.4059296250343323,swimmer,FP
7749,7749.jpg,1,swimmer,0.22305,"[2750.28, 1591.26, 31.77, 40.76]",35.98534701791828,32-64,duplicate,0.788013219833374,swimmer,FP
7749,7749.jpg,1,swimmer,0.14506,"[2735.78, 1590.95, 43.4, 30.44]",36.34688432314385,32-64,duplicate,0.5295426845550537,swimmer,FP
7749,7749.jpg,1,swimmer,0.11205,"[3202.1, 1688.63, 32.51, 57.97]",43.41203404587258,32-64,background,0.0,,FP
7750,7750.jpg,1,swimmer,0.45955,"[2855.9, 1473.5, 36.65, 28.77]",32.4718416478031,32-64,localization,0.2769172489643097,swimmer,FP
7750,7750.jpg,1,swimmer,0.40705,"[3093.73, 1319.73, 26.48, 27.09]",26.783263430732262,16-32,localization,0.49569737911224365,swimmer,FP
7750,7750.jpg,1,swimmer,0.36679,"[3018.78, 1333.06, 30.13, 31.68]",30.89528119308837,16-32,localization,0.418011873960495,swimmer,FP
7750,7750.jpg,1,swimmer,0.24198,"[3014.69, 1415.06, 37.18, 37.67]",37.424198054200176,32-64,duplicate,0.599755585193634,swimmer,FP
7750,7750.jpg,1,swimmer,0.18319,"[2861.1, 1475.38, 43.02, 28.88]",35.247944620927896,32-64,localization,0.18566390872001648,swimmer,FP
7750,7750.jpg,1,swimmer,0.12685,"[3731.59, 1809.59, 39.86, 35.85]",37.80186503335516,32-64,background,0.0,,FP
7750,7750.jpg,1,swimmer,0.10331,"[2999.95, 1339.61, 40.21, 25.82]",32.221455584749734,32-64,localization,0.3159159719944,swimmer,FP
7750,7750.jpg,1,swimmer,0.10165,"[3100.66, 1322.06, 45.5, 30.0]",36.945906403822335,32-64,localization,0.17053252458572388,swimmer,FP
7751,7751.jpg,1,swimmer,0.39896,"[3634.21, 1967.05, 38.16, 33.19]",35.588346407215944,32-64,localization,0.4452495276927948,swimmer,FP
7751,7751.jpg,1,swimmer,0.38462,"[2819.88, 1489.0, 24.55, 27.59]",26.025650808385176,16-32,localization,0.34842345118522644,swimmer,FP
7751,7751.jpg,1,swimmer,0.38381,"[3045.27, 1315.07, 36.19, 34.01]",35.08307141628281,32-64,localization,0.36732009053230286,swimmer,FP
7751,7751.jpg,1,swimmer,0.23461,"[2894.35, 1417.13, 29.08, 34.01]",31.448542096574204,16-32,background,0.0,,FP
7751,7751.jpg,1,swimmer,0.14771,"[2807.89, 1486.85, 36.02, 30.18]",32.970950850711,32-64,localization,0.487385094165802,swimmer,FP
7751,7751.jpg,1,swimmer,0.14474,"[3326.65, 1829.44, 33.8, 43.03]",38.13678014725417,32-64,localization,0.38120031356811523,swimmer,FP
7751,7751.jpg,1,swimmer,0.13755,"[3055.13, 1350.04, 41.22, 42.24]",41.72688342064382,32-64,localization,0.17193210124969482,swimmer,FP
7751,7751.jpg,1,swimmer,0.12341,"[2820.24, 1487.56, 35.84, 32.03]",33.881487570648375,32-64,localization,0.3576796352863312,swimmer,FP
7752,7752.jpg,1,swimmer,0.50298,"[2746.85, 1509.29, 27.54, 27.94]",27.73927901009686,16-32,localization,0.19007347524166107,swimmer,FP
7752,7752.jpg,1,swimmer,0.41211,"[3239.8, 1838.8, 35.31, 33.28]",34.27997666276919,32-64,localization,0.4587703049182892,swimmer,FP
7752,7752.jpg,1,swimmer,0.36508,"[2967.33, 1322.19, 34.84, 44.77]",39.49413627362928,32-64,localization,0.35261228680610657,swimmer,FP
7752,7752.jpg,1,swimmer,0.34431,"[2941.96, 1759.32, 31.93, 30.4]",31.15560944677539,16-32,localization,0.49471840262413025,swimmer,FP
7752,7752.jpg,1,swimmer,0.25774,"[2980.09, 1354.68, 32.78, 37.54]",35.079355752350985,32-64,localization,0.30880221724510193,swimmer,FP
7752,7752.jpg,1,swimmer,0.2326,"[2883.6, 1342.54, 53.18, 38.19]",45.06599826920513,32-64,localization,0.24914520978927612,swimmer,FP
7752,7752.jpg,1,swimmer,0.19428,"[3550.54, 1976.0, 39.91, 40.87]",40.38714770815091,32-64,localization,0.36661890149116516,swimmer,FP
7752,7752.jpg,1,swimmer,0.17346,"[2635.66, 1635.05, 30.23, 45.0]",36.88292287766792,32-64,duplicate,0.515091598033905,swimmer,FP
7752,7752.jpg,1,swimmer,0.16256,"[2710.74, 1666.83, 30.27, 29.67]",29.96849846088389,16-32,background,0.0,,FP
7752,7752.jpg,1,swimmer,0.14755,"[2735.85, 1510.75, 38.19, 24.85]",30.806192559289112,16-32,localization,0.268307626247406,swimmer,FP
7752,7752.jpg,1,swimmer,0.11804,"[3243.19, 1838.63, 44.84, 33.43]",38.71693686230873,32-64,localization,0.30695292353630066,swimmer,FP
7753,7753.jpg,1,swimmer,0.53533,"[2649.54, 1513.17, 28.85, 30.28]",29.556352954990913,16-32,localization,0.3007928431034088,swimmer,FP
7753,7753.jpg,1,swimmer,0.51463,"[3132.71, 1852.11, 31.81, 30.12]",30.953468303245113,16-32,localization,0.4367469251155853,swimmer,FP
7753,7753.jpg,1,swimmer,0.42667,"[2835.28, 1768.47, 52.72, 33.64]",42.112952876757525,32-64,localization,0.3608681261539459,swimmer,FP
7753,7753.jpg,1,swimmer,0.4009,"[2798.36, 1358.97, 33.43, 33.22]",33.324834583235365,32-64,localization,0.3955036997795105,swimmer,FP
7753,7753.jpg,1,swimmer,0.36397,"[2867.35, 1329.36, 36.81, 26.51]",31.238327420014027,16-32,localization,0.4960646629333496,swimmer,FP
7753,7753.jpg,1,swimmer,0.3165,"[2595.25, 1362.2, 38.33, 30.22]",34.03428565432217,32-64,background,0.0,,FP
7753,7753.jpg,1,swimmer,0.24033,"[2519.92, 1645.61, 43.0, 34.58]",38.56086098623836,32-64,duplicate,0.6508991718292236,swimmer,FP
7753,7753.jpg,1,swimmer,0.23956,"[2882.13, 1370.23, 28.02, 28.31]",28.164626750589115,16-32,localization,0.4642634391784668,swimmer,FP
7753,7753.jpg,1,swimmer,0.1939,"[2639.73, 1511.41, 38.17, 35.69]",36.909176365776574,32-64,localization,0.3963112235069275,swimmer,FP
7753,7753.jpg,1,swimmer,0.19275,"[2802.68, 1449.79, 30.01, 38.23]",33.87155591347997,32-64,localization,0.4626237154006958,swimmer,FP
7753,7753.jpg,1,swimmer,0.19202,"[2853.28, 1714.5, 38.56, 33.2]",35.77977082095413,32-64,background,0.0,,FP
7754,7754.jpg,1,swimmer,0.49134,"[2685.05, 1370.85, 28.13, 22.72]",25.280696192945317,16-32,localization,0.4214721918106079,swimmer,FP
7754,7754.jpg,1,swimmer,0.47301,"[2995.34, 1870.14, 35.83, 30.57]",33.09566587938669,32-64,localization,0.4777553975582123,swimmer,FP
7754,7754.jpg,1,swimmer,0.44498,"[2682.04, 1456.63, 30.35, 31.8]",31.066541487587575,16-32,localization,0.4574067294597626,swimmer,FP
7754,7754.jpg,1,swimmer,0.33821,"[2532.37, 1523.25, 35.65, 27.82]",31.492586429189966,16-32,localization,0.4341146647930145,swimmer,FP
7754,7754.jpg,1,swimmer,0.26996,"[3302.04, 2002.55, 40.82, 41.04]",40.92985218639325,32-64,localization,0.4031667411327362,swimmer,FP
7754,7754.jpg,1,swimmer,0.26849,"[2697.26, 1773.59, 39.37, 37.65]",38.500396101858485,32-64,localization,0.4531880021095276,swimmer,FP
7754,7754.jpg,1,swimmer,0.21351,"[2757.08, 1379.38, 35.85, 33.82]",34.82020964899551,32-64,localization,0.29444587230682373,swimmer,FP
7754,7754.jpg,1,swimmer,0.16053,"[2547.24, 1739.04, 29.66, 37.03]",33.14075738422404,32-64,background,0.0,,FP
7754,7754.jpg,1,swimmer,0.15343,"[2764.98, 1384.72, 43.07, 31.06]",36.57532228156028,32-64,localization,0.19517752528190613,swimmer,FP
7754,7754.jpg,1,swimmer,0.15243,"[2529.23, 1511.86, 29.39, 43.93]",35.93191756641997,32-64,duplicate,0.5773063898086548,swimmer,FP
7754,7754.jpg,1,swimmer,0.13614,"[2672.68, 1647.06, 40.99, 33.22]",36.901054185483645,32-64,background,0.0,,FP
7754,7754.jpg,1,swimmer,0.13336,"[2451.68, 1599.37, 30.75, 33.55]",32.119503420818944,32-64,background,0.0,,FP
7754,7754.jpg,1,swimmer,0.10428,"[2392.12, 1658.37, 57.25, 47.38]",52.0817146415131,32-64,localization,0.35944631695747375,swimmer,FP
7755,7755.jpg,1,swimmer,0.52362,"[2843.83, 1888.14, 37.53, 33.82]",35.62673995750944,32-64,localization,0.39018478989601135,swimmer,FP
7755,7755.jpg,1,swimmer,0.31859,"[2611.76, 1356.01, 33.61, 38.75]",36.088606235209475,32-64,localization,0.2531961500644684,swimmer,FP
7755,7755.jpg,1,swimmer,0.28923,"[2609.35, 1343.87, 29.01, 36.4]",32.495599702113516,32-64,localization,0.43871480226516724,swimmer,FP
7755,7755.jpg,4,life_saving_appliances,0.24288,"[2532.64, 1455.71, 35.77, 32.43]",34.05908248911001,32-64,background,0.43739232420921326,,FP
7755,7755.jpg,1,swimmer,0.12837,"[2831.24, 1886.44, 46.04, 39.42]",42.60160560354504,32-64,localization,0.31406745314598083,swimmer,FP
7756,7756.jpg,1,swimmer,0.59856,"[2278.79, 1511.61, 34.01, 48.63]",40.66824682722382,32-64,localization,0.4929123520851135,swimmer,FP
7756,7756.jpg,1,swimmer,0.54969,"[2731.42, 1891.74, 41.45, 31.5]",36.134125145075814,32-64,localization,0.43655580282211304,swimmer,FP
7756,7756.jpg,1,swimmer,0.37815,"[2526.4, 1384.98, 41.77, 26.62]",33.345425473368906,32-64,localization,0.27510660886764526,swimmer,FP
7756,7756.jpg,1,swimmer,0.32826,"[2518.38, 1342.55, 30.0, 31.69]",30.83342342329181,16-32,localization,0.430326908826828,swimmer,FP
7756,7756.jpg,1,swimmer,0.30489,"[2423.88, 1450.16, 40.21, 37.97]",39.073951681395116,32-64,localization,0.3713812232017517,swimmer,FP
7756,7756.jpg,1,swimmer,0.26241,"[2519.72, 1378.99, 36.27, 31.9]",34.01489379668853,32-64,localization,0.3879752457141876,swimmer,FP
7756,7756.jpg,1,swimmer,0.25149,"[2433.59, 1799.85, 35.3, 43.14]",39.02360823911597,32-64,duplicate,0.6001865863800049,swimmer,FP
7756,7756.jpg,1,swimmer,0.24331,"[2431.37, 1448.14, 40.77, 39.89]",40.327599730209585,32-64,localization,0.3962145745754242,swimmer,FP
7756,7756.jpg,1,swimmer,0.24163,"[3017.53, 2015.19, 39.86, 37.48]",38.651685603605955,32-64,localization,0.3997232913970947,swimmer,FP
7756,7756.jpg,1,swimmer,0.20585,"[2423.52, 1803.76, 46.66, 37.06]",41.583886302268574,32-64,duplicate,0.5526818037033081,swimmer,FP
7756,7756.jpg,1,swimmer,0.19488,"[2135.17, 1687.62, 49.28, 41.79]",45.3807360010831,32-64,duplicate,0.5053943991661072,swimmer,FP
7756,7756.jpg,1,swimmer,0.14544,"[2423.89, 1439.87, 41.42, 40.32]",40.86629907393132,32-64,localization,0.48621177673339844,swimmer,FP
7756,7756.jpg,1,swimmer,0.13488,"[2146.96, 1679.88, 42.63, 46.62]",44.58038357843055,32-64,duplicate,0.5353699922561646,swimmer,FP
7756,7756.jpg,1,swimmer,0.13046,"[3013.92, 2019.92, 43.29, 44.22]",43.752529069757784,32-64,localization,0.33432868123054504,swimmer,FP
7757,7757.jpg,1,swimmer,0.45029,"[2466.74, 1334.23, 33.28, 30.56]",31.89101440845054,16-32,localization,0.40628641843795776,swimmer,FP
7757,7757.jpg,1,swimmer,0.3727,"[2483.05, 1367.06, 40.16, 39.8]",39.979594795345285,32-64,localization,0.2615167498588562,swimmer,FP
7757,7757.jpg,1,swimmer,0.34989,"[2693.66, 1871.98, 33.57, 38.7]",36.04384829620722,32-64,localization,0.4805768132209778,swimmer,FP
7757,7757.jpg,1,swimmer,0.32662,"[2693.85, 1879.58, 33.76, 40.45]",36.95391724837842,32-64,localization,0.46657827496528625,swimmer,FP
7757,7757.jpg,1,swimmer,0.20888,"[2405.75, 1343.88, 36.09, 38.77]",37.406006202213035,32-64,duplicate,0.5084066987037659,swimmer,FP
7757,7757.jpg,1,swimmer,0.1284,"[2375.94, 1796.2, 46.87, 32.31]",38.914903314797016,32-64,duplicate,0.6568988561630249,swimmer,FP
7757,7757.jpg,1,swimmer,0.11372,"[2087.81, 1688.19, 48.14, 40.23]",44.007637973424565,32-64,duplicate,0.6144561171531677,swimmer,FP
7758,7758.jpg,1,swimmer,0.54588,"[2205.89, 1528.01, 56.77, 41.34]",48.444522910232074,32-64,localization,0.38016149401664734,swimmer,FP
7758,7758.jpg,1,swimmer,0.4764,"[2483.64, 1368.08, 39.62, 29.53]",34.2049499341835,32-64,localization,0.32235682010650635,swimmer,FP
7758,7758.jpg,1,swimmer,0.41521,"[2397.82, 1343.62, 36.12, 34.83]",35.4691358789582,32-64,localization,0.3815399706363678,swimmer,FP
7758,7758.jpg,1,swimmer,0.41254,"[2469.22, 1329.16, 33.87, 28.65]",31.150850710694883,16-32,localization,0.40808945894241333,swimmer,FP
7758,7758.jpg,1,swimmer,0.32961,"[2385.98, 1435.18, 38.2, 33.22]",35.62308240453092,32-64,duplicate,0.6673333644866943,swimmer,FP
7758,7758.jpg,1,swimmer,0.3206,"[2092.41, 1687.84, 45.08, 40.18]",42.559539471192586,32-64,duplicate,0.5796895027160645,swimmer,FP
7758,7758.jpg,1,swimmer,0.16369,"[2395.55, 1348.72, 37.84, 43.52]",40.58074420214593,32-64,localization,0.29147493839263916,swimmer,FP
7758,7758.jpg,1,swimmer,0.12698,"[2947.05, 2003.21, 62.74, 44.01]",52.547001817420565,32-64,localization,0.3129088878631592,swimmer,FP
7758,7758.jpg,1,swimmer,0.11113,"[2696.48, 1877.53, 33.39, 42.53]",37.68390505242258,32-64,localization,0.46296200156211853,swimmer,FP
7758,7758.jpg,1,swimmer,0.11067,"[2467.72, 1369.09, 48.22, 34.77]",40.946421089028036,32-64,localization,0.21435676515102386,swimmer,FP
7758,7758.jpg,1,swimmer,0.10058,"[2375.92, 1787.97, 48.43, 37.08]",42.376696426219915,32-64,duplicate,0.5496638417243958,swimmer,FP
7759,7759.jpg,1,swimmer,0.53579,"[2493.77, 1368.28, 35.59, 30.74]",33.07622408921551,32-64,localization,0.2926596403121948,swimmer,FP
7759,7759.jpg,1,swimmer,0.38794,"[2405.35, 1343.78, 34.71, 35.76]",35.23108854406858,32-64,localization,0.4398864209651947,swimmer,FP
7759,7759.jpg,1,swimmer,0.34172,"[2705.14, 1881.77, 37.83, 38.26]",38.04439249087834,32-64,duplicate,0.5167973041534424,swimmer,FP
7759,7759.jpg,1,swimmer,0.28181,"[2390.03, 1447.98, 36.51, 40.04]",38.23428304545542,32-64,localization,0.36632928252220154,swimmer,FP
7759,7759.jpg,1,swimmer,0.26174,"[2083.91, 1689.12, 55.73, 39.02]",46.63244149730958,32-64,duplicate,0.5831854343414307,swimmer,FP
7759,7759.jpg,1,swimmer,0.19683,"[2404.86, 1351.18, 35.68, 40.92]",38.210281338927615,32-64,localization,0.3695746958255768,swimmer,FP
7759,7759.jpg,1,swimmer,0.19598,"[2095.31, 1679.95, 44.09, 43.13]",43.60735832402601,32-64,duplicate,0.6595226526260376,swimmer,FP
7759,7759.jpg,1,swimmer,0.10877,"[2375.91, 1796.88, 47.7, 33.79]",40.14701732383117,32-64,localization,0.48034077882766724,swimmer,FP
7760,7760.jpg,1,swimmer,0.54596,"[2409.87, 1355.75, 39.04, 36.46]",37.727952502090545,32-64,localization,0.35127198696136475,swimmer,FP
7760,7760.jpg,1,swimmer,0.52885,"[2513.25, 1368.89, 33.97, 35.64]",34.794982396891655,32-64,localization,0.3343634605407715,swimmer,FP
7760,7760.jpg,1,swimmer,0.21475,"[2710.57, 1891.46, 46.79, 32.15]",38.785287158921484,32-64,localization,0.36794209480285645,swimmer,FP
7760,7760.jpg,1,swimmer,0.16411,"[2080.18, 1689.4, 68.17, 40.16]",52.32310388346624,32-64,localization,0.4602391719818115,swimmer,FP
7760,7760.jpg,1,swimmer,0.15827,"[2410.45, 1343.87, 44.14, 43.28]",43.70788487218296,32-64,localization,0.2617281377315521,swimmer,FP
7760,7760.jpg,1,swimmer,0.15085,"[2475.85, 1329.29, 44.35, 28.87]",35.78246078737459,32-64,localization,0.36551520228385925,swimmer,FP
7760,7760.jpg,1,swimmer,0.10657,"[2397.07, 1442.63, 29.27, 45.4]",36.45350463261386,32-64,duplicate,0.5316371917724609,swimmer,FP
7761,7761.jpg,1,swimmer,0.51451,"[2512.3, 1374.48, 38.89, 32.84]",35.73720190501769,32-64,localization,0.2978590130805969,swimmer,FP
7761,7761.jpg,1,swimmer,0.50692,"[2416.72, 1355.36, 37.24, 36.86]",37.04951281730976,32-64,localization,0.3045167922973633,swimmer,FP
7761,7761.jpg,1,swimmer,0.28637,"[2478.57, 1335.19, 41.96, 29.19]",34.997319897386426,32-64,localization,0.30045416951179504,swimmer,FP
7761,7761.jpg,1,swimmer,0.16777,"[2433.14, 1495.71, 28.35, 30.59]",29.448709649151013,16-32,background,0.0,,FP
7761,7761.jpg,1,swimmer,0.16722,"[2471.81, 1338.0, 38.94, 27.76]",32.87817513184088,32-64,localization,0.34043359756469727,swimmer,FP
7761,7761.jpg,1,swimmer,0.16409,"[2504.17, 1369.63, 54.84, 46.66]",50.584922654878106,32-64,localization,0.1528039425611496,swimmer,FP
7761,7761.jpg,1,swimmer,0.1404,"[2417.38, 1343.94, 38.95, 43.24]",41.03898146884252,32-64,localization,0.248189315199852,swimmer,FP
7761,7761.jpg,1,swimmer,0.12185,"[2397.37, 1798.19, 51.3, 42.29]",46.57764485243967,32-64,duplicate,0.5553650259971619,swimmer,FP
7762,7762.jpg,1,swimmer,0.46025,"[2518.93, 1372.59, 32.8, 31.34]",32.06169053559091,32-64,localization,0.3064345419406891,swimmer,FP
7762,7762.jpg,1,swimmer,0.38169,"[2416.61, 1352.49, 32.26, 39.6]",35.74207604490819,32-64,localization,0.39139071106910706,swimmer,FP
7762,7762.jpg,1,swimmer,0.35459,"[2239.83, 1533.34, 40.65, 40.64]",40.644999692459095,32-64,duplicate,0.6483635306358337,swimmer,FP
7762,7762.jpg,1,swimmer,0.2838,"[2417.83, 1343.96, 31.77, 39.58]",35.4606345120896,32-64,localization,0.3976280093193054,swimmer,FP
7762,7762.jpg,1,swimmer,0.22785,"[2479.22, 1338.92, 40.98, 29.91]",35.01016709471693,32-64,localization,0.38834577798843384,swimmer,FP
7762,7762.jpg,1,swimmer,0.19549,"[2516.62, 1370.25, 46.98, 46.6]",46.78961423222038,32-64,localization,0.14388372004032135,swimmer,FP
7762,7762.jpg,1,swimmer,0.18564,"[2238.42, 1536.88, 43.2, 47.18]",45.1461626276254,32-64,duplicate,0.5256349444389343,swimmer,FP
7762,7762.jpg,1,swimmer,0.15019,"[2471.91, 1341.2, 36.47, 28.92]",32.47633600023254,32-64,localization,0.4369454085826874,swimmer,FP
7762,7762.jpg,1,swimmer,0.14699,"[2999.95, 2031.46, 40.14, 32.85]",36.31251850257704,32-64,localization,0.43995922803878784,swimmer,FP
7763,7763.jpg,1,swimmer,0.52024,"[2414.3, 1343.74, 46.28, 32.7]",38.901876561420536,32-64,localization,0.4506540596485138,swimmer,FP
7763,7763.jpg,1,swimmer,0.48803,"[2519.5, 1369.78, 33.44, 27.57]",30.363478061645047,16-32,localization,0.2927244305610657,swimmer,FP
7763,7763.jpg,1,swimmer,0.36268,"[2482.04, 1336.28, 38.3, 27.16]",32.25256578940658,32-64,localization,0.4672052562236786,swimmer,FP
7763,7763.jpg,1,swimmer,0.27963,"[2239.86, 1523.93, 40.29, 51.95]",45.7500327868735,32-64,duplicate,0.6346250176429749,swimmer,FP
7763,7763.jpg,1,swimmer,0.25436,"[2244.41, 1534.85, 36.28, 49.37]",42.32190449400877,32-64,duplicate,0.6177425980567932,swimmer,FP
7763,7763.jpg,1,swimmer,0.13296,"[2231.76, 1528.54, 44.89, 55.99]",50.13373215710157,32-64,duplicate,0.5307570099830627,swimmer,FP
7763,7763.jpg,1,swimmer,0.11092,"[3009.25, 2015.77, 41.36, 40.28]",40.816428065179835,32-64,duplicate,0.5059815645217896,swimmer,FP
7763,7763.jpg,1,swimmer,0.10309,"[2522.75, 1369.36, 45.47, 29.63]",36.70525984106365,32-64,localization,0.20670156180858612,swimmer,FP
7764,7764.jpg,1,swimmer,0.48527,"[2247.13, 1554.34, 33.72, 36.83]",35.24070941397179,32-64,localization,0.42919841408729553,swimmer,FP
7764,7764.jpg,1,swimmer,0.46804,"[2751.6, 1918.98, 31.02, 27.1]",28.993826929193048,16-32,localization,0.41599011421203613,swimmer,FP
7764,7764.jpg,1,swimmer,0.39951,"[2518.81, 1362.39, 37.24, 32.15]",34.6015317580017,32-64,localization,0.31037256121635437,swimmer,FP
7764,7764.jpg,1,swimmer,0.32578,"[2482.28, 1335.55, 38.13, 28.57]",33.00566769510958,32-64,localization,0.4296044707298279,swimmer,FP
7764,7764.jpg,1,swimmer,0.21973,"[2521.93, 1359.39, 46.25, 33.36]",39.27976578341576,32-64,localization,0.2893548011779785,swimmer,FP
7764,7764.jpg,1,swimmer,0.17232,"[2368.78, 1343.14, 57.08, 25.27]",37.9790942493367,32-64,background,0.030522771179676056,,FP
7764,7764.jpg,1,swimmer,0.13762,"[2231.9, 1552.54, 45.96, 39.18]",42.434806468275546,32-64,localization,0.35428592562675476,swimmer,FP
7764,7764.jpg,1,swimmer,0.10469,"[3004.32, 2029.19, 43.73, 34.95]",39.09428986437789,32-64,duplicate,0.5199728608131409,swimmer,FP
7765,7765.jpg,1,swimmer,0.57986,"[2422.91, 1800.67, 38.2, 50.08]",43.73849563027974,32-64,localization,0.4537242650985718,swimmer,FP
7765,7765.jpg,1,swimmer,0.50547,"[2533.82, 1357.84, 35.1, 34.88]",34.989827093028055,32-64,localization,0.3796241283416748,swimmer,FP
7765,7765.jpg,1,swimmer,0.4518,"[2758.54, 1909.21, 42.84, 37.73]",40.203895333661386,32-64,localization,0.4672367572784424,swimmer,FP
7765,7765.jpg,1,swimmer,0.39843,"[2495.3, 1330.68, 40.1, 30.57]",35.012240716640804,32-64,localization,0.43398213386535645,swimmer,FP
7765,7765.jpg,1,swimmer,0.20146,"[2413.49, 1439.66, 26.5, 49.03]",36.04573483784177,32-64,localization,0.3403830826282501,swimmer,FP
7765,7765.jpg,1,swimmer,0.12494,"[2428.66, 1800.36, 43.58, 48.28]",45.86984194435381,32-64,localization,0.35926952958106995,swimmer,FP
7766,7766.jpg,1,swimmer,0.63403,"[2260.64, 1560.02, 49.78, 39.89]",44.56146541576029,32-64,localization,0.3758968412876129,swimmer,FP
7766,7766.jpg,1,swimmer,0.43302,"[2423.47, 1342.79, 41.97, 34.7]",38.162271944945836,32-64,localization,0.45799142122268677,swimmer,FP
7766,7766.jpg,1,swimmer,0.41916,"[2525.63, 1370.14, 42.77, 37.69]",40.14973598916934,32-64,localization,0.22213834524154663,swimmer,FP
7766,7766.jpg,1,swimmer,0.37781,"[2483.63, 1331.45, 48.94, 30.66]",38.73629305961013,32-64,localization,0.419859915971756,swimmer,FP
7766,7766.jpg,1,swimmer,0.24692,"[2428.15, 1340.2, 45.69, 34.59]",39.754460127135424,32-64,localization,0.42204052209854126,swimmer,FP
7766,7766.jpg,1,swimmer,0.16841,"[2764.15, 1919.83, 44.04, 35.78]",39.69573276814524,32-64,duplicate,0.5832058191299438,swimmer,FP
7766,7766.jpg,1,swimmer,0.15863,"[2398.69, 1376.66, 50.57, 23.65]",34.58295100190266,32-64,background,0.0,,FP
7766,7766.jpg,1,swimmer,0.11442,"[3010.23, 2045.89, 45.26, 42.7]",43.9613694054223,32-64,localization,0.3477177321910858,swimmer,FP
7767,7767.jpg,1,swimmer,0.60619,"[2369.94, 1434.75, 32.7, 35.28]",33.965511920181626,32-64,localization,0.4958150386810303,swimmer,FP
7767,7767.jpg,1,swimmer,0.58097,"[2226.06, 1562.2, 44.47, 39.67]",42.00148687844277,32-64,localization,0.4019867479801178,swimmer,FP
7767,7767.jpg,1,swimmer,0.49148,"[2491.52, 1371.42, 32.76, 30.9]",31.816410859806293,16-32,localization,0.42675772309303284,swimmer,FP
7767,7767.jpg,1,swimmer,0.43136,"[2970.13, 2050.29, 34.14, 33.75]",33.944439898163,32-64,localization,0.49903449416160583,swimmer,FP
7767,7767.jpg,1,swimmer,0.41819,"[2451.61, 1336.76, 31.37, 32.53]",31.944735090465223,16-32,localization,0.4840925335884094,swimmer,FP
7767,7767.jpg,1,swimmer,0.34901,"[2388.58, 1350.95, 43.37, 41.17]",42.25568482464815,32-64,localization,0.3942778706550598,swimmer,FP
7767,7767.jpg,1,swimmer,0.28552,"[2389.79, 1343.85, 39.86, 38.68]",39.26556761336833,32-64,localization,0.456613689661026,swimmer,FP
7767,7767.jpg,1,swimmer,0.26578,"[2355.57, 1355.0, 37.17, 38.11]",37.637065507289485,32-64,background,0.006674525327980518,,FP
7767,7767.jpg,1,swimmer,0.24456,"[2633.2, 1919.84, 31.03, 34.39]",32.66682874109454,32-64,background,0.0,,FP
7767,7767.jpg,1,swimmer,0.13849,"[2378.77, 1814.98, 45.69, 36.46]",40.81491639094707,32-64,duplicate,0.581779956817627,swimmer,FP
7767,7767.jpg,1,swimmer,0.12022,"[2220.95, 1561.34, 39.17, 46.94]",42.87936333482576,32-64,localization,0.4049554765224457,swimmer,FP
7768,7768.jpg,1,swimmer,0.40478,"[2351.48, 1354.4, 35.9, 37.8]",36.8377523744324,32-64,localization,0.4952027201652527,swimmer,FP
7768,7768.jpg,1,swimmer,0.37514,"[2450.36, 1377.96, 31.48, 31.81]",31.644569834333346,16-32,localization,0.3894542455673218,swimmer,FP
7768,7768.jpg,1,swimmer,0.35821,"[2183.9, 1565.55, 41.77, 36.77]",39.190341922468605,32-64,localization,0.49717381596565247,swimmer,FP
7768,7768.jpg,1,swimmer,0.33554,"[2415.85, 1343.88, 24.89, 33.27]",28.776558168064508,16-32,localization,0.4670964181423187,swimmer,FP
7768,7768.jpg,1,swimmer,0.31731,"[2339.66, 1435.23, 36.58, 27.86]",31.92364014331699,16-32,localization,0.38667017221450806,swimmer,FP
7768,7768.jpg,1,swimmer,0.13803,"[2417.07, 1361.66, 32.98, 33.16]",33.06987753228003,32-64,localization,0.19848215579986572,swimmer,FP
7768,7768.jpg,1,swimmer,0.11563,"[2921.74, 2064.01, 46.85, 48.04]",47.44126895436082,32-64,localization,0.4893793761730194,swimmer,FP
7769,7769.jpg,1,swimmer,0.64215,"[2108.67, 1566.32, 49.72, 35.48]",42.00078094512053,32-64,localization,0.3803297281265259,swimmer,FP
7769,7769.jpg,1,swimmer,0.60121,"[2250.87, 1435.93, 43.59, 32.45]",37.60977931336477,32-64,localization,0.4227655827999115,swimmer,FP
7769,7769.jpg,1,swimmer,0.50669,"[2230.47, 1838.45, 46.09, 50.22]",48.11070359078113,32-64,localization,0.46659526228904724,swimmer,FP
7769,7769.jpg,1,swimmer,0.40938,"[2290.61, 1351.6, 39.36, 40.44]",39.8963456973192,32-64,localization,0.325014591217041,swimmer,FP
7769,7769.jpg,1,swimmer,0.3375,"[2371.55, 1372.24, 34.96, 27.3]",30.893494460808412,16-32,localization,0.41670000553131104,swimmer,FP
7769,7769.jpg,1,swimmer,0.31929,"[2383.97, 1380.49, 40.05, 30.13]",34.73768126976813,32-64,localization,0.3107537031173706,swimmer,FP
7769,7769.jpg,1,swimmer,0.30477,"[2837.94, 2073.27, 36.77, 38.89]",37.8151464363157,32-64,localization,0.481076717376709,swimmer,FP
7769,7769.jpg,1,swimmer,0.25768,"[1985.1, 1727.51, 61.82, 45.99]",53.32074455594183,32-64,duplicate,0.5152169466018677,swimmer,FP
7769,7769.jpg,1,swimmer,0.21877,"[2112.54, 1562.13, 48.49, 46.39]",47.42837863558062,32-64,localization,0.3732891082763672,swimmer,FP
7769,7769.jpg,1,swimmer,0.19883,"[2279.9, 1355.53, 39.85, 36.89]",38.34144624293664,32-64,localization,0.3809351623058319,swimmer,FP
7769,7769.jpg,1,swimmer,0.17581,"[2830.67, 2074.31, 42.57, 31.54]",36.64229523378687,32-64,localization,0.46808183193206787,swimmer,FP
7769,7769.jpg,1,swimmer,0.16037,"[2841.0, 2063.95, 33.6, 41.35]",37.274119707915304,32-64,localization,0.49015548825263977,swimmer,FP
7770,7770.jpg,1,swimmer,0.64193,"[2066.94, 1568.05, 58.67, 35.62]",45.714608168505606,32-64,localization,0.4428081810474396,swimmer,FP
7770,7770.jpg,1,swimmer,0.51977,"[2350.11, 1370.37, 33.84, 30.08]",31.904657967137023,16-32,localization,0.32050615549087524,swimmer,FP
7770,7770.jpg,1,swimmer,0.45323,"[2254.16, 1343.77, 40.56, 33.06]",36.61848713423317,32-64,localization,0.4541679322719574,swimmer,FP
7770,7770.jpg,1,swimmer,0.32642,"[2567.93, 1957.75, 40.19, 25.09]",31.754796488089795,16-32,duplicate,0.8574221134185791,swimmer,FP
7770,7770.jpg,1,swimmer,0.28066,"[2309.81, 1342.07, 33.47, 37.11]",35.243037610285526,32-64,localization,0.3622978925704956,swimmer,FP
7770,7770.jpg,1,swimmer,0.21139,"[1942.28, 1727.87, 49.97, 44.34]",47.070901839671606,32-64,duplicate,0.5510748624801636,swimmer,FP
7770,7770.jpg,1,swimmer,0.17922,"[2807.67, 2063.66, 39.48, 42.71]",41.06325364605196,32-64,localization,0.3842981159687042,swimmer,FP
7770,7770.jpg,1,swimmer,0.17578,"[2811.6, 2075.68, 44.48, 36.4]",40.23769377089099,32-64,localization,0.400229275226593,swimmer,FP
7770,7770.jpg,1,swimmer,0.10717,"[2315.73, 1359.16, 44.58, 34.61]",39.27994144598487,32-64,background,0.09086725860834122,,FP
7771,7771.jpg,1,swimmer,0.59485,"[2069.84, 1573.47, 45.13, 38.21]",41.52610383842915,32-64,localization,0.3720467984676361,swimmer,FP
7771,7771.jpg,1,swimmer,0.59003,"[2176.15, 1839.22, 57.05, 45.54]",50.97113889251445,32-64,localization,0.417300283908844,swimmer,FP
7771,7771.jpg,1,swimmer,0.49462,"[2346.98, 1362.17, 34.06, 31.27]",32.63519878903758,32-64,localization,0.39903995394706726,swimmer,FP
7771,7771.jpg,1,swimmer,0.40328,"[2801.2, 2063.91, 51.67, 40.98]",46.01561256791003,32-64,localization,0.29752957820892334,swimmer,FP
7771,7771.jpg,1,swimmer,0.3079,"[2306.84, 1337.53, 32.26, 31.99]",32.124716341160116,32-64,localization,0.41182276606559753,swimmer,FP
7771,7771.jpg,1,swimmer,0.24047,"[1941.87, 1727.76, 57.5, 44.44]",50.54997527200186,32-64,localization,0.4170636236667633,swimmer,FP
7771,7771.jpg,1,swimmer,0.19129,"[2571.6, 1959.89, 44.59, 34.16]",39.02812319341016,32-64,duplicate,0.6663627624511719,swimmer,FP
7771,7771.jpg,1,swimmer,0.11191,"[2802.96, 2066.68, 58.12, 46.46]",51.963979832187604,32-64,localization,0.23331128060817719,swimmer,FP
7772,7772.jpg,1,swimmer,0.64795,"[2064.36, 1577.7, 52.77, 39.44]",45.62070582531577,32-64,localization,0.31033244729042053,swimmer,FP
7772,7772.jpg,1,swimmer,0.46992,"[2345.64, 1366.19, 32.87, 28.58]",30.65003425772963,16-32,localization,0.390944242477417,swimmer,FP
7772,7772.jpg,1,swimmer,0.40122,"[2804.68, 2044.5, 45.77, 54.57]",49.97668356343786,32-64,localization,0.3484046459197998,swimmer,FP
7772,7772.jpg,1,swimmer,0.29708,"[2312.32, 1342.08, 29.94, 32.28]",31.087991250642105,16-32,localization,0.43044665455818176,swimmer,FP
7772,7772.jpg,1,swimmer,0.10242,"[2323.61, 1359.84, 42.76, 34.02]",38.14046669877022,32-64,localization,0.27165427803993225,swimmer,FP
7773,7773.jpg,1,swimmer,0.61394,"[2209.38, 1434.36, 36.66, 30.78]",33.59158823277042,32-64,localization,0.3220193088054657,swimmer,FP
7773,7773.jpg,1,swimmer,0.58842,"[2083.09, 1583.6, 38.25, 39.93]",39.080973631679136,32-64,localization,0.36030760407447815,swimmer,FP
7773,7773.jpg,1,swimmer,0.44106,"[2816.97, 2077.43, 32.98, 29.96]",31.433752559947404,16-32,localization,0.4672156870365143,swimmer,FP
7773,7773.jpg,1,swimmer,0.38729,"[2319.12, 1361.39, 38.15, 33.11]",35.540772360768976,32-64,localization,0.30348166823387146,swimmer,FP
7773,7773.jpg,1,swimmer,0.3502,"[2583.22, 1980.08, 42.73, 35.97]",39.204567335962274,32-64,localization,0.4917152225971222,swimmer,FP
7773,7773.jpg,1,swimmer,0.32359,"[2254.4, 1343.97, 35.12, 37.64]",36.35817377151938,32-64,localization,0.2909895181655884,swimmer,FP
7773,7773.jpg,1,swimmer,0.2462,"[2251.18, 1348.77, 36.75, 43.35]",39.913813398371246,32-64,localization,0.2281988263130188,swimmer,FP
7773,7773.jpg,1,swimmer,0.19031,"[2579.33, 1967.79, 52.86, 44.95]",48.74481510889133,32-64,localization,0.38126564025878906,swimmer,FP
7773,7773.jpg,1,swimmer,0.18813,"[2317.9, 1343.85, 29.8, 40.39]",34.69325582876303,32-64,localization,0.15673375129699707,swimmer,FP
7773,7773.jpg,1,swimmer,0.17564,"[2324.55, 1374.49, 53.23, 37.91]",44.921590577360455,32-64,background,0.06363330036401749,,FP
7774,7774.jpg,1,swimmer,0.56464,"[2137.13, 1582.88, 58.05, 35.33]",45.28693520210878,32-64,localization,0.3169330358505249,swimmer,FP
7774,7774.jpg,1,swimmer,0.48302,"[2279.69, 1439.82, 31.45, 35.32]",33.32887636869866,32-64,localization,0.47532710433006287,swimmer,FP
7774,7774.jpg,1,swimmer,0.38125,"[2321.72, 1353.24, 35.5, 39.08]",37.24701330308243,32-64,localization,0.4670582711696625,swimmer,FP
7774,7774.jpg,1,swimmer,0.36159,"[2390.1, 1381.98, 45.12, 40.98]",43.00020465067579,32-64,localization,0.20159362256526947,swimmer,FP
7774,7774.jpg,1,swimmer,0.31107,"[2408.15, 1380.34, 40.11, 45.8]",42.86068128249946,32-64,localization,0.331511914730072,swimmer,FP
7774,7774.jpg,1,swimmer,0.22094,"[2854.68, 2106.15, 49.47, 38.63]",43.715284512399094,32-64,localization,0.4897891581058502,swimmer,FP
7774,7774.jpg,1,swimmer,0.19901,"[2322.58, 1343.97, 34.15, 43.54]",38.56022562174656,32-64,localization,0.4263649582862854,swimmer,FP
7774,7774.jpg,1,swimmer,0.17477,"[2278.79, 1447.62, 33.7, 40.61]",36.99401302913757,32-64,localization,0.3709024488925934,swimmer,FP
7774,7774.jpg,1,swimmer,0.16233,"[2372.51, 1358.0, 38.68, 37.26]",37.963361284269865,32-64,localization,0.33282986283302307,swimmer,FP
7774,7774.jpg,1,swimmer,0.10971,"[2136.7, 1584.7, 58.68, 47.64]",52.87263186186214,32-64,localization,0.23251529037952423,swimmer,FP
7775,7775.jpg,1,swimmer,0.53672,"[2176.78, 1568.77, 71.33, 39.24]",52.90547419691085,32-64,localization,0.24437390267848969,swimmer,FP
7775,7775.jpg,1,swimmer,0.38508,"[2316.54, 1439.93, 30.08, 39.18]",34.32978881379843,32-64,localization,0.3920122981071472,swimmer,FP
7775,7775.jpg,1,swimmer,0.35957,"[2314.78, 1448.16, 31.68, 39.88]",35.54431600129619,32-64,localization,0.36568036675453186,swimmer,FP
7775,7775.jpg,1,swimmer,0.34749,"[2446.88, 1398.3, 36.77, 42.1]",39.344847184860186,32-64,localization,0.3527092933654785,swimmer,FP
7775,7775.jpg,1,swimmer,0.31921,"[2431.51, 1379.26, 43.34, 51.11]",47.06492749383558,32-64,localization,0.17350253462791443,swimmer,FP
7775,7775.jpg,1,swimmer,0.17844,"[2424.3, 1388.1, 51.59, 40.35]",45.62517397227106,32-64,localization,0.18656182289123535,swimmer,FP
7776,7776.jpg,1,swimmer,0.37982,"[2321.51, 1257.8, 26.06, 38.25]",31.572060433237485,16-32,localization,0.44345155358314514,swimmer,FP
7776,7776.jpg,1,swimmer,0.33482,"[2321.65, 1247.96, 25.55, 38.01]",31.163367918118222,16-32,localization,0.44359490275382996,swimmer,FP
7776,7776.jpg,1,swimmer,0.24428,"[2422.93, 1190.77, 52.99, 54.53]",53.754485394244085,32-64,localization,0.27402400970458984,swimmer,FP
7776,7776.jpg,1,swimmer,0.19759,"[2883.96, 1919.94, 35.82, 41.67]",38.63443282876041,32-64,duplicate,0.5278047323226929,swimmer,FP
7776,7776.jpg,1,swimmer,0.12453,"[2699.7, 1758.86, 32.37, 46.39]",38.75105546949657,32-64,background,0.0,,FP
7777,7777.jpg,1,swimmer,0.57005,"[2324.81, 1074.97, 39.03, 31.63]",35.13572113960378,32-64,localization,0.2662469446659088,swimmer,FP
7777,7777.jpg,1,swimmer,0.56316,"[2369.67, 1002.35, 40.75, 35.07]",37.80347206276164,32-64,localization,0.396729439496994,swimmer,FP
7777,7777.jpg,1,swimmer,0.52669,"[2893.93, 1747.11, 42.41, 33.55]",37.72075688530122,32-64,localization,0.36827531456947327,swimmer,FP
7777,7777.jpg,1,swimmer,0.39626,"[2434.15, 1013.37, 54.71, 46.21]",50.280703057932676,32-64,localization,0.26683399081230164,swimmer,FP
7777,7777.jpg,1,swimmer,0.3674,"[2433.14, 1008.36, 41.39, 41.28]",41.33496340871732,32-64,localization,0.46445131301879883,swimmer,FP
7777,7777.jpg,1,swimmer,0.28349,"[2683.71, 1631.94, 38.94, 39.56]",39.24877577708635,32-64,duplicate,0.5848507881164551,swimmer,FP
7777,7777.jpg,1,swimmer,0.15668,"[2272.48, 1096.53, 44.96, 34.14]",39.17823885781493,32-64,background,0.0,,FP
7778,7778.jpg,1,swimmer,0.42312,"[2445.54, 991.79, 32.12, 45.36]",38.17018731942509,32-64,localization,0.3850747346878052,swimmer,FP
7778,7778.jpg,1,swimmer,0.36997,"[2459.24, 1017.28, 36.25, 39.12]",37.65766854174591,32-64,localization,0.4453643560409546,swimmer,FP
7778,7778.jpg,1,swimmer,0.26437,"[2087.71, 1335.76, 48.21, 44.91]",46.53075434591621,32-64,localization,0.4375823736190796,swimmer,FP
7778,7778.jpg,1,swimmer,0.23509,"[2327.92, 1055.66, 40.99, 32.57]",36.53825803182193,32-64,localization,0.45628151297569275,swimmer,FP
7778,7778.jpg,1,swimmer,0.2253,"[2380.71, 979.97, 43.44, 28.64]",35.27210796082366,32-64,duplicate,0.5128116011619568,swimmer,FP
7778,7778.jpg,1,swimmer,0.22508,"[2702.24, 1642.99, 39.13, 37.57]",38.34206697610342,32-64,duplicate,0.6058568954467773,swimmer,FP
7778,7778.jpg,1,swimmer,0.21225,"[2100.01, 1344.57, 41.81, 47.47]",44.55020426440265,32-64,duplicate,0.582449734210968,swimmer,FP
7778,7778.jpg,1,swimmer,0.15673,"[2914.85, 1725.25, 37.24, 29.05]",32.89106261585357,32-64,localization,0.49061134457588196,swimmer,FP
7778,7778.jpg,1,swimmer,0.14746,"[2447.04, 993.17, 44.08, 43.69]",43.88456676327112,32-64,localization,0.26919376850128174,swimmer,FP
7778,7778.jpg,1,swimmer,0.11016,"[2299.71, 1438.96, 38.74, 53.03]",45.32529315955938,32-64,localization,0.49649959802627563,swimmer,FP
7779,7779.jpg,1,swimmer,0.66665,"[2353.41, 1461.31, 56.41, 60.06]",58.20639655570511,32-64,localization,0.31168973445892334,swimmer,FP
7779,7779.jpg,1,swimmer,0.48378,"[2455.57, 983.97, 41.03, 36.87]",38.894422479322145,32-64,localization,0.47594624757766724,swimmer,FP
7779,7779.jpg,1,swimmer,0.44802,"[2417.19, 1063.28, 36.53, 47.68]",41.73428326927396,32-64,localization,0.3444810211658478,swimmer,FP
7779,7779.jpg,1,swimmer,0.40922,"[2518.1, 1017.23, 61.85, 42.68]",51.37857530138414,32-64,localization,0.33942505717277527,swimmer,FP
7779,7779.jpg,1,swimmer,0.39336,"[2510.96, 999.06, 63.73, 56.36]",59.931817926707346,32-64,localization,0.23811009526252747,swimmer,FP
7779,7779.jpg,1,swimmer,0.31093,"[2512.06, 996.7, 52.28, 50.95]",51.61071594155617,32-64,localization,0.3432817757129669,swimmer,FP
7779,7779.jpg,1,swimmer,0.22585,"[2418.29, 1055.62, 34.59, 44.06]",39.0388959884882,32-64,localization,0.39369162917137146,swimmer,FP
7779,7779.jpg,1,swimmer,0.11927,"[2975.89, 1750.97, 49.73, 49.81]",49.76998392605728,32-64,localization,0.33911287784576416,swimmer,FP
7780,7780.jpg,1,swimmer,0.60695,"[2295.15, 1468.25, 61.32, 57.01]",59.125740587327954,32-64,localization,0.3690086603164673,swimmer,FP
7780,7780.jpg,1,swimmer,0.52426,"[2352.06, 1070.17, 56.49, 33.95]",43.79309877138178,32-64,localization,0.3076772689819336,swimmer,FP
7780,7780.jpg,1,swimmer,0.39741,"[2482.42, 995.61, 46.01, 53.08]",49.4187292430714,32-64,localization,0.38666263222694397,swimmer,FP
7780,7780.jpg,1,swimmer,0.35464,"[2486.36, 1012.51, 50.16, 43.97]",46.96312596069389,32-64,localization,0.3173832893371582,swimmer,FP
7780,7780.jpg,1,swimmer,0.16633,"[2420.52, 1150.76, 24.39, 23.17]",23.77217491101729,16-32,background,0.0,,FP
7780,7780.jpg,1,swimmer,0.14522,"[2377.82, 1068.39, 46.6, 35.74]",40.81034182655176,32-64,localization,0.37389111518859863,swimmer,FP
7780,7780.jpg,1,swimmer,0.13546,"[2492.56, 997.45, 52.02, 54.31]",53.1526687947087,32-64,localization,0.22067056596279144,swimmer,FP
7780,7780.jpg,1,swimmer,0.11037,"[2263.01, 1466.44, 93.05, 58.42]",73.72910551471514,>64,localization,0.23730766773223877,swimmer,FP
7780,7780.jpg,1,swimmer,0.10857,"[2414.84, 985.22, 46.15, 50.86]",48.44779664752567,32-64,localization,0.4049801230430603,swimmer,FP
7781,7781.jpg,1,swimmer,0.62577,"[2235.38, 1206.28, 82.09, 42.77]",59.25360157830071,32-64,localization,0.4955868124961853,swimmer,FP
7781,7781.jpg,1,swimmer,0.58582,"[2292.74, 1499.03, 50.21, 37.39]",43.328419080321865,32-64,localization,0.41082528233528137,swimmer,FP
7781,7781.jpg,1,swimmer,0.48928,"[2478.91, 1024.51, 63.84, 45.42]",53.84805288958924,32-64,localization,0.2896938621997833,swimmer,FP
7781,7781.jpg,1,swimmer,0.30889,"[2723.59, 1694.45, 36.49, 33.59]",35.009985718363275,32-64,localization,0.4927068054676056,swimmer,FP
7781,7781.jpg,1,swimmer,0.30062,"[2117.14, 1379.49, 43.54, 41.78]",42.65092261604666,32-64,duplicate,0.6549597382545471,swimmer,FP
7781,7781.jpg,1,swimmer,0.28716,"[2428.46, 996.11, 37.66, 38.9]",38.27497877203852,32-64,localization,0.456921249628067,swimmer,FP
7781,7781.jpg,1,swimmer,0.23302,"[2914.07, 1783.53, 38.21, 40.51]",39.34319636226828,32-64,duplicate,0.555631160736084,swimmer,FP
7781,7781.jpg,1,swimmer,0.2312,"[2903.83, 1774.32, 41.82, 38.71]",40.23496240833338,32-64,duplicate,0.6147407293319702,swimmer,FP
7781,7781.jpg,1,swimmer,0.22979,"[2914.48, 1775.57, 37.74, 37.29]",37.51432526382422,32-64,duplicate,0.5587044954299927,swimmer,FP
7781,7781.jpg,1,swimmer,0.2184,"[2468.65, 1016.87, 54.92, 41.77]",47.89580774973943,32-64,localization,0.30671074986457825,swimmer,FP
7781,7781.jpg,1,swimmer,0.21394,"[2428.29, 994.39, 43.92, 33.44]",38.32342364664201,32-64,duplicate,0.511530339717865,swimmer,FP
7781,7781.jpg,1,swimmer,0.19764,"[2711.45, 1694.08, 40.31, 33.96]",36.99902160868582,32-64,duplicate,0.6068580746650696,swimmer,FP
7781,7781.jpg,1,swimmer,0.19377,"[2300.74, 1494.09, 52.08, 42.88]",47.256643977328736,32-64,localization,0.3761434853076935,swimmer,FP
7781,7781.jpg,1,swimmer,0.18834,"[2382.69, 1076.19, 41.35, 34.76]",37.91208250676821,32-64,localization,0.4078253507614136,swimmer,FP
7781,7781.jpg,1,swimmer,0.18388,"[2709.97, 1679.65, 39.21, 38.84]",39.024561496575465,32-64,localization,0.3126658797264099,swimmer,FP
7781,7781.jpg,1,swimmer,0.17598,"[2294.17, 1487.8, 49.85, 46.43]",48.10961962019654,32-64,localization,0.362923800945282,swimmer,FP
7781,7781.jpg,1,swimmer,0.1363,"[2488.67, 1019.81, 57.83, 54.16]",55.964924729691184,32-64,localization,0.26819297671318054,swimmer,FP
7781,7781.jpg,1,swimmer,0.10352,"[2903.59, 1782.45, 42.77, 41.77]",42.26704271651851,32-64,duplicate,0.587740421295166,swimmer,FP
7782,7782.jpg,1,swimmer,0.58923,"[2173.97, 1220.08, 87.3, 42.33]",60.78987580181423,32-64,localization,0.40222224593162537,swimmer,FP
7782,7782.jpg,1,swimmer,0.58461,"[2206.81, 1501.97, 51.49, 37.27]",43.80676089372507,32-64,localization,0.35226088762283325,swimmer,FP
7782,7782.jpg,1,swimmer,0.57486,"[2031.62, 1379.17, 54.77, 49.61]",52.1261901542785,32-64,localization,0.4745905101299286,swimmer,FP
7782,7782.jpg,1,swimmer,0.52628,"[2406.75, 1024.11, 58.4, 45.21]",51.383499296953296,32-64,localization,0.29458892345428467,swimmer,FP
7782,7782.jpg,1,swimmer,0.19325,"[2410.84, 1027.35, 65.07, 49.55]",56.782202317275434,32-64,localization,0.24967290461063385,swimmer,FP
7782,7782.jpg,1,swimmer,0.11828,"[2350.12, 1001.21, 42.88, 38.71]",40.741683814000616,32-64,duplicate,0.5281829833984375,swimmer,FP
7783,7783.jpg,1,swimmer,0.6367,"[2210.84, 1086.24, 33.5, 33.6]",33.549962742155174,32-64,localization,0.39069896936416626,swimmer,FP
7783,7783.jpg,1,swimmer,0.52643,"[2313.66, 1039.37, 54.52, 42.41]",48.085270093865546,32-64,localization,0.32884481549263,swimmer,FP
7783,7783.jpg,1,swimmer,0.49916,"[2090.42, 1501.27, 60.92, 37.66]",47.89830059615894,32-64,localization,0.24931927025318146,swimmer,FP
7783,7783.jpg,1,swimmer,0.46329,"[2509.6, 1707.01, 41.4, 41.53]",41.46494905338725,32-64,localization,0.4991067051887512,swimmer,FP
7783,7783.jpg,1,swimmer,0.29624,"[2319.69, 1047.35, 63.14, 39.42]",49.889666264668485,32-64,localization,0.37605786323547363,swimmer,FP
7783,7783.jpg,1,swimmer,0.26848,"[2255.7, 1014.31, 41.81, 32.92]",37.099665766688524,32-64,duplicate,0.7045068740844727,swimmer,FP
7783,7783.jpg,1,swimmer,0.15474,"[2702.4, 1812.91, 62.58, 42.33]",51.46854767719796,32-64,localization,0.4308210015296936,swimmer,FP
7783,7783.jpg,1,swimmer,0.11725,"[2510.9, 1695.71, 64.39, 55.37]",59.70991793663763,32-64,localization,0.2741623520851135,swimmer,FP
7783,7783.jpg,1,swimmer,0.11693,"[2088.24, 1494.36, 78.45, 46.71]",60.53428367462524,32-64,localization,0.15609651803970337,swimmer,FP
7784,7784.jpg,1,swimmer,0.46857,"[2197.04, 1039.51, 67.34, 45.41]",55.298367064498386,32-64,localization,0.2302226722240448,swimmer,FP
7784,7784.jpg,1,swimmer,0.37949,"[2097.76, 1089.35, 38.38, 38.97]",38.673874902833305,32-64,localization,0.3523312509059906,swimmer,FP
7784,7784.jpg,1,swimmer,0.30055,"[2144.84, 1017.89, 64.77, 41.14]",51.620129794490055,32-64,localization,0.4315783679485321,swimmer,FP
7784,7784.jpg,1,swimmer,0.22948,"[1799.93, 1391.94, 43.05, 37.06]",39.94287170447313,32-64,duplicate,0.8293033838272095,swimmer,FP
7784,7784.jpg,1,swimmer,0.21308,"[2380.0, 1723.87, 44.4, 36.78]",40.41079063814515,32-64,localization,0.48653462529182434,swimmer,FP
7784,7784.jpg,1,swimmer,0.17365,"[1807.61, 1396.44, 44.66, 43.69]",44.17233749757873,32-64,duplicate,0.5662748217582703,swimmer,FP
7784,7784.jpg,1,swimmer,0.16205,"[2351.79, 1732.54, 58.68, 43.54]",50.54628769751543,32-64,localization,0.37046578526496887,swimmer,FP
7784,7784.jpg,1,swimmer,0.13088,"[2567.64, 1824.13, 50.5, 48.25]",49.362181880463915,32-64,duplicate,0.5302416086196899,swimmer,FP
7784,7784.jpg,1,swimmer,0.10597,"[1964.61, 1487.74, 51.36, 46.88]",49.06889849996635,32-64,duplicate,0.5619338154792786,swimmer,FP
7785,7785.jpg,1,swimmer,0.65775,"[2128.68, 1093.85, 30.52, 38.96]",34.48273771033848,32-64,localization,0.4721796214580536,swimmer,FP
7785,7785.jpg,1,swimmer,0.49054,"[2222.65, 1039.51, 45.16, 41.24]",43.15551413203184,32-64,localization,0.4251573383808136,swimmer,FP
7785,7785.jpg,1,swimmer,0.42144,"[2237.71, 1047.07, 55.91, 49.09]",52.3891391416198,32-64,localization,0.3491022288799286,swimmer,FP
7785,7785.jpg,1,swimmer,0.32176,"[2249.47, 1055.94, 46.5, 48.18]",47.33254694182429,32-64,localization,0.43385687470436096,swimmer,FP
7785,7785.jpg,1,swimmer,0.25064,"[2183.92, 1007.9, 38.79, 36.86]",37.81268834663835,32-64,localization,0.49170979857444763,swimmer,FP
7786,7786.jpg,1,swimmer,0.64277,"[1958.33, 1231.04, 50.8, 39.9]",45.02132827893908,32-64,localization,0.49002397060394287,swimmer,FP
7786,7786.jpg,1,swimmer,0.51209,"[2513.94, 1847.22, 52.17, 45.81]",48.886682235553685,32-64,localization,0.41256824135780334,swimmer,FP
7786,7786.jpg,1,swimmer,0.44011,"[2172.15, 1037.43, 54.28, 41.86]",47.66718787593831,32-64,localization,0.43130749464035034,swimmer,FP
7786,7786.jpg,1,swimmer,0.41645,"[2213.57, 1061.56, 47.24, 42.58]",44.849517277223846,32-64,localization,0.3718656003475189,swimmer,FP
7786,7786.jpg,1,swimmer,0.41222,"[2327.91, 1757.67, 42.47, 29.96]",35.670733101521755,32-64,duplicate,0.5819863677024841,swimmer,FP
7786,7786.jpg,1,swimmer,0.36142,"[2186.76, 1046.44, 56.28, 47.02]",51.442060611915615,32-64,localization,0.2783539295196533,swimmer,FP
7787,7787.jpg,1,swimmer,0.57907,"[2502.74, 1837.37, 53.93, 54.06]",53.99496087599287,32-64,localization,0.32825055718421936,swimmer,FP
7787,7787.jpg,1,swimmer,0.22614,"[2189.35, 1051.43, 49.9, 42.37]",45.98111568894343,32-64,localization,0.3766630291938782,swimmer,FP
7787,7787.jpg,1,swimmer,0.18517,"[2135.91, 1007.87, 40.25, 39.43]",39.837890255383755,32-64,duplicate,0.531761646270752,swimmer,FP
7787,7787.jpg,1,swimmer,0.17875,"[2146.27, 1007.72, 40.13, 35.71]",37.85554516844263,32-64,duplicate,0.6208017468452454,swimmer,FP
7787,7787.jpg,1,swimmer,0.14757,"[1943.83, 1213.83, 47.93, 45.81]",46.85801212172791,32-64,duplicate,0.5546287894248962,swimmer,FP
7788,7788.jpg,1,swimmer,0.50822,"[1959.49, 1218.65, 38.87, 39.05]",38.95989604708924,32-64,localization,0.4399208724498749,swimmer,FP
7788,7788.jpg,1,swimmer,0.20906,"[2139.72, 1007.48, 47.03, 34.87]",40.49612450593266,32-64,duplicate,0.6091700792312622,swimmer,FP
7788,7788.jpg,1,swimmer,0.1384,"[2514.4, 1844.5, 56.24, 43.51]",49.467185082638366,32-64,localization,0.31077057123184204,swimmer,FP
7788,7788.jpg,1,swimmer,0.12767,"[2508.59, 1847.15, 52.81, 49.81]",51.288069762860054,32-64,localization,0.30569615960121155,swimmer,FP
7788,7788.jpg,1,swimmer,0.12271,"[1958.89, 1186.26, 44.24, 69.8]",55.56934406667043,32-64,localization,0.44509097933769226,swimmer,FP
7788,7788.jpg,1,swimmer,0.12135,"[1938.9, 1503.77, 57.87, 44.66]",50.83772418194976,32-64,localization,0.3632737100124359,swimmer,FP
7789,7789.jpg,1,swimmer,0.50992,"[2177.46, 1034.42, 33.91, 34.34]",34.12432270390139,32-64,localization,0.40558239817619324,swimmer,FP
7789,7789.jpg,1,swimmer,0.50624,"[2506.15, 1846.46, 56.68, 44.14]",50.0185485595094,32-64,localization,0.3142763078212738,swimmer,FP
7789,7789.jpg,1,swimmer,0.49739,"[1941.28, 1508.93, 59.31, 34.29]",45.09700544382077,32-64,localization,0.4369148910045624,swimmer,FP
7789,7789.jpg,1,swimmer,0.2329,"[2081.83, 1060.01, 35.01, 44.12]",39.301923617044494,32-64,localization,0.3843579888343811,swimmer,FP
7789,7789.jpg,1,swimmer,0.19346,"[2327.71, 1748.49, 48.13, 33.56]",40.19008335398174,32-64,duplicate,0.5919286012649536,swimmer,FP
7789,7789.jpg,1,swimmer,0.12787,"[1773.2, 1378.01, 58.73, 40.75]",48.92082889731122,32-64,localization,0.45323747396469116,swimmer,FP
7789,7789.jpg,1,swimmer,0.11809,"[1792.84, 1379.22, 58.13, 41.34]",49.021364730084784,32-64,localization,0.4951948821544647,swimmer,FP
7790,7790.jpg,1,swimmer,0.67019,"[1978.65, 1236.69, 44.68, 35.81]",39.999884999834684,32-64,localization,0.43167436122894287,swimmer,FP
7790,7790.jpg,1,swimmer,0.56179,"[2194.93, 1029.17, 65.55, 53.49]",59.21376106953518,32-64,localization,0.2874850332736969,swimmer,FP
7790,7790.jpg,1,swimmer,0.49117,"[2529.35, 1848.37, 48.62, 38.66]",43.35492128928387,32-64,localization,0.4319955110549927,swimmer,FP
7790,7790.jpg,1,swimmer,0.26562,"[2179.03, 1023.14, 57.15, 45.02]",50.72369268892004,32-64,localization,0.3180489242076874,swimmer,FP
7790,7790.jpg,1,swimmer,0.19134,"[1799.83, 1385.54, 47.44, 34.22]",40.291398585802405,32-64,duplicate,0.7259736657142639,swimmer,FP
7790,7790.jpg,1,swimmer,0.17013,"[2093.25, 1050.56, 43.13, 38.06]",40.515772237487965,32-64,localization,0.3698936998844147,swimmer,FP
7790,7790.jpg,1,swimmer,0.164,"[2517.59, 1846.47, 57.2, 42.62]",49.37473037901068,32-64,localization,0.3330784738063812,swimmer,FP
7790,7790.jpg,1,swimmer,0.14079,"[2522.92, 1849.24, 57.08, 47.08]",51.83942900920109,32-64,localization,0.2987953722476959,swimmer,FP
7791,7791.jpg,1,swimmer,0.62168,"[1987.12, 1233.82, 47.9, 40.8]",44.2076916384468,32-64,localization,0.41446641087532043,swimmer,FP
7791,7791.jpg,1,swimmer,0.5752,"[1963.23, 1504.69, 45.69, 42.63]",44.133487285733494,32-64,localization,0.45744746923446655,swimmer,FP
7791,7791.jpg,1,swimmer,0.48459,"[2532.02, 1847.4, 61.23, 50.23]",55.45793811529599,32-64,localization,0.33359527587890625,swimmer,FP
7791,7791.jpg,1,swimmer,0.44549,"[2195.04, 1030.64, 55.04, 42.45]",48.336818265169256,32-64,localization,0.2879087030887604,swimmer,FP
7791,7791.jpg,1,swimmer,0.32302,"[2098.49, 1052.21, 37.61, 33.98]",35.74895522948887,32-64,duplicate,0.6954661011695862,swimmer,FP
7791,7791.jpg,1,swimmer,0.21391,"[2511.9, 1843.51, 80.6, 53.09]",65.41447851966718,>64,localization,0.23977263271808624,swimmer,FP
7791,7791.jpg,1,swimmer,0.10409,"[2347.48, 1756.84, 55.28, 44.46]",49.57568758978538,32-64,localization,0.38315609097480774,swimmer,FP
7791,7791.jpg,1,swimmer,0.10046,"[2615.91, 1908.11, 32.68, 21.91]",26.758527612706942,16-32,background,0.0,,FP
7792,7792.jpg,1,swimmer,0.63781,"[1997.46, 1237.82, 52.07, 37.72]",44.31794670333905,32-64,localization,0.4108656942844391,swimmer,FP
7792,7792.jpg,1,swimmer,0.55601,"[2368.91, 1754.57, 52.07, 39.63]",45.426138951048884,32-64,localization,0.4123992621898651,swimmer,FP
7792,7792.jpg,1,swimmer,0.50513,"[2203.39, 1031.14, 62.07, 43.92]",52.2122054696026,32-64,localization,0.3242710828781128,swimmer,FP
7792,7792.jpg,1,swimmer,0.30572,"[2106.31, 1061.5, 31.64, 42.53]",36.6830914727753,32-64,duplicate,0.6019399762153625,swimmer,FP
7792,7792.jpg,1,swimmer,0.27625,"[2226.29, 1042.87, 59.95, 39.6]",48.723916098770225,32-64,localization,0.4010075628757477,swimmer,FP
7793,7793.jpg,1,swimmer,0.57865,"[2008.18, 1218.18, 56.59, 57.95]",57.26596284006757,32-64,localization,0.48072168231010437,swimmer,FP
7793,7793.jpg,1,swimmer,0.53511,"[2386.65, 1762.32, 57.59, 33.6]",43.98890769273545,32-64,localization,0.40412935614585876,swimmer,FP
7793,7793.jpg,1,swimmer,0.46994,"[2213.39, 1037.41, 63.46, 45.18]",53.54552082107335,32-64,localization,0.28285133838653564,swimmer,FP
7793,7793.jpg,1,swimmer,0.43211,"[2233.69, 1043.17, 57.4, 43.01]",49.68675879950311,32-64,localization,0.3596927225589752,swimmer,FP
7793,7793.jpg,1,swimmer,0.2248,"[2114.28, 1061.65, 34.95, 42.44]",38.51334833534992,32-64,localization,0.4393472969532013,swimmer,FP
7793,7793.jpg,1,swimmer,0.17165,"[2183.09, 993.44, 50.11, 34.06]",41.31278978718334,32-64,localization,0.4892021119594574,swimmer,FP
7793,7793.jpg,1,swimmer,0.15652,"[2374.51, 1762.4, 57.61, 32.59]",43.330242325655185,32-64,localization,0.41650915145874023,swimmer,FP
7793,7793.jpg,1,swimmer,0.1284,"[2389.93, 1756.68, 60.19, 44.69]",51.86416007225028,32-64,localization,0.29071810841560364,swimmer,FP
7794,7794.jpg,1,swimmer,0.55296,"[2219.68, 1047.2, 73.11, 38.65]",53.15732781094249,32-64,localization,0.274567186832428,swimmer,FP
7794,7794.jpg,1,swimmer,0.444,"[2573.64, 1868.87, 63.69, 38.25]",49.35729429375156,32-64,localization,0.46178489923477173,swimmer,FP
7794,7794.jpg,1,swimmer,0.33053,"[2183.67, 992.7, 41.47, 32.6]",36.76849194623027,32-64,duplicate,0.5300173759460449,swimmer,FP
7794,7794.jpg,1,swimmer,0.10346,"[2569.62, 1869.83, 72.53, 50.73]",60.65844458935623,32-64,localization,0.3921785354614258,swimmer,FP
7795,7795.jpg,1,swimmer,0.6585,"[2010.61, 1226.32, 61.33, 58.15]",59.71883706168431,32-64,localization,0.47086212038993835,swimmer,FP
7795,7795.jpg,1,swimmer,0.54943,"[2227.52, 1043.68, 72.27, 42.26]",55.26418550924278,32-64,localization,0.22055774927139282,swimmer,FP
7795,7795.jpg,1,swimmer,0.46934,"[2411.49, 1770.73, 45.35, 42.46]",43.88121465957842,32-64,localization,0.46116429567337036,swimmer,FP
7795,7795.jpg,1,swimmer,0.16308,"[2414.56, 1770.51, 61.32, 47.0]",53.684634673247054,32-64,localization,0.3081150949001312,swimmer,FP
7795,7795.jpg,1,swimmer,0.14568,"[2662.24, 1913.17, 27.17, 27.31]",27.239910058588666,16-32,background,0.0,,FP
7795,7795.jpg,1,swimmer,0.12906,"[2412.33, 1772.31, 53.09, 53.57]",53.3294599635136,32-64,localization,0.3122328519821167,swimmer,FP
7795,7795.jpg,1,swimmer,0.12534,"[2183.96, 989.89, 46.26, 32.2]",38.59497376602295,32-64,localization,0.46016252040863037,swimmer,FP
7796,7796.jpg,1,swimmer,0.57419,"[2229.91, 1039.95, 75.18, 42.47]",56.50570413683914,32-64,localization,0.25039151310920715,swimmer,FP
7796,7796.jpg,1,swimmer,0.45135,"[2416.26, 1773.33, 47.34, 31.32]",38.50569827960532,32-64,localization,0.47339385747909546,swimmer,FP
7796,7796.jpg,1,swimmer,0.11184,"[2137.07, 1046.44, 47.81, 46.04]",46.9166537596193,32-64,duplicate,0.5210859179496765,swimmer,FP
7796,7796.jpg,1,swimmer,0.10148,"[2437.37, 1700.0, 35.93, 32.7]",34.27697477899705,32-64,background,0.0,,FP
7797,7797.jpg,1,swimmer,0.62408,"[2244.51, 1036.26, 70.82, 46.89]",57.62594728071721,32-64,localization,0.3011009097099304,swimmer,FP
7797,7797.jpg,1,swimmer,0.54914,"[2009.01, 1487.89, 69.49, 40.9]",53.3117341680047,32-64,localization,0.38175445795059204,swimmer,FP
7797,7797.jpg,1,swimmer,0.17117,"[2619.25, 1854.81, 45.29, 38.14]",41.56152788336829,32-64,localization,0.48967477679252625,swimmer,FP
7797,7797.jpg,1,swimmer,0.10605,"[2229.82, 1029.73, 75.47, 46.69]",59.360713439108864,32-64,localization,0.27237018942832947,swimmer,FP
7798,7798.jpg,1,swimmer,0.64118,"[2247.61, 1045.74, 71.5, 38.26]",52.30286799019724,32-64,localization,0.35371530055999756,swimmer,FP
7798,7798.jpg,1,swimmer,0.5954,"[2018.12, 1482.72, 55.31, 53.1]",54.193735800367186,32-64,localization,0.4903027415275574,swimmer,FP
7798,7798.jpg,1,swimmer,0.57522,"[2037.21, 1226.16, 59.91, 52.65]",56.162812429578345,32-64,localization,0.46039628982543945,swimmer,FP
7798,7798.jpg,1,swimmer,0.39417,"[2145.37, 1052.55, 39.13, 32.05]",35.41350731006462,32-64,localization,0.45852306485176086,swimmer,FP
7798,7798.jpg,1,swimmer,0.11736,"[2615.94, 1841.86, 38.21, 39.36]",38.78073748654092,32-64,duplicate,0.5076075792312622,swimmer,FP
7799,7799.jpg,1,swimmer,0.62756,"[2038.18, 1228.2, 55.43, 49.93]",52.6081733193617,32-64,localization,0.4762556552886963,swimmer,FP
7799,7799.jpg,1,swimmer,0.62225,"[2251.22, 1044.79, 64.6, 41.94]",52.05116713388855,32-64,localization,0.28789472579956055,swimmer,FP
7799,7799.jpg,1,swimmer,0.37158,"[2144.88, 1049.01, 39.49, 35.69]",37.54195120128947,32-64,localization,0.4544123113155365,swimmer,FP
7800,7800.jpg,1,swimmer,0.65408,"[2252.3, 1048.83, 67.15, 37.47]",50.1608462847269,32-64,localization,0.35769492387771606,swimmer,FP
7800,7800.jpg,1,swimmer,0.58785,"[2213.34, 983.88, 50.85, 35.37]",42.409485967174845,32-64,localization,0.3502793610095978,swimmer,FP
7800,7800.jpg,1,swimmer,0.52945,"[2643.41, 1842.94, 38.1, 41.65]",39.83547414051953,32-64,localization,0.47604650259017944,swimmer,FP
7800,7800.jpg,1,swimmer,0.27475,"[2144.87, 1039.88, 39.29, 35.07]",37.12007947189769,32-64,localization,0.4354451596736908,swimmer,FP
7800,7800.jpg,1,swimmer,0.10903,"[1871.16, 1381.25, 49.61, 39.03]",44.003162386355825,32-64,duplicate,0.5875364542007446,swimmer,FP
7801,7801.jpg,1,swimmer,0.63985,"[2249.96, 1049.35, 68.15, 37.15]",50.31672187255445,32-64,localization,0.28794053196907043,swimmer,FP
7801,7801.jpg,1,swimmer,0.6059,"[2219.05, 981.58, 39.57, 37.07]",38.29960704759254,32-64,localization,0.4860723316669464,swimmer,FP
7801,7801.jpg,1,swimmer,0.5737,"[2460.76, 1760.27, 49.19, 35.42]",41.74098465537199,32-64,localization,0.4591606557369232,swimmer,FP
7801,7801.jpg,1,swimmer,0.49461,"[2639.1, 1849.58, 46.42, 42.73]",44.53680051373246,32-64,localization,0.4885014295578003,swimmer,FP
7801,7801.jpg,1,swimmer,0.29719,"[2146.72, 1037.27, 37.49, 31.2]",34.200701747186415,32-64,duplicate,0.5390560626983643,swimmer,FP
7801,7801.jpg,1,swimmer,0.14223,"[2144.13, 1031.81, 30.19, 40.6]",35.01019851414728,32-64,duplicate,0.572727382183075,swimmer,FP
7801,7801.jpg,1,swimmer,0.13437,"[2456.25, 1704.96, 48.55, 73.3]",59.65496626434383,32-64,localization,0.10784894973039627,swimmer,FP
7802,7802.jpg,1,swimmer,0.59056,"[2260.67, 1038.79, 69.19, 46.0]",56.41577793490045,32-64,localization,0.2123955935239792,swimmer,FP
7802,7802.jpg,1,swimmer,0.31482,"[2144.67, 1034.94, 39.55, 31.82]",35.475075757494864,32-64,duplicate,0.5784751772880554,swimmer,FP
7802,7802.jpg,1,swimmer,0.25533,"[2141.44, 1031.8, 35.83, 41.07]",38.36063216371701,32-64,localization,0.494720458984375,swimmer,FP
7802,7802.jpg,1,swimmer,0.13123,"[2039.53, 1228.16, 49.47, 58.39]",53.74526304708165,32-64,duplicate,0.601967990398407,swimmer,FP
7802,7802.jpg,1,swimmer,0.10523,"[2472.84, 1763.86, 57.01, 38.31]",46.73385389629235,32-64,localization,0.22548413276672363,swimmer,FP
7803,7803.jpg,1,swimmer,0.55885,"[2261.4, 1038.53, 72.07, 42.52]",55.357171170499676,32-64,localization,0.29695701599121094,swimmer,FP
7803,7803.jpg,1,swimmer,0.51746,"[2464.87, 1769.7, 50.98, 37.0]",43.43109485150012,32-64,localization,0.4071548879146576,swimmer,FP
7803,7803.jpg,1,swimmer,0.49701,"[2225.02, 971.63, 45.08, 36.7]",40.67475875773574,32-64,localization,0.49321943521499634,swimmer,FP
7803,7803.jpg,1,swimmer,0.40622,"[1899.56, 1373.86, 52.12, 42.41]",47.01498909922238,32-64,duplicate,0.6188899278640747,swimmer,FP
7803,7803.jpg,1,swimmer,0.31782,"[2135.97, 1032.91, 39.71, 29.34]",34.1334352212021,32-64,duplicate,0.5578961372375488,swimmer,FP
7803,7803.jpg,1,swimmer,0.30649,"[2148.01, 1031.68, 28.18, 36.69]",32.154691726091855,32-64,duplicate,0.6286727786064148,swimmer,FP
7804,7804.jpg,1,swimmer,0.50728,"[2267.53, 1046.16, 64.99, 34.4]",47.28272411780015,32-64,localization,0.25373202562332153,swimmer,FP
7804,7804.jpg,1,swimmer,0.38477,"[2466.8, 1775.73, 46.01, 38.14]",41.8905884417968,32-64,localization,0.44154441356658936,swimmer,FP
7804,7804.jpg,1,swimmer,0.18961,"[2673.01, 1867.13, 39.7, 38.14]",38.91218318213462,32-64,duplicate,0.5134695172309875,swimmer,FP
7804,7804.jpg,1,swimmer,0.17525,"[2462.72, 1780.98, 50.15, 43.2]",46.54546164772673,32-64,localization,0.35962608456611633,swimmer,FP
7804,7804.jpg,1,swimmer,0.1306,"[2036.48, 1488.39, 62.54, 48.21]",54.9095019099609,32-64,localization,0.38756123185157776,swimmer,FP
7805,7805.jpg,1,swimmer,0.60212,"[2287.25, 1046.63, 63.14, 36.88]",48.25560278351106,32-64,localization,0.2633705139160156,swimmer,FP
7805,7805.jpg,1,swimmer,0.46566,"[2036.01, 1492.98, 70.34, 44.46]",55.92241411098058,32-64,localization,0.359566867351532,swimmer,FP
7805,7805.jpg,1,swimmer,0.26211,"[2678.58, 1871.91, 38.24, 43.76]",40.906996956510994,32-64,localization,0.3968735337257385,swimmer,FP
7805,7805.jpg,1,swimmer,0.21648,"[2279.06, 1046.85, 50.96, 34.5]",41.92994156924143,32-64,localization,0.2752940356731415,swimmer,FP
7805,7805.jpg,1,swimmer,0.11369,"[2682.57, 1875.14, 54.64, 46.42]",50.362573405258,32-64,localization,0.36379474401474,swimmer,FP
7806,7806.jpg,1,swimmer,0.63095,"[2014.7, 1224.02, 74.52, 71.35]",72.917775610615,>64,localization,0.3988502323627472,swimmer,FP
7806,7806.jpg,1,swimmer,0.55292,"[2249.17, 1048.44, 62.12, 36.22]",47.4340215457218,32-64,localization,0.21466797590255737,swimmer,FP
7806,7806.jpg,1,swimmer,0.18419,"[2014.29, 1503.44, 50.44, 48.77]",49.5979717327231,32-64,duplicate,0.5231795310974121,swimmer,FP
8115,8115.jpg,2,boat,0.8398,"[2066.94, 235.12, 187.25, 81.4]",123.45910254007195,>64,class_confusion,0.8937588334083557,swimmer,FP
8115,8115.jpg,1,swimmer,0.23685,"[2183.97, 767.8, 39.67, 24.21]",30.990493703715014,16-32,localization,0.4110906720161438,swimmer,FP
8115,8115.jpg,1,swimmer,0.14197,"[2565.69, 1253.76, 50.95, 43.14]",46.882651375535495,32-64,duplicate,0.7955858707427979,swimmer,FP
8116,8116.jpg,2,boat,0.86085,"[2083.39, 42.92, 190.78, 77.49]",121.58759064970405,>64,background,0.2678062319755554,,FP
8116,8116.jpg,5,buoy,0.82225,"[2473.08, 199.29, 52.74, 66.71]",59.31513634815315,32-64,background,0.0,,FP
8116,8116.jpg,1,swimmer,0.73858,"[3126.55, 1231.85, 92.11, 59.74]",74.179858452278,>64,background,0.0,,FP
8116,8116.jpg,3,jetski,0.71206,"[1940.62, 407.33, 132.74, 48.76]",80.45124237698259,>64,background,0.0,,FP
8116,8116.jpg,1,swimmer,0.66377,"[2546.85, 1049.81, 55.88, 32.39]",42.54354475123106,32-64,background,0.0,,FP
8116,8116.jpg,1,swimmer,0.63633,"[2449.36, 669.92, 32.33, 26.5]",29.270206695546243,16-32,background,0.0,,FP
8116,8116.jpg,1,swimmer,0.6221,"[1985.2, 607.62, 51.95, 29.14]",38.907878379577575,32-64,background,0.0,,FP
8116,8116.jpg,1,swimmer,0.59703,"[2985.69, 1051.04, 43.52, 57.5]",50.023994242763145,32-64,background,0.0,,FP
8116,8116.jpg,1,swimmer,0.52218,"[2674.35, 1087.66, 37.75, 27.05]",31.95524213646331,16-32,background,0.0,,FP
8116,8116.jpg,1,swimmer,0.47452,"[2203.2, 575.55, 29.57, 24.01]",26.645369203672146,16-32,background,0.0,,FP
8116,8116.jpg,1,swimmer,0.44979,"[2375.8, 558.17, 26.26, 24.71]",25.473213381903747,16-32,background,0.0,,FP
8116,8116.jpg,1,swimmer,0.35995,"[2279.97, 568.63, 36.4, 23.79]",29.427130339195493,16-32,background,0.0,,FP
8116,8116.jpg,1,swimmer,0.29133,"[2663.95, 1086.54, 42.8, 28.49]",34.91950744211607,32-64,background,0.0,,FP
8116,8116.jpg,1,swimmer,0.26187,"[2290.3, 566.54, 37.73, 26.35]",31.530707254991917,16-32,background,0.0,,FP
8117,8117.jpg,1,swimmer,0.59047,"[2566.46, 497.38, 41.17, 39.5]",40.32635614582602,32-64,localization,0.49037042260169983,swimmer,FP
8117,8117.jpg,1,swimmer,0.54516,"[2463.67, 86.18, 35.43, 26.72]",30.768321371176555,16-32,localization,0.3137000799179077,swimmer,FP
8117,8117.jpg,1,swimmer,0.44117,"[2681.12, 538.17, 35.38, 37.84]",36.58933177853895,32-64,localization,0.36654722690582275,swimmer,FP
8117,8117.jpg,1,swimmer,0.27818,"[2567.88, 498.45, 48.61, 43.9]",46.195010553088956,32-64,localization,0.41016885638237,swimmer,FP
8618,8618.jpg,4,life_saving_appliances,0.6842,"[2257.98, 1408.15, 30.3, 31.99]",31.13353497436486,16-32,localization,0.4735390841960907,life_saving_appliances,FP
8618,8618.jpg,1,swimmer,0.47532,"[2034.52, 1044.08, 40.44, 36.79]",38.57184983896935,32-64,localization,0.4432637691497803,swimmer,FP
8618,8618.jpg,1,swimmer,0.45112,"[2471.52, 933.9, 26.93, 33.49]",30.031411888221307,16-32,background,0.0,,FP
8618,8618.jpg,4,life_saving_appliances,0.30549,"[2213.46, 1007.78, 26.46, 26.55]",26.504961799632913,16-32,localization,0.40568646788597107,life_saving_appliances,FP
8618,8618.jpg,1,swimmer,0.24209,"[2043.75, 997.63, 61.46, 55.61]",58.461873045601266,32-64,localization,0.22675468027591705,swimmer,FP
8618,8618.jpg,1,swimmer,0.21796,"[2327.92, 910.73, 41.14, 37.29]",39.16772395736061,32-64,localization,0.4914098083972931,swimmer,FP
8618,8618.jpg,1,swimmer,0.20439,"[2285.88, 1388.8, 42.32, 32.67]",37.18325429544865,32-64,localization,0.47142770886421204,swimmer,FP
8618,8618.jpg,1,swimmer,0.18836,"[2255.66, 1412.48, 37.69, 30.53]",33.92161110560641,32-64,background,0.39889606833457947,,FP
8618,8618.jpg,1,swimmer,0.10813,"[1842.56, 1266.78, 56.45, 49.81]",53.02616806822836,32-64,localization,0.4258313477039337,swimmer,FP
8618,8618.jpg,1,swimmer,0.10543,"[2339.51, 912.3, 36.82, 47.75]",41.930358930016325,32-64,duplicate,0.6178844571113586,swimmer,FP
8619,8619.jpg,4,life_saving_appliances,0.47932,"[2206.13, 1007.87, 27.23, 25.81]",26.510494148544268,16-32,localization,0.3841741383075714,life_saving_appliances,FP
8619,8619.jpg,1,swimmer,0.4496,"[2330.56, 913.02, 33.55, 34.23]",33.88829443923078,32-64,localization,0.44317853450775146,swimmer,FP
8619,8619.jpg,4,life_saving_appliances,0.41837,"[2252.78, 1407.55, 42.22, 34.27]",38.03786797390201,32-64,localization,0.3483358323574066,life_saving_appliances,FP
8619,8619.jpg,1,swimmer,0.31545,"[2254.97, 1407.12, 35.1, 37.4]",36.231754028752185,32-64,localization,0.3839297890663147,swimmer,FP
8619,8619.jpg,1,swimmer,0.24995,"[2044.98, 796.3, 43.29, 36.95]",39.99456838121897,32-64,duplicate,0.6479120850563049,swimmer,FP
8619,8619.jpg,1,swimmer,0.20404,"[2327.23, 916.71, 34.48, 43.35]",38.66145367158353,32-64,localization,0.2626294791698456,swimmer,FP
8619,8619.jpg,1,swimmer,0.19856,"[2039.74, 998.77, 60.27, 42.15]",50.40218745253027,32-64,localization,0.4109620451927185,swimmer,FP
8619,8619.jpg,1,swimmer,0.10647,"[2257.54, 1391.86, 39.61, 45.3]",42.359567986465585,32-64,localization,0.34606271982192993,swimmer,FP
8619,8619.jpg,1,swimmer,0.10231,"[1690.93, 1295.38, 30.12, 33.35]",31.693879535329845,16-32,background,0.0,,FP
8620,8620.jpg,1,swimmer,0.59613,"[2031.04, 806.62, 48.1, 38.58]",43.077813314976886,32-64,localization,0.474450945854187,swimmer,FP
8620,8620.jpg,1,swimmer,0.51597,"[2012.57, 1065.12, 36.94, 38.94]",37.92681900713531,32-64,localization,0.4734838902950287,swimmer,FP
8620,8620.jpg,4,life_saving_appliances,0.44839,"[2255.48, 1419.49, 36.44, 37.34]",36.887255251644845,32-64,localization,0.330719530582428,life_saving_appliances,FP
8620,8620.jpg,1,swimmer,0.43213,"[2062.05, 1018.04, 32.69, 28.11]",30.313625649202702,16-32,duplicate,0.8148355484008789,swimmer,FP
8620,8620.jpg,1,swimmer,0.22187,"[1845.91, 1277.47, 51.83, 41.79]",46.54004404810979,32-64,duplicate,0.6727674603462219,swimmer,FP
8620,8620.jpg,4,life_saving_appliances,0.20915,"[2207.07, 1026.48, 28.46, 29.63]",29.039108113025787,16-32,localization,0.3201822340488434,life_saving_appliances,FP
8620,8620.jpg,1,swimmer,0.20262,"[2255.48, 1415.23, 34.7, 43.69]",38.936396854357234,32-64,localization,0.2968253493309021,swimmer,FP
8620,8620.jpg,1,swimmer,0.19777,"[2060.47, 1007.95, 31.73, 41.02]",36.077203328417795,32-64,duplicate,0.6455540060997009,swimmer,FP
8620,8620.jpg,1,swimmer,0.12518,"[2014.63, 1055.52, 36.32, 43.08]",39.55585418114492,32-64,localization,0.40609973669052124,swimmer,FP
8621,8621.jpg,4,life_saving_appliances,0.43165,"[2244.66, 1447.04, 40.6, 40.97]",40.78458041956543,32-64,localization,0.28135451674461365,life_saving_appliances,FP
8621,8621.jpg,4,life_saving_appliances,0.3338,"[2202.66, 1050.24, 29.53, 21.79]",25.366487734804753,16-32,localization,0.4491352438926697,life_saving_appliances,FP
8621,8621.jpg,1,swimmer,0.26703,"[2183.27, 1484.79, 27.64, 23.46]",25.464375115050437,16-32,background,0.0,,FP
8621,8621.jpg,4,life_saving_appliances,0.26369,"[2245.02, 1439.73, 51.19, 36.89]",43.455714238751156,32-64,localization,0.2832511365413666,life_saving_appliances,FP
8621,8621.jpg,1,swimmer,0.23597,"[2111.38, 1464.48, 25.39, 23.82]",24.592474458663162,16-32,background,0.0,,FP
8621,8621.jpg,1,swimmer,0.21082,"[1822.38, 1583.95, 38.97, 42.71]",40.79716534270488,32-64,duplicate,0.7892786860466003,swimmer,FP
8621,8621.jpg,1,swimmer,0.20001,"[1826.25, 1590.18, 46.52, 37.22]",41.61098893321331,32-64,duplicate,0.6408356428146362,swimmer,FP
8621,8621.jpg,1,swimmer,0.19483,"[2012.23, 1583.94, 54.83, 42.86]",48.47694091008631,32-64,duplicate,0.6050321459770203,swimmer,FP
8621,8621.jpg,1,swimmer,0.18155,"[2331.15, 935.94, 29.39, 46.25]",36.86851637915473,32-64,duplicate,0.5898745656013489,swimmer,FP
8621,8621.jpg,1,swimmer,0.15098,"[1991.8, 1093.67, 47.37, 41.12]",44.13450350915936,32-64,duplicate,0.5878793001174927,swimmer,FP
8621,8621.jpg,1,swimmer,0.12569,"[2707.77, 863.11, 24.37, 29.09]",26.625613607952776,16-32,background,0.0,,FP
8622,8622.jpg,1,swimmer,0.39893,"[1847.68, 1310.79, 43.53, 34.94]",38.99920768425943,32-64,duplicate,0.7542303800582886,swimmer,FP
8622,8622.jpg,4,life_saving_appliances,0.38358,"[2244.37, 1463.43, 36.04, 34.01]",35.01028991596613,32-64,localization,0.44953158497810364,life_saving_appliances,FP
8622,8622.jpg,1,swimmer,0.35104,"[2057.98, 1055.96, 32.9, 39.97]",36.263107974910255,32-64,duplicate,0.6162412762641907,swimmer,FP
8622,8622.jpg,1,swimmer,0.34353,"[1856.27, 1310.43, 35.19, 44.69]",39.656539183342765,32-64,duplicate,0.7409261465072632,swimmer,FP
8622,8622.jpg,4,life_saving_appliances,0.2675,"[2231.98, 1461.19, 39.82, 35.35]",37.51848877553572,32-64,localization,0.3513096868991852,life_saving_appliances,FP
8622,8622.jpg,1,swimmer,0.23184,"[2321.62, 963.59, 40.85, 44.58]",42.6742662502825,32-64,duplicate,0.5315473675727844,swimmer,FP
8622,8622.jpg,4,life_saving_appliances,0.21501,"[2206.27, 1071.89, 27.9, 32.14]",29.945049674361872,16-32,localization,0.3412489593029022,life_saving_appliances,FP
8622,8622.jpg,1,swimmer,0.2149,"[2047.99, 844.7, 40.13, 35.46]",37.72280212285403,32-64,duplicate,0.7248437404632568,swimmer,FP
8622,8622.jpg,1,swimmer,0.15928,"[2250.41, 1368.27, 31.06, 25.4]",28.087790941973346,16-32,background,0.0,,FP
8622,8622.jpg,1,swimmer,0.15254,"[2265.44, 1439.69, 44.45, 42.38]",43.402661208732354,32-64,localization,0.43106022477149963,swimmer,FP
8622,8622.jpg,1,swimmer,0.12285,"[2461.11, 957.3, 23.85, 21.89]",22.84899341327753,16-32,background,0.0,,FP
8622,8622.jpg,1,swimmer,0.12233,"[2024.7, 1607.54, 39.65, 42.52]",41.059931807054916,32-64,duplicate,0.6308216452598572,swimmer,FP
8623,8623.jpg,1,swimmer,0.52212,"[2320.39, 1007.58, 32.89, 32.2]",32.54317132671615,32-64,localization,0.44952157139778137,swimmer,FP
8623,8623.jpg,1,swimmer,0.45125,"[2057.05, 1107.27, 44.68, 44.99]",44.83473207235658,32-64,localization,0.47807297110557556,swimmer,FP
8623,8623.jpg,1,swimmer,0.30819,"[1847.64, 1356.88, 45.56, 37.95]",41.58126982188014,32-64,duplicate,0.6559994220733643,swimmer,FP
8623,8623.jpg,4,life_saving_appliances,0.30678,"[2204.23, 1119.62, 32.84, 32.54]",32.68965585624908,32-64,localization,0.30319657921791077,life_saving_appliances,FP
8623,8623.jpg,1,swimmer,0.25508,"[2243.27, 1508.46, 35.78, 32.11]",33.89536546491275,32-64,class_confusion,0.5396485924720764,life_saving_appliances,FP
8623,8623.jpg,1,swimmer,0.24485,"[1862.36, 1439.9, 37.68, 44.98]",41.16851223933165,32-64,duplicate,0.6452016830444336,swimmer,FP
8623,8623.jpg,1,swimmer,0.17136,"[2036.07, 890.98, 48.46, 45.9]",47.16263351425575,32-64,localization,0.4992847442626953,swimmer,FP
8623,8623.jpg,1,swimmer,0.16031,"[2022.54, 1665.32, 42.12, 40.97]",41.5410206903971,32-64,duplicate,0.6884337663650513,swimmer,FP
8623,8623.jpg,4,life_saving_appliances,0.13404,"[2231.9, 1511.51, 43.86, 28.02]",35.056485847842765,32-64,localization,0.4812830090522766,life_saving_appliances,FP
8623,8623.jpg,4,life_saving_appliances,0.13116,"[2203.53, 1103.99, 29.97, 40.85]",34.9896341792823,32-64,localization,0.2646465599536896,life_saving_appliances,FP
8623,8623.jpg,1,swimmer,0.12837,"[2231.42, 1427.65, 25.46, 28.69]",27.026790412477766,16-32,background,0.0,,FP
8623,8623.jpg,1,swimmer,0.11783,"[1986.37, 1165.07, 54.36, 39.38]",46.26766473467188,32-64,duplicate,0.6929610967636108,swimmer,FP
8623,8623.jpg,1,swimmer,0.11171,"[2262.93, 1487.76, 32.09, 38.12]",34.975288419111,32-64,localization,0.49353381991386414,swimmer,FP
8624,8624.jpg,1,swimmer,0.47903,"[2052.16, 1150.79, 39.72, 43.78]",41.700618700446164,32-64,localization,0.45084893703460693,swimmer,FP
8624,8624.jpg,1,swimmer,0.2886,"[1863.45, 1494.24, 36.16, 41.79]",38.87320928351556,32-64,duplicate,0.6991420388221741,swimmer,FP
8624,8624.jpg,4,life_saving_appliances,0.23919,"[2231.99, 1561.2, 40.06, 23.97]",30.98771046721587,16-32,duplicate,0.55572110414505,life_saving_appliances,FP
8624,8624.jpg,1,swimmer,0.127,"[1847.2, 1396.35, 49.53, 45.86]",47.6596873678374,32-64,duplicate,0.5079677104949951,swimmer,FP
8624,8624.jpg,1,swimmer,0.12282,"[1819.94, 863.53, 28.42, 29.78]",29.0920538979289,16-32,background,0.0,,FP
8624,8624.jpg,4,life_saving_appliances,0.11807,"[2258.01, 1534.95, 26.7, 42.1]",33.52715317470304,32-64,localization,0.3149787485599518,life_saving_appliances,FP
8624,8624.jpg,1,swimmer,0.11267,"[1919.69, 1670.78, 27.11, 29.32]",28.193353826744346,16-32,background,0.0,,FP
8624,8624.jpg,1,swimmer,0.10717,"[1847.87, 1487.81, 47.62, 38.78]",42.97328937840342,32-64,duplicate,0.5076212882995605,swimmer,FP
8624,8624.jpg,4,life_saving_appliances,0.10664,"[2203.65, 1152.0, 29.12, 38.25]",33.37424156441612,32-64,localization,0.2747252583503723,life_saving_appliances,FP
8624,8624.jpg,1,swimmer,0.1027,"[2039.81, 1150.19, 47.7, 46.25]",46.96940493555353,32-64,localization,0.33021867275238037,swimmer,FP
8625,8625.jpg,1,swimmer,0.47206,"[2314.36, 1055.84, 33.28, 34.99]",34.124290468814145,32-64,localization,0.4163513779640198,swimmer,FP
8625,8625.jpg,1,swimmer,0.20477,"[1847.12, 1495.34, 49.72, 42.49]",45.9630590800917,32-64,duplicate,0.5311214923858643,swimmer,FP
8625,8625.jpg,4,life_saving_appliances,0.12775,"[2201.25, 1176.09, 31.16, 24.1]",27.403576408928817,16-32,localization,0.4074805676937103,life_saving_appliances,FP
8625,8625.jpg,4,life_saving_appliances,0.1127,"[2231.61, 1564.23, 43.28, 31.69]",37.03435162116383,32-64,localization,0.3729414939880371,life_saving_appliances,FP
8626,8626.jpg,1,swimmer,0.57207,"[2364.91, 1087.84, 43.56, 35.01]",39.05170418816572,32-64,localization,0.3144083023071289,swimmer,FP
8626,8626.jpg,4,life_saving_appliances,0.42105,"[2252.52, 1197.09, 27.84, 22.67]",25.12235657735954,16-32,localization,0.45968344807624817,life_saving_appliances,FP
8626,8626.jpg,4,life_saving_appliances,0.36552,"[2282.94, 1576.38, 56.26, 41.4]",48.26141315792566,32-64,localization,0.2764940559864044,life_saving_appliances,FP
8626,8626.jpg,4,life_saving_appliances,0.319,"[2274.63, 1583.14, 48.93, 33.46]",40.46230097263378,32-64,localization,0.39335504174232483,life_saving_appliances,FP
8626,8626.jpg,1,swimmer,0.21327,"[1851.28, 1705.16, 45.06, 36.67]",40.649110691379214,32-64,duplicate,0.6995826363563538,swimmer,FP
8626,8626.jpg,4,life_saving_appliances,0.12077,"[2286.78, 1586.04, 43.83, 46.13]",44.96529661861467,32-64,localization,0.3185157775878906,life_saving_appliances,FP
8627,8627.jpg,4,life_saving_appliances,0.83028,"[2325.71, 1611.43, 34.1, 32.41]",33.2442626629017,32-64,localization,0.4875919818878174,life_saving_appliances,FP
8627,8627.jpg,1,swimmer,0.63045,"[2167.21, 968.66, 51.06, 40.56]",45.508170694942244,32-64,localization,0.4312741458415985,swimmer,FP
8627,8627.jpg,4,life_saving_appliances,0.40932,"[2309.74, 1226.03, 35.74, 23.62]",29.05475520461324,16-32,localization,0.42644986510276794,life_saving_appliances,FP
8627,8627.jpg,1,swimmer,0.27411,"[1961.98, 1396.42, 35.37, 43.74]",39.332986156659906,32-64,duplicate,0.6676559448242188,swimmer,FP
8627,8627.jpg,1,swimmer,0.17947,"[2323.29, 1606.79, 38.12, 40.98]",39.524139459322825,32-64,localization,0.35847851634025574,swimmer,FP
8627,8627.jpg,1,swimmer,0.16185,"[2156.43, 1185.55, 43.71, 41.17]",42.420993623440744,32-64,localization,0.35786911845207214,swimmer,FP
8627,8627.jpg,1,swimmer,0.14657,"[1480.89, 1177.04, 31.51, 31.1]",31.304328774148793,16-32,background,0.0,,FP
8627,8627.jpg,4,life_saving_appliances,0.13977,"[2330.13, 1607.91, 45.95, 34.83]",40.005480874500186,32-64,localization,0.4027999937534332,life_saving_appliances,FP
8628,8628.jpg,1,swimmer,0.57836,"[2221.04, 984.23, 50.01, 38.5]",43.87920919980213,32-64,localization,0.4369913339614868,swimmer,FP
8628,8628.jpg,1,swimmer,0.49489,"[2204.86, 1203.9, 38.92, 44.41]",41.57447774777213,32-64,localization,0.34713444113731384,swimmer,FP
8628,8628.jpg,4,life_saving_appliances,0.35234,"[2327.63, 1631.88, 42.19, 34.18]",37.97438873767423,32-64,localization,0.4022040367126465,life_saving_appliances,FP
8628,8628.jpg,1,swimmer,0.33249,"[2332.06, 1629.96, 51.9, 36.23]",43.36285276593319,32-64,localization,0.3076200485229492,swimmer,FP
8628,8628.jpg,1,swimmer,0.29661,"[2483.1, 1151.93, 37.03, 39.05]",38.02658938164189,32-64,localization,0.39824119210243225,swimmer,FP
8628,8628.jpg,1,swimmer,0.28564,"[2480.35, 1157.54, 40.12, 42.57]",41.32684841601159,32-64,localization,0.37355637550354004,swimmer,FP
8628,8628.jpg,1,swimmer,0.23764,"[2435.47, 1210.33, 26.39, 26.92]",26.653682672381315,16-32,background,0.0,,FP
8628,8628.jpg,1,swimmer,0.23145,"[2199.12, 1607.07, 32.93, 25.47]",28.96078555564403,16-32,background,0.0,,FP
8628,8628.jpg,1,swimmer,0.22296,"[2219.22, 985.36, 55.55, 47.82]",51.54028521457754,32-64,localization,0.37720146775245667,swimmer,FP
8628,8628.jpg,1,swimmer,0.2012,"[2211.91, 1202.73, 44.79, 39.27]",41.93928110971861,32-64,localization,0.341121643781662,swimmer,FP
8628,8628.jpg,1,swimmer,0.17471,"[1331.77, 1220.04, 36.4, 28.77]",32.360902335997984,32-64,background,0.0,,FP
8628,8628.jpg,4,life_saving_appliances,0.16373,"[2327.72, 1639.1, 37.22, 40.92]",39.02617583110085,32-64,localization,0.3808166980743408,life_saving_appliances,FP
8628,8628.jpg,1,swimmer,0.14387,"[1319.98, 1220.12, 39.25, 28.69]",33.557152739766224,32-64,background,0.0,,FP
8628,8628.jpg,1,swimmer,0.14014,"[2471.93, 1151.67, 41.52, 39.01]",40.24543700843613,32-64,localization,0.25978347659111023,swimmer,FP
8628,8628.jpg,1,swimmer,0.11642,"[1988.63, 1393.84, 42.54, 47.78]",45.08393505451804,32-64,duplicate,0.632209837436676,swimmer,FP
8628,8628.jpg,4,life_saving_appliances,0.11436,"[2335.73, 1634.73, 42.61, 45.32]",43.944114509226374,32-64,localization,0.2519839406013489,life_saving_appliances,FP
8628,8628.jpg,1,swimmer,0.10331,"[1934.01, 1484.61, 48.11, 52.52]",50.2666609195399,32-64,localization,0.4701187312602997,swimmer,FP
8629,8629.jpg,4,life_saving_appliances,0.68746,"[2318.06, 1655.55, 41.64, 31.19]",36.038196403260805,32-64,localization,0.4619821012020111,life_saving_appliances,FP
8629,8629.jpg,1,swimmer,0.59579,"[2223.57, 1216.01, 42.12, 33.16]",37.37243904269562,32-64,localization,0.429584264755249,swimmer,FP
8629,8629.jpg,1,swimmer,0.58157,"[2504.33, 1195.11, 38.12, 32.76]",35.338522889334236,32-64,localization,0.40038079023361206,swimmer,FP
8629,8629.jpg,1,swimmer,0.33508,"[1854.27, 1670.58, 42.55, 32.78]",37.34687403250773,32-64,localization,0.42392608523368835,swimmer,FP
8629,8629.jpg,1,swimmer,0.23064,"[2088.22, 1247.85, 49.19, 43.56]",46.289484767061296,32-64,duplicate,0.8700248003005981,swimmer,FP
8629,8629.jpg,1,swimmer,0.19854,"[2325.8, 1650.89, 55.13, 33.34]",42.87230108123426,32-64,localization,0.394443154335022,swimmer,FP
8629,8629.jpg,1,swimmer,0.17692,"[1991.56, 1384.6, 48.56, 41.7]",44.99946666350614,32-64,duplicate,0.703758955001831,swimmer,FP
8629,8629.jpg,1,swimmer,0.11289,"[2227.38, 1216.38, 53.3, 34.45]",42.85072928200872,32-64,localization,0.32676446437835693,swimmer,FP
8630,8630.jpg,1,swimmer,0.68984,"[2001.1, 1721.94, 49.3, 50.99]",50.137879891355595,32-64,localization,0.4960603415966034,swimmer,FP
8630,8630.jpg,1,swimmer,0.54089,"[2245.52, 1224.72, 35.62, 40.97]",38.201458087355775,32-64,localization,0.4810355603694916,swimmer,FP
8630,8630.jpg,1,swimmer,0.49981,"[2519.7, 1222.97, 39.49, 39.18]",39.33469460921236,32-64,localization,0.409692645072937,swimmer,FP
8630,8630.jpg,1,swimmer,0.45627,"[2295.13, 1662.93, 64.01, 36.38]",48.25643791246926,32-64,localization,0.3461182713508606,swimmer,FP
8630,8630.jpg,4,life_saving_appliances,0.35689,"[2375.72, 1294.94, 27.83, 22.92]",25.255961672444787,16-32,localization,0.4973820745944977,life_saving_appliances,FP
8630,8630.jpg,1,swimmer,0.33122,"[2294.64, 1011.83, 61.16, 44.45]",52.13983122335553,32-64,localization,0.4355243742465973,swimmer,FP
8630,8630.jpg,1,swimmer,0.2837,"[2526.61, 1224.48, 41.49, 35.92]",38.604673292232384,32-64,localization,0.44755464792251587,swimmer,FP
8630,8630.jpg,1,swimmer,0.22706,"[1991.18, 1369.72, 51.49, 44.92]",48.09293919069618,32-64,duplicate,0.7918899655342102,swimmer,FP
8631,8631.jpg,1,swimmer,0.65715,"[2246.44, 1230.43, 46.47, 38.39]",42.23722647144341,32-64,localization,0.48767268657684326,swimmer,FP
8631,8631.jpg,1,swimmer,0.4755,"[2263.56, 1667.72, 73.92, 36.18]",51.714848931423944,32-64,localization,0.42881104350090027,swimmer,FP
8631,8631.jpg,4,life_saving_appliances,0.14154,"[2375.04, 1315.26, 31.44, 30.22]",30.823964702808755,16-32,localization,0.3362758755683899,life_saving_appliances,FP
8631,8631.jpg,1,swimmer,0.123,"[2031.2, 1569.05, 28.13, 32.26]",30.124305801130088,16-32,background,0.0,,FP
8632,8632.jpg,1,swimmer,0.64007,"[2238.26, 1664.49, 65.86, 39.77]",51.178630306017375,32-64,localization,0.31497541069984436,swimmer,FP
8632,8632.jpg,1,swimmer,0.53775,"[1906.14, 1398.96, 39.35, 42.3]",40.79834555469131,32-64,localization,0.46367618441581726,swimmer,FP
8632,8632.jpg,4,life_saving_appliances,0.21518,"[2902.51, 913.04, 52.46, 47.45]",49.892153691737946,32-64,class_confusion,0.7500845789909363,buoy,FP
8632,8632.jpg,1,swimmer,0.16563,"[1751.61, 1556.25, 50.18, 32.58]",40.43345644389062,32-64,duplicate,0.6606051921844482,swimmer,FP
8632,8632.jpg,4,life_saving_appliances,0.15843,"[2375.92, 1332.6, 33.98, 23.46]",28.23421328813679,16-32,localization,0.4104194641113281,life_saving_appliances,FP
8632,8632.jpg,1,swimmer,0.15764,"[2371.23, 1033.81, 54.96, 37.57]",45.440589784904866,32-64,duplicate,0.5190313458442688,swimmer,FP
8633,8633.jpg,1,swimmer,0.57066,"[2273.44, 1231.68, 45.56, 48.84]",47.171499870154655,32-64,localization,0.44581255316734314,swimmer,FP
8633,8633.jpg,1,swimmer,0.44085,"[2210.52, 1660.07, 68.3, 39.38]",51.861874243031366,32-64,localization,0.27884623408317566,swimmer,FP
8633,8633.jpg,1,swimmer,0.27233,"[1902.73, 1352.51, 41.47, 53.77]",47.22120180596847,32-64,duplicate,0.613717794418335,swimmer,FP
8633,8633.jpg,4,life_saving_appliances,0.204,"[2375.99, 1340.84, 35.72, 21.77]",27.885917592935684,16-32,localization,0.4150993824005127,life_saving_appliances,FP
8633,8633.jpg,4,life_saving_appliances,0.12297,"[2389.16, 1339.78, 34.85, 22.24]",27.839971264352986,16-32,localization,0.4541560709476471,life_saving_appliances,FP
8634,8634.jpg,1,swimmer,0.62447,"[2183.45, 1652.06, 65.93, 35.27]",48.22189440492773,32-64,localization,0.35005468130111694,swimmer,FP
8634,8634.jpg,1,swimmer,0.57302,"[2290.44, 1247.41, 50.52, 37.88]",43.74582951550925,32-64,localization,0.4040620028972626,swimmer,FP
8634,8634.jpg,4,life_saving_appliances,0.39673,"[2992.18, 1034.89, 52.57, 47.36]",49.89704600474862,32-64,class_confusion,0.7772675156593323,buoy,FP
8634,8634.jpg,4,life_saving_appliances,0.32585,"[2391.9, 1343.97, 32.15, 33.95]",33.03774356701741,32-64,localization,0.30233830213546753,life_saving_appliances,FP
8634,8634.jpg,1,swimmer,0.30476,"[2286.28, 1248.73, 59.55, 48.02]",53.47514375857254,32-64,localization,0.2576088607311249,swimmer,FP
8634,8634.jpg,1,swimmer,0.19915,"[1901.71, 1318.32, 42.61, 48.35]",45.389354478776184,32-64,duplicate,0.5897703766822815,swimmer,FP
8634,8634.jpg,4,life_saving_appliances,0.11629,"[2393.25, 1354.23, 30.78, 37.85]",34.13243325636191,32-64,localization,0.2832562327384949,life_saving_appliances,FP
8634,8634.jpg,1,swimmer,0.10255,"[2277.18, 1246.82, 59.54, 41.21]",49.53426490824306,32-64,localization,0.3262161314487457,swimmer,FP
8635,8635.jpg,1,swimmer,0.64573,"[1729.3, 1385.14, 37.24, 38.57]",37.89916621774152,32-64,localization,0.4638436734676361,swimmer,FP
8635,8635.jpg,1,swimmer,0.51025,"[2301.47, 1242.76, 44.27, 41.72]",42.97609102745386,32-64,localization,0.4699654281139374,swimmer,FP
8635,8635.jpg,1,swimmer,0.50237,"[2156.98, 1631.66, 59.83, 42.61]",50.491150709802604,32-64,localization,0.2918383479118347,swimmer,FP
8635,8635.jpg,1,swimmer,0.19127,"[2291.88, 1244.63, 57.32, 52.74]",54.982331707558565,32-64,localization,0.2871265709400177,swimmer,FP
8635,8635.jpg,1,swimmer,0.10032,"[2567.62, 1357.17, 48.54, 35.83]",41.70357538629032,32-64,duplicate,0.6346029043197632,swimmer,FP
8636,8636.jpg,1,swimmer,0.72127,"[2140.48, 1616.62, 66.05, 45.71]",54.94675149633507,32-64,localization,0.24344636499881744,swimmer,FP
8636,8636.jpg,1,swimmer,0.65873,"[1728.97, 1337.64, 54.67, 38.31]",45.76469927793692,32-64,localization,0.2745026648044586,swimmer,FP
8636,8636.jpg,1,swimmer,0.42407,"[2308.17, 1247.69, 61.48, 42.91]",51.36250383304926,32-64,localization,0.2763345539569855,swimmer,FP
8636,8636.jpg,1,swimmer,0.28945,"[2404.11, 1373.99, 24.61, 23.09]",23.837887909796034,16-32,class_confusion,0.6194511651992798,life_saving_appliances,FP
8636,8636.jpg,1,swimmer,0.14055,"[3023.2, 1165.56, 91.78, 53.86]",70.30839779144452,>64,background,0.3179280161857605,,FP
8636,8636.jpg,1,swimmer,0.12077,"[2315.93, 1253.51, 63.45, 43.12]",52.306443197755286,32-64,localization,0.2664508819580078,swimmer,FP
8637,8637.jpg,1,swimmer,0.68267,"[2584.14, 1417.44, 44.43, 35.17]",39.52977485389969,32-64,localization,0.4549291729927063,swimmer,FP
8637,8637.jpg,1,swimmer,0.68251,"[1764.45, 1279.23, 53.01, 44.96]",48.81935681673817,32-64,localization,0.4000769555568695,swimmer,FP
8637,8637.jpg,1,swimmer,0.58973,"[2132.8, 1601.89, 65.75, 46.89]",55.52492683471091,32-64,localization,0.2205631285905838,swimmer,FP
8637,8637.jpg,1,swimmer,0.58863,"[2344.01, 1260.61, 47.82, 36.04]",41.51424815650646,32-64,localization,0.48275741934776306,swimmer,FP
8637,8637.jpg,1,swimmer,0.47661,"[1943.94, 1211.67, 41.34, 36.9]",39.05695840692155,32-64,localization,0.45754238963127136,swimmer,FP
8637,8637.jpg,1,swimmer,0.24178,"[2135.39, 1112.55, 51.83, 51.49]",51.65972028573132,32-64,duplicate,0.5770559906959534,swimmer,FP
8637,8637.jpg,1,swimmer,0.18782,"[2262.03, 1237.94, 32.98, 35.84]",34.38027341368885,32-64,background,0.0,,FP
8637,8637.jpg,1,swimmer,0.13689,"[2087.23, 1218.2, 50.92, 39.68]",44.950034482745394,32-64,localization,0.3819175958633423,swimmer,FP
8637,8637.jpg,1,swimmer,0.11557,"[2585.35, 1414.9, 55.21, 40.53]",47.303924784313615,32-64,localization,0.42829859256744385,swimmer,FP
8638,8638.jpg,1,swimmer,0.55022,"[2134.47, 1583.65, 59.72, 51.23]",55.31234581899415,32-64,localization,0.2471027821302414,swimmer,FP
8638,8638.jpg,1,swimmer,0.51856,"[1804.75, 1225.26, 45.16, 38.66]",41.78379590223942,32-64,localization,0.44836294651031494,swimmer,FP
8638,8638.jpg,1,swimmer,0.36431,"[2433.52, 1402.8, 20.67, 23.81]",22.184514869611192,16-32,class_confusion,0.6582746505737305,life_saving_appliances,FP
8638,8638.jpg,1,swimmer,0.21672,"[2188.94, 1090.7, 57.05, 67.49]",62.050821912364704,32-64,duplicate,0.6311254501342773,swimmer,FP
8638,8638.jpg,1,swimmer,0.19544,"[2146.24, 1204.19, 48.29, 43.85]",46.0164807433163,32-64,duplicate,0.5665198564529419,swimmer,FP
8639,8639.jpg,1,swimmer,0.72461,"[2140.47, 1564.52, 68.4, 50.1]",58.53921762374349,32-64,localization,0.282476007938385,swimmer,FP
8639,8639.jpg,1,swimmer,0.5858,"[2389.65, 1277.75, 74.41, 39.07]",53.918444895972286,32-64,localization,0.31783172488212585,swimmer,FP
8639,8639.jpg,1,swimmer,0.52893,"[2620.38, 1479.62, 44.5, 40.87]",42.64639492383852,32-64,localization,0.44719934463500977,swimmer,FP
8639,8639.jpg,1,swimmer,0.39891,"[2452.61, 1411.19, 29.39, 30.16]",29.772510811149267,16-32,background,0.45013418793678284,,FP
8639,8639.jpg,1,swimmer,0.15476,"[1846.84, 1175.42, 50.12, 49.0]",49.556836057198,32-64,localization,0.4573724865913391,swimmer,FP
8639,8639.jpg,1,swimmer,0.15004,"[2447.06, 1411.89, 34.62, 34.96]",34.78958464828231,32-64,background,0.3296661972999573,,FP
8639,8639.jpg,1,swimmer,0.12153,"[2366.04, 1277.38, 94.88, 52.5]",70.57761684840315,>64,localization,0.1854974776506424,swimmer,FP
8640,8640.jpg,1,swimmer,0.71327,"[2151.45, 1545.24, 73.13, 56.72]",64.40445326217746,>64,localization,0.26268285512924194,swimmer,FP
8640,8640.jpg,1,swimmer,0.69471,"[2625.66, 1530.47, 61.46, 32.45]",44.65844824890359,32-64,localization,0.3837405741214752,swimmer,FP
8640,8640.jpg,1,swimmer,0.63213,"[1917.85, 1336.64, 41.05, 35.2]",38.01262948021355,32-64,localization,0.42322996258735657,swimmer,FP
8640,8640.jpg,1,swimmer,0.60987,"[1918.89, 1136.23, 38.84, 40.88]",39.84694718544948,32-64,localization,0.4658295214176178,swimmer,FP
8640,8640.jpg,1,swimmer,0.52371,"[2460.07, 1295.75, 41.67, 36.03]",38.7475173398245,32-64,localization,0.4289639890193939,swimmer,FP
8640,8640.jpg,1,swimmer,0.19233,"[2441.64, 1298.41, 55.1, 34.16]",43.38451336594661,32-64,localization,0.26037952303886414,swimmer,FP
8640,8640.jpg,1,swimmer,0.18725,"[2471.78, 1438.01, 33.52, 22.48]",27.450493620334043,16-32,class_confusion,0.528971791267395,life_saving_appliances,FP
8640,8640.jpg,1,swimmer,0.18248,"[2309.66, 1067.44, 52.15, 74.02]",62.130049090597055,32-64,localization,0.4373490810394287,swimmer,FP
8640,8640.jpg,1,swimmer,0.15822,"[2460.93, 1299.04, 42.88, 45.04]",43.946731391538094,32-64,localization,0.37342870235443115,swimmer,FP
8640,8640.jpg,1,swimmer,0.15703,"[2484.38, 1438.25, 35.65, 21.81]",27.884162171383238,16-32,class_confusion,0.5401745438575745,life_saving_appliances,FP
8641,8641.jpg,1,swimmer,0.62319,"[2171.73, 1536.22, 64.59, 66.22]",65.39992201830214,>64,localization,0.24365811049938202,swimmer,FP
8641,8641.jpg,1,swimmer,0.57751,"[2510.39, 1325.51, 43.95, 33.57]",38.410955468459775,32-64,localization,0.37842538952827454,swimmer,FP
8641,8641.jpg,1,swimmer,0.30763,"[2085.37, 1295.34, 31.51, 27.7]",29.543645678893455,16-32,background,0.0,,FP
8641,8641.jpg,1,swimmer,0.20828,"[1971.32, 1297.94, 39.8, 46.13]",42.848267176164775,32-64,duplicate,0.5032278895378113,swimmer,FP
8641,8641.jpg,1,swimmer,0.13956,"[2395.89, 1072.82, 55.33, 63.07]",59.07337048112288,32-64,localization,0.4309871792793274,swimmer,FP
8641,8641.jpg,1,swimmer,0.13114,"[2203.4, 1112.03, 53.73, 43.34]",48.256172662157944,32-64,duplicate,0.7224968075752258,swimmer,FP
8642,8642.jpg,1,swimmer,0.6364,"[2558.44, 1359.58, 51.12, 39.37]",44.861948241243375,32-64,localization,0.3411810100078583,swimmer,FP
8642,8642.jpg,1,swimmer,0.63122,"[2194.95, 1525.9, 51.97, 55.83]",53.8654351138093,32-64,localization,0.26891621947288513,swimmer,FP
8642,8642.jpg,1,swimmer,0.61771,"[2416.53, 1216.86, 38.62, 35.73]",37.14690565847982,32-64,localization,0.390035480260849,swimmer,FP
8642,8642.jpg,1,swimmer,0.25923,"[2546.13, 1487.96, 24.97, 37.56]",30.62471550888269,16-32,background,0.4102133512496948,,FP
8642,8642.jpg,1,swimmer,0.20938,"[2546.99, 1496.37, 24.04, 39.7]",30.893170766368414,16-32,background,0.4013333022594452,,FP
8642,8642.jpg,1,swimmer,0.19068,"[2543.23, 1495.5, 27.73, 31.64]",29.620553674771173,16-32,background,0.4326791763305664,,FP
8642,8642.jpg,1,swimmer,0.10633,"[2510.57, 1355.24, 87.77, 40.61]",59.702091253154606,32-64,localization,0.10312670469284058,swimmer,FP
8643,8643.jpg,1,swimmer,0.70775,"[2219.15, 1521.93, 59.16, 67.97]",63.41218494895125,32-64,localization,0.23078231513500214,swimmer,FP
8643,8643.jpg,1,swimmer,0.52804,"[3257.66, 1988.41, 61.15, 57.74]",59.42054358553109,32-64,class_confusion,0.7112613916397095,buoy,FP
8643,8643.jpg,1,swimmer,0.50662,"[2606.42, 1401.87, 52.65, 45.83]",49.121782337370455,32-64,localization,0.20970183610916138,swimmer,FP
8643,8643.jpg,1,swimmer,0.40059,"[2579.55, 1535.61, 36.5, 26.68]",31.206089149395186,16-32,background,0.4312911629676819,,FP
8643,8643.jpg,1,swimmer,0.27758,"[2167.1, 1060.59, 51.96, 43.56]",47.57496820808186,32-64,localization,0.3839322626590729,swimmer,FP
8643,8643.jpg,1,swimmer,0.21058,"[2087.98, 1245.59, 40.63, 30.57]",35.24285885112047,32-64,localization,0.3828645348548889,swimmer,FP
8643,8643.jpg,1,swimmer,0.20339,"[2560.4, 1389.31, 52.94, 37.69]",44.66887730847956,32-64,background,0.0,,FP
8643,8643.jpg,1,swimmer,0.18905,"[2616.0, 1405.05, 48.88, 46.67]",47.76221937891915,32-64,localization,0.2218102067708969,swimmer,FP
8643,8643.jpg,1,swimmer,0.18462,"[2556.81, 1136.13, 49.58, 79.19]",62.65971752250404,32-64,localization,0.3538469076156616,swimmer,FP
8643,8643.jpg,1,swimmer,0.13696,"[2497.87, 1252.57, 40.72, 43.47]",42.07253736108627,32-64,duplicate,0.6387691497802734,swimmer,FP
8643,8643.jpg,1,swimmer,0.11562,"[2567.96, 1535.58, 37.24, 30.16]",33.513555466407915,32-64,background,0.3739454448223114,,FP
8644,8644.jpg,3,jetski,0.69352,"[215.1, 183.87, 40.83, 92.66]",61.508599398783254,32-64,localization,0.3340318202972412,jetski,FP
8644,8644.jpg,1,swimmer,0.63041,"[2547.4, 1289.73, 49.78, 36.98]",42.90529571043649,32-64,localization,0.45401710271835327,swimmer,FP
8644,8644.jpg,1,swimmer,0.60593,"[2261.52, 1524.04, 36.0, 61.06]",46.88453902940712,32-64,localization,0.28023436665534973,swimmer,FP
8644,8644.jpg,1,swimmer,0.45816,"[2663.79, 1456.83, 40.99, 39.31]",40.14121198967465,32-64,localization,0.3779459297657013,swimmer,FP
8644,8644.jpg,1,swimmer,0.42281,"[3231.72, 2119.21, 67.17, 40.79]",52.34371308953923,32-64,class_confusion,0.7467523217201233,buoy,FP
8644,8644.jpg,1,swimmer,0.3426,"[2672.13, 1463.11, 40.01, 32.72]",36.181862859725726,32-64,localization,0.4597600996494293,swimmer,FP
8644,8644.jpg,1,swimmer,0.18517,"[2715.79, 1732.58, 44.83, 43.49]",44.15491705348341,32-64,duplicate,0.6605815887451172,swimmer,FP
8644,8644.jpg,1,swimmer,0.15749,"[2505.62, 1290.25, 89.91, 40.75]",60.52960019692844,32-64,localization,0.2660313546657562,swimmer,FP
8644,8644.jpg,1,swimmer,0.13419,"[2279.42, 1741.66, 27.69, 34.41]",30.867667550367326,16-32,background,0.0,,FP
8644,8644.jpg,1,swimmer,0.1294,"[2632.62, 1231.42, 51.25, 50.01]",50.62620368939389,32-64,background,0.0,,FP
8644,8644.jpg,1,swimmer,0.11694,"[2634.06, 1262.85, 51.74, 37.91]",44.288411576844794,32-64,background,0.0,,FP
8644,8644.jpg,1,swimmer,0.11574,"[2159.28, 1223.74, 38.37, 47.32]",42.610660637920176,32-64,localization,0.3208318054676056,swimmer,FP
8645,8645.jpg,1,swimmer,0.5984,"[2294.02, 1533.93, 40.97, 60.04]",49.596761991081635,32-64,localization,0.32633712887763977,swimmer,FP
8645,8645.jpg,1,swimmer,0.5837,"[2699.1, 1523.34, 44.1, 36.53]",40.13692813357794,32-64,localization,0.43452003598213196,swimmer,FP
8645,8645.jpg,3,jetski,0.53316,"[467.48, 0.0, 43.72, 56.91]",49.88091017613853,32-64,localization,0.2552911043167114,jetski,FP
8645,8645.jpg,1,swimmer,0.51332,"[2700.46, 1312.6, 50.58, 40.31]",45.15395663726491,32-64,background,0.0,,FP
8645,8645.jpg,1,swimmer,0.32318,"[2634.46, 1629.11, 29.64, 20.93]",24.907131508867092,16-32,background,0.4615773856639862,,FP
8645,8645.jpg,1,swimmer,0.26433,"[2711.95, 1792.31, 43.96, 37.5]",40.601724101323576,32-64,duplicate,0.5693281292915344,swimmer,FP
8645,8645.jpg,1,swimmer,0.23302,"[2615.76, 1339.64, 46.67, 31.13]",38.1161002727194,32-64,localization,0.4991973340511322,swimmer,FP
8645,8645.jpg,1,swimmer,0.13335,"[2279.24, 1534.39, 50.47, 60.85]",55.41750174809398,32-64,localization,0.2133275419473648,swimmer,FP
8646,8646.jpg,1,swimmer,0.58831,"[2728.13, 1583.58, 46.98, 40.14]",43.42553626611881,32-64,localization,0.4099765419960022,swimmer,FP
8646,8646.jpg,1,swimmer,0.55438,"[2692.98, 1391.55, 36.82, 32.62]",34.65643374613147,32-64,localization,0.4295925796031952,swimmer,FP
8646,8646.jpg,1,swimmer,0.51884,"[2327.58, 1544.99, 41.3, 64.67]",51.68047019909939,32-64,localization,0.39450570940971375,swimmer,FP
8646,8646.jpg,1,swimmer,0.15152,"[2443.59, 1083.47, 50.52, 45.77]",48.086384767416234,32-64,localization,0.3536742031574249,swimmer,FP
8646,8646.jpg,1,swimmer,0.11848,"[2649.0, 1678.37, 24.62, 23.34]",23.971458028246843,16-32,class_confusion,0.5750936269760132,life_saving_appliances,FP
8647,8647.jpg,1,swimmer,0.57236,"[2743.7, 1439.84, 45.94, 37.37]",41.434017425299224,32-64,localization,0.43950361013412476,swimmer,FP
8647,8647.jpg,1,swimmer,0.39901,"[2562.12, 1111.98, 27.7, 40.11]",33.33237165279422,32-64,localization,0.4976295232772827,swimmer,FP
8647,8647.jpg,1,swimmer,0.34215,"[2663.33, 1727.83, 24.92, 27.87]",26.353754950670695,16-32,class_confusion,0.6349704265594482,life_saving_appliances,FP
8647,8647.jpg,1,swimmer,0.26224,"[2562.29, 1103.97, 27.21, 39.6]",32.82553883792313,32-64,localization,0.4244692027568817,swimmer,FP
8647,8647.jpg,1,swimmer,0.12828,"[2693.29, 1247.97, 64.06, 42.41]",52.12278388574425,32-64,localization,0.43057364225387573,swimmer,FP
8647,8647.jpg,1,swimmer,0.10986,"[2824.24, 1417.04, 51.27, 43.94]",47.4637103480122,32-64,background,0.0,,FP
8647,8647.jpg,1,swimmer,0.10651,"[2351.01, 1561.3, 49.67, 66.93]",57.657723680353534,32-64,localization,0.39465612173080444,swimmer,FP
8647,8647.jpg,1,swimmer,0.10518,"[2543.36, 1112.76, 45.71, 31.01]",37.64926426903984,32-64,localization,0.3397533893585205,swimmer,FP
8648,8648.jpg,1,swimmer,0.62744,"[2649.75, 1151.85, 35.06, 35.99]",35.521956590255556,32-64,localization,0.3610319197177887,swimmer,FP
8648,8648.jpg,1,swimmer,0.62344,"[2780.55, 1512.67, 61.55, 34.92]",46.36082397887251,32-64,localization,0.3783494234085083,swimmer,FP
8648,8648.jpg,1,swimmer,0.61365,"[2392.5, 1578.15, 39.3, 62.12]",49.40967516590248,32-64,localization,0.37361252307891846,swimmer,FP
8648,8648.jpg,1,swimmer,0.39202,"[2688.57, 1974.96, 36.0, 41.08]",38.456208861508955,32-64,duplicate,0.6881327033042908,swimmer,FP
8648,8648.jpg,1,swimmer,0.27508,"[2878.93, 1506.79, 53.88, 45.65]",49.594576316367494,32-64,background,0.0,,FP
8648,8648.jpg,1,swimmer,0.24106,"[2693.11, 1973.29, 43.05, 33.94]",38.224560167515335,32-64,duplicate,0.5201215744018555,swimmer,FP
8648,8648.jpg,1,swimmer,0.20653,"[2663.92, 1775.84, 29.51, 27.02]",28.237567175661574,16-32,background,0.3984135091304779,,FP
8648,8648.jpg,1,swimmer,0.12154,"[2649.87, 1155.26, 36.13, 44.77]",40.21865363236318,32-64,localization,0.4481494128704071,swimmer,FP
8648,8648.jpg,1,swimmer,0.11934,"[2757.25, 1720.1, 59.37, 36.62]",46.62756051950391,32-64,localization,0.3167867362499237,swimmer,FP
8649,8649.jpg,1,swimmer,0.62835,"[2418.31, 1599.52, 42.91, 58.48]",50.0936802401261,32-64,localization,0.32402268052101135,swimmer,FP
8649,8649.jpg,1,swimmer,0.6061,"[2738.99, 1210.14, 46.36, 37.94]",41.9392226918907,32-64,localization,0.49003568291664124,swimmer,FP
8649,8649.jpg,1,swimmer,0.54434,"[2788.88, 1788.03, 41.34, 36.09]",38.62590581462136,32-64,localization,0.40677323937416077,swimmer,FP
8649,8649.jpg,1,swimmer,0.54165,"[2839.1, 1592.3, 51.47, 39.76]",45.23767456446009,32-64,localization,0.4934457540512085,swimmer,FP
8649,8649.jpg,1,swimmer,0.39448,"[2840.46, 1583.93, 50.59, 41.45]",45.79252668285515,32-64,localization,0.3298848867416382,swimmer,FP
8649,8649.jpg,1,swimmer,0.21013,"[2739.06, 1199.96, 45.0, 43.18]",44.0806079812881,32-64,localization,0.32805195450782776,swimmer,FP
8649,8649.jpg,1,swimmer,0.20749,"[2831.07, 1592.15, 54.86, 33.27]",42.72226819821251,32-64,localization,0.3109765648841858,swimmer,FP
8649,8649.jpg,1,swimmer,0.1666,"[2667.99, 2027.69, 44.25, 36.68]",40.287591141690264,32-64,localization,0.48140832781791687,swimmer,FP
8649,8649.jpg,1,swimmer,0.10332,"[2423.28, 1598.67, 49.46, 57.6]",53.375050351264306,32-64,localization,0.2646639347076416,swimmer,FP
8650,8650.jpg,1,swimmer,0.61077,"[2428.68, 1613.14, 48.18, 61.48]",54.425236793237744,32-64,localization,0.2950192093849182,swimmer,FP
8650,8650.jpg,1,swimmer,0.55605,"[2790.02, 1840.79, 39.99, 42.1]",41.031439165595934,32-64,localization,0.4220065474510193,swimmer,FP
8650,8650.jpg,1,swimmer,0.54094,"[2663.95, 1871.39, 28.98, 22.51]",25.540943600423226,16-32,class_confusion,0.7661073803901672,life_saving_appliances,FP
8650,8650.jpg,1,swimmer,0.22637,"[2631.87, 2068.47, 36.45, 43.56]",39.84673135904625,32-64,duplicate,0.7860872745513916,swimmer,FP
8650,8650.jpg,1,swimmer,0.21898,"[3062.25, 1553.23, 65.17, 68.54]",66.83376242588771,>64,duplicate,0.6691663265228271,swimmer,FP
8650,8650.jpg,1,swimmer,0.1984,"[2955.65, 1652.1, 46.27, 47.29]",46.77721988318673,32-64,background,0.0,,FP
8650,8650.jpg,1,swimmer,0.19267,"[2855.68, 1659.04, 47.64, 30.07]",37.84884146179378,32-64,duplicate,0.5627670288085938,swimmer,FP
8650,8650.jpg,1,swimmer,0.17868,"[2422.46, 1617.71, 47.8, 63.51]",55.09789469662157,32-64,localization,0.39396822452545166,swimmer,FP
8651,8651.jpg,1,swimmer,0.71723,"[2411.09, 1611.18, 47.18, 55.92]",51.36443906050177,32-64,localization,0.29864582419395447,swimmer,FP
8651,8651.jpg,1,swimmer,0.63874,"[2798.95, 1274.29, 50.77, 37.26]",43.49356504127938,32-64,localization,0.37215396761894226,swimmer,FP
8651,8651.jpg,3,jetski,0.36178,"[3175.13, 1572.16, 127.01, 232.15]",171.71304988264578,>64,class_confusion,0.8221669793128967,boat,FP
8651,8651.jpg,1,swimmer,0.35609,"[2642.85, 1871.83, 22.22, 26.6]",24.311561035852883,16-32,class_confusion,0.6032417416572571,life_saving_appliances,FP
8651,8651.jpg,1,swimmer,0.35472,"[2931.97, 1674.62, 56.59, 44.37]",50.108864485238534,32-64,background,0.0,,FP
8651,8651.jpg,1,swimmer,0.27755,"[2758.73, 1848.26, 48.48, 40.46]",44.288833807179884,32-64,localization,0.3670658767223358,swimmer,FP
8651,8651.jpg,1,swimmer,0.17156,"[2855.05, 1683.31, 35.44, 44.81]",39.850550811751646,32-64,duplicate,0.6188682913780212,swimmer,FP
8651,8651.jpg,1,swimmer,0.1369,"[2932.21, 1681.73, 55.0, 46.92]",50.79960629768699,32-64,background,0.0,,FP
8651,8651.jpg,1,swimmer,0.12617,"[3020.99, 1589.93, 99.21, 66.17]",81.02299488416853,>64,localization,0.32184943556785583,swimmer,FP
8651,8651.jpg,1,swimmer,0.10419,"[2590.98, 1319.66, 49.61, 41.61]",45.434261301357154,32-64,localization,0.466044545173645,swimmer,FP
8652,8652.jpg,1,swimmer,0.69088,"[2361.01, 1591.41, 45.63, 56.46]",50.756967994552234,32-64,localization,0.302033007144928,swimmer,FP
8652,8652.jpg,1,swimmer,0.10255,"[2540.85, 1295.95, 46.39, 44.72]",45.547346794297475,32-64,localization,0.468532919883728,swimmer,FP
8653,8653.jpg,1,swimmer,0.68912,"[2314.39, 1567.23, 44.45, 46.18]",45.30674342744135,32-64,localization,0.34881076216697693,swimmer,FP
8653,8653.jpg,1,swimmer,0.50452,"[2720.6, 1241.38, 39.72, 36.86]",38.26328788800042,32-64,background,0.0,,FP
8653,8653.jpg,1,swimmer,0.45697,"[2711.43, 1240.44, 44.98, 39.51]",42.1563731836599,32-64,background,0.0,,FP
8653,8653.jpg,1,swimmer,0.2359,"[2534.08, 1823.78, 33.93, 25.49]",29.408769100389087,16-32,class_confusion,0.5277555584907532,life_saving_appliances,FP
8653,8653.jpg,1,swimmer,0.14627,"[2924.44, 1547.9, 105.82, 61.69]",80.79626105210562,>64,localization,0.2806415259838104,swimmer,FP
8653,8653.jpg,1,swimmer,0.14279,"[2520.0, 1823.73, 36.01, 24.17]",29.501893159592317,16-32,class_confusion,0.5275989770889282,life_saving_appliances,FP
8653,8653.jpg,1,swimmer,0.12854,"[2848.93, 1645.77, 33.64, 37.48]",35.508128646832404,32-64,background,0.0,,FP
8653,8653.jpg,1,swimmer,0.12458,"[2668.71, 1814.86, 43.37, 31.45]",36.93218785828969,32-64,localization,0.4923888146877289,swimmer,FP
8654,8654.jpg,1,swimmer,0.69808,"[2270.34, 1543.9, 52.65, 59.25]",55.852596179586854,32-64,localization,0.3531297445297241,swimmer,FP
8654,8654.jpg,1,swimmer,0.68415,"[2677.68, 1218.05, 45.61, 32.19]",38.31691401979027,32-64,background,0.0,,FP
8654,8654.jpg,1,swimmer,0.32918,"[2622.72, 1797.6, 41.39, 28.89]",34.579720935831745,32-64,duplicate,0.6585531234741211,swimmer,FP
8654,8654.jpg,3,jetski,0.18382,"[3024.12, 1526.77, 115.29, 69.02]",89.2037880361591,>64,background,0.262410044670105,,FP
8654,8654.jpg,1,swimmer,0.10018,"[2678.63, 1216.35, 57.78, 35.4]",45.226231326521116,32-64,background,0.0,,FP
8655,8655.jpg,1,swimmer,0.72214,"[2256.21, 1530.45, 47.06, 65.72]",55.61279708844,32-64,localization,0.40186476707458496,swimmer,FP
8655,8655.jpg,1,swimmer,0.41267,"[2663.5, 1199.97, 39.4, 39.24]",39.31991861639594,32-64,localization,0.4346543252468109,swimmer,FP
8655,8655.jpg,1,swimmer,0.3052,"[2663.34, 1205.79, 38.91, 42.24]",40.54082386928021,32-64,localization,0.4088689088821411,swimmer,FP
8655,8655.jpg,1,swimmer,0.21471,"[2423.98, 1976.93, 41.24, 40.05]",40.640644679926034,32-64,duplicate,0.52001953125,swimmer,FP
8655,8655.jpg,1,swimmer,0.14102,"[2471.92, 1789.8, 23.86, 34.21]",28.570099754813597,16-32,background,0.480180025100708,,FP
8655,8655.jpg,1,swimmer,0.11589,"[2435.34, 1251.31, 49.6, 44.76]",47.11789468980973,32-64,duplicate,0.6174880862236023,swimmer,FP
8655,8655.jpg,1,swimmer,0.10996,"[2917.25, 1506.12, 68.79, 46.29]",56.4295055799712,32-64,localization,0.37169715762138367,swimmer,FP
8656,8656.jpg,1,swimmer,0.70716,"[2255.97, 1522.03, 47.19, 52.86]",49.94460331206966,32-64,localization,0.3494971990585327,swimmer,FP
8656,8656.jpg,1,swimmer,0.68461,"[2681.64, 1627.73, 47.72, 32.94]",39.64715374399529,32-64,localization,0.4535921514034271,swimmer,FP
8656,8656.jpg,1,swimmer,0.52375,"[2470.01, 1775.72, 23.39, 27.03]",25.14421802323548,16-32,class_confusion,0.6954105496406555,life_saving_appliances,FP
8656,8656.jpg,1,swimmer,0.51342,"[2663.66, 1199.82, 41.17, 36.54]",38.785974269057625,32-64,localization,0.3822244107723236,swimmer,FP
8656,8656.jpg,1,swimmer,0.32182,"[2431.53, 1967.87, 40.59, 42.57]",41.56821261492969,32-64,duplicate,0.6018810272216797,swimmer,FP
8656,8656.jpg,1,swimmer,0.31687,"[2958.55, 1504.25, 54.27, 34.32]",43.157228826698315,32-64,duplicate,0.6223044991493225,swimmer,FP
8656,8656.jpg,1,swimmer,0.14313,"[2952.82, 1487.87, 58.26, 46.03]",51.78520831279913,32-64,duplicate,0.5341746211051941,swimmer,FP
8656,8656.jpg,1,swimmer,0.10557,"[2777.69, 1609.43, 41.44, 32.07]",36.455188931069884,32-64,background,0.0,,FP
8657,8657.jpg,1,swimmer,0.71242,"[2251.35, 1516.31, 49.37, 50.9]",50.12916316875836,32-64,localization,0.33089542388916016,swimmer,FP
8657,8657.jpg,1,swimmer,0.35464,"[2463.96, 1772.03, 23.31, 20.97]",22.10906375222614,16-32,class_confusion,0.7746705412864685,life_saving_appliances,FP
8657,8657.jpg,1,swimmer,0.15584,"[2777.26, 1598.57, 43.72, 37.43]",40.45293067257303,32-64,background,0.0,,FP
8657,8657.jpg,1,swimmer,0.14497,"[2965.21, 1501.43, 50.24, 35.45]",42.201990474384026,32-64,duplicate,0.7481878995895386,swimmer,FP
8657,8657.jpg,1,swimmer,0.14043,"[2946.44, 1495.78, 64.97, 41.28]",51.78765876152348,32-64,duplicate,0.7447221875190735,swimmer,FP
8657,8657.jpg,1,swimmer,0.13066,"[2431.45, 1967.11, 41.0, 48.97]",44.80814658072793,32-64,duplicate,0.5020495057106018,swimmer,FP
8658,8658.jpg,1,swimmer,0.73855,"[2249.65, 1516.88, 48.18, 58.89]",53.266501668497064,32-64,localization,0.36076730489730835,swimmer,FP
8658,8658.jpg,1,swimmer,0.10162,"[2664.34, 1203.71, 48.23, 44.37]",46.25975680869929,32-64,duplicate,0.5939348936080933,swimmer,FP
8659,8659.jpg,1,swimmer,0.7392,"[2245.16, 1520.36, 51.69, 65.77]",58.306528793952396,32-64,localization,0.4049684703350067,swimmer,FP
8659,8659.jpg,1,swimmer,0.39695,"[2434.63, 1253.76, 46.99, 42.28]",44.57283028931414,32-64,duplicate,0.8254740238189697,swimmer,FP
8659,8659.jpg,1,swimmer,0.23053,"[2428.01, 1954.81, 44.3, 51.09]",47.574016017149525,32-64,duplicate,0.7919729948043823,swimmer,FP
8659,8659.jpg,1,swimmer,0.22158,"[2663.42, 1199.98, 39.27, 41.54]",40.38905544822756,32-64,localization,0.4622148871421814,swimmer,FP
8659,8659.jpg,1,swimmer,0.21159,"[2746.74, 1557.56, 39.15, 45.46]",42.18718999886103,32-64,background,0.0,,FP
8660,8660.jpg,1,swimmer,0.70095,"[2245.97, 1512.04, 50.84, 58.22]",54.40500712250666,32-64,localization,0.3047090768814087,swimmer,FP
8660,8660.jpg,1,swimmer,0.64481,"[2688.32, 1620.16, 44.14, 39.65]",41.83480608297354,32-64,localization,0.46053171157836914,swimmer,FP
8660,8660.jpg,1,swimmer,0.36833,"[2670.17, 1199.95, 42.2, 40.76]",41.47375073465143,32-64,localization,0.3342883884906769,swimmer,FP
8660,8660.jpg,1,swimmer,0.22945,"[2671.33, 1206.69, 40.89, 41.33]",41.109411331226816,32-64,localization,0.340239942073822,swimmer,FP
8660,8660.jpg,1,swimmer,0.20339,"[2516.82, 1506.22, 23.37, 29.94]",26.451801450940916,16-32,background,0.0,,FP
8660,8660.jpg,1,swimmer,0.14873,"[2567.99, 1748.69, 42.58, 27.65]",34.31234471731712,32-64,duplicate,0.6879932880401611,swimmer,FP
8660,8660.jpg,1,swimmer,0.13928,"[2460.57, 1745.43, 21.77, 30.58]",25.801678239990512,16-32,background,0.47370314598083496,,FP
8660,8660.jpg,1,swimmer,0.12821,"[2516.5, 1505.87, 28.05, 23.01]",25.40532424512626,16-32,background,0.0,,FP
8661,8661.jpg,1,swimmer,0.52544,"[2227.66, 1482.52, 51.59, 54.19]",52.87402103112643,32-64,localization,0.30905023217201233,swimmer,FP
8661,8661.jpg,4,life_saving_appliances,0.24408,"[2440.27, 1701.41, 31.92, 26.82]",29.25909089496801,16-32,localization,0.4793981909751892,life_saving_appliances,FP
8661,8661.jpg,1,swimmer,0.14268,"[2441.65, 1701.55, 26.82, 25.19]",25.9922257607924,16-32,class_confusion,0.5469342470169067,life_saving_appliances,FP
8661,8661.jpg,1,swimmer,0.13682,"[2663.89, 1595.13, 47.05, 38.51]",42.56636583031255,32-64,duplicate,0.5254166126251221,swimmer,FP
8662,8662.jpg,1,swimmer,0.68535,"[2206.59, 1427.07, 42.15, 52.18]",46.897622541020134,32-64,localization,0.24439017474651337,swimmer,FP
8662,8662.jpg,1,swimmer,0.5073,"[2519.73, 1644.45, 40.99, 35.61]",38.2054171551627,32-64,localization,0.4395269453525543,swimmer,FP
8662,8662.jpg,1,swimmer,0.16707,"[2519.74, 1631.95, 39.24, 43.34]",41.23907855420632,32-64,localization,0.41160452365875244,swimmer,FP
8662,8662.jpg,1,swimmer,0.13172,"[2642.36, 1541.18, 49.03, 42.87]",45.84665854781567,32-64,duplicate,0.5263883471488953,swimmer,FP
8663,8663.jpg,1,swimmer,0.49198,"[2496.98, 1595.14, 40.43, 36.9]",38.62469417354654,32-64,localization,0.4343550205230713,swimmer,FP
8663,8663.jpg,1,swimmer,0.46169,"[2185.7, 1387.26, 48.93, 51.96]",50.422245090832675,32-64,localization,0.2438637912273407,swimmer,FP
8663,8663.jpg,1,swimmer,0.44675,"[2627.29, 1500.32, 37.33, 35.7]",36.50590363215243,32-64,localization,0.48773857951164246,swimmer,FP
8663,8663.jpg,1,swimmer,0.34174,"[2500.19, 1593.48, 44.25, 32.02]",37.64153291246254,32-64,localization,0.4435868561267853,swimmer,FP
8663,8663.jpg,1,swimmer,0.30845,"[2352.49, 1780.37, 39.28, 43.69]",41.42635875864544,32-64,duplicate,0.5838303565979004,swimmer,FP
8663,8663.jpg,1,swimmer,0.2055,"[2498.08, 1583.93, 38.71, 42.6]",40.6084473970626,32-64,localization,0.3929544985294342,swimmer,FP
8663,8663.jpg,1,swimmer,0.1651,"[2624.88, 1487.91, 40.62, 42.8]",41.69575517963429,32-64,localization,0.3738778233528137,swimmer,FP
8663,8663.jpg,1,swimmer,0.12313,"[2655.77, 1264.1, 82.16, 42.96]",59.410382930932194,32-64,localization,0.45423758029937744,swimmer,FP
8663,8663.jpg,4,life_saving_appliances,0.107,"[2388.18, 1583.69, 35.85, 29.87]",32.72368408355025,32-64,localization,0.35299408435821533,life_saving_appliances,FP
8664,8664.jpg,1,swimmer,0.62402,"[2178.58, 1384.3, 51.39, 52.93]",52.15431621639766,32-64,localization,0.24705222249031067,swimmer,FP
8664,8664.jpg,1,swimmer,0.5289,"[2629.64, 1498.21, 35.27, 37.97]",36.595107596508036,32-64,localization,0.4778965711593628,swimmer,FP
8664,8664.jpg,1,swimmer,0.18545,"[2502.22, 1589.17, 33.76, 42.86]",38.038843305232085,32-64,localization,0.4478374421596527,swimmer,FP
8664,8664.jpg,1,swimmer,0.16581,"[2389.92, 1582.78, 34.11, 23.12]",28.082435791789855,16-32,background,0.4793162941932678,,FP
8664,8664.jpg,1,swimmer,0.10998,"[2615.91, 1497.99, 45.62, 38.42]",41.865503699346554,32-64,localization,0.3651466965675354,swimmer,FP
8665,8665.jpg,1,swimmer,0.46625,"[2182.85, 1387.01, 44.47, 55.63]",49.73797442598563,32-64,localization,0.3369152843952179,swimmer,FP
8665,8665.jpg,1,swimmer,0.31336,"[2502.02, 1589.13, 42.26, 33.09]",37.39496490170836,32-64,duplicate,0.6244789958000183,swimmer,FP
8665,8665.jpg,1,swimmer,0.29448,"[2501.35, 1590.3, 33.11, 41.74]",37.17541391834125,32-64,duplicate,0.6358096599578857,swimmer,FP
8665,8665.jpg,1,swimmer,0.22072,"[2388.08, 1583.61, 35.94, 22.95]",28.719731892899,16-32,background,0.45828014612197876,,FP
8665,8665.jpg,1,swimmer,0.14361,"[2375.98, 1583.53, 36.81, 20.96]",27.776565662442867,16-32,background,0.48993074893951416,,FP
8666,8666.jpg,1,swimmer,0.67475,"[2174.77, 1392.21, 44.62, 64.62]",53.69678202648647,32-64,localization,0.37718939781188965,swimmer,FP
8666,8666.jpg,1,swimmer,0.33242,"[2624.49, 1511.68, 30.5, 34.87]",32.61188433684873,32-64,duplicate,0.6002288460731506,swimmer,FP
8666,8666.jpg,1,swimmer,0.32192,"[2615.95, 1513.47, 40.79, 28.2]",33.91574855432208,32-64,duplicate,0.7095126509666443,swimmer,FP
8666,8666.jpg,1,swimmer,0.28891,"[2498.9, 1594.43, 45.31, 29.8]",36.74558476878549,32-64,duplicate,0.6427993774414062,swimmer,FP
8666,8666.jpg,4,life_saving_appliances,0.26264,"[2389.32, 1583.65, 34.7, 25.01]",29.459243031687016,16-32,localization,0.4054892659187317,life_saving_appliances,FP
8666,8666.jpg,1,swimmer,0.20349,"[2499.23, 1583.96, 34.12, 41.55]",37.65217125213365,32-64,duplicate,0.6508604884147644,swimmer,FP
8666,8666.jpg,3,jetski,0.1595,"[2858.84, 1368.49, 144.01, 183.76]",162.6753749035176,>64,class_confusion,0.8205860257148743,boat,FP
8666,8666.jpg,1,swimmer,0.12213,"[2645.6, 1263.43, 85.65, 42.88]",60.60257420275149,32-64,localization,0.3571951985359192,swimmer,FP
8667,8667.jpg,1,swimmer,0.66487,"[2167.36, 1397.7, 47.22, 54.87]",50.90148720813568,32-64,localization,0.30249303579330444,swimmer,FP
8667,8667.jpg,1,swimmer,0.31837,"[2626.14, 1524.83, 37.9, 30.16]",33.809229509114815,32-64,duplicate,0.5149994492530823,swimmer,FP
8667,8667.jpg,4,life_saving_appliances,0.18787,"[2389.51, 1583.91, 34.54, 29.96]",32.16859337925735,32-64,localization,0.36528149247169495,life_saving_appliances,FP
8667,8667.jpg,1,swimmer,0.16905,"[2495.7, 1595.55, 48.55, 35.94]",41.77184458460028,32-64,duplicate,0.5917568206787109,swimmer,FP
8667,8667.jpg,1,swimmer,0.10844,"[2625.05, 1511.89, 27.17, 49.47]",36.66196803228108,32-64,localization,0.4250245690345764,swimmer,FP
8668,8668.jpg,1,swimmer,0.66736,"[2170.15, 1398.6, 40.48, 59.32]",49.00279175720502,32-64,localization,0.4161602854728699,swimmer,FP
8668,8668.jpg,1,swimmer,0.3155,"[2625.02, 1532.36, 39.05, 39.15]",39.099968030677466,32-64,duplicate,0.5075490474700928,swimmer,FP
8668,8668.jpg,1,swimmer,0.1529,"[2173.87, 1391.3, 37.71, 53.61]",44.96257443696924,32-64,localization,0.28425124287605286,swimmer,FP
8668,8668.jpg,1,swimmer,0.13354,"[2159.16, 1397.94, 49.3, 63.66]",56.021763628075824,32-64,localization,0.35176733136177063,swimmer,FP
8668,8668.jpg,1,swimmer,0.11079,"[2492.94, 1602.46, 51.32, 31.51]",40.21309736889214,32-64,duplicate,0.7012198567390442,swimmer,FP
8669,8669.jpg,1,swimmer,0.15649,"[2789.95, 1320.81, 51.46, 45.8]",48.54758490388579,32-64,background,0.0,,FP
8670,8670.jpg,1,swimmer,0.66645,"[2167.78, 1384.37, 35.14, 55.45]",44.14196416110185,32-64,localization,0.379366010427475,swimmer,FP
8670,8670.jpg,1,swimmer,0.26279,"[2595.52, 1055.95, 35.4, 42.24]",38.669057397355836,32-64,duplicate,0.5088362097740173,swimmer,FP
8670,8670.jpg,1,swimmer,0.24803,"[2348.26, 1782.96, 31.73, 41.06]",36.0947890975969,32-64,duplicate,0.7200793027877808,swimmer,FP
8670,8670.jpg,1,swimmer,0.18248,"[2487.82, 1596.07, 56.63, 32.86]",43.137707403152525,32-64,localization,0.48038554191589355,swimmer,FP
8670,8670.jpg,1,swimmer,0.1325,"[2353.77, 1103.93, 41.19, 43.77]",42.46040861791135,32-64,localization,0.4829677939414978,swimmer,FP
8671,8671.jpg,1,swimmer,0.73524,"[2449.2, 1569.88, 57.34, 39.0]",47.28911079730724,32-64,localization,0.48518508672714233,swimmer,FP
8671,8671.jpg,1,swimmer,0.59667,"[2133.77, 1361.01, 43.2, 61.73]",51.64044926218206,32-64,localization,0.35867106914520264,swimmer,FP
8671,8671.jpg,1,swimmer,0.36287,"[2333.27, 1096.95, 31.42, 31.26]",31.339897893898762,16-32,duplicate,0.7222201824188232,swimmer,FP
8671,8671.jpg,1,swimmer,0.27921,"[2334.39, 1099.15, 41.68, 25.32]",32.48596004430222,32-64,duplicate,0.5811501145362854,swimmer,FP
8671,8671.jpg,1,swimmer,0.12079,"[2314.51, 1757.26, 38.0, 42.87]",40.36161542852317,32-64,localization,0.43215104937553406,swimmer,FP
8671,8671.jpg,1,swimmer,0.10565,"[2592.55, 1509.1, 47.84, 37.62]",42.42335205992096,32-64,localization,0.40648332238197327,swimmer,FP
8672,8672.jpg,1,swimmer,0.70819,"[2392.91, 1535.18, 51.19, 31.58]",40.20671834407777,32-64,localization,0.4783633351325989,swimmer,FP
8672,8672.jpg,1,swimmer,0.67787,"[2085.06, 1329.72, 35.9, 65.74]",48.580510495465155,32-64,localization,0.29979029297828674,swimmer,FP
8672,8672.jpg,1,swimmer,0.57778,"[2275.87, 1066.83, 42.51, 37.47]",39.910521169235565,32-64,localization,0.42690783739089966,swimmer,FP
8672,8672.jpg,1,swimmer,0.57228,"[2512.53, 1017.48, 36.46, 38.66]",37.543888983428445,32-64,localization,0.4937768876552582,swimmer,FP
8672,8672.jpg,1,swimmer,0.23048,"[2624.45, 1203.41, 45.32, 44.61]",44.963598610431525,32-64,duplicate,0.5889009833335876,swimmer,FP
8672,8672.jpg,1,swimmer,0.15586,"[2511.35, 1007.96, 37.19, 44.57]",40.71312196331792,32-64,localization,0.4198947846889496,swimmer,FP
8672,8672.jpg,1,swimmer,0.11477,"[2277.0, 1055.95, 40.92, 45.7]",43.24400536490578,32-64,localization,0.34919822216033936,swimmer,FP
8673,8673.jpg,1,swimmer,0.64559,"[2035.56, 1299.48, 36.19, 67.86]",49.55656767775589,32-64,localization,0.401943564414978,swimmer,FP
8673,8673.jpg,1,swimmer,0.45631,"[2344.15, 1497.95, 41.33, 29.42]",34.87016776558438,32-64,duplicate,0.7397939562797546,swimmer,FP
8673,8673.jpg,1,swimmer,0.33231,"[2345.58, 1487.97, 43.59, 42.2]",42.88936931222002,32-64,localization,0.4836490750312805,swimmer,FP
8673,8673.jpg,1,swimmer,0.19988,"[2484.72, 1446.37, 36.73, 41.65]",39.11271532379208,32-64,localization,0.49025866389274597,swimmer,FP
8673,8673.jpg,1,swimmer,0.18585,"[2226.96, 1031.87, 52.25, 42.78]",47.2784834782166,32-64,localization,0.40263864398002625,swimmer,FP
8673,8673.jpg,1,swimmer,0.14592,"[2210.7, 1680.22, 45.44, 33.74]",39.15540320313405,32-64,localization,0.44902345538139343,swimmer,FP
8673,8673.jpg,1,swimmer,0.10877,"[2204.23, 1683.84, 39.69, 44.21]",41.88907852889581,32-64,localization,0.42742475867271423,swimmer,FP
8673,8673.jpg,1,swimmer,0.10356,"[2471.85, 1439.66, 47.63, 38.17]",42.63844626625131,32-64,localization,0.41253283619880676,swimmer,FP
8674,8674.jpg,1,swimmer,0.6473,"[2027.65, 1286.11, 32.48, 52.8]",41.411882352774064,32-64,localization,0.39359888434410095,swimmer,FP
8674,8674.jpg,1,swimmer,0.62655,"[2326.84, 1478.43, 59.68, 38.73]",48.07708809817832,32-64,localization,0.4360980987548828,swimmer,FP
8674,8674.jpg,1,swimmer,0.19168,"[2189.0, 1662.74, 43.13, 32.68]",37.54315383661847,32-64,duplicate,0.8291436433792114,swimmer,FP
8674,8674.jpg,1,swimmer,0.15696,"[2489.39, 1679.94, 40.95, 44.17]",42.52953679503223,32-64,duplicate,0.7518957257270813,swimmer,FP
8674,8674.jpg,1,swimmer,0.12016,"[2475.81, 1433.91, 44.27, 38.35]",41.203816570798395,32-64,localization,0.40170711278915405,swimmer,FP
8675,8675.jpg,1,swimmer,0.50389,"[2044.07, 1279.66, 39.57, 62.27]",49.63893532299016,32-64,localization,0.40543437004089355,swimmer,FP
8675,8675.jpg,1,swimmer,0.36551,"[2471.75, 966.8, 39.09, 41.22]",40.14087442993737,32-64,localization,0.41891905665397644,swimmer,FP
8675,8675.jpg,1,swimmer,0.32601,"[2471.71, 959.98, 38.46, 40.67]",39.54956636930423,32-64,localization,0.4315393269062042,swimmer,FP
8675,8675.jpg,1,swimmer,0.12912,"[2340.19, 1467.77, 56.41, 44.43]",50.06292340644921,32-64,duplicate,0.5937047004699707,swimmer,FP
8675,8675.jpg,1,swimmer,0.1145,"[2477.51, 968.04, 42.58, 39.99]",41.264684658918696,32-64,localization,0.39641186594963074,swimmer,FP
8676,8676.jpg,1,swimmer,0.69371,"[2080.24, 1281.88, 36.5, 62.41]",47.72803159569855,32-64,localization,0.4025905132293701,swimmer,FP
8676,8676.jpg,1,swimmer,0.61642,"[2498.46, 968.11, 40.65, 40.34]",40.4947033573528,32-64,localization,0.39272579550743103,swimmer,FP
8676,8676.jpg,1,swimmer,0.27123,"[2231.45, 1641.97, 49.64, 38.45]",43.68819062401189,32-64,duplicate,0.6256143450737,swimmer,FP
8676,8676.jpg,1,swimmer,0.20441,"[2525.05, 1431.46, 43.05, 25.87]",33.37219651146745,32-64,localization,0.4998339116573334,swimmer,FP
8676,8676.jpg,1,swimmer,0.19773,"[2255.51, 1019.84, 49.31, 31.05]",39.128959863507745,32-64,localization,0.4261818826198578,swimmer,FP
8676,8676.jpg,1,swimmer,0.10727,"[2241.62, 1631.96, 42.26, 45.6]",43.89824597862653,32-64,duplicate,0.6191822290420532,swimmer,FP
8676,8676.jpg,1,swimmer,0.10011,"[2267.77, 1007.98, 42.38, 43.72]",43.04478597925654,32-64,localization,0.47405317425727844,swimmer,FP
8677,8677.jpg,1,swimmer,0.6848,"[2552.29, 1436.94, 40.39, 35.27]",37.74328152135159,32-64,localization,0.44785910844802856,swimmer,FP
8677,8677.jpg,1,swimmer,0.67005,"[2107.96, 1287.08, 36.51, 61.46]",47.369870170816384,32-64,localization,0.3875659108161926,swimmer,FP
8677,8677.jpg,1,swimmer,0.21398,"[2529.11, 959.98, 42.01, 43.07]",42.53669827337331,32-64,localization,0.4775141179561615,swimmer,FP
8677,8677.jpg,1,swimmer,0.13479,"[2301.56, 1025.22, 50.69, 32.44]",40.55099998766985,32-64,duplicate,0.6112788319587708,swimmer,FP
9216,9216.jpg,1,swimmer,0.46327,"[1966.64, 663.26, 57.47, 34.36]",44.437250139944524,32-64,localization,0.4037802517414093,swimmer,FP
9216,9216.jpg,1,swimmer,0.12277,"[1860.6, 708.45, 37.55, 37.13]",37.339409475780414,32-64,localization,0.37738269567489624,swimmer,FP
9217,9217.jpg,1,swimmer,0.33143,"[1952.04, 724.95, 48.63, 38.45]",43.24145580343012,32-64,duplicate,0.5283920764923096,swimmer,FP
9217,9217.jpg,1,swimmer,0.16811,"[1877.84, 719.87, 32.18, 41.78]",36.66715696641887,32-64,localization,0.4992934465408325,swimmer,FP
9217,9217.jpg,1,swimmer,0.14068,"[1869.89, 731.15, 26.88, 33.7]",30.097441751750264,16-32,duplicate,0.5172408223152161,swimmer,FP
9218,9218.jpg,1,swimmer,0.46096,"[1945.84, 743.24, 48.68, 47.94]",48.30858308830844,32-64,localization,0.4190879166126251,swimmer,FP
9218,9218.jpg,1,swimmer,0.34421,"[2367.52, 1132.52, 29.52, 22.85]",25.971753887637238,16-32,class_confusion,0.7560128569602966,life_saving_appliances,FP
9219,9219.jpg,1,swimmer,0.51405,"[2452.75, 975.44, 57.26, 35.94]",45.3643516431129,32-64,localization,0.40920490026474,swimmer,FP
9219,9219.jpg,1,swimmer,0.28241,"[1936.59, 790.29, 51.5, 37.75]",44.09223287609735,32-64,localization,0.3917052745819092,swimmer,FP
9219,9219.jpg,1,swimmer,0.15786,"[1859.69, 806.2, 34.75, 35.37]",35.05862946551105,32-64,localization,0.4069482386112213,swimmer,FP
9219,9219.jpg,1,swimmer,0.1511,"[2455.12, 963.58, 72.6, 48.87]",59.56477146770564,32-64,duplicate,0.7079634070396423,swimmer,FP
9219,9219.jpg,1,swimmer,0.12693,"[1931.48, 767.91, 49.47, 43.55]",46.415713933968526,32-64,localization,0.497966468334198,swimmer,FP
9219,9219.jpg,1,swimmer,0.11268,"[1945.08, 808.81, 45.6, 31.52]",37.91189786861111,32-64,duplicate,0.5054532289505005,swimmer,FP
9220,9220.jpg,1,swimmer,0.52329,"[2447.58, 1015.09, 58.39, 41.41]",49.172450620240596,32-64,localization,0.4967213571071625,swimmer,FP
9220,9220.jpg,1,swimmer,0.30278,"[1945.11, 825.13, 47.22, 39.0]",42.91363419707075,32-64,localization,0.4941408932209015,swimmer,FP
9220,9220.jpg,1,swimmer,0.29587,"[1933.15, 822.47, 53.54, 41.7]",47.250587297937365,32-64,localization,0.4025309383869171,swimmer,FP
9220,9220.jpg,1,swimmer,0.20777,"[1866.47, 836.2, 33.86, 33.86]",33.86,32-64,duplicate,0.5887270569801331,swimmer,FP
9221,9221.jpg,1,swimmer,0.48982,"[1868.9, 863.35, 34.56, 31.92]",33.213780272651896,32-64,localization,0.46452444791793823,swimmer,FP
9221,9221.jpg,1,swimmer,0.43795,"[1923.65, 853.9, 60.96, 36.57]",47.21553981476861,32-64,localization,0.4274357557296753,swimmer,FP
9222,9222.jpg,1,swimmer,0.68481,"[2348.03, 1339.64, 50.01, 32.8]",40.50096295151511,32-64,class_confusion,0.7684080600738525,life_saving_appliances,FP
9222,9222.jpg,1,swimmer,0.51319,"[2353.1, 1282.71, 49.84, 33.07]",40.59813788833178,32-64,localization,0.2498277723789215,swimmer,FP
9222,9222.jpg,1,swimmer,0.41342,"[1925.92, 885.34, 65.28, 38.46]",50.10657441893229,32-64,localization,0.4176139533519745,swimmer,FP
9222,9222.jpg,1,swimmer,0.38935,"[1931.61, 893.07, 67.75, 37.37]",50.317169038013255,32-64,localization,0.39497318863868713,swimmer,FP
9222,9222.jpg,1,swimmer,0.22907,"[2422.49, 1107.29, 58.58, 44.96]",51.32014029598906,32-64,localization,0.33155468106269836,swimmer,FP
9222,9222.jpg,1,swimmer,0.20969,"[1867.45, 901.23, 25.79, 36.81]",30.8111976398192,16-32,localization,0.49461883306503296,swimmer,FP
9223,9223.jpg,1,swimmer,0.61148,"[2347.7, 1384.33, 45.18, 30.97]",37.406210714265086,32-64,class_confusion,0.8335095047950745,life_saving_appliances,FP
9223,9223.jpg,1,swimmer,0.59812,"[2349.42, 1320.04, 41.43, 38.51]",39.94332610086446,32-64,localization,0.3514863848686218,swimmer,FP
9223,9223.jpg,1,swimmer,0.37325,"[1923.09, 928.92, 65.45, 30.94]",45.00025555482991,32-64,localization,0.38576799631118774,swimmer,FP
9223,9223.jpg,1,swimmer,0.30835,"[2509.86, 1081.81, 45.55, 43.77]",44.651131004712525,32-64,background,0.0,,FP
9223,9223.jpg,1,swimmer,0.11637,"[2351.03, 1317.72, 44.86, 52.66]",48.60378174586829,32-64,localization,0.3152005672454834,swimmer,FP
9223,9223.jpg,1,swimmer,0.11266,"[1867.18, 935.55, 28.72, 39.25]",33.574692850419346,32-64,duplicate,0.598797082901001,swimmer,FP
9224,9224.jpg,1,swimmer,0.64048,"[2339.3, 1582.63, 50.47, 35.21]",42.15505545008807,32-64,class_confusion,0.7525840997695923,life_saving_appliances,FP
9224,9224.jpg,1,swimmer,0.6043,"[2344.75, 1499.77, 73.26, 53.33]",62.50564614496838,32-64,localization,0.3672936260700226,swimmer,FP
9224,9224.jpg,1,swimmer,0.4846,"[1920.9, 1124.25, 62.18, 35.59]",47.04238726935529,32-64,localization,0.34212785959243774,swimmer,FP
9224,9224.jpg,1,swimmer,0.19831,"[1847.94, 1140.33, 44.84, 32.04]",37.90347741302901,32-64,localization,0.48445233702659607,swimmer,FP
9225,9225.jpg,1,swimmer,0.62623,"[2338.04, 1583.06, 49.47, 36.42]",42.4464062082999,32-64,class_confusion,0.7492934465408325,life_saving_appliances,FP
9225,9225.jpg,1,swimmer,0.57284,"[2400.85, 1344.42, 67.22, 51.75]",58.97995422175232,32-64,localization,0.471079558134079,swimmer,FP
9225,9225.jpg,1,swimmer,0.5521,"[2341.62, 1509.61, 64.8, 49.25]",56.49247737531078,32-64,localization,0.32929059863090515,swimmer,FP
9225,9225.jpg,1,swimmer,0.44708,"[1915.65, 1128.24, 67.02, 35.46]",48.749658460342054,32-64,localization,0.3477092981338501,swimmer,FP
9225,9225.jpg,1,swimmer,0.23277,"[1847.94, 1141.05, 43.53, 33.64]",38.26681591143951,32-64,duplicate,0.5340256690979004,swimmer,FP
9225,9225.jpg,1,swimmer,0.16142,"[2340.79, 1587.02, 46.64, 45.01]",45.81775201818614,32-64,class_confusion,0.6247381567955017,life_saving_appliances,FP
9225,9225.jpg,1,swimmer,0.10392,"[2327.83, 1583.07, 50.35, 34.91]",41.9251535477212,32-64,class_confusion,0.5830849409103394,life_saving_appliances,FP
9226,9226.jpg,1,swimmer,0.61681,"[2396.33, 1261.57, 64.92, 46.93]",55.196880346628284,32-64,localization,0.27176985144615173,swimmer,FP
9226,9226.jpg,1,swimmer,0.57799,"[2339.68, 1421.17, 63.29, 45.37]",53.58607375055575,32-64,localization,0.22561056911945343,swimmer,FP
9226,9226.jpg,1,swimmer,0.50362,"[1847.19, 1055.94, 39.27, 34.6]",36.861117725863934,32-64,localization,0.2961159944534302,swimmer,FP
9226,9226.jpg,1,swimmer,0.47902,"[1907.41, 1050.35, 71.92, 31.49]",47.58950304426387,32-64,localization,0.1200423613190651,swimmer,FP
9226,9226.jpg,1,swimmer,0.44404,"[2333.88, 1496.82, 45.56, 39.22]",42.27130468769565,32-64,background,0.2451227456331253,,FP
9226,9226.jpg,1,swimmer,0.29341,"[2331.96, 1487.01, 50.22, 37.31]",43.28635119757728,32-64,background,0.49377739429473877,,FP
9226,9226.jpg,1,swimmer,0.27469,"[1943.7, 1049.36, 48.83, 29.91]",38.21655792977698,32-64,localization,0.21156145632266998,swimmer,FP
9226,9226.jpg,1,swimmer,0.18711,"[1847.33, 1060.29, 40.05, 43.75]",41.85913878712748,32-64,localization,0.16060954332351685,swimmer,FP
9226,9226.jpg,1,swimmer,0.11571,"[2398.36, 1255.88, 79.19, 51.75]",64.01626746382516,>64,localization,0.28198447823524475,swimmer,FP
9226,9226.jpg,1,swimmer,0.10134,"[1828.6, 2135.86, 47.78, 24.14]",33.96187862883913,32-64,background,0.0,,FP
9227,9227.jpg,1,swimmer,0.65205,"[2320.29, 1436.63, 51.54, 34.02]",41.873509525713274,32-64,class_confusion,0.72773277759552,life_saving_appliances,FP
9227,9227.jpg,1,swimmer,0.57297,"[2340.61, 1363.79, 57.06, 40.71]",48.19660361477767,32-64,localization,0.44039538502693176,swimmer,FP
9227,9227.jpg,1,swimmer,0.50562,"[1907.57, 986.43, 71.78, 34.75]",49.943518097947404,32-64,localization,0.34638214111328125,swimmer,FP
9227,9227.jpg,1,swimmer,0.38309,"[2323.67, 1375.63, 58.37, 41.32]",49.11057319966852,32-64,localization,0.26452741026878357,swimmer,FP
9227,9227.jpg,3,jetski,0.21146,"[1794.39, 2076.63, 183.52, 83.37]",123.69342100532268,>64,class_confusion,0.8945109844207764,boat,FP
9228,9228.jpg,1,swimmer,0.64508,"[2311.02, 1429.35, 53.53, 33.09]",42.08690651497209,32-64,class_confusion,0.7039996981620789,life_saving_appliances,FP
9228,9228.jpg,1,swimmer,0.62084,"[1834.99, 994.25, 51.23, 35.8]",42.82562317118106,32-64,localization,0.4580067992210388,swimmer,FP
9228,9228.jpg,1,swimmer,0.45163,"[2317.52, 1365.07, 57.49, 45.13]",50.93646729014489,32-64,localization,0.3265172243118286,swimmer,FP
9228,9228.jpg,1,swimmer,0.27333,"[1833.15, 989.94, 45.07, 44.07]",44.56719533468535,32-64,localization,0.4229107201099396,swimmer,FP
9228,9228.jpg,1,swimmer,0.24356,"[1943.89, 981.92, 49.78, 28.16]",37.44068375444017,32-64,localization,0.4875713586807251,swimmer,FP
9228,9228.jpg,1,swimmer,0.23149,"[1847.78, 988.9, 79.57, 36.29]",53.73634989464766,32-64,localization,0.38617143034935,swimmer,FP
9228,9228.jpg,3,jetski,0.20522,"[1785.86, 2064.38, 191.5, 95.62]",135.31899349315304,>64,class_confusion,0.9781662821769714,boat,FP
9228,9228.jpg,1,swimmer,0.10441,"[2375.2, 1201.74, 60.43, 58.01]",59.20763717629678,32-64,localization,0.3737870454788208,swimmer,FP
9229,9229.jpg,1,swimmer,0.60371,"[2312.96, 1358.69, 68.88, 40.57]",52.8626673560841,32-64,localization,0.4205518662929535,swimmer,FP
9229,9229.jpg,1,swimmer,0.58454,"[2309.54, 1427.49, 51.67, 26.87]",37.26087626452175,32-64,class_confusion,0.7768021821975708,life_saving_appliances,FP
9229,9229.jpg,3,jetski,0.14965,"[1772.49, 2052.69, 198.71, 107.31]",146.02592269867702,>64,class_confusion,0.9376307129859924,boat,FP
9229,9229.jpg,1,swimmer,0.10218,"[1935.46, 959.98, 32.09, 43.53]",37.37482708990103,32-64,duplicate,0.6213858127593994,swimmer,FP
9230,9230.jpg,1,swimmer,0.64611,"[2308.76, 1361.44, 70.05, 37.41]",51.191508084837665,32-64,localization,0.46422380208969116,swimmer,FP
9230,9230.jpg,1,swimmer,0.61861,"[2364.75, 1212.74, 62.35, 50.51]",56.11861099492752,32-64,localization,0.447853684425354,swimmer,FP
9230,9230.jpg,1,swimmer,0.60041,"[2303.73, 1425.07, 54.01, 30.27]",40.43368274100196,32-64,class_confusion,0.678577184677124,life_saving_appliances,FP
9230,9230.jpg,1,swimmer,0.22228,"[1928.96, 968.44, 38.64, 39.59]",39.1121157699248,32-64,duplicate,0.5798068046569824,swimmer,FP
9231,9231.jpg,1,swimmer,0.64849,"[2303.91, 1426.85, 48.61, 35.8]",41.71615993832606,32-64,class_confusion,0.7240388989448547,life_saving_appliances,FP
9231,9231.jpg,1,swimmer,0.6213,"[2356.06, 1224.02, 58.27, 44.7]",51.03595791204472,32-64,localization,0.35550737380981445,swimmer,FP
9231,9231.jpg,3,jetski,0.21707,"[1762.0, 2046.35, 191.43, 111.69]",146.22180651325573,>64,class_confusion,0.8616859912872314,boat,FP
9231,9231.jpg,1,swimmer,0.10842,"[1926.23, 964.44, 37.56, 43.6]",40.46746841600053,32-64,localization,0.41207724809646606,swimmer,FP
9231,9231.jpg,1,swimmer,0.10108,"[1870.47, 959.96, 57.73, 39.98]",48.04212110221612,32-64,localization,0.3690372407436371,swimmer,FP
9232,9232.jpg,1,swimmer,0.63882,"[2308.35, 1430.37, 52.47, 33.28]",41.7875771013348,32-64,class_confusion,0.7055313587188721,life_saving_appliances,FP
9232,9232.jpg,1,swimmer,0.18532,"[1875.13, 959.18, 42.12, 35.15]",38.4774999187837,32-64,localization,0.31295377016067505,swimmer,FP
9233,9233.jpg,1,swimmer,0.64805,"[2310.32, 1428.28, 52.81, 36.36]",43.819762664806845,32-64,class_confusion,0.6494210958480835,life_saving_appliances,FP
9233,9233.jpg,1,swimmer,0.56751,"[2314.22, 1364.5, 73.68, 38.41]",53.198202977168314,32-64,localization,0.40393850207328796,swimmer,FP
9233,9233.jpg,1,swimmer,0.27316,"[1870.86, 959.59, 33.56, 33.57]",33.564999627588264,32-64,localization,0.46725425124168396,swimmer,FP
9233,9233.jpg,1,swimmer,0.15557,"[1799.8, 979.04, 46.49, 29.72]",37.17099406795573,32-64,duplicate,0.5311043858528137,swimmer,FP
9233,9233.jpg,1,swimmer,0.106,"[1924.18, 935.52, 51.49, 50.74]",51.11362440680567,32-64,localization,0.3915635347366333,swimmer,FP
9234,9234.jpg,1,swimmer,0.63241,"[2312.07, 1427.7, 51.15, 36.14]",42.994895045807475,32-64,class_confusion,0.6745787262916565,life_saving_appliances,FP
9234,9234.jpg,1,swimmer,0.55779,"[2306.4, 1375.89, 62.34, 33.14]",45.45269628965921,32-64,localization,0.36048659682273865,swimmer,FP
9234,9234.jpg,3,jetski,0.20054,"[1761.11, 2071.64, 194.52, 88.36]",131.10220135451578,>64,class_confusion,0.981907308101654,boat,FP
9234,9234.jpg,1,swimmer,0.18843,"[1870.75, 968.99, 27.3, 39.03]",32.64228852271238,32-64,duplicate,0.70437091588974,swimmer,FP
9234,9234.jpg,1,swimmer,0.16374,"[1821.51, 959.96, 36.05, 40.14]",38.04007097785176,32-64,localization,0.3605422377586365,swimmer,FP
9234,9234.jpg,1,swimmer,0.14549,"[1919.92, 933.18, 50.01, 35.71]",42.259402504058194,32-64,duplicate,0.6592876315116882,swimmer,FP
9235,9235.jpg,1,swimmer,0.65131,"[2309.64, 1432.05, 48.67, 34.64]",41.060063321919024,32-64,class_confusion,0.6975383758544922,life_saving_appliances,FP
9235,9235.jpg,1,swimmer,0.49108,"[2304.95, 1377.67, 63.23, 37.52]",48.707182221926985,32-64,localization,0.30054083466529846,swimmer,FP
9235,9235.jpg,1,swimmer,0.35366,"[1869.29, 959.13, 30.23, 32.72]",31.450367247458335,16-32,localization,0.48314911127090454,swimmer,FP
9235,9235.jpg,1,swimmer,0.35312,"[1816.34, 967.33, 33.73, 40.68]",37.04235953607707,32-64,duplicate,0.5609240531921387,swimmer,FP
9235,9235.jpg,1,swimmer,0.21119,"[1920.71, 925.23, 48.01, 32.99]",39.79761173738947,32-64,duplicate,0.566116452217102,swimmer,FP
9235,9235.jpg,1,swimmer,0.20965,"[2350.12, 1249.45, 50.63, 46.64]",48.594065481291025,32-64,localization,0.3701220452785492,swimmer,FP
9235,9235.jpg,1,swimmer,0.17757,"[2309.24, 1377.77, 73.16, 44.55]",57.09008670513647,32-64,duplicate,0.5151206851005554,swimmer,FP
9236,9236.jpg,1,swimmer,0.65764,"[2309.16, 1436.59, 52.11, 33.21]",41.60015745162511,32-64,class_confusion,0.7119028568267822,life_saving_appliances,FP
9236,9236.jpg,1,swimmer,0.63314,"[1811.6, 959.88, 84.11, 35.4]",54.566418244191176,32-64,localization,0.28537386655807495,swimmer,FP
9236,9236.jpg,1,swimmer,0.47839,"[2305.27, 1376.14, 72.21, 42.03]",55.09070974311368,32-64,localization,0.34429046511650085,swimmer,FP
9236,9236.jpg,1,swimmer,0.25993,"[1921.03, 920.72, 48.12, 31.83]",39.13642293311947,32-64,duplicate,0.6587499380111694,swimmer,FP
9236,9236.jpg,3,jetski,0.23698,"[1757.32, 2086.89, 181.52, 73.11]",115.19951041562634,>64,class_confusion,0.9330474734306335,boat,FP
9236,9236.jpg,1,swimmer,0.18592,"[2346.14, 1245.79, 57.02, 50.3]",53.55470100747459,32-64,localization,0.33637601137161255,swimmer,FP
9236,9236.jpg,1,swimmer,0.17762,"[1917.22, 911.96, 36.84, 41.7]",39.19474454566582,32-64,duplicate,0.6596702933311462,swimmer,FP
9236,9236.jpg,1,swimmer,0.16965,"[1809.6, 962.91, 78.65, 45.11]",59.5642636150234,32-64,localization,0.252825528383255,swimmer,FP
9237,9237.jpg,2,boat,0.70624,"[1761.15, 2091.83, 170.98, 68.17]",107.96159780218149,>64,background,0.0,,FP
9237,9237.jpg,1,swimmer,0.6631,"[2308.68, 1435.51, 52.86, 34.57]",42.7477508180255,32-64,class_confusion,0.7059324979782104,life_saving_appliances,FP
9237,9237.jpg,1,swimmer,0.65561,"[1818.22, 956.26, 79.35, 31.73]",50.17744014993192,32-64,localization,0.2904236912727356,swimmer,FP
9237,9237.jpg,1,swimmer,0.48852,"[2302.53, 1373.41, 65.6, 40.88]",51.78540334882022,32-64,localization,0.2654446065425873,swimmer,FP
9237,9237.jpg,1,swimmer,0.24074,"[1911.8, 917.05, 46.01, 43.08]",44.52090295580268,32-64,duplicate,0.5846248269081116,swimmer,FP
9237,9237.jpg,1,swimmer,0.22864,"[1919.09, 917.78, 49.73, 30.93]",39.219241451104075,32-64,duplicate,0.5596377849578857,swimmer,FP
9237,9237.jpg,1,swimmer,0.20865,"[2307.58, 1374.24, 67.73, 48.63]",57.39085205849448,32-64,localization,0.40677186846733093,swimmer,FP
9238,9238.jpg,1,swimmer,0.64442,"[2310.02, 1436.54, 48.04, 33.9]",40.35537138969235,32-64,class_confusion,0.7921127080917358,life_saving_appliances,FP
9238,9238.jpg,1,swimmer,0.61353,"[1811.65, 954.56, 78.91, 29.11]",47.92775917983231,32-64,localization,0.32983705401420593,swimmer,FP
9238,9238.jpg,1,swimmer,0.61236,"[2333.45, 1250.3, 63.15, 50.91]",56.70067459916151,32-64,localization,0.40195325016975403,swimmer,FP
9238,9238.jpg,2,boat,0.48248,"[1761.77, 2097.69, 164.37, 62.31]",101.20224651656702,>64,background,0.0,,FP
9238,9238.jpg,1,swimmer,0.47025,"[2298.51, 1370.46, 35.18, 31.86]",33.47887094870435,32-64,class_confusion,0.5730991363525391,life_saving_appliances,FP
9238,9238.jpg,1,swimmer,0.40704,"[1829.93, 950.56, 68.71, 31.14]",46.25612824264478,32-64,localization,0.36454910039901733,swimmer,FP
9238,9238.jpg,1,swimmer,0.15796,"[2317.93, 1383.42, 60.5, 42.96]",50.98117299552845,32-64,duplicate,0.6285238862037659,swimmer,FP
9239,9239.jpg,1,swimmer,0.66533,"[1810.19, 950.64, 82.85, 34.26]",53.277021313132735,32-64,localization,0.42781302332878113,swimmer,FP
9239,9239.jpg,1,swimmer,0.58379,"[2306.02, 1436.48, 51.26, 32.7]",40.94144599302765,32-64,class_confusion,0.7868542671203613,life_saving_appliances,FP
9239,9239.jpg,1,swimmer,0.45606,"[1759.59, 2109.76, 161.23, 50.24]",90.00108443791108,>64,background,0.0,,FP
9239,9239.jpg,1,swimmer,0.41116,"[2295.75, 1371.28, 40.08, 28.44]",33.76203785318653,32-64,background,0.41426923871040344,,FP
9239,9239.jpg,1,swimmer,0.36806,"[2336.14, 1390.78, 40.34, 30.9]",35.30589185957494,32-64,localization,0.4942559599876404,swimmer,FP
9239,9239.jpg,1,swimmer,0.27877,"[2327.12, 1255.51, 54.15, 51.59]",52.854503119412634,32-64,localization,0.3448992371559143,swimmer,FP
9239,9239.jpg,1,swimmer,0.10006,"[2279.94, 1362.49, 44.83, 31.41]",37.52479580224255,32-64,background,0.3976961076259613,,FP
9240,9240.jpg,3,jetski,0.84691,"[1533.9, 1078.75, 54.5, 115.37]",79.29479806393356,>64,localization,0.43637731671333313,jetski,FP
9240,9240.jpg,1,swimmer,0.60775,"[1597.59, 959.44, 49.41, 32.78]",40.24499720462159,32-64,localization,0.17673568427562714,swimmer,FP
9240,9240.jpg,1,swimmer,0.60382,"[2123.54, 1243.01, 71.59, 56.84]",63.790090139456616,32-64,localization,0.46137768030166626,swimmer,FP
9240,9240.jpg,1,swimmer,0.59537,"[2110.77, 1420.29, 45.63, 34.65]",39.76279039504144,32-64,background,0.3337964117527008,,FP
9240,9240.jpg,1,swimmer,0.5302,"[1607.51, 958.37, 91.89, 33.15]",55.19196952456036,32-64,localization,0.2941414415836334,swimmer,FP
9240,9240.jpg,1,swimmer,0.43362,"[1675.57, 2135.19, 61.97, 24.81]",39.21065798988841,32-64,background,0.0,,FP
9240,9240.jpg,1,swimmer,0.38594,"[1602.63, 2133.95, 40.19, 26.05]",32.35659901782015,32-64,background,0.0,,FP
9240,9240.jpg,1,swimmer,0.34737,"[1714.93, 911.85, 37.15, 31.92]",34.435853408910894,32-64,background,0.043325405567884445,,FP
9240,9240.jpg,1,swimmer,0.29158,"[2086.89, 1343.93, 32.53, 37.6]",34.97324691818019,32-64,background,0.24020066857337952,,FP
9240,9240.jpg,1,swimmer,0.28082,"[2116.17, 1383.73, 52.25, 29.78]",39.446229224096946,32-64,localization,0.36072462797164917,swimmer,FP
9240,9240.jpg,1,swimmer,0.26755,"[2087.5, 1356.18, 34.78, 36.0]",35.38474247468815,32-64,background,0.222686767578125,,FP
9240,9240.jpg,1,swimmer,0.26571,"[1652.11, 955.17, 52.54, 32.88]",41.56338773488032,32-64,localization,0.2015015035867691,swimmer,FP
9240,9240.jpg,1,swimmer,0.2609,"[2138.58, 1385.73, 45.57, 28.79]",36.22099253195583,32-64,background,0.0954175516963005,,FP
9240,9240.jpg,1,swimmer,0.24165,"[2122.15, 1390.29, 43.12, 36.45]",39.644974460831726,32-64,localization,0.3234163522720337,swimmer,FP
9240,9240.jpg,1,swimmer,0.21743,"[1606.88, 2132.86, 129.19, 27.14]",59.213314381142354,32-64,background,0.0,,FP
9240,9240.jpg,1,swimmer,0.18525,"[1703.87, 911.76, 39.2, 32.59]",35.74252369377406,32-64,localization,0.23010694980621338,swimmer,FP
9241,9241.jpg,1,swimmer,0.56379,"[1908.25, 1376.39, 44.84, 29.08]",36.1102090827511,32-64,localization,0.4545934796333313,swimmer,FP
9241,9241.jpg,1,swimmer,0.51709,"[1892.18, 1418.1, 52.63, 35.22]",43.05378728985407,32-64,class_confusion,0.7040244936943054,life_saving_appliances,FP
9241,9241.jpg,1,swimmer,0.47855,"[1473.87, 934.03, 38.19, 27.92]",32.65371035579265,32-64,localization,0.49170437455177307,swimmer,FP
9241,9241.jpg,1,swimmer,0.44825,"[1877.78, 1357.21, 47.1, 35.11]",40.66547675854791,32-64,localization,0.3974192142486572,swimmer,FP
9241,9241.jpg,1,swimmer,0.15488,"[1894.75, 1245.52, 64.47, 57.45]",60.8588654182774,32-64,localization,0.4154781997203827,swimmer,FP
9241,9241.jpg,1,swimmer,0.14031,"[1879.46, 1343.97, 38.52, 39.96]",39.23339393934713,32-64,background,0.42221638560295105,,FP
9242,9242.jpg,1,swimmer,0.63826,"[1976.17, 1246.24, 68.38, 59.67]",63.876714067021325,32-64,localization,0.36247724294662476,swimmer,FP
9242,9242.jpg,1,swimmer,0.58921,"[1970.72, 1422.53, 55.27, 31.49]",41.718728408234114,32-64,class_confusion,0.5389564037322998,life_saving_appliances,FP
9242,9242.jpg,1,swimmer,0.51502,"[1431.52, 980.65, 94.46, 31.22]",54.30507526926005,32-64,localization,0.3547360599040985,swimmer,FP
9242,9242.jpg,1,swimmer,0.50923,"[1960.6, 1362.69, 65.81, 34.51]",47.65609195055759,32-64,localization,0.29815322160720825,swimmer,FP
9242,9242.jpg,1,swimmer,0.50655,"[1446.88, 978.95, 88.01, 30.06]",51.43520778610698,32-64,localization,0.44735249876976013,swimmer,FP
9242,9242.jpg,1,swimmer,0.41958,"[1559.41, 934.81, 27.16, 27.48]",27.319531474752637,16-32,localization,0.32160183787345886,swimmer,FP
9243,9243.jpg,1,swimmer,0.63763,"[2187.29, 1262.85, 73.05, 57.09]",64.57882392859133,>64,localization,0.3939756155014038,swimmer,FP
9243,9243.jpg,1,swimmer,0.5872,"[2171.29, 1371.88, 53.56, 34.12]",42.74888536558585,32-64,background,0.3370785415172577,,FP
9243,9243.jpg,1,swimmer,0.55267,"[2178.63, 1434.38, 50.56, 33.51]",41.16145770013497,32-64,background,0.45119160413742065,,FP
9243,9243.jpg,1,swimmer,0.4427,"[1674.23, 2137.7, 40.41, 22.3]",30.01904395546267,16-32,background,0.0,,FP
9243,9243.jpg,1,swimmer,0.43441,"[1785.36, 921.07, 30.89, 39.08]",34.74451323590532,32-64,localization,0.28235408663749695,swimmer,FP
9243,9243.jpg,1,swimmer,0.42696,"[1691.65, 969.37, 74.88, 38.8]",53.901243028338406,32-64,localization,0.3856825828552246,swimmer,FP
9243,9243.jpg,1,swimmer,0.41237,"[1660.13, 968.37, 94.93, 39.68]",61.37444419300268,32-64,localization,0.3049917221069336,swimmer,FP
9243,9243.jpg,1,swimmer,0.29134,"[1655.82, 971.65, 42.1, 36.43]",39.162520347904064,32-64,localization,0.3182154595851898,swimmer,FP
9243,9243.jpg,1,swimmer,0.22069,"[2176.65, 1379.24, 56.58, 42.16]",48.84068795584272,32-64,localization,0.23540979623794556,swimmer,FP
9243,9243.jpg,1,swimmer,0.19784,"[1786.75, 911.97, 28.62, 42.35]",34.81460900254375,32-64,localization,0.26032423973083496,swimmer,FP
9243,9243.jpg,1,swimmer,0.18109,"[1749.35, 2138.99, 49.72, 21.01]",32.320538361852826,32-64,background,0.0,,FP
9243,9243.jpg,1,swimmer,0.1386,"[1775.84, 921.67, 36.01, 31.39]",33.620736160887375,32-64,localization,0.17717020213603973,swimmer,FP
9244,9244.jpg,3,jetski,0.83669,"[1788.33, 1082.24, 63.91, 113.03]",84.99263085703372,>64,localization,0.48744988441467285,jetski,FP
9244,9244.jpg,1,swimmer,0.73117,"[2375.5, 1278.52, 82.14, 63.84]",72.41420855053241,>64,localization,0.3519585430622101,swimmer,FP
9244,9244.jpg,1,swimmer,0.70158,"[1851.05, 959.79, 111.33, 36.51]",63.7546727699233,32-64,localization,0.3911767899990082,swimmer,FP
9244,9244.jpg,1,swimmer,0.56798,"[2360.29, 1389.1, 50.6, 37.82]",43.745765509361014,32-64,background,0.30410557985305786,,FP
9244,9244.jpg,1,swimmer,0.55596,"[2361.87, 1448.93, 51.06, 39.38]",44.84130684982319,32-64,background,0.3238983154296875,,FP
9244,9244.jpg,1,swimmer,0.48359,"[1808.8, 2131.4, 73.94, 28.6]",45.98569342741283,32-64,background,0.0,,FP
9244,9244.jpg,1,swimmer,0.40541,"[1860.54, 2134.89, 78.28, 25.11]",44.33520948411093,32-64,background,0.0,,FP
9244,9244.jpg,1,swimmer,0.39943,"[1986.39, 911.93, 28.96, 38.9]",33.56402836371105,32-64,localization,0.10928798466920853,swimmer,FP
9244,9244.jpg,1,swimmer,0.30884,"[1854.17, 963.44, 112.61, 44.62]",70.88482348147592,>64,localization,0.3164394199848175,swimmer,FP
9244,9244.jpg,1,swimmer,0.25708,"[2359.92, 1408.51, 55.95, 36.14]",44.967021248910854,32-64,localization,0.28979602456092834,swimmer,FP
9244,9244.jpg,1,swimmer,0.21771,"[1984.84, 918.89, 27.88, 41.22]",33.90005309730355,32-64,background,0.07107338309288025,,FP
9244,9244.jpg,1,swimmer,0.11471,"[1799.75, 2132.33, 45.24, 27.67]",35.380655731628266,32-64,background,0.0,,FP
9245,9245.jpg,1,swimmer,0.60102,"[2926.4, 1559.68, 48.46, 35.03]",41.201381044814504,32-64,class_confusion,0.8482794761657715,life_saving_appliances,FP
9245,9245.jpg,1,swimmer,0.52001,"[2456.19, 977.67, 57.5, 38.55]",47.08104714213565,32-64,localization,0.49940788745880127,swimmer,FP
9245,9245.jpg,1,swimmer,0.44033,"[2231.6, 2133.49, 32.53, 26.51]",29.366142068715803,16-32,background,0.0,,FP
9245,9245.jpg,1,swimmer,0.37831,"[2937.26, 1485.73, 44.5, 46.58]",45.528123176779424,32-64,localization,0.3217853903770447,swimmer,FP
9245,9245.jpg,1,swimmer,0.23671,"[2511.96, 986.45, 57.16, 46.56]",51.588463826712264,32-64,duplicate,0.5334484577178955,swimmer,FP
9246,9246.jpg,3,jetski,0.79104,"[2176.55, 1077.96, 61.11, 119.41]",85.423328780843,>64,localization,0.1306874006986618,jetski,FP
9246,9246.jpg,1,swimmer,0.6852,"[2266.97, 957.17, 98.09, 39.16]",61.97745073815153,32-64,localization,0.46588847041130066,swimmer,FP
9246,9246.jpg,1,swimmer,0.65246,"[2754.35, 1363.35, 86.23, 61.33]",72.72197673330945,>64,localization,0.18748869001865387,swimmer,FP
9246,9246.jpg,1,swimmer,0.58196,"[2721.35, 1511.35, 52.28, 36.68]",43.79075701560776,32-64,background,0.06365762650966644,,FP
9246,9246.jpg,1,swimmer,0.55736,"[2418.51, 934.79, 28.64, 30.29]",29.453448015470105,16-32,background,0.0,,FP
9246,9246.jpg,1,swimmer,0.48649,"[2740.2, 1450.98, 39.95, 42.23]",41.07418288901192,32-64,background,0.0,,FP
9246,9246.jpg,3,jetski,0.29685,"[2014.87, 2117.18, 140.46, 42.82]",77.55318948953679,>64,background,0.0,,FP
9246,9246.jpg,1,swimmer,0.26168,"[2422.82, 935.14, 27.56, 25.64]",26.582671047131438,16-32,background,0.0,,FP
9247,9247.jpg,1,swimmer,0.57654,"[1858.53, 934.5, 80.57, 37.41]",54.90103550935993,32-64,localization,0.4490863084793091,swimmer,FP
9247,9247.jpg,1,swimmer,0.42983,"[2001.3, 903.26, 38.75, 28.22]",33.068489533088744,32-64,localization,0.46084970235824585,swimmer,FP
9247,9247.jpg,3,jetski,0.39238,"[1700.41, 2119.68, 136.05, 40.32]",74.06440440589527,>64,background,0.0,,FP
9247,9247.jpg,1,swimmer,0.34129,"[1853.87, 925.02, 99.61, 49.89]",70.49498492800747,>64,localization,0.3288028836250305,swimmer,FP
9247,9247.jpg,1,swimmer,0.15415,"[2462.69, 1199.52, 29.12, 32.72]",30.867562262025164,16-32,background,0.0,,FP
9248,9248.jpg,1,swimmer,0.58949,"[1881.3, 895.9, 32.59, 26.84]",29.575591287411317,16-32,localization,0.3631017506122589,swimmer,FP
9248,9248.jpg,1,swimmer,0.30122,"[2228.47, 1454.55, 41.15, 33.75]",37.266774746414534,32-64,background,0.4469478130340576,,FP
9248,9248.jpg,1,swimmer,0.24319,"[1594.65, 2128.5, 136.14, 31.5]",65.48595269216139,>64,background,0.0,,FP
9249,9249.jpg,1,swimmer,0.65392,"[1564.64, 2127.94, 137.13, 32.06]",66.305262234607,>64,background,0.0,,FP
9249,9249.jpg,1,swimmer,0.63236,"[2158.95, 1314.0, 79.32, 54.13]",65.52550343186995,>64,localization,0.45862528681755066,swimmer,FP
9249,9249.jpg,1,swimmer,0.54104,"[1799.72, 888.17, 34.73, 25.88]",29.980200132754284,16-32,localization,0.4071057140827179,swimmer,FP
9249,9249.jpg,1,swimmer,0.41094,"[1664.44, 926.77, 63.37, 36.13]",47.849327059008885,32-64,localization,0.2890872061252594,swimmer,FP
9249,9249.jpg,1,swimmer,0.16668,"[1558.56, 2127.15, 100.87, 32.85]",57.563699498902956,32-64,background,0.0,,FP
9250,9250.jpg,1,swimmer,0.37101,"[2214.01, 2135.08, 39.51, 24.92]",31.37816438225793,16-32,background,0.0,,FP
9250,9250.jpg,1,swimmer,0.3062,"[2626.74, 927.42, 23.51, 24.99]",24.23870664866424,16-32,localization,0.4575147330760956,swimmer,FP
9250,9250.jpg,1,swimmer,0.27646,"[2462.5, 951.97, 74.99, 33.55]",50.1588925316339,32-64,localization,0.3373126685619354,swimmer,FP
9250,9250.jpg,1,swimmer,0.24148,"[2615.97, 927.34, 36.7, 32.96]",34.77976423151831,32-64,localization,0.49586620926856995,swimmer,FP
9256,9256.jpg,1,swimmer,0.61072,"[2755.91, 1661.54, 69.43, 41.82]",53.884715829259044,32-64,background,0.48492154479026794,,FP
9256,9256.jpg,1,swimmer,0.15147,"[2575.39, 937.14, 41.01, 42.23]",41.61552955328094,32-64,localization,0.418626993894577,swimmer,FP
9257,9257.jpg,1,swimmer,0.60114,"[2706.67, 1663.75, 46.21, 34.63]",40.00315362568306,32-64,class_confusion,0.5307679176330566,life_saving_appliances,FP
9258,9258.jpg,1,swimmer,0.5982,"[2661.16, 1631.72, 45.49, 37.94]",41.543839495164626,32-64,class_confusion,0.566058337688446,life_saving_appliances,FP
9259,9259.jpg,1,swimmer,0.60314,"[2630.25, 1603.3, 43.47, 35.16]",39.09482318670849,32-64,class_confusion,0.5805444717407227,life_saving_appliances,FP
9259,9259.jpg,1,swimmer,0.30384,"[1967.29, 2137.1, 41.89, 22.9]",30.972261783731582,16-32,background,0.0,,FP
9260,9260.jpg,1,swimmer,0.59536,"[2602.42, 1572.13, 39.04, 37.89]",38.46070202167402,32-64,class_confusion,0.7474438548088074,life_saving_appliances,FP
9260,9260.jpg,3,jetski,0.29439,"[1910.06, 2100.13, 169.68, 59.87]",100.79058289344297,>64,background,0.0,,FP
9260,9260.jpg,1,swimmer,0.18209,"[2703.56, 1411.77, 78.18, 50.75]",62.98916573506908,32-64,duplicate,0.5069937109947205,swimmer,FP
9261,9261.jpg,1,swimmer,0.57723,"[2562.15, 1545.41, 44.14, 38.62]",41.2878529352157,32-64,class_confusion,0.5700552463531494,life_saving_appliances,FP
9261,9261.jpg,1,swimmer,0.182,"[2560.47, 1535.99, 44.67, 43.69]",44.17728262353854,32-64,class_confusion,0.5400607585906982,life_saving_appliances,FP
9261,9261.jpg,1,swimmer,0.15714,"[2658.29, 1390.71, 84.64, 61.41]",72.09537017035144,>64,localization,0.4579867720603943,swimmer,FP
9261,9261.jpg,3,jetski,0.1554,"[1874.77, 2067.43, 173.17, 92.29]",126.4193786569132,>64,class_confusion,0.8963697552680969,boat,FP
9262,9262.jpg,1,swimmer,0.64936,"[2508.49, 1500.99, 38.61, 35.64]",37.095288110486486,32-64,class_confusion,0.7292686700820923,life_saving_appliances,FP
9263,9263.jpg,1,swimmer,0.57748,"[2543.0, 1341.63, 77.36, 47.85]",60.84140037836079,32-64,localization,0.47275885939598083,swimmer,FP
9263,9263.jpg,1,swimmer,0.57261,"[2445.82, 1476.76, 37.54, 33.43]",35.42544565704149,32-64,class_confusion,0.8013648390769958,life_saving_appliances,FP
9264,9264.jpg,1,swimmer,0.6404,"[2472.02, 1331.76, 81.75, 52.14]",65.28740307287462,>64,localization,0.4412960410118103,swimmer,FP
9264,9264.jpg,1,swimmer,0.59504,"[2481.42, 1396.96, 51.64, 53.64]",52.63050066263858,32-64,localization,0.41968807578086853,swimmer,FP
9264,9264.jpg,1,swimmer,0.5272,"[2375.35, 1462.73, 43.21, 36.08]",39.48438678769116,32-64,class_confusion,0.737366795539856,life_saving_appliances,FP
9264,9264.jpg,1,swimmer,0.31057,"[2474.59, 1370.15, 66.85, 45.87]",55.375170428631634,32-64,background,0.22931008040905,,FP
9265,9265.jpg,1,swimmer,0.66145,"[2880.51, 1553.94, 50.87, 33.44]",41.24430627371492,32-64,class_confusion,0.7114014625549316,life_saving_appliances,FP
9265,9265.jpg,1,swimmer,0.65908,"[2989.83, 1499.07, 81.07, 63.59]",71.80000905292422,>64,localization,0.34424254298210144,swimmer,FP
9265,9265.jpg,1,swimmer,0.6353,"[2998.44, 1437.57, 97.68, 44.65]",66.04098727305642,>64,localization,0.4493957459926605,swimmer,FP
9265,9265.jpg,1,swimmer,0.28921,"[2991.6, 1497.11, 90.04, 48.5]",66.08282681604958,>64,localization,0.34257397055625916,swimmer,FP
9265,9265.jpg,1,swimmer,0.18375,"[2992.54, 1441.7, 90.42, 47.25]",65.36317770733,>64,localization,0.43026819825172424,swimmer,FP
9266,9266.jpg,1,swimmer,0.68931,"[2907.79, 1424.78, 98.69, 49.4]",69.8232482773467,>64,localization,0.36756816506385803,swimmer,FP
9266,9266.jpg,1,swimmer,0.6632,"[2890.33, 1492.55, 85.56, 58.28]",70.6147066835231,>64,localization,0.3926101326942444,swimmer,FP
9266,9266.jpg,1,swimmer,0.44604,"[2791.5, 1535.86, 43.96, 39.22]",41.52241804134244,32-64,class_confusion,0.5301542282104492,life_saving_appliances,FP
9266,9266.jpg,1,swimmer,0.43575,"[2791.97, 1542.99, 43.84, 41.05]",42.42206972791403,32-64,background,0.4986630082130432,,FP
9266,9266.jpg,1,swimmer,0.365,"[2897.04, 1482.86, 88.83, 53.47]",68.91835822188453,>64,localization,0.3562300205230713,swimmer,FP
9267,9267.jpg,1,swimmer,0.66637,"[2838.38, 1487.73, 80.12, 59.0]",68.75376353335139,>64,localization,0.31288033723831177,swimmer,FP
9267,9267.jpg,1,swimmer,0.60449,"[2728.74, 1535.67, 44.72, 35.44]",39.81051117481412,32-64,class_confusion,0.5330905318260193,life_saving_appliances,FP
9267,9267.jpg,1,swimmer,0.17603,"[2728.43, 1540.13, 44.57, 43.9]",44.23373147271209,32-64,background,0.4482003450393677,,FP
9268,9268.jpg,1,swimmer,0.72106,"[2768.06, 1491.77, 93.39, 56.79]",72.82594386618,>64,localization,0.3826022148132324,swimmer,FP
9268,9268.jpg,1,swimmer,0.55576,"[2668.51, 1535.55, 45.11, 34.31]",39.34112479327453,32-64,class_confusion,0.6011528372764587,life_saving_appliances,FP
9268,9268.jpg,1,swimmer,0.55573,"[2776.3, 1432.01, 94.65, 44.14]",64.63629785190362,>64,localization,0.3700464963912964,swimmer,FP
9268,9268.jpg,1,swimmer,0.3626,"[2773.58, 1483.24, 93.23, 53.86]",70.86161019903513,>64,localization,0.26287657022476196,swimmer,FP
9268,9268.jpg,1,swimmer,0.21184,"[2770.58, 1473.75, 91.22, 53.36]",69.76746519689533,>64,localization,0.2711864709854126,swimmer,FP
9268,9268.jpg,1,swimmer,0.11271,"[2669.21, 1538.49, 44.15, 45.53]",44.83469080968441,32-64,background,0.48677071928977966,,FP
9269,9269.jpg,1,swimmer,0.36126,"[2615.56, 1535.95, 46.78, 36.66]",41.412012749925594,32-64,class_confusion,0.6857324242591858,life_saving_appliances,FP
9269,9269.jpg,1,swimmer,0.10229,"[2615.69, 1540.3, 46.22, 43.71]",44.94748268813282,32-64,class_confusion,0.5820986032485962,life_saving_appliances,FP
9270,9270.jpg,3,jetski,0.8409,"[2972.49, 1043.76, 75.38, 110.28]",91.17514134894445,>64,localization,0.2853318154811859,jetski,FP
9270,9270.jpg,1,swimmer,0.6289,"[3299.96, 1588.86, 120.26, 44.9]",73.48247410097186,>64,localization,0.26209327578544617,swimmer,FP
9270,9270.jpg,1,swimmer,0.5271,"[3220.13, 1676.76, 125.41, 49.38]",78.69400104201083,>64,localization,0.1937449723482132,swimmer,FP
9270,9270.jpg,1,swimmer,0.43283,"[3165.87, 1678.69, 158.23, 45.56]",84.90558756642581,>64,background,0.21501024067401886,,FP
9271,9271.jpg,1,swimmer,0.70336,"[3299.19, 1604.45, 128.86, 45.3]",76.40260466764207,>64,localization,0.49337393045425415,swimmer,FP
9271,9271.jpg,1,swimmer,0.69578,"[3140.25, 1701.6, 98.57, 61.98]",78.16245006395333,>64,background,0.30936092138290405,,FP
9271,9271.jpg,1,swimmer,0.30081,"[3288.54, 1688.16, 74.69, 45.97]",58.5960689807772,32-64,localization,0.4711119532585144,swimmer,FP
9272,9272.jpg,1,swimmer,0.70999,"[3250.13, 1596.6, 129.75, 44.4]",75.90059288305987,>64,localization,0.48829174041748047,swimmer,FP
9272,9272.jpg,1,swimmer,0.70606,"[3107.55, 1706.39, 74.42, 52.38]",62.43492291978905,32-64,background,0.4622741639614105,,FP
9272,9272.jpg,1,swimmer,0.29011,"[3224.52, 1676.68, 87.37, 57.17]",70.67490997518144,>64,duplicate,0.8191125988960266,swimmer,FP
9272,9272.jpg,1,swimmer,0.22658,"[3106.31, 1688.7, 73.98, 67.72]",70.78082791264877,>64,background,0.3373315930366516,,FP
9272,9272.jpg,1,swimmer,0.14937,"[3110.58, 1679.15, 68.9, 57.01]",62.67367070788179,32-64,background,0.37805601954460144,,FP
9273,9273.jpg,1,swimmer,0.68695,"[3020.86, 1709.76, 64.86, 44.24]",53.56684048924297,32-64,class_confusion,0.5454672574996948,life_saving_appliances,FP
9273,9273.jpg,1,swimmer,0.6578,"[3164.98, 1586.95, 131.44, 55.45]",85.37182204919841,>64,localization,0.4953111708164215,swimmer,FP
9273,9273.jpg,1,swimmer,0.22146,"[3022.17, 1678.83, 65.16, 52.78]",58.644222221801186,32-64,background,0.3768378496170044,,FP
9273,9273.jpg,1,swimmer,0.16786,"[3016.42, 1696.6, 67.4, 54.06]",60.362604317573975,32-64,background,0.4372325837612152,,FP
9273,9273.jpg,1,swimmer,0.10767,"[3151.35, 1672.38, 103.95, 57.2]",77.1099215406163,>64,localization,0.48800596594810486,swimmer,FP
9274,9274.jpg,1,swimmer,0.55543,"[2898.94, 1701.5, 59.83, 38.56]",48.03170619497084,32-64,class_confusion,0.6434897184371948,life_saving_appliances,FP
9274,9274.jpg,1,swimmer,0.32157,"[2898.81, 1665.78, 60.78, 36.32]",46.98435484286232,32-64,class_confusion,0.6196972727775574,life_saving_appliances,FP
9812,9812.jpg,1,swimmer,0.48051,"[3796.93, 1667.1, 42.73, 47.97]",45.274254273262194,32-64,background,0.0,,FP
9812,9812.jpg,3,jetski,0.34232,"[2183.76, 242.27, 131.4, 58.84]",87.92938075524017,>64,localization,0.4966645836830139,jetski,FP
9812,9812.jpg,1,swimmer,0.32312,"[1944.71, 1245.58, 50.54, 37.0]",43.24326537161596,32-64,duplicate,0.8465539813041687,swimmer,FP
9812,9812.jpg,1,swimmer,0.1679,"[972.62, 1727.96, 34.26, 44.3]",38.95790035410019,32-64,duplicate,0.6496596336364746,swimmer,FP
9812,9812.jpg,1,swimmer,0.16094,"[3798.67, 1670.1, 41.33, 68.2]",53.09148707655494,32-64,background,0.0,,FP
9812,9812.jpg,1,swimmer,0.10698,"[868.1, 1413.43, 44.86, 32.93]",38.43487739020381,32-64,class_confusion,0.6104318499565125,life_saving_appliances,FP
9813,9813.jpg,1,swimmer,0.21435,"[3803.16, 1714.73, 36.84, 50.37]",43.077033324034744,32-64,background,0.0,,FP
9813,9813.jpg,3,jetski,0.11555,"[2182.34, 263.6, 165.73, 59.8]",99.55226767884295,>64,localization,0.41732868552207947,jetski,FP
9814,9814.jpg,1,swimmer,0.17462,"[950.83, 1679.97, 36.32, 43.98]",39.96690631009611,32-64,duplicate,0.6761183142662048,swimmer,FP
9814,9814.jpg,1,swimmer,0.1337,"[1943.76, 1246.05, 48.35, 32.38]",39.56732237592026,32-64,duplicate,0.638072669506073,swimmer,FP
9815,9815.jpg,1,swimmer,0.25589,"[1686.09, 1290.94, 38.82, 58.55]",47.67505637123044,32-64,duplicate,0.7974849939346313,swimmer,FP
9815,9815.jpg,1,swimmer,0.19881,"[1678.71, 1295.53, 45.42, 65.59]",54.58111211765477,32-64,duplicate,0.6843045949935913,swimmer,FP
9815,9815.jpg,1,swimmer,0.14316,"[939.16, 1664.51, 44.95, 35.28]",39.82255642220876,32-64,localization,0.47194841504096985,swimmer,FP
9816,9816.jpg,4,life_saving_appliances,0.55324,"[901.44, 1304.6, 34.89, 39.48]",37.11411052416587,32-64,duplicate,0.6435588598251343,life_saving_appliances,FP
9816,9816.jpg,4,life_saving_appliances,0.21104,"[887.99, 1295.97, 43.74, 35.27]",39.27734461493038,32-64,duplicate,0.5198184251785278,life_saving_appliances,FP
9816,9816.jpg,1,swimmer,0.14606,"[1970.41, 1254.11, 42.64, 42.04]",42.33893716190806,32-64,duplicate,0.5798064470291138,swimmer,FP
9816,9816.jpg,1,swimmer,0.13587,"[1678.73, 1293.03, 52.15, 69.22]",60.081802569496865,32-64,duplicate,0.7763146162033081,swimmer,FP
9816,9816.jpg,1,swimmer,0.11614,"[919.0, 1635.53, 36.06, 44.49]",40.05383127741964,32-64,localization,0.4139237701892853,swimmer,FP
9817,9817.jpg,1,swimmer,0.28248,"[1977.88, 1247.99, 38.48, 38.7]",38.5898432233146,32-64,duplicate,0.6236693263053894,swimmer,FP
9817,9817.jpg,1,swimmer,0.21768,"[905.15, 1583.97, 35.64, 43.36]",39.310945040789846,32-64,duplicate,0.5416247844696045,swimmer,FP
9817,9817.jpg,4,life_saving_appliances,0.14031,"[887.99, 1283.83, 45.91, 27.39]",35.46089254375868,32-64,localization,0.3308161497116089,life_saving_appliances,FP
9818,9818.jpg,3,jetski,0.40713,"[2082.01, 361.19, 152.53, 60.29]",95.89595246933001,>64,localization,0.4859703481197357,jetski,FP
9818,9818.jpg,1,swimmer,0.26684,"[893.42, 1557.21, 42.68, 33.56]",37.84627854888774,32-64,duplicate,0.513444185256958,swimmer,FP
9818,9818.jpg,1,swimmer,0.26647,"[1943.34, 1337.71, 49.76, 36.16]",42.41841109706963,32-64,duplicate,0.7741898894309998,swimmer,FP
9818,9818.jpg,4,life_saving_appliances,0.11927,"[928.28, 1266.43, 26.03, 29.6]",27.7576656079001,16-32,duplicate,0.515351414680481,life_saving_appliances,FP
9819,9819.jpg,3,jetski,0.55104,"[2095.34, 371.63, 156.09, 60.33]",97.04076308438634,>64,localization,0.4928368031978607,jetski,FP
9819,9819.jpg,4,life_saving_appliances,0.25253,"[943.14, 1241.72, 40.98, 27.21]",33.39260097686312,32-64,duplicate,0.639068603515625,life_saving_appliances,FP
9819,9819.jpg,1,swimmer,0.19147,"[3807.33, 2059.41, 32.53, 37.18]",34.77736907818071,32-64,background,0.0,,FP
9820,9820.jpg,1,swimmer,0.38497,"[3801.41, 2108.61, 37.11, 44.92]",40.82868109552401,32-64,background,0.0,,FP
9820,9820.jpg,1,swimmer,0.33708,"[875.06, 1497.05, 37.21, 29.21]",32.968228645166846,32-64,duplicate,0.587733268737793,swimmer,FP
9820,9820.jpg,1,swimmer,0.31399,"[875.5, 1487.98, 30.23, 39.36]",34.49424299792648,32-64,duplicate,0.6773947477340698,swimmer,FP
9822,9822.jpg,1,swimmer,0.29743,"[881.13, 1439.97, 30.01, 41.27]",35.1925091461237,32-64,duplicate,0.6717734932899475,swimmer,FP
9823,9823.jpg,4,life_saving_appliances,0.33157,"[1025.18, 1151.99, 28.04, 37.56]",32.45277183847321,32-64,duplicate,0.5727527737617493,life_saving_appliances,FP
9823,9823.jpg,1,swimmer,0.18084,"[893.62, 1428.4, 42.42, 31.81]",36.7339107637616,32-64,localization,0.49841734766960144,swimmer,FP
9824,9824.jpg,4,life_saving_appliances,0.16279,"[1031.99, 1139.28, 40.92, 30.72]",35.455075800229224,32-64,duplicate,0.5077717900276184,life_saving_appliances,FP
9824,9824.jpg,1,swimmer,0.12541,"[904.85, 1391.99, 31.6, 42.54]",36.664205978038034,32-64,duplicate,0.5579260587692261,swimmer,FP
9825,9825.jpg,1,swimmer,0.12994,"[911.07, 1374.93, 36.92, 41.18]",38.99186581839859,32-64,duplicate,0.5301356911659241,swimmer,FP
9825,9825.jpg,1,swimmer,0.10274,"[1922.38, 1319.25, 62.91, 48.11]",55.01454444053863,32-64,duplicate,0.547148585319519,swimmer,FP
9825,9825.jpg,1,swimmer,0.10221,"[1063.9, 1119.28, 40.52, 38.03]",39.25526206765152,32-64,class_confusion,0.5996201634407043,life_saving_appliances,FP
9826,9826.jpg,1,swimmer,0.14125,"[1923.77, 1316.72, 48.85, 46.82]",47.82423026040252,32-64,duplicate,0.7120828032493591,swimmer,FP
9826,9826.jpg,4,life_saving_appliances,0.10661,"[1079.44, 1107.02, 29.35, 45.01]",36.34616210826117,32-64,localization,0.49706482887268066,life_saving_appliances,FP
9827,9827.jpg,4,life_saving_appliances,0.20579,"[1079.96, 1098.71, 45.36, 27.65]",35.41474269283909,32-64,localization,0.474500447511673,life_saving_appliances,FP
9827,9827.jpg,1,swimmer,0.19203,"[1980.04, 1247.94, 50.31, 43.9]",46.995840241451155,32-64,duplicate,0.8019916415214539,swimmer,FP
9828,9828.jpg,1,swimmer,0.27474,"[1708.38, 1251.36, 43.8, 57.05]",49.987898535545575,32-64,duplicate,0.6332682371139526,swimmer,FP
9828,9828.jpg,1,swimmer,0.16614,"[943.13, 1294.73, 40.89, 27.64]",33.61844136779693,32-64,duplicate,0.5202975273132324,swimmer,FP
9829,9829.jpg,1,swimmer,0.32864,"[943.73, 1271.26, 40.33, 27.77]",33.46586469822646,32-64,duplicate,0.5355961918830872,swimmer,FP
9829,9829.jpg,4,life_saving_appliances,0.1958,"[1126.84, 1055.99, 33.86, 38.34]",36.03043713306848,32-64,duplicate,0.5909427404403687,life_saving_appliances,FP
9830,9830.jpg,1,swimmer,0.66918,"[2814.29, 1796.95, 72.02, 50.55]",60.33747591671365,32-64,localization,0.49091389775276184,swimmer,FP
9830,9830.jpg,4,life_saving_appliances,0.34294,"[1127.97, 1051.19, 43.17, 26.21]",33.637563823796754,32-64,duplicate,0.65020352602005,life_saving_appliances,FP
9830,9830.jpg,1,swimmer,0.25073,"[935.99, 1247.92, 40.33, 31.93]",35.88505120520242,32-64,duplicate,0.5404830574989319,swimmer,FP
9831,9831.jpg,1,swimmer,0.14616,"[1703.9, 1258.76, 47.17, 67.36]",56.36817541840431,32-64,duplicate,0.691424548625946,swimmer,FP
9831,9831.jpg,1,swimmer,0.13054,"[1156.52, 1027.16, 43.92, 33.24]",38.20864823570706,32-64,class_confusion,0.590899646282196,life_saving_appliances,FP
9831,9831.jpg,1,swimmer,0.10226,"[935.98, 1226.69, 44.31, 31.4]",37.30058980766926,32-64,localization,0.48298969864845276,swimmer,FP
9832,9832.jpg,1,swimmer,0.3655,"[962.12, 1210.06, 28.44, 37.96]",32.85699925434458,32-64,localization,0.45921790599823,swimmer,FP
9832,9832.jpg,1,swimmer,0.17038,"[965.22, 1209.63, 42.98, 28.32]",34.88830176434502,32-64,localization,0.42048415541648865,swimmer,FP
9832,9832.jpg,1,swimmer,0.11519,"[1703.82, 1258.66, 48.28, 56.21]",52.094325986617775,32-64,duplicate,0.597295880317688,swimmer,FP
9833,9833.jpg,1,swimmer,0.26747,"[1920.8, 1348.25, 50.29, 43.8]",46.932952176482566,32-64,duplicate,0.7330188751220703,swimmer,FP
9833,9833.jpg,1,swimmer,0.14793,"[2750.35, 1892.49, 94.78, 64.63]",78.2664129751709,>64,duplicate,0.7250521779060364,swimmer,FP
9834,9834.jpg,1,swimmer,0.31041,"[995.25, 1151.97, 36.8, 35.51]",36.14924618854451,32-64,localization,0.47139203548431396,swimmer,FP
9834,9834.jpg,1,swimmer,0.27756,"[983.99, 1151.97, 39.26, 34.59]",36.851097677002784,32-64,localization,0.45360714197158813,swimmer,FP
9834,9834.jpg,1,swimmer,0.1316,"[995.07, 1157.9, 37.0, 42.11]",39.472395417557316,32-64,localization,0.3589036762714386,swimmer,FP
9835,9835.jpg,1,swimmer,0.42569,"[2719.71, 1952.82, 97.97, 95.38]",96.66632609135407,>64,duplicate,0.8862012028694153,swimmer,FP
9835,9835.jpg,4,life_saving_appliances,0.27818,"[1223.98, 959.97, 41.2, 32.03]",36.32679451864698,32-64,duplicate,0.6274216175079346,life_saving_appliances,FP
9835,9835.jpg,1,swimmer,0.20583,"[1908.97, 1347.67, 45.7, 44.37]",45.03008993995015,32-64,duplicate,0.8204960227012634,swimmer,FP
9835,9835.jpg,4,life_saving_appliances,0.14263,"[1235.16, 965.18, 36.89, 42.83]",39.74919747617554,32-64,duplicate,0.5000115633010864,life_saving_appliances,FP
9835,9835.jpg,1,swimmer,0.13927,"[1007.36, 1127.84, 32.39, 41.18]",36.521503254931886,32-64,localization,0.40935051441192627,swimmer,FP
9837,9837.jpg,1,swimmer,0.3793,"[2021.23, 1302.08, 58.99, 41.95]",49.745658101989164,32-64,duplicate,0.8154484629631042,swimmer,FP
9837,9837.jpg,1,swimmer,0.1265,"[2043.46, 1304.54, 44.71, 39.48]",42.01369776632378,32-64,duplicate,0.556242048740387,swimmer,FP
9838,9838.jpg,1,swimmer,0.37206,"[2643.03, 2040.79, 81.94, 102.25]",91.533409201231,>64,duplicate,0.8190444707870483,swimmer,FP
9838,9838.jpg,1,swimmer,0.10828,"[2017.53, 1295.91, 81.43, 46.3]",61.40202765381613,32-64,duplicate,0.658094584941864,swimmer,FP
9838,9838.jpg,1,swimmer,0.10441,"[1085.19, 1087.51, 42.86, 26.22]",33.52296526263749,32-64,localization,0.4383169412612915,swimmer,FP
9839,9839.jpg,1,swimmer,0.12899,"[2028.07, 1309.17, 64.07, 36.04]",48.052916664860206,32-64,duplicate,0.629789412021637,swimmer,FP
9839,9839.jpg,1,swimmer,0.10021,"[2611.07, 2105.08, 82.86, 54.92]",67.45866289810375,>64,duplicate,0.518504798412323,swimmer,FP
9840,9840.jpg,2,boat,0.51103,"[0.0, 761.61, 44.84, 98.73]",66.53610448470815,>64,background,0.0,,FP
9840,9840.jpg,1,swimmer,0.35098,"[2563.94, 2097.13, 42.81, 54.9]",48.47957301792169,32-64,background,0.0,,FP
9840,9840.jpg,1,swimmer,0.33862,"[2572.55, 2133.21, 51.21, 26.79]",37.03938309421473,32-64,background,0.0,,FP
9840,9840.jpg,2,boat,0.23289,"[2.89, 747.48, 48.2, 110.24]",72.89422473694333,>64,background,0.0,,FP
9840,9840.jpg,1,swimmer,0.22381,"[2566.44, 2123.84, 48.74, 36.16]",41.98140540763256,32-64,background,0.0,,FP
9840,9840.jpg,1,swimmer,0.11214,"[2565.7, 2100.49, 54.41, 55.32]",54.86311329117223,32-64,background,0.0,,FP
9841,9841.jpg,2,boat,0.69,"[0.0, 723.63, 118.98, 119.1]",119.0399848790313,>64,background,0.0,,FP
9841,9841.jpg,4,life_saving_appliances,0.36904,"[1356.6, 920.98, 30.94, 39.07]",34.76817222690891,32-64,duplicate,0.5830019116401672,life_saving_appliances,FP
9841,9841.jpg,1,swimmer,0.28648,"[2512.1, 2118.56, 46.16, 41.44]",43.73637387804343,32-64,background,0.0,,FP
9841,9841.jpg,1,swimmer,0.1688,"[1357.15, 922.49, 35.21, 26.42]",30.499970491789007,16-32,class_confusion,0.7781450748443604,life_saving_appliances,FP
9842,9842.jpg,1,swimmer,0.45611,"[1868.96, 1349.31, 52.45, 42.74]",47.34673167178491,32-64,duplicate,0.7213233113288879,swimmer,FP
9842,9842.jpg,1,swimmer,0.36065,"[2015.41, 1340.17, 69.63, 26.72]",43.13367130212776,32-64,duplicate,0.5931888818740845,swimmer,FP
9842,9842.jpg,2,boat,0.22816,"[0.13, 696.18, 144.14, 177.3]",159.86250967628402,>64,localization,0.4370551109313965,boat,FP
9842,9842.jpg,2,boat,0.21253,"[0.22, 751.84, 84.72, 122.11]",101.71115573033275,>64,duplicate,0.5611979365348816,boat,FP
9842,9842.jpg,1,swimmer,0.20191,"[1383.05, 915.25, 28.35, 23.3]",25.701264560328546,16-32,class_confusion,0.8195451498031616,life_saving_appliances,FP
9843,9843.jpg,1,swimmer,0.32552,"[1870.21, 1352.56, 50.86, 39.45]",44.79315795967058,32-64,duplicate,0.7962537407875061,swimmer,FP
9843,9843.jpg,2,boat,0.20711,"[2.73, 687.56, 227.54, 138.87]",177.7596123983173,>64,localization,0.4084091782569885,boat,FP
9844,9844.jpg,4,life_saving_appliances,0.35431,"[1223.93, 997.69, 27.57, 23.98]",25.712421122873668,16-32,class_confusion,0.647892415523529,swimmer,FP
9844,9844.jpg,2,boat,0.2892,"[1.1, 720.16, 190.15, 72.91]",117.74479394011439,>64,duplicate,0.7546942234039307,boat,FP
9844,9844.jpg,1,swimmer,0.17992,"[2039.52, 1343.81, 48.65, 39.33]",43.742479353598604,32-64,duplicate,0.6325232982635498,swimmer,FP
9845,9845.jpg,2,boat,0.22501,"[48.27, 648.56, 330.8, 115.09]",195.11989134888324,>64,localization,0.3906831741333008,boat,FP
9845,9845.jpg,4,life_saving_appliances,0.18745,"[1468.96, 883.6, 43.06, 28.51]",35.037702550252924,32-64,localization,0.4698432683944702,life_saving_appliances,FP
9845,9845.jpg,1,swimmer,0.18711,"[2059.98, 1343.98, 41.3, 42.71]",41.999083323329806,32-64,duplicate,0.5750967264175415,swimmer,FP
9846,9846.jpg,2,boat,0.47914,"[111.5, 624.9, 258.06, 102.06]",162.28864285586963,>64,duplicate,0.524377167224884,boat,FP
9846,9846.jpg,1,swimmer,0.39625,"[1272.0, 959.86, 35.12, 27.3]",30.964108254558212,16-32,localization,0.43573302030563354,swimmer,FP
9846,9846.jpg,2,boat,0.23323,"[120.01, 563.23, 317.31, 110.36]",187.13185618702124,>64,duplicate,0.7704485058784485,boat,FP
9846,9846.jpg,4,life_saving_appliances,0.13613,"[1491.64, 872.08, 29.69, 40.23]",34.560507808769245,32-64,localization,0.4392639696598053,life_saving_appliances,FP
9846,9846.jpg,1,swimmer,0.134,"[2038.99, 1357.55, 60.28, 34.98]",45.91943379441867,32-64,duplicate,0.6586019992828369,swimmer,FP
9846,9846.jpg,1,swimmer,0.13046,"[1280.48, 959.69, 39.54, 28.28]",33.43936602269846,32-64,localization,0.3809628188610077,swimmer,FP
9847,9847.jpg,2,boat,0.60659,"[185.68, 543.89, 238.41, 149.54]",188.8169256184413,>64,localization,0.3829043507575989,boat,FP
9847,9847.jpg,4,life_saving_appliances,0.25423,"[1511.95, 862.52, 42.68, 25.36]",32.89931306273734,32-64,duplicate,0.5809428095817566,life_saving_appliances,FP
9848,9848.jpg,2,boat,0.45227,"[255.16, 602.18, 189.76, 64.11]",110.29738709507129,>64,duplicate,0.8366138339042664,boat,FP
9848,9848.jpg,1,swimmer,0.27579,"[1341.44, 922.14, 27.26, 37.86]",32.125746683929385,32-64,localization,0.4744865894317627,swimmer,FP
9848,9848.jpg,2,boat,0.2195,"[257.49, 562.92, 266.39, 98.24]",161.771918453111,>64,localization,0.4296456277370453,boat,FP
9848,9848.jpg,1,swimmer,0.18546,"[1341.97, 911.99, 26.88, 39.14]",32.43583203804089,32-64,localization,0.49900999665260315,swimmer,FP
9849,9849.jpg,1,swimmer,0.45939,"[1367.99, 911.7, 35.12, 28.11]",31.420108211144022,16-32,localization,0.4091338813304901,swimmer,FP
9849,9849.jpg,2,boat,0.32048,"[326.99, 564.53, 194.58, 72.26]",118.57635008719066,>64,duplicate,0.7735596299171448,boat,FP
9849,9849.jpg,1,swimmer,0.1581,"[1375.87, 911.55, 40.15, 28.1]",33.58891186091029,32-64,localization,0.36380159854888916,swimmer,FP
9850,9850.jpg,2,boat,0.36208,"[403.64, 492.58, 241.14, 116.57]",167.65944590150593,>64,localization,0.43937644362449646,boat,FP
9850,9850.jpg,4,life_saving_appliances,0.32039,"[1411.17, 898.34, 24.25, 24.48]",24.364728605096342,16-32,class_confusion,0.6151687502861023,swimmer,FP
9851,9851.jpg,2,boat,0.48469,"[479.6, 478.27, 262.56, 102.18]",163.79371416510466,>64,localization,0.4419843256473541,boat,FP
9851,9851.jpg,4,life_saving_appliances,0.15589,"[1628.07, 815.99, 29.9, 38.48]",33.9197877351849,32-64,localization,0.4950515925884247,life_saving_appliances,FP
9852,9852.jpg,1,swimmer,0.24108,"[1463.99, 863.99, 34.18, 36.98]",35.55244576678234,32-64,localization,0.3797539174556732,swimmer,FP
9852,9852.jpg,1,swimmer,0.18578,"[1463.99, 872.89, 35.7, 39.12]",37.3708977681832,32-64,localization,0.3082853853702545,swimmer,FP
9852,9852.jpg,4,life_saving_appliances,0.12066,"[1652.15, 828.56, 29.05, 35.54]",32.131557696445405,32-64,localization,0.39746347069740295,life_saving_appliances,FP
9853,9853.jpg,1,swimmer,0.22961,"[2032.01, 1367.27, 65.47, 41.08]",51.86046278235473,32-64,duplicate,0.695443868637085,swimmer,FP
9854,9854.jpg,4,life_saving_appliances,0.32767,"[1532.12, 856.56, 28.05, 24.26]",26.08626075159106,16-32,class_confusion,0.5860382914543152,swimmer,FP
9854,9854.jpg,4,life_saving_appliances,0.15699,"[1713.59, 815.93, 38.44, 28.67]",33.197511954964334,32-64,localization,0.4482731223106384,life_saving_appliances,FP
9855,9855.jpg,1,swimmer,0.36567,"[1559.99, 850.57, 30.87, 23.35]",26.847988751487513,16-32,localization,0.47844481468200684,swimmer,FP
9856,9856.jpg,1,swimmer,0.14087,"[1871.32, 1319.75, 45.8, 45.86]",45.82999018110303,32-64,duplicate,0.7750949263572693,swimmer,FP
9856,9856.jpg,1,swimmer,0.11443,"[2027.69, 1383.97, 63.92, 39.84]",50.46357894561186,32-64,duplicate,0.5254589915275574,swimmer,FP
9857,9857.jpg,1,swimmer,0.10828,"[1637.02, 831.73, 43.25, 29.84]",35.92464335243984,32-64,localization,0.35332950949668884,swimmer,FP
9858,9858.jpg,4,life_saving_appliances,0.26903,"[1847.91, 786.28, 38.38, 29.96]",33.90965644178661,32-64,duplicate,0.7400870323181152,life_saving_appliances,FP
9858,9858.jpg,1,swimmer,0.19913,"[1674.84, 815.97, 29.63, 34.38]",31.916757354092223,16-32,localization,0.45352834463119507,swimmer,FP
9858,9858.jpg,1,swimmer,0.13481,"[1674.33, 822.16, 30.01, 41.85]",35.43894044691517,32-64,localization,0.36420920491218567,swimmer,FP
9859,9859.jpg,4,life_saving_appliances,0.3501,"[1715.68, 810.13, 36.34, 23.03]",28.929400270313245,16-32,class_confusion,0.5092370510101318,swimmer,FP
9859,9859.jpg,4,life_saving_appliances,0.22315,"[1704.0, 810.67, 37.82, 22.03]",28.864763986563272,16-32,background,0.4917169213294983,,FP
9859,9859.jpg,4,life_saving_appliances,0.12787,"[1883.47, 767.99, 38.73, 36.78]",37.74240850820202,32-64,duplicate,0.5289283990859985,life_saving_appliances,FP
9861,9861.jpg,1,swimmer,0.13517,"[2038.99, 1386.52, 49.42, 36.52]",42.483154308502094,32-64,duplicate,0.5696848034858704,swimmer,FP
9862,9862.jpg,1,swimmer,0.45634,"[2038.21, 1383.68, 57.9, 36.05]",45.6869237309758,32-64,duplicate,0.5192845463752747,swimmer,FP
9862,9862.jpg,1,swimmer,0.15794,"[1903.01, 1295.98, 52.02, 44.58]",48.15653226718054,32-64,duplicate,0.6146336197853088,swimmer,FP
10416,10416.jpg,1,swimmer,0.72104,"[3608.49, 1699.21, 56.66, 99.94]",75.25025182682114,>64,localization,0.35886409878730774,swimmer,FP
10416,10416.jpg,1,swimmer,0.71111,"[3731.07, 1847.11, 79.19, 68.96]",73.8981894230163,>64,localization,0.4410560131072998,swimmer,FP
10416,10416.jpg,1,swimmer,0.67429,"[3345.62, 2118.01, 94.38, 41.99]",62.952491610737695,32-64,background,0.0,,FP
10416,10416.jpg,1,swimmer,0.64022,"[2886.84, 1241.53, 71.87, 46.65]",57.90281081260218,32-64,localization,0.3438536524772644,swimmer,FP
10416,10416.jpg,1,swimmer,0.63044,"[3123.08, 1125.03, 45.93, 54.8]",50.16935319495359,32-64,localization,0.2756517827510834,swimmer,FP
10416,10416.jpg,1,swimmer,0.60331,"[3345.94, 1902.16, 50.53, 47.92]",49.207698584672706,32-64,localization,0.3406197428703308,swimmer,FP
10416,10416.jpg,1,swimmer,0.5394,"[3745.76, 1769.77, 62.74, 54.13]",58.276206122224536,32-64,localization,0.44728440046310425,swimmer,FP
10416,10416.jpg,1,swimmer,0.12349,"[3721.58, 1763.95, 88.14, 75.85]",81.76441157374032,>64,localization,0.34328439831733704,swimmer,FP
10417,10417.jpg,1,swimmer,0.71757,"[3356.91, 1561.0, 62.07, 96.44]",77.36944358078323,>64,localization,0.48650142550468445,swimmer,FP
10417,10417.jpg,1,swimmer,0.68111,"[2680.93, 1119.73, 67.86, 43.01]",54.02461105829453,32-64,localization,0.42071935534477234,swimmer,FP
10417,10417.jpg,1,swimmer,0.56909,"[2906.36, 1005.16, 60.67, 60.18]",60.42450330784689,32-64,localization,0.4603408873081207,swimmer,FP
10417,10417.jpg,1,swimmer,0.54471,"[3470.92, 1628.69, 83.33, 55.71]",68.1345308929327,>64,localization,0.45386844873428345,swimmer,FP
10417,10417.jpg,1,swimmer,0.52002,"[3101.24, 1757.76, 45.4, 42.25]",43.79668937259984,32-64,localization,0.4167044162750244,swimmer,FP
10417,10417.jpg,1,swimmer,0.20997,"[3474.12, 1683.64, 88.21, 65.03]",75.73834101695125,>64,localization,0.44720208644866943,swimmer,FP
10419,10419.jpg,1,swimmer,0.73745,"[3443.89, 1569.84, 101.86, 86.41]",93.8174962360433,>64,localization,0.2097477912902832,swimmer,FP
10419,10419.jpg,1,swimmer,0.70879,"[3668.38, 1657.59, 78.46, 120.44]",97.2096826453003,>64,localization,0.1420798897743225,swimmer,FP
10419,10419.jpg,1,swimmer,0.68592,"[2733.19, 1045.06, 60.7, 39.53]",48.98439547447738,32-64,background,0.01786523498594761,,FP
10419,10419.jpg,1,swimmer,0.68516,"[3411.22, 1750.81, 84.64, 59.28]",70.83402572210618,>64,localization,0.18132980167865753,swimmer,FP
10419,10419.jpg,1,swimmer,0.66549,"[2966.68, 1951.34, 97.82, 93.19]",95.47693857681026,>64,localization,0.3756791949272156,swimmer,FP
10419,10419.jpg,4,life_saving_appliances,0.6602,"[2897.54, 1039.96, 24.41, 36.63]",29.902145407980345,16-32,background,0.0,,FP
10419,10419.jpg,1,swimmer,0.62282,"[3019.94, 1711.8, 49.34, 44.59]",46.90491019072524,32-64,background,0.08993284404277802,,FP
10419,10419.jpg,1,swimmer,0.62253,"[3316.59, 1572.08, 52.98, 97.54]",71.88650221008113,>64,background,0.06693366914987564,,FP
10419,10419.jpg,1,swimmer,0.58601,"[2993.35, 967.43, 54.72, 52.58]",53.63932885486171,32-64,background,0.05598895251750946,,FP
10419,10419.jpg,1,swimmer,0.57564,"[3769.46, 1039.12, 69.27, 52.09]",60.06891292507298,32-64,background,0.0,,FP
10419,10419.jpg,1,swimmer,0.5461,"[3444.6, 1668.1, 59.86, 59.12]",59.48884937532411,32-64,background,0.02711963839828968,,FP
10419,10419.jpg,1,swimmer,0.12066,"[3773.52, 1041.46, 66.48, 79.26]",72.58928846599889,>64,background,0.0,,FP
10420,10420.jpg,1,swimmer,0.26335,"[3756.32, 2020.08, 83.68, 112.03]",96.82288159314409,>64,localization,0.271836519241333,swimmer,FP
10420,10420.jpg,1,swimmer,0.182,"[3769.32, 2001.04, 69.98, 93.88]",81.05382409238938,>64,background,0.050515737384557724,,FP
10420,10420.jpg,1,swimmer,0.15447,"[3736.82, 2061.78, 98.1, 85.43]",91.54607036896778,>64,duplicate,0.6071571707725525,swimmer,FP
10420,10420.jpg,1,swimmer,0.10244,"[3444.26, 1264.96, 45.01, 37.59]",41.13302687622198,32-64,background,0.0,,FP
10420,10420.jpg,1,swimmer,0.10048,"[3191.47, 2139.62, 34.65, 20.38]",26.57380288931187,16-32,background,0.0,,FP
10421,10421.jpg,1,swimmer,0.31617,"[3702.75, 1960.52, 79.91, 83.4]",81.63635219680017,>64,duplicate,0.7148154377937317,swimmer,FP
10421,10421.jpg,1,swimmer,0.1268,"[3787.77, 1876.27, 47.3, 46.43]",46.86298112583108,32-64,duplicate,0.5622959733009338,swimmer,FP
10421,10421.jpg,1,swimmer,0.11313,"[3328.27, 1273.62, 84.92, 58.16]",70.27764367136963,>64,localization,0.41871270537376404,swimmer,FP
10422,10422.jpg,1,swimmer,0.54149,"[3564.41, 1980.82, 119.22, 114.19]",116.67789764989769,>64,localization,0.36298370361328125,swimmer,FP
10422,10422.jpg,1,swimmer,0.45012,"[3606.03, 1943.39, 80.92, 125.9]",100.93477101574067,>64,localization,0.38288161158561707,swimmer,FP
10422,10422.jpg,1,swimmer,0.37982,"[3586.98, 1945.33, 99.35, 142.73]",119.08075201307724,>64,localization,0.27285462617874146,swimmer,FP
10422,10422.jpg,1,swimmer,0.11211,"[3692.46, 1861.75, 57.28, 72.86]",64.60201854431484,>64,localization,0.39824098348617554,swimmer,FP
10423,10423.jpg,1,swimmer,0.67293,"[3184.68, 1224.91, 90.3, 55.38]",70.71643373360962,>64,localization,0.45442670583724976,swimmer,FP
10423,10423.jpg,1,swimmer,0.58913,"[3199.1, 1980.75, 53.87, 46.32]",49.952561495883266,32-64,localization,0.48049554228782654,swimmer,FP
10424,10424.jpg,1,swimmer,0.62022,"[2979.24, 1915.35, 49.81, 47.63]",48.70780532933095,32-64,localization,0.4242715537548065,swimmer,FP
10424,10424.jpg,1,swimmer,0.34222,"[3758.01, 2122.69, 45.69, 37.31]",41.287938916831386,32-64,background,0.0,,FP
10424,10424.jpg,3,jetski,0.20289,"[2914.48, 711.95, 148.89, 83.81]",111.70707632016871,>64,localization,0.26726192235946655,jetski,FP
10424,10424.jpg,1,swimmer,0.15608,"[3375.13, 2073.69, 121.05, 86.31]",102.21460512079476,>64,localization,0.3630140721797943,swimmer,FP
10424,10424.jpg,1,swimmer,0.12019,"[3760.0, 2121.54, 62.14, 38.46]",48.88664848401862,32-64,background,0.0,,FP
10425,10425.jpg,1,swimmer,0.75985,"[3383.09, 2057.16, 108.42, 91.07]",99.3670438324498,>64,localization,0.4996151030063629,swimmer,FP
10425,10425.jpg,1,swimmer,0.70912,"[3231.42, 1894.87, 79.38, 99.15]",88.71599066684652,>64,localization,0.47176000475883484,swimmer,FP
10425,10425.jpg,1,swimmer,0.70566,"[3073.91, 2047.03, 104.03, 63.83]",81.487636485543,>64,localization,0.4716147184371948,swimmer,FP
10425,10425.jpg,1,swimmer,0.68364,"[2933.79, 1252.38, 51.1, 58.24]",54.55331337324984,32-64,localization,0.4401096999645233,swimmer,FP
10425,10425.jpg,1,swimmer,0.66492,"[2690.43, 1845.27, 49.46, 47.68]",48.561845104979284,32-64,localization,0.34624841809272766,swimmer,FP
10425,10425.jpg,1,swimmer,0.6637,"[3154.96, 1989.82, 74.08, 65.37]",69.58886117763387,>64,localization,0.40942734479904175,swimmer,FP
10425,10425.jpg,1,swimmer,0.62558,"[2479.33, 2049.28, 60.08, 72.74]",66.1076334472805,>64,localization,0.33024346828460693,swimmer,FP
10425,10425.jpg,1,swimmer,0.62253,"[3065.33, 1170.74, 55.72, 48.75]",52.11861471681687,32-64,localization,0.4716123044490814,swimmer,FP
10425,10425.jpg,1,swimmer,0.29964,"[2937.97, 1232.39, 45.25, 77.66]",59.27997132253017,32-64,localization,0.37511205673217773,swimmer,FP
10425,10425.jpg,3,jetski,0.19888,"[2683.06, 665.34, 164.4, 81.18]",115.52485446863805,>64,localization,0.3015018701553345,jetski,FP
10425,10425.jpg,1,swimmer,0.12278,"[3242.58, 1903.43, 81.79, 96.97]",89.05715187451258,>64,localization,0.3415329158306122,swimmer,FP
10425,10425.jpg,1,swimmer,0.11648,"[3168.7, 1967.88, 91.69, 53.62]",70.11717193384227,>64,localization,0.12946699559688568,swimmer,FP
10426,10426.jpg,1,swimmer,0.80195,"[2873.94, 1790.48, 73.12, 119.37]",93.42555539037487,>64,localization,0.4628603160381317,swimmer,FP
10426,10426.jpg,1,swimmer,0.75363,"[3026.51, 1955.86, 90.25, 94.2]",92.20385024498707,>64,localization,0.43940579891204834,swimmer,FP
10426,10426.jpg,1,swimmer,0.74159,"[2714.22, 1946.43, 105.77, 66.28]",83.7283440657941,>64,localization,0.4982222020626068,swimmer,FP
10426,10426.jpg,1,swimmer,0.73857,"[2763.47, 1081.92, 59.4, 64.34]",61.82067615288594,32-64,localization,0.46709564328193665,swimmer,FP
10426,10426.jpg,1,swimmer,0.69154,"[2629.06, 1167.9, 52.15, 59.97]",55.92347896903411,32-64,localization,0.4090217649936676,swimmer,FP
10426,10426.jpg,1,swimmer,0.68215,"[2358.91, 1750.69, 46.2, 48.11]",47.145328506650586,32-64,localization,0.3305171728134155,swimmer,FP
10426,10426.jpg,1,swimmer,0.66124,"[2144.04, 1943.71, 57.82, 66.04]",61.79346891055721,32-64,localization,0.3672797977924347,swimmer,FP
10426,10426.jpg,1,swimmer,0.57761,"[2799.96, 1881.28, 77.31, 77.73]",77.5197155567537,>64,localization,0.47871705889701843,swimmer,FP
10426,10426.jpg,1,swimmer,0.53488,"[1758.04, 2126.83, 99.99, 33.17]",57.59052265781237,32-64,background,0.0,,FP
10426,10426.jpg,1,swimmer,0.37333,"[2713.42, 1930.93, 117.17, 78.46]",95.88095848498804,>64,localization,0.4493768811225891,swimmer,FP
10426,10426.jpg,1,swimmer,0.22068,"[2603.32, 1165.63, 76.04, 63.19]",69.31787359693026,>64,localization,0.49399638175964355,swimmer,FP
10426,10426.jpg,1,swimmer,0.17179,"[2750.84, 1855.16, 121.71, 81.67]",99.69982798380346,>64,localization,0.34946173429489136,swimmer,FP
10426,10426.jpg,1,swimmer,0.13881,"[2642.83, 1121.06, 38.03, 71.68]",52.21101799428929,32-64,localization,0.13432066142559052,swimmer,FP
10427,10427.jpg,1,swimmer,0.6921,"[2444.5, 1847.28, 89.4, 58.44]",72.2809518476341,>64,localization,0.4973312020301819,swimmer,FP
10427,10427.jpg,1,swimmer,0.68109,"[2386.21, 1068.78, 48.23, 58.11]",52.940016055909915,32-64,localization,0.4779743552207947,swimmer,FP
10427,10427.jpg,1,swimmer,0.6738,"[1873.57, 1829.83, 56.76, 70.42]",63.222141691024675,32-64,localization,0.41823989152908325,swimmer,FP
10427,10427.jpg,1,swimmer,0.65993,"[2536.76, 1004.08, 49.46, 55.57]",52.42606412844665,32-64,localization,0.49671998620033264,swimmer,FP
10427,10427.jpg,1,swimmer,0.63451,"[2096.2, 1648.25, 45.93, 42.59]",44.2284829041196,32-64,localization,0.4041140675544739,swimmer,FP
10427,10427.jpg,1,swimmer,0.62335,"[2527.35, 1793.62, 66.6, 61.52]",64.00962427635395,>64,localization,0.4272746443748474,swimmer,FP
10427,10427.jpg,3,jetski,0.15728,"[2217.22, 522.18, 159.89, 126.46]",142.1959542321792,>64,duplicate,0.5492238402366638,jetski,FP
10428,10428.jpg,3,jetski,0.13759,"[2115.31, 467.8, 133.35, 78.31]",102.18922888445728,>64,localization,0.30028313398361206,jetski,FP
10429,10429.jpg,1,swimmer,0.62697,"[2848.37, 1779.1, 49.56, 129.45]",80.09707859841082,>64,localization,0.48631900548934937,swimmer,FP
10429,10429.jpg,1,swimmer,0.39263,"[2634.96, 1906.19, 98.47, 63.42]",79.02510613722706,>64,duplicate,0.7779994010925293,swimmer,FP
10430,10430.jpg,1,swimmer,0.65266,"[2622.88, 1899.22, 159.67, 62.74]",100.08843989192758,>64,localization,0.4779542088508606,swimmer,FP
10430,10430.jpg,1,swimmer,0.49116,"[2669.48, 1878.13, 130.89, 68.73]",94.847613043239,>64,localization,0.3349945545196533,swimmer,FP
10432,10432.jpg,1,swimmer,0.71886,"[2841.1, 1770.54, 75.24, 115.42]",93.1890594436922,>64,localization,0.37493377923965454,swimmer,FP
10433,10433.jpg,1,swimmer,0.18488,"[2730.27, 1946.03, 122.21, 65.77]",89.65350913377567,>64,localization,0.3712337911128998,swimmer,FP
10433,10433.jpg,1,swimmer,0.14173,"[2683.79, 1024.03, 52.63, 45.51]",48.94069165837361,32-64,duplicate,0.6342832446098328,swimmer,FP
10434,10434.jpg,1,swimmer,0.10277,"[2711.38, 1075.02, 50.89, 58.97]",54.78123127495402,32-64,localization,0.46784886717796326,swimmer,FP
10435,10435.jpg,1,swimmer,0.74812,"[3102.34, 1401.31, 109.83, 51.57]",75.25910642573429,>64,localization,0.3993614614009857,swimmer,FP
10435,10435.jpg,1,swimmer,0.64134,"[2089.56, 2131.01, 70.14, 28.99]",45.09277769222029,32-64,background,0.0,,FP
10438,10438.jpg,3,jetski,0.27982,"[2904.58, 913.23, 87.84, 92.69]",90.2324198944038,>64,localization,0.17131462693214417,jetski,FP
10438,10438.jpg,3,jetski,0.10721,"[2904.99, 912.5, 92.92, 127.3]",108.75990069874099,>64,localization,0.2488892376422882,jetski,FP
10440,10440.jpg,3,jetski,0.1138,"[2920.54, 795.23, 449.87, 301.32]",368.1777130680237,>64,class_confusion,0.5597975254058838,boat,FP
10443,10443.jpg,1,swimmer,0.54545,"[2738.52, 2132.01, 47.71, 27.99]",36.54316488756824,32-64,background,0.0,,FP
10443,10443.jpg,1,swimmer,0.11304,"[2811.15, 1986.57, 53.08, 110.74]",76.66863243856642,>64,duplicate,0.7167545557022095,swimmer,FP
10444,10444.jpg,1,swimmer,0.70301,"[2318.59, 1652.21, 43.96, 45.96]",44.9488776278118,32-64,localization,0.45583900809288025,swimmer,FP
10444,10444.jpg,1,swimmer,0.66532,"[2826.1, 1988.31, 77.04, 77.41]",77.22477840693361,>64,localization,0.43681472539901733,swimmer,FP
10444,10444.jpg,1,swimmer,0.62378,"[2555.79, 1947.03, 141.05, 64.49]",95.37460091659624,>64,localization,0.36747172474861145,swimmer,FP
10444,10444.jpg,1,swimmer,0.51459,"[2559.44, 1921.01, 142.9, 86.83]",111.39123394594388,>64,localization,0.3282661437988281,swimmer,FP
10444,10444.jpg,1,swimmer,0.31926,"[2614.64, 1057.88, 49.73, 46.34]",48.00508514730497,32-64,localization,0.49633023142814636,swimmer,FP
10444,10444.jpg,3,jetski,0.20468,"[2728.01, 679.83, 94.86, 184.6]",132.32972455196904,>64,duplicate,0.762417197227478,jetski,FP
10445,10445.jpg,1,swimmer,0.54163,"[2487.15, 1720.37, 138.08, 82.64]",106.82196028907165,>64,localization,0.28621676564216614,swimmer,FP
10445,10445.jpg,1,swimmer,0.48609,"[2517.97, 1702.29, 107.65, 92.83]",99.96574163182105,>64,localization,0.27611348032951355,swimmer,FP
10445,10445.jpg,1,swimmer,0.16441,"[2255.58, 1488.68, 48.25, 38.38]",43.032952489923346,32-64,localization,0.4524703323841095,swimmer,FP
10445,10445.jpg,1,swimmer,0.12902,"[3759.65, 1692.19, 80.26, 109.31]",93.66547175987532,>64,duplicate,0.5698503255844116,swimmer,FP
10446,10446.jpg,1,swimmer,0.67033,"[2447.34, 1515.75, 132.62, 87.8]",107.90753449134124,>64,localization,0.28367727994918823,swimmer,FP
10447,10447.jpg,1,swimmer,0.65923,"[2421.9, 1398.13, 124.12, 74.93]",96.43812316713759,>64,localization,0.26702171564102173,swimmer,FP
10447,10447.jpg,1,swimmer,0.24442,"[1031.52, 1417.55, 159.79, 68.76]",104.81965655353008,>64,duplicate,0.6236453652381897,swimmer,FP
10448,10448.jpg,1,swimmer,0.64703,"[2400.03, 1371.6, 115.56, 52.4]",77.81609088099967,>64,localization,0.48998042941093445,swimmer,FP
10448,10448.jpg,1,swimmer,0.47993,"[2403.49, 1355.59, 128.48, 64.86]",91.28643272688444,>64,localization,0.30835744738578796,swimmer,FP
10449,10449.jpg,1,swimmer,0.38416,"[2395.7, 1350.64, 117.69, 57.18]",82.03361628015675,>64,localization,0.26655274629592896,swimmer,FP
10449,10449.jpg,1,swimmer,0.22919,"[2183.98, 1151.35, 44.79, 30.88]",37.190256788572995,32-64,duplicate,0.6660546064376831,swimmer,FP
10449,10449.jpg,3,jetski,0.13304,"[2551.64, 377.2, 137.49, 208.84]",169.45032192356555,>64,duplicate,0.5149857997894287,jetski,FP
10449,10449.jpg,1,swimmer,0.11492,"[2471.94, 1347.18, 48.82, 45.82]",47.29621972208773,32-64,duplicate,0.7696006894111633,swimmer,FP
10450,10450.jpg,1,swimmer,0.62309,"[2378.39, 1355.96, 124.6, 66.7]",91.16369891574168,>64,localization,0.31332650780677795,swimmer,FP
10450,10450.jpg,3,jetski,0.48985,"[2536.74, 367.59, 185.78, 222.05]",203.10698904764453,>64,localization,0.40393346548080444,jetski,FP
10450,10450.jpg,1,swimmer,0.46685,"[2398.5, 1350.92, 109.75, 60.57]",81.53255484774165,>64,localization,0.29063305258750916,swimmer,FP
10450,10450.jpg,3,jetski,0.31054,"[2535.76, 362.8, 96.37, 155.32]",122.34454789650417,>64,duplicate,0.8152626752853394,jetski,FP
10450,10450.jpg,3,jetski,0.20975,"[2537.44, 361.79, 286.21, 235.46]",259.5977784958877,>64,class_confusion,0.7150280475616455,boat,FP
10450,10450.jpg,1,swimmer,0.15513,"[2664.45, 815.97, 58.79, 43.94]",50.8255113107581,32-64,duplicate,0.5952506065368652,swimmer,FP
10450,10450.jpg,1,swimmer,0.1176,"[2442.39, 1342.73, 68.95, 57.56]",62.998111082793585,32-64,localization,0.48680171370506287,swimmer,FP
10450,10450.jpg,1,swimmer,0.10659,"[1919.63, 1241.54, 60.87, 57.81]",59.32027225156675,32-64,localization,0.4276130199432373,swimmer,FP
10451,10451.jpg,1,swimmer,0.58806,"[2367.57, 1375.36, 128.48, 85.16]",104.60094072234723,>64,localization,0.28936150670051575,swimmer,FP
10451,10451.jpg,1,swimmer,0.2407,"[2384.75, 1273.27, 72.88, 53.94]",62.69886123367792,32-64,duplicate,0.6849012970924377,swimmer,FP
10451,10451.jpg,1,swimmer,0.19339,"[1920.67, 1254.84, 80.19, 51.75]",64.4191935683768,>64,duplicate,0.7110705375671387,swimmer,FP
10451,10451.jpg,1,swimmer,0.10289,"[2450.31, 717.99, 45.88, 50.22]",48.00097499009786,32-64,localization,0.46178677678108215,swimmer,FP
10452,10452.jpg,1,swimmer,0.59198,"[2355.54, 1435.21, 129.49, 75.07]",98.5941899910943,>64,localization,0.25108858942985535,swimmer,FP
10452,10452.jpg,1,swimmer,0.5227,"[2383.08, 1433.17, 102.15, 64.51]",81.17694561881471,>64,localization,0.2792237401008606,swimmer,FP
10452,10452.jpg,1,swimmer,0.27966,"[1918.65, 1319.42, 76.36, 47.82]",60.42793393787347,32-64,duplicate,0.7977054119110107,swimmer,FP
10453,10453.jpg,1,swimmer,0.3425,"[2500.47, 1393.52, 45.94, 55.41]",50.45329919836759,32-64,duplicate,0.7097176909446716,swimmer,FP
10453,10453.jpg,4,life_saving_appliances,0.28,"[2444.7, 809.41, 34.37, 21.46]",27.158427789546288,16-32,background,0.4503304958343506,,FP
10453,10453.jpg,3,jetski,0.26379,"[2478.6, 509.03, 101.84, 153.18]",124.89936428981535,>64,duplicate,0.8543723821640015,jetski,FP
10453,10453.jpg,3,jetski,0.15806,"[2483.48, 510.61, 163.89, 203.55]",182.64667941137063,>64,localization,0.49247708916664124,jetski,FP
10453,10453.jpg,1,swimmer,0.13279,"[2376.72, 1473.77, 89.45, 58.85]",72.5543417033054,>64,localization,0.2769833207130432,swimmer,FP
10454,10454.jpg,1,swimmer,0.24272,"[2373.83, 1465.79, 81.54, 67.15]",73.99602016324933,>64,localization,0.42079031467437744,swimmer,FP
10454,10454.jpg,1,swimmer,0.16484,"[2343.14, 1485.5, 108.16, 69.88]",86.93802850306648,>64,localization,0.25040093064308167,swimmer,FP
10455,10455.jpg,1,swimmer,0.51931,"[2298.37, 1457.69, 100.74, 70.25]",84.1248179790007,>64,localization,0.32395219802856445,swimmer,FP
10455,10455.jpg,1,swimmer,0.51405,"[2279.31, 1488.55, 116.33, 53.06]",78.56506730093216,>64,localization,0.31494683027267456,swimmer,FP
10455,10455.jpg,1,swimmer,0.42424,"[2281.39, 1463.43, 114.62, 78.52]",94.86813163544437,>64,localization,0.21838663518428802,swimmer,FP
10455,10455.jpg,1,swimmer,0.38287,"[1859.53, 1336.48, 41.38, 63.87]",51.409538025545416,32-64,localization,0.4730115234851837,swimmer,FP
10455,10455.jpg,1,swimmer,0.31091,"[2108.03, 1253.42, 34.72, 42.6]",38.458705126407985,32-64,duplicate,0.5358368754386902,swimmer,FP
10455,10455.jpg,1,swimmer,0.13935,"[1852.98, 1341.96, 47.82, 78.13]",61.12427177480317,32-64,localization,0.45776116847991943,swimmer,FP
10456,10456.jpg,1,swimmer,0.63558,"[2072.28, 1219.71, 35.06, 32.55]",33.781696227395095,32-64,localization,0.459899365901947,swimmer,FP
10456,10456.jpg,1,swimmer,0.59441,"[2273.75, 1420.92, 80.01, 52.21]",64.63220636803295,>64,localization,0.26586151123046875,swimmer,FP
10456,10456.jpg,1,swimmer,0.56975,"[1830.14, 1310.88, 49.41, 46.39]",47.87619345770923,32-64,localization,0.49803704023361206,swimmer,FP
10456,10456.jpg,1,swimmer,0.53108,"[2250.37, 1446.14, 95.01, 51.45]",69.91612474958835,>64,localization,0.39359572529792786,swimmer,FP
10456,10456.jpg,3,jetski,0.28513,"[2392.62, 513.47, 70.85, 103.01]",85.42984548739392,>64,localization,0.43083080649375916,jetski,FP
10456,10456.jpg,1,swimmer,0.28206,"[2063.53, 1218.73, 42.91, 37.11]",39.90476287362199,32-64,localization,0.3658747375011444,swimmer,FP
10456,10456.jpg,3,jetski,0.23766,"[2394.94, 519.58, 158.66, 208.1]",181.70620792917342,>64,localization,0.4148288369178772,jetski,FP
10456,10456.jpg,1,swimmer,0.14774,"[2251.1, 1423.89, 98.19, 69.99]",82.89944571587918,>64,localization,0.27996376156806946,swimmer,FP
10457,10457.jpg,1,swimmer,0.52032,"[2234.13, 1281.61, 82.73, 54.01]",66.84494969704144,>64,localization,0.4471551775932312,swimmer,FP
10457,10457.jpg,1,swimmer,0.51684,"[2237.24, 1267.99, 97.89, 64.88]",79.6938090443668,>64,localization,0.3145909905433655,swimmer,FP
10457,10457.jpg,1,swimmer,0.42987,"[2273.2, 1256.37, 67.23, 45.67]",55.41113696721987,32-64,localization,0.42235302925109863,swimmer,FP
10458,10458.jpg,1,swimmer,0.61682,"[2226.57, 1259.75, 105.14, 67.04]",83.95585506681473,>64,localization,0.2887103855609894,swimmer,FP
10458,10458.jpg,1,swimmer,0.51771,"[2224.97, 1270.15, 92.06, 60.24]",74.46941922695517,>64,localization,0.3669513463973999,swimmer,FP
10458,10458.jpg,1,swimmer,0.36645,"[2235.88, 1255.25, 98.96, 51.7]",71.52784073352137,>64,localization,0.2246367186307907,swimmer,FP
10458,10458.jpg,1,swimmer,0.21409,"[2039.98, 1061.96, 37.71, 42.05]",39.82091786988341,32-64,duplicate,0.5473904013633728,swimmer,FP
10458,10458.jpg,1,swimmer,0.20329,"[2252.07, 1247.32, 83.15, 44.32]",60.70591404467937,32-64,localization,0.34027931094169617,swimmer,FP
10458,10458.jpg,1,swimmer,0.19063,"[2045.82, 1055.98, 42.22, 39.68]",40.93030173355677,32-64,localization,0.4686596691608429,swimmer,FP
10458,10458.jpg,1,swimmer,0.13505,"[2045.83, 1062.48, 42.22, 41.53]",41.87357878185241,32-64,localization,0.4481852352619171,swimmer,FP
10459,10459.jpg,1,swimmer,0.53983,"[2218.33, 1262.31, 105.94, 66.71]",84.06698162774728,>64,localization,0.2882363498210907,swimmer,FP
10459,10459.jpg,1,swimmer,0.52748,"[2216.63, 1274.62, 95.49, 62.03]",76.9626188483734,>64,localization,0.3560548424720764,swimmer,FP
10459,10459.jpg,1,swimmer,0.20516,"[2246.22, 1257.52, 86.1, 40.94]",59.37115461231994,32-64,localization,0.33589285612106323,swimmer,FP
10459,10459.jpg,1,swimmer,0.16242,"[2375.38, 1189.5, 45.6, 85.81]",62.55346513183742,32-64,duplicate,0.8264893293380737,swimmer,FP
10459,10459.jpg,1,swimmer,0.11484,"[2032.41, 1055.99, 34.76, 44.73]",39.431139978448506,32-64,duplicate,0.540900468826294,swimmer,FP
10460,10460.jpg,1,swimmer,0.51595,"[2213.88, 1290.49, 95.18, 53.89]",71.6187838489317,>64,localization,0.43710094690322876,swimmer,FP
10460,10460.jpg,1,swimmer,0.50018,"[2234.33, 1265.33, 86.21, 51.9]",66.89020107609186,>64,localization,0.3207206130027771,swimmer,FP
10460,10460.jpg,1,swimmer,0.19016,"[1787.42, 1137.69, 121.62, 51.16]",78.88015720065472,>64,duplicate,0.5556082129478455,swimmer,FP
10460,10460.jpg,1,swimmer,0.1861,"[1785.51, 1141.21, 118.07, 62.54]",85.93077330037244,>64,duplicate,0.6805554628372192,swimmer,FP
10460,10460.jpg,1,swimmer,0.15539,"[2262.48, 1261.38, 69.86, 42.08]",54.21908151195481,32-64,localization,0.48814356327056885,swimmer,FP
10461,10461.jpg,1,swimmer,0.51783,"[2223.73, 1269.95, 89.0, 44.03]",62.59928114603234,32-64,localization,0.3341200053691864,swimmer,FP
10462,10462.jpg,1,swimmer,0.51758,"[2211.63, 1289.03, 91.83, 62.71]",75.88583069321967,>64,localization,0.47406870126724243,swimmer,FP
10462,10462.jpg,1,swimmer,0.39956,"[2214.55, 1255.07, 93.62, 68.43]",80.04009370309359,>64,localization,0.3134511709213257,swimmer,FP
10462,10462.jpg,1,swimmer,0.24798,"[2210.71, 1264.28, 93.33, 83.47]",88.26242178866383,>64,localization,0.35043779015541077,swimmer,FP
10462,10462.jpg,1,swimmer,0.22554,"[2224.6, 1246.58, 85.39, 57.64]",70.15610878604942,>64,localization,0.45795515179634094,swimmer,FP
10462,10462.jpg,1,swimmer,0.1475,"[2375.86, 1191.27, 43.03, 86.3]",60.93840332663796,32-64,duplicate,0.8774204850196838,swimmer,FP
10463,10463.jpg,3,jetski,0.35851,"[2341.15, 356.4, 155.07, 200.8]",176.4597857870172,>64,localization,0.47154074907302856,jetski,FP
10463,10463.jpg,1,swimmer,0.30957,"[2218.59, 1260.36, 65.12, 51.28]",57.78714043799018,32-64,duplicate,0.6500186920166016,swimmer,FP
10463,10463.jpg,1,swimmer,0.14932,"[2167.9, 1282.2, 95.7, 65.98]",79.4624817130701,>64,localization,0.36402738094329834,swimmer,FP
10463,10463.jpg,1,swimmer,0.14275,"[2170.23, 1266.98, 105.2, 84.45]",94.25571600704119,>64,localization,0.27874135971069336,swimmer,FP
10463,10463.jpg,1,swimmer,0.13856,"[1995.97, 1090.08, 44.07, 30.82]",36.854272479591835,32-64,localization,0.4638487696647644,swimmer,FP
10464,10464.jpg,1,swimmer,0.74007,"[3340.24, 1307.33, 149.54, 73.52]",104.85313919954899,>64,localization,0.41906672716140747,swimmer,FP
10464,10464.jpg,1,swimmer,0.70013,"[2389.65, 812.2, 59.97, 46.43]",52.76748146349227,32-64,localization,0.33925661444664,swimmer,FP
10464,10464.jpg,1,swimmer,0.64603,"[1914.66, 1097.64, 35.09, 30.38]",32.65017917255585,32-64,localization,0.2891601324081421,swimmer,FP
10464,10464.jpg,1,swimmer,0.63896,"[2091.65, 1304.09, 100.38, 59.34]",77.17868358556008,>64,localization,0.4620949625968933,swimmer,FP
10464,10464.jpg,1,swimmer,0.55142,"[779.94, 1306.54, 70.42, 56.96]",63.33342877185792,32-64,localization,0.4674732983112335,swimmer,FP
10464,10464.jpg,1,swimmer,0.47937,"[2126.95, 1278.52, 66.72, 56.17]",61.218154170147926,32-64,localization,0.2314879149198532,swimmer,FP
10464,10464.jpg,1,swimmer,0.4365,"[2087.3, 1282.09, 103.02, 82.87]",92.3973343771345,>64,localization,0.3397409915924072,swimmer,FP
10464,10464.jpg,1,swimmer,0.29836,"[2101.06, 1279.04, 93.68, 72.38]",82.34414611859182,>64,localization,0.2615300118923187,swimmer,FP
10464,10464.jpg,1,swimmer,0.10428,"[2089.08, 1179.59, 100.85, 45.12]",67.4562969632932,>64,duplicate,0.6104394197463989,swimmer,FP
10465,10465.jpg,1,swimmer,0.81462,"[2311.58, 1156.7, 110.12, 86.03]",97.33254132097856,>64,localization,0.40199869871139526,swimmer,FP
10465,10465.jpg,1,swimmer,0.80726,"[2719.77, 1333.8, 90.87, 55.5]",71.01608972620218,>64,localization,0.15447808802127838,swimmer,FP
10465,10465.jpg,2,boat,0.80554,"[3299.74, 611.35, 207.73, 283.99]",242.88524594960478,>64,localization,0.3278534412384033,boat,FP
10465,10465.jpg,1,swimmer,0.7641,"[1464.79, 945.39, 94.65, 56.0]",72.80384605225194,>64,localization,0.13614130020141602,swimmer,FP
10465,10465.jpg,4,life_saving_appliances,0.72009,"[3070.39, 944.94, 39.85, 36.2]",37.98117954987707,32-64,background,0.0,,FP
10465,10465.jpg,1,swimmer,0.68615,"[2660.79, 1446.19, 115.9, 61.93]",84.72123110531386,>64,localization,0.2572740316390991,swimmer,FP
10465,10465.jpg,1,swimmer,0.68144,"[2840.66, 1560.87, 71.56, 81.4]",76.32158279281163,>64,localization,0.22145423293113708,swimmer,FP
10465,10465.jpg,1,swimmer,0.6551,"[3183.02, 1097.58, 57.23, 58.77]",57.99488856787294,32-64,background,0.0,,FP
10465,10465.jpg,1,swimmer,0.62841,"[2582.55, 1173.93, 36.58, 33.33]",34.91720779214741,32-64,background,0.0,,FP
10465,10465.jpg,1,swimmer,0.60554,"[2850.82, 1424.27, 62.94, 70.83]",66.76855697107733,>64,localization,0.18822799623012543,swimmer,FP
10465,10465.jpg,3,jetski,0.54318,"[3258.97, 601.71, 74.02, 179.9]",115.39583181380513,>64,background,0.012045486830174923,,FP
10465,10465.jpg,4,life_saving_appliances,0.11259,"[3082.42, 906.41, 31.75, 34.87]",33.27345037714003,32-64,background,0.0,,FP
10740,10740.jpg,1,swimmer,0.11781,"[1674.88, 898.03, 64.67, 38.6]",49.96260601690028,32-64,duplicate,0.5643039345741272,swimmer,FP
10742,10742.jpg,1,swimmer,0.2239,"[1607.43, 978.42, 48.03, 32.05]",39.23469765398989,32-64,duplicate,0.7769607305526733,swimmer,FP
10743,10743.jpg,1,swimmer,0.23019,"[1607.87, 977.78, 45.93, 31.97]",38.31947416131907,32-64,duplicate,0.7343050837516785,swimmer,FP
10744,10744.jpg,2,boat,0.28478,"[979.77, 839.23, 113.46, 113.22]",113.33993647430724,>64,duplicate,0.717729389667511,boat,FP
10744,10744.jpg,1,swimmer,0.1521,"[1607.9, 974.57, 46.48, 34.9]",40.27594815767842,32-64,duplicate,0.8137338161468506,swimmer,FP
10745,10745.jpg,1,swimmer,0.23254,"[1635.9, 1126.07, 44.45, 36.3]",40.16883120032247,32-64,duplicate,0.6110805869102478,swimmer,FP
10746,10746.jpg,1,swimmer,0.20436,"[1607.93, 978.67, 45.69, 30.78]",37.5011759815609,32-64,duplicate,0.7288064360618591,swimmer,FP
10746,10746.jpg,2,boat,0.19507,"[985.93, 836.68, 114.66, 110.09]",112.35176634125519,>64,duplicate,0.5758600234985352,boat,FP
10746,10746.jpg,1,swimmer,0.16652,"[1634.1, 1126.91, 46.28, 31.57]",38.22380933397403,32-64,duplicate,0.5475478172302246,swimmer,FP
10746,10746.jpg,1,swimmer,0.10593,"[1701.07, 897.12, 62.03, 40.92]",50.38122269258657,32-64,duplicate,0.6517802476882935,swimmer,FP
10747,10747.jpg,2,boat,0.19581,"[996.81, 836.69, 105.37, 108.85]",107.09586593328427,>64,localization,0.4623459279537201,boat,FP
10747,10747.jpg,1,swimmer,0.13927,"[1632.43, 1126.74, 47.87, 31.91]",39.08365003425345,32-64,localization,0.45563700795173645,swimmer,FP
10748,10748.jpg,2,boat,0.16947,"[1010.62, 834.42, 98.02, 107.06]",102.44032994870722,>64,localization,0.36123597621917725,boat,FP
10749,10749.jpg,1,swimmer,0.24507,"[1607.88, 978.89, 44.72, 30.77]",37.09493766000962,32-64,duplicate,0.7846051454544067,swimmer,FP
10749,10749.jpg,2,boat,0.17191,"[1010.59, 832.74, 101.56, 107.52]",104.4975176738663,>64,localization,0.39071646332740784,boat,FP
10749,10749.jpg,1,swimmer,0.17165,"[1735.6, 889.36, 42.84, 47.04]",44.89090776538162,32-64,duplicate,0.7562699913978577,swimmer,FP
10750,10750.jpg,1,swimmer,0.1734,"[1718.31, 956.69, 39.28, 31.21]",35.01326605731034,32-64,background,0.0,,FP
10750,10750.jpg,1,swimmer,0.14772,"[1632.45, 1127.13, 47.95, 37.21]",42.24002249052432,32-64,duplicate,0.5688762068748474,swimmer,FP
10750,10750.jpg,2,boat,0.12416,"[1025.73, 834.12, 97.5, 102.16]",99.80280557178742,>64,localization,0.4696851074695587,boat,FP
10751,10751.jpg,2,boat,0.18719,"[1036.86, 832.88, 114.95, 98.74]",106.5371437574708,>64,duplicate,0.677036702632904,boat,FP
10751,10751.jpg,1,swimmer,0.12938,"[1632.37, 1126.3, 48.13, 43.75]",45.8877707020073,32-64,duplicate,0.598379373550415,swimmer,FP
10751,10751.jpg,1,swimmer,0.10591,"[1607.93, 978.73, 45.52, 29.76]",36.8059125684991,32-64,duplicate,0.5167055726051331,swimmer,FP
10752,10752.jpg,1,swimmer,0.21821,"[1755.49, 874.8, 44.71, 38.56]",41.52129092405485,32-64,duplicate,0.6851097941398621,swimmer,FP
10752,10752.jpg,1,swimmer,0.10032,"[1607.77, 976.96, 48.22, 31.5]",38.973452502953855,32-64,duplicate,0.7056052088737488,swimmer,FP
10753,10753.jpg,1,swimmer,0.64337,"[1612.25, 1119.69, 57.28, 54.64]",55.94442957078032,32-64,localization,0.4504486322402954,swimmer,FP
10753,10753.jpg,1,swimmer,0.15503,"[1758.11, 871.47, 41.96, 40.74]",41.34550035977313,32-64,duplicate,0.5018665194511414,swimmer,FP
10754,10754.jpg,1,swimmer,0.70436,"[1608.73, 1121.79, 65.34, 50.88]",57.6584703231017,32-64,localization,0.40784507989883423,swimmer,FP
10754,10754.jpg,1,swimmer,0.23987,"[1607.68, 977.86, 46.98, 36.04]",41.14801574802848,32-64,duplicate,0.5093680620193481,swimmer,FP
10754,10754.jpg,1,swimmer,0.19674,"[1342.04, 1054.08, 40.45, 29.42]",34.496941893449055,32-64,background,0.0,,FP
10754,10754.jpg,1,swimmer,0.19229,"[1761.01, 863.5, 39.47, 42.21]",40.81701483450254,32-64,localization,0.46108606457710266,swimmer,FP
10754,10754.jpg,1,swimmer,0.1898,"[2049.99, 1085.54, 39.27, 37.62]",38.43614704935967,32-64,background,0.0,,FP
10755,10755.jpg,1,swimmer,0.66744,"[1620.25, 1120.19, 48.44, 45.56]",46.97793524624087,32-64,localization,0.4619792401790619,swimmer,FP
10755,10755.jpg,1,swimmer,0.22202,"[1757.87, 863.35, 42.51, 40.33]",41.40565541082522,32-64,localization,0.44733113050460815,swimmer,FP
10755,10755.jpg,1,swimmer,0.13462,"[1607.83, 977.43, 47.57, 31.14]",38.48804749529391,32-64,duplicate,0.652298092842102,swimmer,FP
10755,10755.jpg,1,swimmer,0.10408,"[1623.41, 1118.64, 57.76, 49.89]",53.68096869468732,32-64,localization,0.345527321100235,swimmer,FP
10756,10756.jpg,1,swimmer,0.50372,"[1605.81, 1118.08, 47.04, 49.38]",48.195800646944335,32-64,localization,0.46193549036979675,swimmer,FP
10756,10756.jpg,1,swimmer,0.31094,"[1759.88, 859.15, 40.43, 40.41]",40.4199987629886,32-64,duplicate,0.5238234996795654,swimmer,FP
10757,10757.jpg,1,swimmer,0.58961,"[1594.3, 1118.0, 72.22, 50.94]",60.65382757913964,32-64,localization,0.2149898111820221,swimmer,FP
10757,10757.jpg,1,swimmer,0.58363,"[1590.47, 1110.69, 72.53, 49.58]",59.96696924140822,32-64,localization,0.3155146837234497,swimmer,FP
10757,10757.jpg,1,swimmer,0.12356,"[1607.93, 979.42, 45.7, 31.77]",38.10366124140829,32-64,localization,0.4672873020172119,swimmer,FP
10758,10758.jpg,1,swimmer,0.62919,"[1607.24, 1108.61, 60.94, 49.43]",54.88409787907605,32-64,localization,0.31045404076576233,swimmer,FP
10759,10759.jpg,1,swimmer,0.48897,"[1601.87, 1109.63, 61.88, 44.92]",52.72238234374468,32-64,localization,0.23387911915779114,swimmer,FP
10759,10759.jpg,1,swimmer,0.33313,"[1599.83, 1103.62, 52.41, 45.28]",48.71472877888165,32-64,localization,0.3400458097457886,swimmer,FP
10760,10760.jpg,1,swimmer,0.56941,"[1584.27, 1104.77, 76.41, 51.28]",62.59636411166387,32-64,localization,0.16844019293785095,swimmer,FP
10760,10760.jpg,1,swimmer,0.18414,"[1607.68, 973.63, 48.67, 34.93]",41.231578917135835,32-64,localization,0.44908130168914795,swimmer,FP
10760,10760.jpg,1,swimmer,0.10461,"[1743.9, 839.81, 35.39, 47.45]",40.978720087381944,32-64,duplicate,0.6831928491592407,swimmer,FP
10761,10761.jpg,1,swimmer,0.62356,"[1579.2, 1099.6, 68.55, 50.3]",58.720226498200766,32-64,localization,0.24763812124729156,swimmer,FP
10761,10761.jpg,1,swimmer,0.15179,"[1607.89, 971.1, 46.47, 37.5]",41.744760150227236,32-64,duplicate,0.5617406964302063,swimmer,FP
10762,10762.jpg,1,swimmer,0.53976,"[1579.08, 1103.68, 61.16, 40.5]",49.76926762571457,32-64,localization,0.42015156149864197,swimmer,FP
10763,10763.jpg,1,swimmer,0.66117,"[1572.17, 1101.57, 64.37, 45.69]",54.231589502798094,32-64,localization,0.21012742817401886,swimmer,FP
10763,10763.jpg,1,swimmer,0.12567,"[1720.42, 838.38, 57.2, 36.54]",45.717480245525344,32-64,duplicate,0.6811513900756836,swimmer,FP
10764,10764.jpg,1,swimmer,0.65938,"[1559.42, 1090.73, 67.8, 50.58]",58.56043032628773,32-64,localization,0.20528826117515564,swimmer,FP
10765,10765.jpg,1,swimmer,0.69694,"[1550.92, 1087.37, 79.74, 51.06]",63.808497866663494,32-64,localization,0.31417787075042725,swimmer,FP
10765,10765.jpg,1,swimmer,0.37367,"[1703.81, 836.61, 42.34, 30.65]",36.02389484772572,32-64,duplicate,0.6551528573036194,swimmer,FP
10765,10765.jpg,1,swimmer,0.32903,"[1126.59, 945.68, 36.23, 28.63]",32.20659715027342,32-64,background,0.0,,FP
10765,10765.jpg,1,swimmer,0.11574,"[1606.56, 976.83, 53.49, 34.29]",42.827235493316635,32-64,duplicate,0.5604181885719299,swimmer,FP
10766,10766.jpg,1,swimmer,0.70076,"[1568.76, 1087.71, 53.21, 46.41]",49.69382355987512,32-64,localization,0.38845789432525635,swimmer,FP
10766,10766.jpg,1,swimmer,0.35846,"[1693.02, 835.76, 67.72, 36.21]",49.51909934560604,32-64,duplicate,0.8095977306365967,swimmer,FP
10766,10766.jpg,1,swimmer,0.11704,"[1558.62, 1086.05, 55.53, 47.84]",51.54178111008583,32-64,localization,0.37341591715812683,swimmer,FP
10767,10767.jpg,1,swimmer,0.62656,"[1557.01, 1085.87, 61.68, 48.25]",54.55327671185297,32-64,localization,0.204632967710495,swimmer,FP
10767,10767.jpg,1,swimmer,0.34254,"[1678.52, 826.89, 51.33, 27.55]",37.60507279610026,32-64,localization,0.4810884892940521,swimmer,FP
10767,10767.jpg,1,swimmer,0.13436,"[1679.59, 815.95, 56.13, 41.9]",48.49584518286077,32-64,localization,0.48297929763793945,swimmer,FP
10768,10768.jpg,1,swimmer,0.60283,"[1553.65, 1082.01, 58.63, 46.79]",52.376499501207604,32-64,localization,0.29865285754203796,swimmer,FP
10768,10768.jpg,1,swimmer,0.35118,"[1679.45, 827.43, 41.45, 25.3]",32.383406244556795,32-64,duplicate,0.5055991411209106,swimmer,FP
10768,10768.jpg,1,swimmer,0.1578,"[1683.12, 815.95, 38.25, 39.58]",38.90931765014648,32-64,localization,0.44602108001708984,swimmer,FP
10769,10769.jpg,1,swimmer,0.50304,"[1559.55, 1082.43, 56.6, 43.29]",49.499636362300684,32-64,localization,0.2936651110649109,swimmer,FP
10769,10769.jpg,1,swimmer,0.50034,"[1551.94, 1080.74, 55.28, 39.89]",46.95869674511847,32-64,localization,0.476019024848938,swimmer,FP
10769,10769.jpg,1,swimmer,0.37423,"[1678.59, 823.89, 46.6, 40.16]",43.26032824655864,32-64,duplicate,0.6359363198280334,swimmer,FP
10769,10769.jpg,1,swimmer,0.25921,"[1678.6, 815.96, 43.86, 38.57]",41.130040116683574,32-64,duplicate,0.5450179576873779,swimmer,FP
10769,10769.jpg,1,swimmer,0.10435,"[2023.55, 910.66, 42.45, 29.63]",35.465384531963,32-64,background,0.0,,FP
10770,10770.jpg,1,swimmer,0.61133,"[1555.46, 1076.36, 43.96, 39.09]",41.453545083623425,32-64,localization,0.3770957291126251,swimmer,FP
10770,10770.jpg,1,swimmer,0.3193,"[1666.71, 822.56, 65.02, 41.49]",51.93919329369681,32-64,duplicate,0.6432180404663086,swimmer,FP
10771,10771.jpg,1,swimmer,0.60509,"[1544.98, 1073.97, 48.87, 43.75]",46.23918792539506,32-64,localization,0.26191937923431396,swimmer,FP
10771,10771.jpg,1,swimmer,0.1223,"[1545.88, 1076.54, 52.01, 51.74]",51.874824337051976,32-64,localization,0.176994189620018,swimmer,FP
10772,10772.jpg,1,swimmer,0.6686,"[1542.57, 1067.99, 55.62, 58.74]",57.15871587081011,32-64,localization,0.2749761641025543,swimmer,FP
10772,10772.jpg,1,swimmer,0.10698,"[1606.71, 973.7, 54.12, 34.76]",43.37293165097328,32-64,duplicate,0.6015971302986145,swimmer,FP
10773,10773.jpg,1,swimmer,0.65281,"[1552.82, 1072.83, 48.24, 44.56]",46.36350288750841,32-64,localization,0.3152422606945038,swimmer,FP
10773,10773.jpg,1,swimmer,0.1068,"[1648.57, 818.84, 41.24, 45.36]",43.25096993132062,32-64,duplicate,0.5808828473091125,swimmer,FP
10774,10774.jpg,1,swimmer,0.63553,"[1549.41, 1070.48, 39.81, 42.81]",41.282757902058826,32-64,localization,0.36980611085891724,swimmer,FP
10774,10774.jpg,1,swimmer,0.17745,"[1639.0, 819.82, 59.61, 44.38]",51.43434455692033,32-64,duplicate,0.6283385753631592,swimmer,FP
10775,10775.jpg,1,swimmer,0.64492,"[1536.87, 1061.81, 52.45, 58.7]",55.48707056603367,32-64,localization,0.181888148188591,swimmer,FP
10775,10775.jpg,1,swimmer,0.32247,"[1626.5, 821.09, 60.06, 28.47]",41.351036262710515,32-64,duplicate,0.6904723048210144,swimmer,FP
10776,10776.jpg,1,swimmer,0.648,"[1532.85, 1059.86, 60.01, 53.86]",56.851900583885495,32-64,localization,0.3121742308139801,swimmer,FP
10776,10776.jpg,1,swimmer,0.25669,"[1625.64, 819.95, 55.79, 28.95]",40.18856180556851,32-64,duplicate,0.7142607569694519,swimmer,FP
10777,10777.jpg,1,swimmer,0.31375,"[1635.29, 959.88, 33.18, 39.91]",36.38974855642726,32-64,duplicate,0.5347325801849365,swimmer,FP
10777,10777.jpg,1,swimmer,0.16652,"[1607.25, 815.6, 51.43, 31.48]",40.23700287049223,32-64,duplicate,0.5215528607368469,swimmer,FP
10778,10778.jpg,1,swimmer,0.27484,"[1543.05, 1055.88, 37.46, 41.65]",39.49948100924872,32-64,duplicate,0.5665120482444763,swimmer,FP
10779,10779.jpg,1,swimmer,0.19551,"[1546.57, 1059.79, 40.87, 44.32]",42.56005639094008,32-64,localization,0.4107414782047272,swimmer,FP
10780,10780.jpg,1,swimmer,0.17573,"[1591.56, 821.75, 75.07, 42.64]",56.577246309801964,32-64,duplicate,0.5087307095527649,swimmer,FP
10780,10780.jpg,1,swimmer,0.10717,"[1538.94, 1057.92, 54.86, 46.2]",50.34413570615747,32-64,localization,0.36248522996902466,swimmer,FP
10781,10781.jpg,1,swimmer,0.51201,"[1630.57, 967.71, 37.23, 40.48]",38.82100462378582,32-64,localization,0.4957054853439331,swimmer,FP
10781,10781.jpg,1,swimmer,0.23973,"[1630.84, 959.87, 36.5, 42.06]",39.18150073695494,32-64,localization,0.48103007674217224,swimmer,FP
10783,10783.jpg,1,swimmer,0.14762,"[1564.73, 820.35, 73.03, 43.76]",56.53134351844116,32-64,localization,0.4731220006942749,swimmer,FP
10784,10784.jpg,1,swimmer,0.47782,"[1623.55, 966.92, 46.17, 41.21]",43.619556393892864,32-64,localization,0.4856344759464264,swimmer,FP
10784,10784.jpg,1,swimmer,0.25134,"[1557.78, 822.65, 72.44, 41.47]",54.80955026270513,32-64,duplicate,0.6052536368370056,swimmer,FP
10785,10785.jpg,1,swimmer,0.428,"[1561.3, 825.47, 39.3, 25.72]",31.793018101463723,16-32,localization,0.4804878234863281,swimmer,FP
10785,10785.jpg,1,swimmer,0.25665,"[1559.47, 825.15, 41.68, 38.9]",40.26601544727265,32-64,localization,0.4530361592769623,swimmer,FP
10785,10785.jpg,1,swimmer,0.17913,"[1501.0, 815.23, 39.22, 33.7]",36.35538474559168,32-64,background,0.0,,FP
10785,10785.jpg,1,swimmer,0.17064,"[1558.84, 815.97, 43.04, 38.03]",40.457523404182815,32-64,localization,0.4368910789489746,swimmer,FP
10785,10785.jpg,1,swimmer,0.16718,"[1563.65, 815.96, 49.6, 38.32]",43.596697122603224,32-64,duplicate,0.5681975483894348,swimmer,FP
10786,10786.jpg,1,swimmer,0.19289,"[1561.0, 815.91, 47.9, 38.52]",42.95472034596431,32-64,duplicate,0.5180241465568542,swimmer,FP
10786,10786.jpg,1,swimmer,0.11333,"[1561.81, 824.41, 46.96, 39.65]",43.150480877969365,32-64,localization,0.49963313341140747,swimmer,FP
10787,10787.jpg,1,swimmer,0.26549,"[1624.39, 964.57, 42.25, 43.49]",42.865516443873624,32-64,localization,0.4771176278591156,swimmer,FP
10787,10787.jpg,1,swimmer,0.26195,"[1549.98, 823.5, 49.28, 40.53]",44.69136829411246,32-64,duplicate,0.5479115843772888,swimmer,FP
10788,10788.jpg,1,swimmer,0.22348,"[1534.66, 825.0, 82.7, 39.32]",57.024240459650144,32-64,duplicate,0.5037266612052917,swimmer,FP
10788,10788.jpg,1,swimmer,0.20508,"[1623.98, 961.09, 39.33, 47.0]",42.994301948048886,32-64,duplicate,0.5807642936706543,swimmer,FP
10788,10788.jpg,1,swimmer,0.15658,"[1535.92, 815.85, 81.71, 40.15]",57.277015459955656,32-64,localization,0.4992903470993042,swimmer,FP
10789,10789.jpg,1,swimmer,0.36315,"[1537.2, 825.42, 56.55, 38.62]",46.7328685188487,32-64,duplicate,0.6594069600105286,swimmer,FP
10789,10789.jpg,1,swimmer,0.2798,"[1535.72, 815.97, 57.91, 38.94]",47.48700243224455,32-64,duplicate,0.5235161185264587,swimmer,FP
10789,10789.jpg,1,swimmer,0.13012,"[1622.51, 961.38, 36.84, 46.7]",41.47804238389271,32-64,duplicate,0.7429661154747009,swimmer,FP
10790,10790.jpg,1,swimmer,0.31227,"[1539.22, 826.1, 46.25, 37.93]",41.88391696104843,32-64,duplicate,0.569782555103302,swimmer,FP
10790,10790.jpg,1,swimmer,0.22617,"[1539.06, 815.97, 45.98, 37.75]",41.66227310169237,32-64,duplicate,0.5670610666275024,swimmer,FP
10790,10790.jpg,1,swimmer,0.15858,"[1607.65, 959.7, 48.55, 37.31]",42.56055098327558,32-64,duplicate,0.5443302392959595,swimmer,FP
10790,10790.jpg,1,swimmer,0.11854,"[1616.87, 962.6, 45.75, 45.52]",45.63485510002196,32-64,localization,0.4219769537448883,swimmer,FP
10791,10791.jpg,1,swimmer,0.37337,"[1539.04, 827.05, 45.26, 25.98]",34.29073927462049,32-64,duplicate,0.6936801671981812,swimmer,FP
10791,10791.jpg,1,swimmer,0.1521,"[1532.85, 815.98, 46.08, 39.8]",42.82503940453528,32-64,duplicate,0.5518041849136353,swimmer,FP
10792,10792.jpg,1,swimmer,0.28229,"[1525.34, 828.58, 59.9, 28.54]",41.346656454905755,32-64,duplicate,0.667221188545227,swimmer,FP
10792,10792.jpg,1,swimmer,0.12971,"[1607.73, 959.28, 46.33, 41.22]",43.70037299611984,32-64,duplicate,0.5320813655853271,swimmer,FP
10793,10793.jpg,1,swimmer,0.11414,"[1520.3, 830.93, 64.18, 30.33]",44.12005666360822,32-64,duplicate,0.5313374996185303,swimmer,FP
10794,10794.jpg,1,swimmer,0.25866,"[2055.78, 1028.03, 40.18, 28.63]",33.91686011410844,32-64,background,0.0,,FP
10794,10794.jpg,1,swimmer,0.13092,"[1607.86, 959.43, 45.04, 35.03]",39.72091640433287,32-64,duplicate,0.6304692625999451,swimmer,FP
10795,10795.jpg,1,swimmer,0.28203,"[1511.97, 841.36, 41.18, 24.52]",31.77630563800644,16-32,duplicate,0.6729472279548645,swimmer,FP
10797,10797.jpg,1,swimmer,0.39174,"[1607.73, 950.29, 41.1, 40.34]",40.71822687691595,32-64,duplicate,0.7292031645774841,swimmer,FP
10800,10800.jpg,1,swimmer,0.16074,"[1609.93, 949.49, 46.49, 37.12]",41.54165138749301,32-64,duplicate,0.582158088684082,swimmer,FP
10801,10801.jpg,1,swimmer,0.35826,"[1606.57, 1037.98, 51.7, 39.26]",45.05265807918552,32-64,duplicate,0.868732213973999,swimmer,FP
10801,10801.jpg,1,swimmer,0.12891,"[1608.42, 949.95, 48.11, 37.86]",42.67838563019927,32-64,localization,0.49927496910095215,swimmer,FP
10802,10802.jpg,1,swimmer,0.16981,"[1605.59, 1037.6, 58.17, 37.11]",46.461690670917264,32-64,duplicate,0.8237382173538208,swimmer,FP
10802,10802.jpg,1,swimmer,0.13247,"[1607.47, 949.93, 49.57, 37.37]",43.03987569684652,32-64,duplicate,0.5931244492530823,swimmer,FP
10803,10803.jpg,1,swimmer,0.12478,"[1604.5, 950.62, 52.88, 34.77]",42.87933768145213,32-64,duplicate,0.5478338599205017,swimmer,FP
10804,10804.jpg,1,swimmer,0.10483,"[1607.35, 1037.14, 56.73, 31.8]",42.47368597143412,32-64,duplicate,0.746330201625824,swimmer,FP
10805,10805.jpg,1,swimmer,0.13773,"[1607.7, 947.38, 49.28, 31.86]",39.623992731677106,32-64,localization,0.498646080493927,swimmer,FP
10806,10806.jpg,1,swimmer,0.18203,"[1469.5, 869.19, 44.25, 42.86]",43.549454646413196,32-64,duplicate,0.6296845078468323,swimmer,FP
10807,10807.jpg,1,swimmer,0.18051,"[1174.88, 950.38, 31.19, 32.2]",31.690976633735982,16-32,background,0.0,,FP
10808,10808.jpg,2,boat,0.84361,"[1.79, 1488.69, 157.93, 180.8]",168.97853118073905,>64,background,0.0,,FP
10808,10808.jpg,1,swimmer,0.19344,"[1469.36, 863.98, 44.11, 39.15]",41.556064539366574,32-64,duplicate,0.5941258668899536,swimmer,FP
10809,10809.jpg,1,swimmer,0.36819,"[1453.34, 935.87, 36.88, 33.62]",35.21229330787758,32-64,background,0.0,,FP
10811,10811.jpg,2,boat,0.21705,"[0.0, 1523.21, 86.29, 272.85]",153.44128029966384,>64,background,0.0,,FP
10813,10813.jpg,1,swimmer,0.13577,"[1447.23, 893.07, 42.76, 43.35]",43.053989362195,32-64,duplicate,0.6253932118415833,swimmer,FP
10814,10814.jpg,1,swimmer,0.1025,"[1669.63, 1007.79, 84.13, 43.57]",60.54373708320291,32-64,duplicate,0.6622186303138733,swimmer,FP
10815,10815.jpg,1,swimmer,0.1583,"[1683.58, 1007.82, 72.58, 42.95]",55.83288457531099,32-64,duplicate,0.6839032173156738,swimmer,FP
10816,10816.jpg,1,swimmer,0.21971,"[1694.55, 1007.87, 61.92, 42.86]",51.51593151637656,32-64,duplicate,0.7569766044616699,swimmer,FP
10817,10817.jpg,1,swimmer,0.51996,"[1698.05, 1024.49, 35.25, 34.1]",34.67023218843508,32-64,localization,0.37461918592453003,swimmer,FP
10817,10817.jpg,1,swimmer,0.2571,"[1721.95, 1007.8, 53.44, 37.03]",44.48464004575062,32-64,localization,0.3690093457698822,swimmer,FP
10818,10818.jpg,1,swimmer,0.15162,"[1582.26, 935.04, 42.06, 43.19]",42.62125526072643,32-64,duplicate,0.5928807854652405,swimmer,FP
10820,10820.jpg,1,swimmer,0.40927,"[1433.43, 918.43, 35.29, 41.6]",38.315323305434866,32-64,duplicate,0.6688708066940308,swimmer,FP
10822,10822.jpg,1,swimmer,0.13578,"[1435.91, 927.54, 52.65, 29.67]",39.52373337628924,32-64,duplicate,0.5787672996520996,swimmer,FP
10822,10822.jpg,1,swimmer,0.10912,"[1533.96, 899.94, 42.23, 33.91]",37.842030865163665,32-64,background,0.0,,FP
10823,10823.jpg,1,swimmer,0.20995,"[1786.35, 1079.72, 32.69, 32.53]",32.6099018704442,32-64,background,0.0,,FP
10823,10823.jpg,1,swimmer,0.12456,"[1582.96, 935.5, 47.79, 37.31]",42.22611632627372,32-64,duplicate,0.5461540818214417,swimmer,FP
10824,10824.jpg,1,swimmer,0.19201,"[1415.77, 931.22, 47.31, 35.92]",41.22347874694711,32-64,duplicate,0.8258720636367798,swimmer,FP
10824,10824.jpg,1,swimmer,0.16191,"[1583.04, 935.34, 49.44, 36.19]",42.29933332807977,32-64,duplicate,0.6263212561607361,swimmer,FP
10826,10826.jpg,1,swimmer,0.50288,"[1779.38, 992.88, 80.1, 34.92]",52.887541065925916,32-64,duplicate,0.876283586025238,swimmer,FP
10827,10827.jpg,1,swimmer,0.34474,"[1794.65, 988.97, 68.98, 39.63]",52.2845809010649,32-64,duplicate,0.6964778304100037,swimmer,FP
10827,10827.jpg,1,swimmer,0.27191,"[1415.65, 941.37, 46.47, 40.96]",43.628101035914916,32-64,duplicate,0.6456463932991028,swimmer,FP
10828,10828.jpg,1,swimmer,0.17656,"[1414.7, 947.86, 51.05, 33.55]",41.38511205735705,32-64,duplicate,0.9018465280532837,swimmer,FP
10829,10829.jpg,1,swimmer,0.17604,"[1415.86, 953.54, 45.54, 26.1]",34.47599164636168,32-64,duplicate,0.7261426448822021,swimmer,FP
10829,10829.jpg,1,swimmer,0.10994,"[1810.78, 984.73, 80.3, 47.43]",61.71409077350164,32-64,duplicate,0.6710613965988159,swimmer,FP
10830,10830.jpg,1,swimmer,0.15244,"[1415.33, 956.03, 47.94, 31.69]",38.97715484742312,32-64,duplicate,0.6886916756629944,swimmer,FP
10831,10831.jpg,1,swimmer,0.19263,"[1415.88, 958.04, 44.77, 33.24]",38.57660949331862,32-64,duplicate,0.5054246783256531,swimmer,FP
10831,10831.jpg,1,swimmer,0.13874,"[1583.11, 935.26, 50.01, 33.59]",40.985801199927764,32-64,duplicate,0.6036303639411926,swimmer,FP
10832,10832.jpg,1,swimmer,0.51509,"[1843.68, 975.15, 64.98, 34.0]",47.00340413204133,32-64,duplicate,0.660681426525116,swimmer,FP
10832,10832.jpg,1,swimmer,0.11025,"[1415.88, 959.75, 47.33, 41.56]",44.3512660473182,32-64,duplicate,0.6836465001106262,swimmer,FP
10833,10833.jpg,1,swimmer,0.34192,"[1843.1, 978.32, 66.04, 43.11]",53.357140103270154,32-64,duplicate,0.5224825739860535,swimmer,FP
10833,10833.jpg,1,swimmer,0.19351,"[1431.36, 959.95, 39.4, 40.92]",40.15280812097704,32-64,duplicate,0.6535893082618713,swimmer,FP
10833,10833.jpg,1,swimmer,0.16368,"[1395.62, 971.78, 70.13, 37.83]",51.50745480025197,32-64,localization,0.40454477071762085,swimmer,FP
10835,10835.jpg,1,swimmer,0.11622,"[1877.16, 959.88, 56.65, 42.77]",49.22317035705848,32-64,duplicate,0.5861842036247253,swimmer,FP
11253,11253.jpg,1,swimmer,0.16552,"[2311.97, 333.31, 62.62, 40.49]",50.35358775698113,32-64,background,0.004996272269636393,,FP
11580,11580.jpg,1,swimmer,0.13764,"[1915.52, 1480.13, 108.42, 95.33]",101.66453954058908,>64,duplicate,0.6655504703521729,swimmer,FP
11581,11581.jpg,1,swimmer,0.44689,"[1939.71, 1498.78, 69.58, 100.38]",83.57296452800989,>64,localization,0.4861412048339844,swimmer,FP
11589,11589.jpg,1,swimmer,0.71879,"[2104.41, 1629.65, 106.18, 129.04]",117.05326650717612,>64,localization,0.49028757214546204,swimmer,FP
11590,11590.jpg,1,swimmer,0.72695,"[2092.27, 1663.32, 129.21, 129.13]",129.1699938066113,>64,localization,0.4538212716579437,swimmer,FP
11590,11590.jpg,1,swimmer,0.10259,"[1785.32, 1566.6, 73.63, 134.23]",99.41506374790492,>64,duplicate,0.6787441968917847,swimmer,FP
11591,11591.jpg,1,swimmer,0.62011,"[2110.5, 1650.47, 112.79, 148.49]",129.41478702219464,>64,localization,0.4513343870639801,swimmer,FP
11592,11592.jpg,1,swimmer,0.70722,"[2090.81, 1556.38, 129.08, 133.44]",131.24189574979476,>64,localization,0.39243972301483154,swimmer,FP
11592,11592.jpg,1,swimmer,0.12073,"[1759.01, 1530.55, 85.82, 89.24]",87.51329498996138,>64,duplicate,0.7692679762840271,swimmer,FP
11594,11594.jpg,1,swimmer,0.17291,"[1808.13, 1397.64, 73.37, 75.97]",74.65868268326197,>64,duplicate,0.8708910346031189,swimmer,FP
11610,11610.jpg,1,swimmer,0.6485,"[1832.03, 1238.25, 141.9, 66.34]",97.0239454980058,>64,localization,0.35565394163131714,swimmer,FP
11611,11611.jpg,1,swimmer,0.58393,"[1834.73, 1238.17, 118.42, 75.32]",94.44254549724927,>64,localization,0.42401981353759766,swimmer,FP
11612,11612.jpg,1,swimmer,0.56134,"[1833.91, 1242.19, 118.48, 78.64]",96.52599235439126,>64,localization,0.4464828372001648,swimmer,FP
11614,11614.jpg,1,swimmer,0.69174,"[1813.85, 1269.76, 125.69, 76.73]",98.20485578625937,>64,localization,0.4353797733783722,swimmer,FP
11618,11618.jpg,1,swimmer,0.23263,"[1647.89, 1220.31, 87.3, 82.91]",85.07668893416104,>64,duplicate,0.6959063410758972,swimmer,FP
11620,11620.jpg,1,swimmer,0.73387,"[1750.64, 1224.88, 126.32, 74.67]",97.12010296534903,>64,localization,0.49022963643074036,swimmer,FP
12006,12006.jpg,1,swimmer,0.21779,"[3780.89, 774.37, 37.9, 41.69]",39.74985534564874,32-64,localization,0.44393524527549744,swimmer,FP
12006,12006.jpg,1,swimmer,0.11253,"[3767.94, 767.86, 45.37, 36.23]",40.543249746412776,32-64,duplicate,0.5961959362030029,swimmer,FP
12008,12008.jpg,1,swimmer,0.59062,"[3637.04, 763.22, 36.52, 35.65]",36.08237797041653,32-64,localization,0.4708344042301178,swimmer,FP
12009,12009.jpg,1,swimmer,0.37841,"[3683.13, 781.14, 79.77, 34.94]",52.79359620256987,32-64,localization,0.480030357837677,swimmer,FP
12009,12009.jpg,1,swimmer,0.37274,"[3500.05, 767.94, 38.25, 40.59]",39.402633160741935,32-64,localization,0.3816540241241455,swimmer,FP
12009,12009.jpg,1,swimmer,0.24118,"[3648.3, 767.92, 108.4, 40.38]",66.16035066412512,>64,duplicate,0.5714744925498962,swimmer,FP
12009,12009.jpg,5,buoy,0.11488,"[3095.38, 161.22, 58.42, 57.41]",57.91279824011269,32-64,class_confusion,0.7475249171257019,jetski,FP
12010,12010.jpg,1,swimmer,0.54095,"[3320.32, 779.77, 36.73, 36.31]",36.51939621625746,32-64,localization,0.40277940034866333,swimmer,FP
12010,12010.jpg,1,swimmer,0.44517,"[3521.88, 796.29, 64.31, 28.43]",42.759014254306656,32-64,localization,0.32201579213142395,swimmer,FP
12010,12010.jpg,1,swimmer,0.28512,"[3499.43, 793.94, 87.31, 32.11]",52.94831536508031,32-64,duplicate,0.5133796334266663,swimmer,FP
12010,12010.jpg,1,swimmer,0.12985,"[3320.06, 767.94, 37.02, 43.03]",39.91203577869713,32-64,localization,0.3524817228317261,swimmer,FP
12011,12011.jpg,1,swimmer,0.58314,"[3108.64, 789.75, 36.27, 32.58]",34.37552326874458,32-64,localization,0.3671877384185791,swimmer,FP
12011,12011.jpg,1,swimmer,0.44758,"[3255.36, 799.49, 113.2, 34.38]",62.384421132202554,32-64,duplicate,0.6885489225387573,swimmer,FP
12011,12011.jpg,5,buoy,0.14075,"[2889.18, 157.16, 53.93, 62.05]",57.84770090504894,32-64,class_confusion,0.7301047444343567,jetski,FP
12012,12012.jpg,1,swimmer,0.49867,"[3050.15, 806.41, 70.18, 28.15]",44.44735087718952,32-64,localization,0.30125612020492554,swimmer,FP
12012,12012.jpg,1,swimmer,0.47437,"[2866.18, 787.38, 37.97, 28.95]",33.154660305905715,32-64,localization,0.2241068035364151,swimmer,FP
12012,12012.jpg,1,swimmer,0.31923,"[2855.96, 786.71, 42.14, 29.82]",35.44876302496323,32-64,localization,0.4587821960449219,swimmer,FP
12012,12012.jpg,1,swimmer,0.1845,"[3058.43, 804.93, 64.88, 35.63]",48.079875207824735,32-64,localization,0.27709895372390747,swimmer,FP
12012,12012.jpg,1,swimmer,0.13666,"[2996.96, 803.8, 61.4, 30.81]",43.49406856112682,32-64,localization,0.436989963054657,swimmer,FP
12013,12013.jpg,1,swimmer,0.53096,"[2615.28, 764.34, 38.39, 28.92]",33.32024609753056,32-64,localization,0.38717198371887207,swimmer,FP
12013,12013.jpg,1,swimmer,0.12517,"[2622.79, 763.97, 41.3, 29.96]",35.17595769840531,32-64,localization,0.1885382980108261,swimmer,FP
12014,12014.jpg,1,swimmer,0.44318,"[2392.82, 719.94, 37.56, 36.71]",37.132567915510506,32-64,localization,0.3571311831474304,swimmer,FP
12014,12014.jpg,1,swimmer,0.18542,"[2393.61, 725.19, 37.09, 42.82]",39.85214925195378,32-64,localization,0.30290958285331726,swimmer,FP
12014,12014.jpg,1,swimmer,0.10683,"[2393.67, 723.95, 55.49, 31.39]",41.73525008910334,32-64,localization,0.2631102502346039,swimmer,FP
12015,12015.jpg,1,swimmer,0.45812,"[2198.62, 671.94, 36.86, 33.55]",35.16607740422579,32-64,localization,0.46034327149391174,swimmer,FP
12015,12015.jpg,1,swimmer,0.15179,"[2198.16, 677.4, 37.05, 42.61]",39.73286423101159,32-64,localization,0.3693069815635681,swimmer,FP
12016,12016.jpg,1,swimmer,0.31439,"[2169.34, 656.45, 68.98, 26.09]",42.42273211380898,32-64,localization,0.4060252010822296,swimmer,FP
12016,12016.jpg,1,swimmer,0.12592,"[2032.91, 629.44, 37.71, 42.59]",40.07578944949182,32-64,localization,0.33622539043426514,swimmer,FP
12018,12018.jpg,1,swimmer,0.45766,"[1917.5, 562.54, 52.5, 25.19]",36.36584936447931,32-64,localization,0.3990309536457062,swimmer,FP
12018,12018.jpg,1,swimmer,0.10623,"[1919.33, 551.76, 50.1, 39.27]",44.355687346720266,32-64,localization,0.338175505399704,swimmer,FP
12019,12019.jpg,1,swimmer,0.38952,"[1824.02, 518.98, 46.15, 22.92]",32.52319172529043,32-64,localization,0.3420642614364624,swimmer,FP
12019,12019.jpg,1,swimmer,0.12543,"[1826.19, 515.8, 46.84, 36.39]",41.28568274838143,32-64,localization,0.2920035123825073,swimmer,FP
12020,12020.jpg,3,jetski,0.68592,"[1928.99, 187.77, 50.66, 47.36]",48.98221718134041,32-64,background,0.001177608035504818,,FP
12020,12020.jpg,1,swimmer,0.26379,"[1607.93, 575.63, 37.22, 24.67]",30.302102237303604,16-32,background,0.0,,FP
12020,12020.jpg,1,swimmer,0.1678,"[1737.17, 585.82, 50.6, 38.19]",43.959231112475116,32-64,background,0.0,,FP
12020,12020.jpg,1,swimmer,0.15737,"[1616.17, 575.55, 39.88, 25.35]",31.79556572857291,16-32,background,0.0,,FP
12020,12020.jpg,1,swimmer,0.13824,"[1738.16, 575.99, 50.86, 36.28]",42.95580053962445,32-64,background,0.0,,FP
12021,12021.jpg,3,jetski,0.39964,"[1569.72, 767.38, 38.59, 30.75]",34.447677715631286,32-64,background,0.4382111728191376,,FP
12021,12021.jpg,3,jetski,0.29656,"[1700.52, 781.09, 37.15, 34.92]",36.01774562628816,32-64,background,0.3109789192676544,,FP
12021,12021.jpg,3,jetski,0.15934,"[1559.88, 767.46, 44.41, 31.47]",37.384257381951564,32-64,background,0.3720710277557373,,FP
12022,12022.jpg,1,swimmer,0.35783,"[1670.34, 745.41, 36.44, 23.91]",29.517459240253046,16-32,localization,0.45172062516212463,swimmer,FP
12022,12022.jpg,1,swimmer,0.31349,"[1547.74, 732.79, 36.69, 21.68]",28.203531693743603,16-32,localization,0.4818335175514221,swimmer,FP
12022,12022.jpg,1,swimmer,0.28801,"[1548.32, 732.0, 33.84, 36.02]",34.91298898690859,32-64,localization,0.37902504205703735,swimmer,FP
12022,12022.jpg,3,jetski,0.16178,"[1846.11, 435.75, 60.62, 44.31]",51.827330627768205,32-64,localization,0.4068123400211334,jetski,FP
12022,12022.jpg,1,swimmer,0.10453,"[1548.66, 719.99, 32.99, 36.62]",34.75764376363853,32-64,localization,0.3731115758419037,swimmer,FP
12023,12023.jpg,3,jetski,0.24454,"[1536.89, 703.15, 30.48, 26.03]",28.16725758748977,16-32,background,0.4617857336997986,,FP
12024,12024.jpg,3,jetski,0.37361,"[1532.88, 671.57, 28.36, 30.36]",29.342965085348823,16-32,background,0.3751409649848938,,FP
12024,12024.jpg,1,swimmer,0.24371,"[1644.74, 686.54, 36.02, 33.48]",34.726785051311616,32-64,localization,0.35385945439338684,swimmer,FP
12025,12025.jpg,3,jetski,0.3469,"[1525.2, 646.34, 35.81, 27.54]",31.40393924334971,16-32,background,0.36503472924232483,,FP
12025,12025.jpg,3,jetski,0.24163,"[1629.47, 659.5, 37.26, 21.68]",28.421766306828996,16-32,class_confusion,0.5164542198181152,swimmer,FP
12026,12026.jpg,3,jetski,0.66548,"[1771.15, 371.79, 45.08, 41.37]",43.18517801283213,32-64,localization,0.2880735993385315,jetski,FP
12026,12026.jpg,3,jetski,0.32893,"[1606.45, 623.93, 44.62, 32.72]",38.20950667046095,32-64,background,0.20251089334487915,,FP
12026,12026.jpg,3,jetski,0.19174,"[1506.65, 623.03, 33.26, 25.48]",29.111248685001474,16-32,background,0.00526272039860487,,FP
12027,12027.jpg,1,swimmer,0.20191,"[1394.25, 612.34, 31.58, 21.7]",26.177967835567372,16-32,localization,0.44348520040512085,swimmer,FP
12028,12028.jpg,1,swimmer,0.19532,"[1745.04, 571.76, 31.56, 23.68]",27.337534636466398,16-32,localization,0.47769370675086975,swimmer,FP
12028,12028.jpg,3,jetski,0.14172,"[1991.83, 345.54, 48.23, 43.13]",45.608769989992055,32-64,duplicate,0.5426173210144043,jetski,FP
12029,12029.jpg,1,swimmer,0.20102,"[1775.13, 545.7, 27.61, 30.32]",28.933288786448042,16-32,localization,0.3655323386192322,swimmer,FP
12041,12041.jpg,3,jetski,0.14341,"[2027.96, 432.85, 36.93, 47.2]",41.75040119567715,32-64,duplicate,0.5308101177215576,jetski,FP
12042,12042.jpg,3,jetski,0.35757,"[2032.59, 431.14, 36.49, 43.43]",39.809052990494514,32-64,duplicate,0.7113977074623108,jetski,FP
12049,12049.jpg,3,jetski,0.3356,"[1999.47, 483.63, 40.69, 44.7]",42.64789561045187,32-64,duplicate,0.7049663066864014,jetski,FP
12557,12557.jpg,1,swimmer,0.37887,"[1955.18, 1350.08, 39.43, 41.99]",40.689872204272156,32-64,duplicate,0.5438893437385559,swimmer,FP
12557,12557.jpg,1,swimmer,0.1022,"[1991.59, 1137.93, 49.31, 66.79]",57.38828190493248,32-64,duplicate,0.6919538378715515,swimmer,FP
12558,12558.jpg,1,swimmer,0.14977,"[1941.08, 1376.7, 58.59, 50.4]",54.34092380517652,32-64,duplicate,0.5831484198570251,swimmer,FP
12559,12559.jpg,1,swimmer,0.20268,"[1991.93, 1163.17, 44.92, 70.83]",56.406414528845914,32-64,duplicate,0.7260684370994568,swimmer,FP
12559,12559.jpg,1,swimmer,0.19635,"[2005.99, 1198.18, 34.6, 50.19]",41.672220963130826,32-64,localization,0.374374121427536,swimmer,FP
12559,12559.jpg,1,swimmer,0.11815,"[1943.85, 1391.42, 47.03, 43.7]",45.33443503563269,32-64,duplicate,0.7725414037704468,swimmer,FP
12560,12560.jpg,1,swimmer,0.10538,"[1943.45, 1435.98, 51.99, 46.52]",49.17900771670775,32-64,duplicate,0.890365719795227,swimmer,FP
12562,12562.jpg,1,swimmer,0.11373,"[1937.75, 1487.33, 64.45, 49.79]",56.647731640375504,32-64,duplicate,0.7498902678489685,swimmer,FP
12563,12563.jpg,1,swimmer,0.10014,"[1935.63, 1271.46, 29.64, 43.14]",35.758489901001134,32-64,background,0.0,,FP
12565,12565.jpg,1,swimmer,0.11127,"[1918.29, 1723.48, 101.95, 75.0]",87.44283847176966,>64,duplicate,0.5355566740036011,swimmer,FP
12567,12567.jpg,1,swimmer,0.75426,"[1906.22, 1653.29, 117.04, 79.39]",96.3940122621732,>64,localization,0.3832845985889435,swimmer,FP
12568,12568.jpg,1,swimmer,0.25779,"[1895.92, 2132.55, 65.64, 27.45]",42.44782679949587,32-64,background,0.0,,FP
12570,12570.jpg,1,swimmer,0.15612,"[1929.09, 1375.89, 82.27, 120.36]",99.50888000575627,>64,duplicate,0.7541371583938599,swimmer,FP
12574,12574.jpg,1,swimmer,0.83671,"[2202.18, 762.71, 101.01, 102.27]",101.63804750190748,>64,localization,0.45622214674949646,swimmer,FP
12574,12574.jpg,1,swimmer,0.7078,"[2312.36, 571.83, 59.27, 89.02]",72.63756190842311,>64,localization,0.2697993814945221,swimmer,FP
12578,12578.jpg,3,jetski,0.66633,"[2124.47, 681.21, 81.86, 98.92]",89.98661678271942,>64,class_confusion,0.8226563334465027,swimmer,FP
12580,12580.jpg,1,swimmer,0.73649,"[1801.2, 668.57, 64.95, 106.41]",83.1344062347233,>64,localization,0.37912943959236145,swimmer,FP
12583,12583.jpg,1,swimmer,0.7848,"[1587.46, 1715.57, 75.05, 119.3]",94.62275096402556,>64,localization,0.26832520961761475,swimmer,FP
12583,12583.jpg,1,swimmer,0.77329,"[1530.82, 1958.3, 124.74, 98.37]",110.77307344296267,>64,localization,0.1778676062822342,swimmer,FP
12592,12592.jpg,5,buoy,0.3603,"[490.1, 1624.83, 21.25, 23.22]",22.21317176811992,16-32,background,0.0,,FP
12592,12592.jpg,5,buoy,0.12997,"[882.74, 1439.96, 17.29, 26.69]",21.481855134042778,16-32,background,0.0,,FP
12594,12594.jpg,2,boat,0.85644,"[1124.15, 1697.1, 221.21, 77.68]",131.08620369817717,>64,localization,0.27072015404701233,boat,FP
12594,12594.jpg,5,buoy,0.40555,"[2633.45, 1415.84, 20.66, 28.26]",24.16302133426199,16-32,background,0.0,,FP
12594,12594.jpg,5,buoy,0.27934,"[2633.9, 1421.15, 30.15, 19.05]",23.965756820930984,16-32,background,0.0,,FP
12594,12594.jpg,5,buoy,0.18353,"[2279.73, 1566.82, 19.67, 22.01]",20.8071309891585,16-32,background,0.0,,FP
12594,12594.jpg,2,boat,0.10598,"[1070.71, 1237.64, 25.54, 20.7]",22.99299893445829,16-32,background,0.0,,FP
12595,12595.jpg,5,buoy,0.29229,"[1102.6, 1300.88, 17.92, 21.64]",19.69235384609976,16-32,background,0.0,,FP
13907,13907.jpg,1,swimmer,0.19138,"[1322.45, 660.3, 41.6, 57.71]",48.99730604839414,32-64,localization,0.4180687963962555,swimmer,FP
13907,13907.jpg,1,swimmer,0.16077,"[1314.2, 672.43, 50.83, 48.8]",49.80465841665817,32-64,duplicate,0.5634722113609314,swimmer,FP
13909,13909.jpg,1,swimmer,0.69794,"[416.3, 755.83, 64.98, 30.66]",44.635040047030316,32-64,localization,0.41660192608833313,swimmer,FP
13910,13910.jpg,1,swimmer,0.64721,"[404.5, 757.73, 66.63, 53.07]",59.46472988251103,32-64,localization,0.3024851083755493,swimmer,FP
13911,13911.jpg,1,swimmer,0.74149,"[392.73, 856.51, 79.87, 38.4]",55.380574211541,32-64,localization,0.28185853362083435,swimmer,FP
13914,13914.jpg,1,swimmer,0.71501,"[703.85, 395.39, 34.07, 31.48]",32.74940610148526,32-64,localization,0.4167126715183258,swimmer,FP
13914,13914.jpg,1,swimmer,0.13483,"[633.67, 139.41, 31.66, 29.21]",30.410337058309633,16-32,localization,0.429217666387558,swimmer,FP
13914,13914.jpg,1,swimmer,0.12625,"[633.35, 145.33, 31.97, 31.67]",31.819646446810186,16-32,duplicate,0.6575492024421692,swimmer,FP
13915,13915.jpg,1,swimmer,0.72687,"[686.48, 553.81, 49.51, 42.19]",45.703685846986126,32-64,localization,0.48095738887786865,swimmer,FP
13915,13915.jpg,1,swimmer,0.10242,"[931.95, 825.01, 46.63, 67.14]",55.95299991957536,32-64,duplicate,0.597942054271698,swimmer,FP
13917,13917.jpg,1,swimmer,0.13896,"[609.47, 609.18, 37.3, 46.48]",41.637771314036485,32-64,duplicate,0.692523181438446,swimmer,FP
13931,13931.jpg,1,swimmer,0.10551,"[1249.24, 655.02, 54.85, 55.09]",54.969869019309115,32-64,duplicate,0.8967840075492859,swimmer,FP
13933,13933.jpg,1,swimmer,0.13781,"[1560.02, 983.62, 62.36, 49.21]",55.39616954266784,32-64,duplicate,0.6114895343780518,swimmer,FP
13935,13935.jpg,1,swimmer,0.82165,"[999.33, 437.0, 55.79, 50.36]",53.00551292082739,32-64,localization,0.49265214800834656,swimmer,FP
13935,13935.jpg,1,swimmer,0.75046,"[1096.5, 577.13, 40.84, 48.83]",44.65665907790237,32-64,localization,0.4982967972755432,swimmer,FP
13935,13935.jpg,1,swimmer,0.70099,"[1038.6, 296.68, 53.65, 45.03]",49.15139367301806,32-64,localization,0.3381270468235016,swimmer,FP
13936,13936.jpg,1,swimmer,0.44654,"[950.39, 306.39, 60.18, 42.34]",50.47792784970477,32-64,localization,0.4429021179676056,swimmer,FP
13936,13936.jpg,1,swimmer,0.2457,"[949.99, 304.89, 89.05, 42.11]",61.23639032470807,32-64,localization,0.3339832127094269,swimmer,FP
13938,13938.jpg,1,swimmer,0.76535,"[861.33, 507.46, 41.27, 46.66]",43.88232218103322,32-64,localization,0.2958628833293915,swimmer,FP
13938,13938.jpg,1,swimmer,0.72188,"[656.27, 531.92, 41.72, 35.19]",38.31614281213598,32-64,localization,0.12015601247549057,swimmer,FP
13938,13938.jpg,1,swimmer,0.71983,"[482.83, 398.2, 40.96, 42.82]",41.879675261396194,32-64,localization,0.15456713736057281,swimmer,FP
13938,13938.jpg,1,swimmer,0.71529,"[941.35, 650.13, 27.36, 47.34]",35.989198379513816,32-64,localization,0.22896821796894073,swimmer,FP
13938,13938.jpg,1,swimmer,0.69674,"[893.29, 382.22, 98.51, 49.45]",69.79483863438614,>64,localization,0.1651647835969925,swimmer,FP
13938,13938.jpg,1,swimmer,0.65139,"[1237.98, 979.63, 49.68, 60.88]",54.99562164390907,32-64,localization,0.34116148948669434,swimmer,FP
13938,13938.jpg,1,swimmer,0.31185,"[0.67, 445.38, 34.44, 23.09]",28.199638295552656,16-32,background,0.0,,FP
13938,13938.jpg,1,swimmer,0.23038,"[893.75, 395.27, 36.09, 38.73]",37.386704856138365,32-64,localization,0.10946062952280045,swimmer,FP
13940,13940.jpg,1,swimmer,0.22937,"[965.23, 914.98, 39.34, 56.8]",47.270625128085626,32-64,duplicate,0.8707807660102844,swimmer,FP
13941,13941.jpg,1,swimmer,0.22259,"[507.37, 656.28, 61.75, 37.46]",48.09527003770745,32-64,duplicate,0.587941586971283,swimmer,FP
13948,13948.jpg,1,swimmer,0.73655,"[1040.84, 887.41, 57.05, 47.12]",51.84781576884411,32-64,localization,0.4565556049346924,swimmer,FP
13951,13951.jpg,1,swimmer,0.1069,"[1007.79, 820.38, 42.58, 52.9]",47.46032026862019,32-64,duplicate,0.5992523431777954,swimmer,FP
13953,13953.jpg,1,swimmer,0.76285,"[718.81, 243.56, 54.25, 45.92]",49.91152171593249,32-64,localization,0.4862399697303772,swimmer,FP
13953,13953.jpg,1,swimmer,0.57412,"[1005.77, 560.98, 37.62, 34.93]",36.250056551680025,32-64,localization,0.4948534369468689,swimmer,FP
13954,13954.jpg,1,swimmer,0.77953,"[1020.47, 226.49, 48.21, 44.21]",46.16669903729311,32-64,localization,0.46177852153778076,swimmer,FP
13954,13954.jpg,1,swimmer,0.66448,"[1339.82, 429.34, 30.41, 27.34]",28.834170700750178,16-32,localization,0.35145795345306396,swimmer,FP
13955,13955.jpg,1,swimmer,0.69592,"[1360.32, 490.07, 41.11, 27.58]",33.67215169839908,32-64,localization,0.49007415771484375,swimmer,FP
13955,13955.jpg,1,swimmer,0.69152,"[1582.03, 534.15, 36.34, 29.89]",32.95758789717476,32-64,localization,0.4146471321582794,swimmer,FP
13955,13955.jpg,1,swimmer,0.68001,"[1414.0, 679.39, 44.18, 35.96]",39.858660288574676,32-64,localization,0.4624379277229309,swimmer,FP
13957,13957.jpg,1,swimmer,0.24938,"[1575.72, 563.77, 38.96, 43.91]",41.36101546142212,32-64,duplicate,0.6895512342453003,swimmer,FP
13958,13958.jpg,1,swimmer,0.1225,"[1638.76, 761.66, 47.95, 27.7]",36.44468411167807,32-64,duplicate,0.7110610008239746,swimmer,FP
13959,13959.jpg,1,swimmer,0.68742,"[1604.74, 533.65, 42.63, 55.36]",48.57979827047453,32-64,localization,0.459746390581131,swimmer,FP
13961,13961.jpg,1,swimmer,0.20969,"[1546.05, 422.25, 69.64, 59.32]",64.273204370095,>64,localization,0.3480784296989441,swimmer,FP
13962,13962.jpg,1,swimmer,0.31763,"[1505.61, 373.39, 56.25, 42.74]",49.03187738604346,32-64,localization,0.40172407031059265,swimmer,FP
13966,13966.jpg,1,swimmer,0.15621,"[1424.78, 277.2, 40.0, 61.27]",49.50555524383097,32-64,localization,0.4602223336696625,swimmer,FP
13969,13969.jpg,1,swimmer,0.12868,"[411.42, 654.84, 55.0, 32.02]",41.9654619895933,32-64,localization,0.45103952288627625,swimmer,FP
13974,13974.jpg,1,swimmer,0.5887,"[1191.03, 206.66, 47.31, 26.66]",35.51456884153319,32-64,localization,0.491834819316864,swimmer,FP
13975,13975.jpg,1,swimmer,0.58798,"[375.03, 636.18, 33.03, 29.3]",31.10914656495739,16-32,localization,0.39102160930633545,swimmer,FP
13976,13976.jpg,1,swimmer,0.36733,"[379.6, 633.53, 35.99, 59.12]",46.127310782225315,32-64,duplicate,0.8799535036087036,swimmer,FP
13976,13976.jpg,1,swimmer,0.22347,"[1229.38, 20.85, 30.86, 27.01]",28.870895379256943,16-32,localization,0.4069928824901581,swimmer,FP
13976,13976.jpg,1,swimmer,0.14925,"[1230.23, 21.31, 42.71, 35.65]",39.02065478692022,32-64,duplicate,0.7213865518569946,swimmer,FP
13976,13976.jpg,1,swimmer,0.13455,"[1231.8, 28.35, 43.25, 36.0]",39.45883931389772,32-64,duplicate,0.6431122422218323,swimmer,FP
13978,13978.jpg,1,swimmer,0.60413,"[1246.01, 30.0, 35.28, 25.55]",30.02339088111135,16-32,localization,0.4315022826194763,swimmer,FP
13978,13978.jpg,1,swimmer,0.30561,"[1246.27, 5.94, 36.39, 44.43]",40.209547373727055,32-64,duplicate,0.8752179145812988,swimmer,FP
13980,13980.jpg,1,swimmer,0.2318,"[1232.57, 181.89, 32.34, 29.71]",30.997119220985685,16-32,duplicate,0.5168600082397461,swimmer,FP
13982,13982.jpg,1,swimmer,0.59012,"[1243.77, 24.77, 34.34, 26.97]",30.432709376590182,16-32,localization,0.4308571219444275,swimmer,FP
13983,13983.jpg,1,swimmer,0.57409,"[1246.63, 30.7, 29.21, 22.4]",25.579366684888818,16-32,localization,0.30398300290107727,swimmer,FP
13984,13984.jpg,1,swimmer,0.56457,"[1245.81, 30.03, 30.89, 23.71]",27.06292482345543,16-32,localization,0.32458969950675964,swimmer,FP
13985,13985.jpg,1,swimmer,0.61369,"[1245.25, 33.28, 33.59, 21.97]",27.16564558408285,16-32,localization,0.2672160267829895,swimmer,FP
13986,13986.jpg,1,swimmer,0.59213,"[1246.24, 29.15, 34.54, 27.82]",30.998432218420337,16-32,localization,0.45669591426849365,swimmer,FP
13987,13987.jpg,1,swimmer,0.60153,"[1253.02, 27.83, 38.2, 30.23]",33.9821423691915,32-64,localization,0.47071078419685364,swimmer,FP
13989,13989.jpg,1,swimmer,0.67162,"[787.65, 801.88, 55.65, 25.35]",37.55965255430353,32-64,localization,0.4323153793811798,swimmer,FP
13989,13989.jpg,1,swimmer,0.61546,"[1266.66, 29.36, 42.34, 27.7]",34.246430470926455,32-64,localization,0.45757290720939636,swimmer,FP
13991,13991.jpg,1,swimmer,0.64275,"[1266.68, 26.65, 45.64, 28.66]",36.16686881663935,32-64,localization,0.4610224962234497,swimmer,FP
13992,13992.jpg,1,swimmer,0.69954,"[1124.01, 522.3, 44.34, 31.5]",37.372583533922295,32-64,localization,0.48298579454421997,swimmer,FP
13992,13992.jpg,1,swimmer,0.64665,"[1273.72, 25.04, 44.72, 28.27]",35.556074023997645,32-64,localization,0.35315608978271484,swimmer,FP
13992,13992.jpg,1,swimmer,0.38764,"[1271.41, 15.56, 47.53, 37.18]",42.037666443321996,32-64,localization,0.49969950318336487,swimmer,FP
13993,13993.jpg,1,swimmer,0.69314,"[1272.59, 25.3, 47.89, 28.33]",36.83373046543073,32-64,localization,0.43620237708091736,swimmer,FP
13994,13994.jpg,1,swimmer,0.68375,"[1272.0, 26.5, 53.83, 27.81]",38.6912431953278,32-64,localization,0.40206989645957947,swimmer,FP
13994,13994.jpg,1,swimmer,0.2268,"[1455.42, 327.98, 72.68, 33.78]",49.549272446727215,32-64,duplicate,0.7135780453681946,swimmer,FP
13995,13995.jpg,1,swimmer,0.6648,"[1271.67, 26.43, 51.52, 24.58]",35.58597476534821,32-64,localization,0.26789191365242004,swimmer,FP
13995,13995.jpg,1,swimmer,0.62952,"[1266.82, 191.57, 25.56, 25.77]",25.664785212426775,16-32,localization,0.4833556115627289,swimmer,FP
13996,13996.jpg,1,swimmer,0.71713,"[1256.48, 17.35, 52.56, 28.72]",38.852582925720654,32-64,localization,0.4407728314399719,swimmer,FP
13996,13996.jpg,1,swimmer,0.32719,"[1429.26, 318.13, 59.41, 34.73]",45.4236645373312,32-64,duplicate,0.8138089776039124,swimmer,FP
13996,13996.jpg,1,swimmer,0.18175,"[1429.09, 318.15, 81.56, 37.38]",55.21515009487885,32-64,duplicate,0.5770640969276428,swimmer,FP
13999,13999.jpg,1,swimmer,0.22536,"[1418.48, 303.02, 48.3, 37.95]",42.81337407866846,32-64,duplicate,0.5100497007369995,swimmer,FP
14000,14000.jpg,1,swimmer,0.60919,"[1415.88, 300.76, 57.38, 32.86]",43.42242277902052,32-64,localization,0.44082212448120117,swimmer,FP
14000,14000.jpg,1,swimmer,0.28119,"[1415.93, 299.81, 71.05, 38.75]",52.470825226977325,32-64,localization,0.32158800959587097,swimmer,FP
14000,14000.jpg,1,swimmer,0.11607,"[1253.0, 3.07, 66.17, 27.92]",42.98216374265028,32-64,duplicate,0.8243013620376587,swimmer,FP
14001,14001.jpg,1,swimmer,0.70028,"[1276.56, 9.07, 47.83, 25.03]",34.60035982471859,32-64,localization,0.48941144347190857,swimmer,FP
14001,14001.jpg,1,swimmer,0.18574,"[1250.98, 513.85, 34.26, 58.58]",44.79900445322418,32-64,duplicate,0.5337958335876465,swimmer,FP
14001,14001.jpg,1,swimmer,0.12756,"[1227.25, 520.04, 55.91, 57.46]",56.67970183407813,32-64,duplicate,0.7419477701187134,swimmer,FP
14002,14002.jpg,1,swimmer,0.68414,"[1247.62, 527.13, 39.34, 34.76]",36.97916169953018,32-64,localization,0.49653491377830505,swimmer,FP
14003,14003.jpg,1,swimmer,0.66969,"[1281.98, 26.45, 47.26, 24.6]",34.09686202570553,32-64,localization,0.3923676609992981,swimmer,FP
14004,14004.jpg,1,swimmer,0.65907,"[1279.44, 29.07, 58.01, 25.71]",38.619128679968945,32-64,localization,0.466945618391037,swimmer,FP
14005,14005.jpg,1,swimmer,0.60861,"[1287.86, 30.67, 52.75, 25.46]",36.6471690584689,32-64,localization,0.4702839255332947,swimmer,FP
14005,14005.jpg,1,swimmer,0.14368,"[374.99, 589.4, 50.27, 27.95]",37.483949898589934,32-64,duplicate,0.6109712719917297,swimmer,FP
14005,14005.jpg,1,swimmer,0.13946,"[1270.59, 17.43, 69.97, 35.66]",49.95127826192238,32-64,duplicate,0.739162802696228,swimmer,FP
14006,14006.jpg,1,swimmer,0.16263,"[1278.09, 26.46, 66.14, 31.23]",45.44834650457594,32-64,duplicate,0.6377166509628296,swimmer,FP
14007,14007.jpg,1,swimmer,0.14405,"[1283.54, 18.38, 68.96, 41.52]",53.509057177266726,32-64,duplicate,0.840871274471283,swimmer,FP
14008,14008.jpg,1,swimmer,0.41417,"[363.16, 595.07, 62.15, 29.51]",42.82576911159915,32-64,localization,0.4010775685310364,swimmer,FP
14009,14009.jpg,1,swimmer,0.30487,"[1312.32, 15.82, 58.03, 42.37]",49.585593673969456,32-64,duplicate,0.944686770439148,swimmer,FP
14009,14009.jpg,1,swimmer,0.28787,"[364.52, 596.76, 43.75, 31.84]",37.322915213043046,32-64,duplicate,0.538871169090271,swimmer,FP
14010,14010.jpg,1,swimmer,0.68513,"[1324.04, 35.57, 51.24, 24.15]",35.17735066772369,32-64,localization,0.42408502101898193,swimmer,FP
14010,14010.jpg,1,swimmer,0.51606,"[362.45, 595.88, 38.92, 35.43]",37.13402213604123,32-64,localization,0.43789592385292053,swimmer,FP
14011,14011.jpg,1,swimmer,0.70556,"[360.37, 592.99, 30.13, 26.36]",28.18202973527634,16-32,localization,0.4224608540534973,swimmer,FP
14012,14012.jpg,1,swimmer,0.67155,"[1326.38, 32.04, 55.51, 28.63]",39.86541483541843,32-64,localization,0.4313979148864746,swimmer,FP
14012,14012.jpg,1,swimmer,0.2194,"[1297.88, 174.96, 38.14, 50.16]",43.73902605225681,32-64,localization,0.36891600489616394,swimmer,FP
14013,14013.jpg,1,swimmer,0.58245,"[1301.28, 168.79, 33.15, 56.71]",43.35823451202781,32-64,localization,0.4313690960407257,swimmer,FP
14013,14013.jpg,1,swimmer,0.30963,"[1325.66, 9.98, 59.43, 50.65]",54.86464708717263,32-64,duplicate,0.7983893156051636,swimmer,FP
14015,14015.jpg,1,swimmer,0.64586,"[1340.85, 35.02, 52.14, 25.34]",36.348694612049,32-64,localization,0.4296005666255951,swimmer,FP
14015,14015.jpg,1,swimmer,0.17292,"[1324.36, 16.92, 68.46, 39.88]",52.2511703218215,32-64,duplicate,0.8411954045295715,swimmer,FP
14016,14016.jpg,1,swimmer,0.19971,"[1327.33, 20.52, 45.66, 33.07]",38.858412216661655,32-64,localization,0.4360140860080719,swimmer,FP
14016,14016.jpg,1,swimmer,0.1903,"[1330.78, 20.67, 63.38, 35.81]",47.64071577967737,32-64,duplicate,0.7857216000556946,swimmer,FP
14017,14017.jpg,1,swimmer,0.44766,"[1336.96, 27.14, 65.14, 33.77]",46.901788878463904,32-64,duplicate,0.7322197556495667,swimmer,FP
14017,14017.jpg,1,swimmer,0.32653,"[1312.48, 137.63, 47.16, 58.27]",52.42149559102639,32-64,duplicate,0.6207430958747864,swimmer,FP
14017,14017.jpg,1,swimmer,0.19576,"[1332.65, 19.69, 48.28, 32.38]",39.53866967918876,32-64,localization,0.4969467520713806,swimmer,FP
14017,14017.jpg,1,swimmer,0.16324,"[1325.8, 19.08, 32.49, 29.67]",31.047999935583615,16-32,localization,0.20161114633083344,swimmer,FP
14018,14018.jpg,1,swimmer,0.59049,"[1349.87, 33.13, 56.6, 27.88]",39.72414882662686,32-64,localization,0.4997732639312744,swimmer,FP
14018,14018.jpg,1,swimmer,0.28243,"[1337.88, 20.64, 26.65, 21.88]",24.1475050471058,16-32,localization,0.18792128562927246,swimmer,FP
14018,14018.jpg,1,swimmer,0.1029,"[1317.08, 239.08, 59.68, 39.9]",48.79786880592225,32-64,duplicate,0.6760082840919495,swimmer,FP
14019,14019.jpg,1,swimmer,0.23879,"[1340.77, 22.13, 59.75, 30.31]",42.55611001959648,32-64,duplicate,0.5303068161010742,swimmer,FP
14020,14020.jpg,1,swimmer,0.67114,"[1356.09, 43.09, 60.39, 26.29]",39.84536484962837,32-64,localization,0.4478834271430969,swimmer,FP
14020,14020.jpg,1,swimmer,0.24966,"[1345.6, 27.24, 40.66, 29.24]",34.48040603009193,32-64,localization,0.3392978608608246,swimmer,FP
14020,14020.jpg,1,swimmer,0.2284,"[1343.97, 23.15, 31.86, 23.86]",27.571354700123095,16-32,localization,0.21694612503051758,swimmer,FP
14020,14020.jpg,1,swimmer,0.11702,"[1347.66, 37.89, 69.49, 37.41]",50.98647761907072,32-64,duplicate,0.561337947845459,swimmer,FP
14021,14021.jpg,1,swimmer,0.12552,"[1352.01, 34.17, 67.77, 34.94]",48.66090628009305,32-64,duplicate,0.7405022382736206,swimmer,FP
14022,14022.jpg,1,swimmer,0.5849,"[1388.17, 46.01, 44.95, 22.18]",31.575164290942336,16-32,localization,0.37964925169944763,swimmer,FP
14023,14023.jpg,1,swimmer,0.68124,"[1398.1, 42.09, 37.79, 24.18]",30.228499797376646,16-32,localization,0.3736277222633362,swimmer,FP
14023,14023.jpg,1,swimmer,0.11982,"[1369.93, 113.08, 50.09, 50.17]",50.129984041489585,32-64,localization,0.4328116476535797,swimmer,FP
14025,14025.jpg,1,swimmer,0.17521,"[1402.28, 138.61, 31.26, 29.03]",30.12437219262835,16-32,duplicate,0.5655560493469238,swimmer,FP
14026,14026.jpg,1,swimmer,0.177,"[1395.77, 79.03, 39.12, 31.58]",35.14839398891505,32-64,duplicate,0.6195624470710754,swimmer,FP
14026,14026.jpg,1,swimmer,0.14696,"[1373.45, 129.14, 71.49, 38.53]",52.483423097202795,32-64,localization,0.47309795022010803,swimmer,FP
14027,14027.jpg,1,swimmer,0.67777,"[847.41, 673.23, 37.15, 31.89]",34.419667342959606,32-64,localization,0.4988054931163788,swimmer,FP
14028,14028.jpg,1,swimmer,0.71326,"[850.92, 664.32, 40.19, 30.48]",34.99987428548851,32-64,localization,0.4999871850013733,swimmer,FP
14030,14030.jpg,1,swimmer,0.16864,"[1460.88, 255.65, 52.37, 61.53]",56.7655361993525,32-64,localization,0.47879692912101746,swimmer,FP
14031,14031.jpg,1,swimmer,0.11134,"[1466.2, 264.38, 52.91, 51.12]",52.00729948766807,32-64,localization,0.45685458183288574,swimmer,FP
14032,14032.jpg,1,swimmer,0.22765,"[1404.58, 129.33, 37.06, 46.77]",41.63287403002584,32-64,localization,0.43236687779426575,swimmer,FP
14033,14033.jpg,1,swimmer,0.6172,"[1404.36, 127.27, 37.71, 49.5]",43.20468724571444,32-64,localization,0.4240161180496216,swimmer,FP
14034,14034.jpg,1,swimmer,0.63954,"[1416.99, 82.38, 29.96, 24.84]",27.28014662717193,16-32,localization,0.4514240622520447,swimmer,FP
14034,14034.jpg,1,swimmer,0.22052,"[1399.73, 127.22, 42.76, 49.7]",46.0995878506522,32-64,localization,0.44302499294281006,swimmer,FP
14035,14035.jpg,1,swimmer,0.67475,"[1414.98, 85.49, 29.85, 24.38]",26.976712179211166,16-32,localization,0.46170151233673096,swimmer,FP
14035,14035.jpg,1,swimmer,0.13033,"[1401.88, 126.81, 40.32, 48.98]",44.43954995271667,32-64,localization,0.4866493046283722,swimmer,FP
14036,14036.jpg,1,swimmer,0.65203,"[1415.7, 86.94, 30.17, 24.21]",27.026203950980612,16-32,localization,0.4600120484828949,swimmer,FP
14037,14037.jpg,1,swimmer,0.62382,"[1419.78, 80.54, 27.71, 30.23]",28.94258627006232,16-32,localization,0.3629099726676941,swimmer,FP
14037,14037.jpg,1,swimmer,0.10584,"[1396.72, 117.48, 42.76, 40.54]",41.635206256244246,32-64,duplicate,0.5921424627304077,swimmer,FP
14038,14038.jpg,1,swimmer,0.54459,"[1425.55, 73.94, 24.77, 29.33]",26.953740000230024,16-32,localization,0.36613696813583374,swimmer,FP
14039,14039.jpg,1,swimmer,0.43712,"[1397.57, 110.96, 33.57, 33.24]",33.40459249863707,32-64,localization,0.47776830196380615,swimmer,FP
14040,14040.jpg,1,swimmer,0.4644,"[1276.66, 427.5, 35.66, 37.72]",36.6755395325004,32-64,localization,0.44717326760292053,swimmer,FP
14041,14041.jpg,1,swimmer,0.54089,"[1425.26, 61.21, 26.92, 24.47]",25.665782668759586,16-32,localization,0.47819116711616516,swimmer,FP
14045,14045.jpg,1,swimmer,0.19791,"[1373.33, 101.26, 39.35, 33.87]",36.50732118356536,32-64,duplicate,0.5656614303588867,swimmer,FP
14046,14046.jpg,1,swimmer,0.27127,"[1198.26, 389.22, 51.98, 46.03]",48.91461335838197,32-64,duplicate,0.712587296962738,swimmer,FP
14050,14050.jpg,1,swimmer,0.3814,"[1389.47, 106.91, 34.41, 30.66]",32.48092671091759,32-64,localization,0.4481599032878876,swimmer,FP
14052,14052.jpg,1,swimmer,0.72546,"[1387.18, 173.36, 49.14, 36.3]",42.234843435249054,32-64,localization,0.3739246129989624,swimmer,FP
14055,14055.jpg,1,swimmer,0.64803,"[1443.44, 34.71, 27.6, 23.86]",25.661956277727544,16-32,localization,0.4904819130897522,swimmer,FP
14055,14055.jpg,1,swimmer,0.28375,"[1446.36, 0.0, 30.0, 12.76]",19.56527536223296,16-32,background,0.0,,FP
14055,14055.jpg,1,swimmer,0.15916,"[1288.39, 369.28, 32.87, 33.31]",33.089268653144934,32-64,duplicate,0.7065315246582031,swimmer,FP
14056,14056.jpg,1,swimmer,0.33922,"[1451.88, 0.0, 33.18, 12.39]",20.275606032866193,16-32,background,0.0,,FP
14057,14057.jpg,1,swimmer,0.41789,"[1458.52, 0.0, 27.18, 12.08]",18.12,16-32,background,0.0,,FP
14058,14058.jpg,1,swimmer,0.63742,"[1457.36, 37.73, 25.23, 20.07]",22.50257985209696,16-32,localization,0.4877893924713135,swimmer,FP
14058,14058.jpg,1,swimmer,0.12091,"[1450.49, 36.7, 29.77, 21.11]",25.06879933303548,16-32,localization,0.3930337727069855,swimmer,FP
14061,14061.jpg,1,swimmer,0.71222,"[1461.37, 20.91, 34.59, 42.29]",38.246713584306825,32-64,localization,0.4994485378265381,swimmer,FP
14062,14062.jpg,1,swimmer,0.62685,"[1390.51, 178.09, 27.01, 26.9]",26.954943887903013,16-32,localization,0.4234086275100708,swimmer,FP
14063,14063.jpg,1,swimmer,0.13032,"[1454.08, 23.31, 38.59, 27.25]",32.42803570986069,32-64,duplicate,0.5352891683578491,swimmer,FP
14065,14065.jpg,1,swimmer,0.54324,"[1212.55, 342.57, 70.02, 49.79]",59.044862604633096,32-64,localization,0.39087727665901184,swimmer,FP
14065,14065.jpg,1,swimmer,0.20189,"[1461.42, 30.13, 45.99, 29.48]",36.820988579884705,32-64,duplicate,0.5585615038871765,swimmer,FP
14066,14066.jpg,1,swimmer,0.66243,"[1385.01, 170.89, 32.89, 25.22]",28.8007951279127,16-32,localization,0.4384177327156067,swimmer,FP
14067,14067.jpg,1,swimmer,0.52895,"[1451.71, 37.97, 44.55, 29.51]",36.25838523707309,32-64,localization,0.390211820602417,swimmer,FP
14067,14067.jpg,1,swimmer,0.14143,"[1455.46, 35.47, 49.78, 32.97]",40.512301835368476,32-64,localization,0.3125672936439514,swimmer,FP
14067,14067.jpg,1,swimmer,0.10455,"[1446.16, 30.79, 52.16, 37.25]",44.07901995280748,32-64,localization,0.2640301585197449,swimmer,FP
14068,14068.jpg,1,swimmer,0.60367,"[1457.57, 34.6, 42.63, 33.37]",37.71688083603945,32-64,localization,0.42177391052246094,swimmer,FP
14069,14069.jpg,1,swimmer,0.11504,"[1466.38, 36.96, 39.5, 28.79]",33.7224702535268,32-64,localization,0.434398353099823,swimmer,FP
14070,14070.jpg,1,swimmer,0.41718,"[1463.39, 28.79, 39.51, 34.13]",36.72160535706466,32-64,localization,0.30256369709968567,swimmer,FP
14070,14070.jpg,1,swimmer,0.13766,"[1449.04, 26.3, 57.18, 40.12]",47.89636311871706,32-64,localization,0.17785049974918365,swimmer,FP
14072,14072.jpg,1,swimmer,0.14893,"[1489.98, 32.39, 22.22, 23.19]",22.69981938254135,16-32,duplicate,0.6185984015464783,swimmer,FP
14073,14073.jpg,1,swimmer,0.31311,"[1387.94, 97.91, 35.67, 22.6]",28.392639891352125,16-32,localization,0.4825202226638794,swimmer,FP
14076,14076.jpg,1,swimmer,0.15986,"[1487.02, 22.22, 25.43, 29.51]",27.39414718511967,16-32,localization,0.4368828237056732,swimmer,FP
14078,14078.jpg,1,swimmer,0.1436,"[1487.4, 26.41, 24.81, 27.71]",26.2199370708627,16-32,localization,0.4879603087902069,swimmer,FP
14079,14079.jpg,1,swimmer,0.51076,"[1483.12, 25.43, 27.82, 29.52]",28.657396950874656,16-32,localization,0.4840875267982483,swimmer,FP
14080,14080.jpg,1,swimmer,0.34611,"[869.86, 536.28, 45.47, 50.7]",48.0138417542275,32-64,localization,0.34702202677726746,swimmer,FP
14080,14080.jpg,1,swimmer,0.10872,"[1489.75, 28.89, 41.2, 28.19]",34.07973004587918,32-64,localization,0.33832690119743347,swimmer,FP
14081,14081.jpg,1,swimmer,0.12924,"[869.03, 534.88, 46.5, 49.87]",48.15552927753988,32-64,localization,0.4144108295440674,swimmer,FP
14082,14082.jpg,1,swimmer,0.57184,"[1232.68, 332.72, 27.98, 28.8]",28.387039296129494,16-32,localization,0.4641212224960327,swimmer,FP
14082,14082.jpg,1,swimmer,0.11844,"[1539.29, 148.53, 47.82, 32.97]",39.706742500487245,32-64,localization,0.4121372699737549,swimmer,FP
14084,14084.jpg,1,swimmer,0.54937,"[1230.65, 334.27, 29.26, 28.04]",28.64350537207344,16-32,localization,0.4863182306289673,swimmer,FP
15338,15338.jpg,1,swimmer,0.63731,"[1241.95, 241.92, 60.41, 40.24]",49.30414181384765,32-64,localization,0.4811145067214966,swimmer,FP
15338,15338.jpg,1,swimmer,0.56416,"[542.33, 238.95, 41.74, 44.94]",43.310456012376505,32-64,localization,0.3343673050403595,swimmer,FP
15338,15338.jpg,1,swimmer,0.40576,"[271.42, 641.17, 53.31, 66.58]",59.57667160894439,32-64,localization,0.2352970987558365,swimmer,FP
15338,15338.jpg,1,swimmer,0.12421,"[543.66, 231.9, 52.69, 53.05]",52.86969358715823,32-64,localization,0.29828622937202454,swimmer,FP
15338,15338.jpg,1,swimmer,0.11741,"[272.4, 636.61, 59.89, 61.38]",60.630423056416156,32-64,localization,0.21623903512954712,swimmer,FP
15338,15338.jpg,1,swimmer,0.1075,"[687.58, 254.36, 58.67, 49.78]",54.04250734375673,32-64,duplicate,0.7800484299659729,swimmer,FP
15338,15338.jpg,1,swimmer,0.10145,"[265.44, 642.05, 63.67, 82.88]",72.64275325178693,>64,localization,0.219421848654747,swimmer,FP
15339,15339.jpg,1,swimmer,0.61318,"[1412.27, 12.66, 133.89, 55.34]",86.0782934310387,>64,localization,0.4243994951248169,swimmer,FP
15339,15339.jpg,1,swimmer,0.2859,"[238.21, 11.38, 61.18, 67.78]",64.39549984276852,>64,localization,0.20472833514213562,swimmer,FP
15339,15339.jpg,1,swimmer,0.28503,"[1535.65, 393.79, 143.06, 71.32]",101.0100945450503,>64,duplicate,0.6110293865203857,swimmer,FP
15339,15339.jpg,1,swimmer,0.19127,"[237.81, 8.68, 93.45, 74.16]",83.24813511424745,>64,localization,0.14915600419044495,swimmer,FP
15339,15339.jpg,1,swimmer,0.18597,"[233.44, 14.36, 63.25, 92.65]",76.55137164022602,>64,localization,0.1683540791273117,swimmer,FP
15340,15340.jpg,3,jetski,0.80756,"[647.0, 902.35, 239.02, 162.18]",196.8864230971755,>64,class_confusion,0.9310696125030518,swimmer,FP
15340,15340.jpg,1,swimmer,0.45914,"[1613.76, 386.55, 142.01, 106.0]",122.69091245891033,>64,duplicate,0.8962033987045288,swimmer,FP
15340,15340.jpg,1,swimmer,0.34528,"[415.8, 0.0, 85.71, 36.64]",56.039400425058076,32-64,localization,0.4674607813358307,swimmer,FP
15340,15340.jpg,1,swimmer,0.15692,"[1659.3, 387.73, 99.43, 108.95]",104.08121108057881,>64,duplicate,0.6275359988212585,swimmer,FP
15340,15340.jpg,1,swimmer,0.15586,"[1681.84, 392.22, 69.9, 104.85]",85.60966651027208,>64,localization,0.4262655973434448,swimmer,FP
15340,15340.jpg,1,swimmer,0.13037,"[408.95, 21.18, 71.68, 45.81]",57.30323551074582,32-64,localization,0.4194829761981964,swimmer,FP
15340,15340.jpg,1,swimmer,0.12171,"[1614.83, 393.38, 130.98, 46.37]",77.93293655445045,>64,localization,0.3859937787055969,swimmer,FP
15341,15341.jpg,1,swimmer,0.20132,"[1641.93, 384.59, 140.34, 113.1]",125.98592778560628,>64,duplicate,0.8926138281822205,swimmer,FP
15341,15341.jpg,1,swimmer,0.19559,"[419.98, 0.0, 101.98, 41.95]",65.4068880164773,>64,duplicate,0.5774901509284973,swimmer,FP
15341,15341.jpg,1,swimmer,0.1251,"[1682.22, 381.63, 101.06, 92.49]",96.68008791886776,>64,duplicate,0.6110999584197998,swimmer,FP
15341,15341.jpg,1,swimmer,0.10641,"[1641.26, 420.36, 31.08, 22.16]",26.24371924861261,16-32,background,0.04422181099653244,,FP
15342,15342.jpg,3,jetski,0.70869,"[625.64, 885.65, 249.46, 184.53]",214.55268304078606,>64,class_confusion,0.8983323574066162,swimmer,FP
15342,15342.jpg,1,swimmer,0.14617,"[410.03, 0.0, 95.94, 37.48]",59.96524993694264,32-64,localization,0.3127865791320801,swimmer,FP
15343,15343.jpg,1,swimmer,0.26464,"[286.1, 0.0, 131.9, 39.02]",71.74076944109257,>64,localization,0.39131706953048706,swimmer,FP
15343,15343.jpg,1,swimmer,0.22347,"[1478.47, 347.01, 137.02, 59.64]",90.39841149046813,>64,localization,0.4953365623950958,swimmer,FP
15344,15344.jpg,1,swimmer,0.28201,"[1204.95, 307.69, 135.85, 89.68]",110.37675479918768,>64,duplicate,0.6434998512268066,swimmer,FP
15345,15345.jpg,1,swimmer,0.45199,"[915.26, 267.08, 137.83, 88.08]",110.1819694868448,>64,duplicate,0.7899422645568848,swimmer,FP
15346,15346.jpg,1,swimmer,0.27239,"[626.35, 391.54, 88.97, 123.88]",104.98382542087137,>64,duplicate,0.5583603978157043,swimmer,FP
15346,15346.jpg,1,swimmer,0.23034,"[858.83, 323.01, 57.07, 32.92]",43.34448523168778,32-64,background,0.08883297443389893,,FP
15346,15346.jpg,1,swimmer,0.12074,"[827.62, 246.43, 98.83, 83.51]",90.84763783390298,>64,duplicate,0.6017444133758545,swimmer,FP
15346,15346.jpg,1,swimmer,0.11573,"[858.76, 302.58, 63.36, 54.12]",58.55803275384172,32-64,localization,0.19284550845623016,swimmer,FP
15347,15347.jpg,1,swimmer,0.27856,"[806.07, 244.31, 131.37, 110.06]",120.24384474891012,>64,duplicate,0.8358648419380188,swimmer,FP
15347,15347.jpg,1,swimmer,0.24435,"[844.61, 244.67, 93.51, 101.2]",97.27904193607172,>64,duplicate,0.6156380772590637,swimmer,FP
15347,15347.jpg,1,swimmer,0.15282,"[873.93, 265.41, 61.76, 95.95]",76.97968563198995,>64,localization,0.354049414396286,swimmer,FP
15347,15347.jpg,1,swimmer,0.11681,"[878.92, 332.27, 55.21, 32.13]",42.11766019142089,32-64,background,0.06297037750482559,,FP
15348,15348.jpg,1,swimmer,0.58637,"[868.01, 270.29, 146.79, 77.73]",106.81753929013718,>64,duplicate,0.5921084880828857,swimmer,FP
15348,15348.jpg,1,swimmer,0.49013,"[706.24, 424.28, 71.43, 106.93]",87.39570870471846,>64,duplicate,0.8755473494529724,swimmer,FP
15348,15348.jpg,1,swimmer,0.40002,"[0.0, 796.29, 138.32, 175.81]",155.94242270786998,>64,localization,0.4666905999183655,swimmer,FP
15348,15348.jpg,1,swimmer,0.15133,"[707.52, 422.9, 59.7, 80.77]",69.44039890438418,>64,duplicate,0.6848980784416199,swimmer,FP
15349,15349.jpg,1,swimmer,0.33055,"[906.56, 296.44, 135.77, 74.15]",100.33616247395553,>64,duplicate,0.5757606625556946,swimmer,FP
15349,15349.jpg,1,swimmer,0.21695,"[948.01, 296.98, 104.75, 117.81]",111.08824195206259,>64,duplicate,0.6153887510299683,swimmer,FP
15349,15349.jpg,1,swimmer,0.20911,"[746.59, 447.53, 65.89, 91.5]",77.64621690720031,>64,duplicate,0.6410137414932251,swimmer,FP
15351,15351.jpg,1,swimmer,0.33364,"[763.08, 632.91, 80.36, 121.65]",98.87261501548343,>64,duplicate,0.5243830680847168,swimmer,FP
15351,15351.jpg,1,swimmer,0.29125,"[774.3, 615.57, 91.58, 62.92]",75.90924581366883,>64,localization,0.24277760088443756,swimmer,FP
15352,15352.jpg,1,swimmer,0.19125,"[851.86, 166.17, 100.09, 79.37]",89.12992370691227,>64,localization,0.4871193766593933,swimmer,FP
15352,15352.jpg,1,swimmer,0.15796,"[998.31, 629.23, 122.89, 54.52]",81.85330048324258,>64,localization,0.2511371970176697,swimmer,FP
15353,15353.jpg,1,swimmer,0.43345,"[1118.32, 785.18, 124.39, 78.07]",98.54505213352927,>64,duplicate,0.5001722574234009,swimmer,FP
15353,15353.jpg,1,swimmer,0.42619,"[915.58, 961.92, 120.34, 115.1]",117.69084076511646,>64,localization,0.4685639441013336,swimmer,FP
15353,15353.jpg,1,swimmer,0.13696,"[1170.38, 790.93, 75.63, 123.41]",96.61003208777026,>64,duplicate,0.5395660400390625,swimmer,FP
15354,15354.jpg,1,swimmer,0.62937,"[1253.42, 466.62, 60.85, 79.26]",69.4476133499201,>64,localization,0.4210357964038849,swimmer,FP
15354,15354.jpg,1,swimmer,0.40071,"[74.15, 515.53, 155.65, 85.53]",115.38086713142695,>64,localization,0.3938148319721222,swimmer,FP
15355,15355.jpg,1,swimmer,0.7341,"[1396.78, 538.09, 93.3, 84.72]",88.90655768839551,>64,localization,0.29453015327453613,swimmer,FP
15355,15355.jpg,1,swimmer,0.36805,"[262.22, 624.96, 84.18, 68.94]",76.17984772891056,>64,localization,0.48653867840766907,swimmer,FP
15355,15355.jpg,1,swimmer,0.28929,"[265.59, 620.59, 135.54, 69.49]",97.04985625955351,>64,duplicate,0.670299232006073,swimmer,FP
15355,15355.jpg,1,swimmer,0.12661,"[256.25, 636.61, 72.83, 64.85]",68.72427154943149,>64,localization,0.43888309597969055,swimmer,FP
15356,15356.jpg,1,swimmer,0.63431,"[1551.73, 590.41, 89.67, 82.3]",85.90600095453169,>64,localization,0.48293718695640564,swimmer,FP
15356,15356.jpg,1,swimmer,0.35614,"[416.28, 682.98, 51.23, 84.77]",65.89967450602468,>64,localization,0.364702969789505,swimmer,FP
15356,15356.jpg,1,swimmer,0.25105,"[419.65, 682.35, 56.67, 73.98]",64.74910501311967,>64,localization,0.4348256289958954,swimmer,FP
15356,15356.jpg,1,swimmer,0.20334,"[421.51, 678.4, 85.98, 62.49]",73.30000136425647,>64,duplicate,0.7809253931045532,swimmer,FP
15356,15356.jpg,1,swimmer,0.15591,"[17.13, 632.41, 88.83, 77.28]",82.85398240277893,>64,duplicate,0.6094441413879395,swimmer,FP
15357,15357.jpg,1,swimmer,0.58861,"[1619.84, 512.77, 110.9, 66.39]",85.80589140612666,>64,localization,0.4001533091068268,swimmer,FP
15357,15357.jpg,1,swimmer,0.20253,"[149.33, 548.74, 81.33, 75.6]",78.4126775464274,>64,localization,0.36306869983673096,swimmer,FP
15357,15357.jpg,1,swimmer,0.10789,"[520.4, 587.1, 99.2, 105.11]",102.11225195832282,>64,duplicate,0.5965730547904968,swimmer,FP
15358,15358.jpg,1,swimmer,0.33137,"[295.05, 325.01, 61.81, 68.14]",64.8978689942898,>64,localization,0.3115188181400299,swimmer,FP
15358,15358.jpg,1,swimmer,0.31584,"[642.8, 329.72, 80.48, 115.89]",96.57549999870568,>64,localization,0.37867170572280884,swimmer,FP
15358,15358.jpg,1,swimmer,0.19158,"[1801.6, 850.81, 77.75, 95.08]",85.97947429474084,>64,duplicate,0.5711004734039307,swimmer,FP
15358,15358.jpg,1,swimmer,0.17928,"[289.55, 328.28, 57.01, 69.99]",63.167475016815416,32-64,localization,0.2595905363559723,swimmer,FP
15358,15358.jpg,1,swimmer,0.14289,"[642.18, 327.13, 59.02, 77.73]",67.73200572845899,>64,localization,0.20704706013202667,swimmer,FP
15358,15358.jpg,1,swimmer,0.11434,"[642.05, 329.04, 62.67, 106.18]",81.57389656011291,>64,localization,0.2898428440093994,swimmer,FP
15358,15358.jpg,1,swimmer,0.10327,"[283.52, 341.07, 67.61, 88.65]",77.41851522730205,>64,localization,0.24284949898719788,swimmer,FP
15359,15359.jpg,1,swimmer,0.46667,"[756.52, 26.88, 103.74, 104.39]",104.06449250344711,>64,duplicate,0.728937566280365,swimmer,FP
15359,15359.jpg,1,swimmer,0.3562,"[427.33, 11.52, 42.35, 54.71]",48.134898981923705,32-64,localization,0.17290811240673065,swimmer,FP
15359,15359.jpg,1,swimmer,0.33116,"[1047.37, 895.18, 116.2, 155.63]",134.47752972151147,>64,localization,0.3829001188278198,swimmer,FP
15359,15359.jpg,1,swimmer,0.31896,"[1047.72, 886.77, 72.63, 101.7]",85.94458098100193,>64,duplicate,0.6167381405830383,swimmer,FP
15359,15359.jpg,1,swimmer,0.31872,"[1795.47, 0.0, 98.14, 22.93]",47.43785619102111,32-64,background,0.0,,FP
15359,15359.jpg,1,swimmer,0.26951,"[755.56, 26.01, 70.55, 99.13]",83.62787513742053,>64,localization,0.45830830931663513,swimmer,FP
15359,15359.jpg,1,swimmer,0.23045,"[764.1, 77.52, 121.58, 52.73]",80.06817969705568,>64,localization,0.4336722791194916,swimmer,FP
15359,15359.jpg,1,swimmer,0.20944,"[420.98, 12.53, 57.8, 80.56]",68.23758495140343,>64,localization,0.3474900424480438,swimmer,FP
15359,15359.jpg,1,swimmer,0.19045,"[415.55, 16.88, 78.76, 90.99]",84.65442929935799,>64,localization,0.46694767475128174,swimmer,FP
15359,15359.jpg,1,swimmer,0.11557,"[1047.26, 882.85, 73.41, 77.31]",75.33476687426595,>64,duplicate,0.5015314817428589,swimmer,FP
15360,15360.jpg,1,swimmer,0.389,"[1099.99, 562.22, 144.13, 102.25]",121.39725079259415,>64,duplicate,0.707601010799408,swimmer,FP
15361,15361.jpg,1,swimmer,0.27962,"[743.16, 443.29, 122.18, 69.15]",91.91706588006387,>64,localization,0.3406203091144562,swimmer,FP
15361,15361.jpg,1,swimmer,0.17521,"[787.77, 531.47, 40.0, 30.06]",34.675639864319734,32-64,background,0.016462689265608788,,FP
15362,15362.jpg,1,swimmer,0.10188,"[744.25, 344.98, 120.67, 70.55]",92.26737505749256,>64,duplicate,0.546316921710968,swimmer,FP
15363,15363.jpg,1,swimmer,0.36829,"[83.04, 77.87, 92.91, 66.06]",78.34305712697201,>64,localization,0.2698191702365875,swimmer,FP
15363,15363.jpg,1,swimmer,0.33366,"[730.86, 343.1, 133.38, 70.22]",96.77780530679541,>64,duplicate,0.5598962306976318,swimmer,FP
15363,15363.jpg,1,swimmer,0.27949,"[82.25, 88.01, 66.71, 55.65]",60.929561790644776,32-64,localization,0.405344158411026,swimmer,FP
15363,15363.jpg,1,swimmer,0.15391,"[82.19, 89.77, 75.92, 66.62]",71.11814395778337,>64,localization,0.4597885310649872,swimmer,FP
15364,15364.jpg,1,swimmer,0.14473,"[60.35, 103.88, 62.54, 75.74]",68.82426606946129,>64,duplicate,0.5771570205688477,swimmer,FP
15365,15365.jpg,1,swimmer,0.67281,"[1795.13, 191.28, 46.82, 58.04]",52.129001525062804,32-64,background,0.055208634585142136,,FP
15365,15365.jpg,1,swimmer,0.6504,"[1594.09, 84.36, 57.27, 47.7]",52.26642325623593,32-64,localization,0.27310049533843994,swimmer,FP
15365,15365.jpg,1,swimmer,0.64973,"[1556.88, 156.08, 65.54, 64.8]",65.1689496616295,>64,localization,0.36873093247413635,swimmer,FP
15365,15365.jpg,1,swimmer,0.44451,"[431.71, 283.63, 37.97, 50.6]",43.832430915932555,32-64,localization,0.18250547349452972,swimmer,FP
15365,15365.jpg,1,swimmer,0.13787,"[429.95, 284.02, 46.19, 60.31]",52.77991000371259,32-64,localization,0.29367348551750183,swimmer,FP
15365,15365.jpg,1,swimmer,0.13224,"[1053.82, 381.13, 78.63, 51.5]",63.6352496655745,32-64,duplicate,0.6542991995811462,swimmer,FP
15365,15365.jpg,1,swimmer,0.12373,"[838.04, 431.9, 87.54, 60.94]",73.03894577552444,>64,duplicate,0.6163046360015869,swimmer,FP
15366,15366.jpg,1,swimmer,0.64699,"[1370.22, 257.72, 37.12, 34.68]",35.87926420650234,32-64,localization,0.3571036458015442,swimmer,FP
15366,15366.jpg,1,swimmer,0.62019,"[1313.11, 148.27, 29.94, 36.07]",32.862376663899404,32-64,localization,0.25502505898475647,swimmer,FP
15366,15366.jpg,1,swimmer,0.53601,"[1500.08, 323.41, 27.63, 31.82]",29.651080924647587,16-32,localization,0.13869263231754303,swimmer,FP
15366,15366.jpg,1,swimmer,0.50625,"[959.3, 177.88, 30.81, 29.52]",30.158103388641667,16-32,localization,0.4321158826351166,swimmer,FP
15366,15366.jpg,1,swimmer,0.47751,"[827.58, 161.49, 32.48, 24.06]",27.954763458129992,16-32,localization,0.17600303888320923,swimmer,FP
15366,15366.jpg,1,swimmer,0.47698,"[1033.1, 448.02, 32.5, 38.5]",35.37301231164798,32-64,localization,0.46291157603263855,swimmer,FP
15366,15366.jpg,1,swimmer,0.46661,"[639.11, 392.2, 24.11, 29.54]",26.6872516381886,16-32,localization,0.2332078367471695,swimmer,FP
15367,15367.jpg,1,swimmer,0.61846,"[1245.54, 344.39, 32.9, 27.52]",30.08999833831833,16-32,localization,0.3549889028072357,swimmer,FP
15367,15367.jpg,1,swimmer,0.37287,"[975.07, 296.26, 21.2, 21.81]",21.502837022123384,16-32,localization,0.39891675114631653,swimmer,FP
15367,15367.jpg,1,swimmer,0.29352,"[1016.11, 479.68, 22.16, 22.1]",22.12997966560295,16-32,duplicate,0.5607125759124756,swimmer,FP
15367,15367.jpg,1,swimmer,0.25999,"[1020.76, 483.08, 23.95, 26.3]",25.097509836635187,16-32,duplicate,0.5524905920028687,swimmer,FP
15367,15367.jpg,1,swimmer,0.20772,"[875.0, 287.73, 27.92, 16.77]",21.63835483580025,16-32,duplicate,0.6547092795372009,swimmer,FP
15367,15367.jpg,1,swimmer,0.12168,"[1233.61, 381.13, 37.11, 31.39]",34.13038089444652,32-64,duplicate,0.5782708525657654,swimmer,FP
15368,15368.jpg,1,swimmer,0.29273,"[1009.64, 500.81, 29.71, 28.44]",29.068064951076465,16-32,duplicate,0.6120595335960388,swimmer,FP
15368,15368.jpg,1,swimmer,0.13712,"[1010.32, 497.9, 38.87, 34.46]",36.5986365866271,32-64,localization,0.458208829164505,swimmer,FP
15369,15369.jpg,1,swimmer,0.63308,"[1320.81, 419.78, 23.94, 33.36]",28.260191082156542,16-32,localization,0.45680710673332214,swimmer,FP
15369,15369.jpg,1,swimmer,0.49317,"[726.03, 486.01, 18.98, 22.96]",20.87536346988957,16-32,localization,0.47840526700019836,swimmer,FP
15369,15369.jpg,1,swimmer,0.30886,"[1321.81, 419.54, 28.13, 38.61]",32.956020694252516,32-64,localization,0.32645466923713684,swimmer,FP
15369,15369.jpg,1,swimmer,0.18357,"[864.97, 316.81, 23.25, 19.52]",21.30352083576797,16-32,duplicate,0.5182454586029053,swimmer,FP
15369,15369.jpg,1,swimmer,0.10159,"[1222.93, 409.16, 29.44, 32.0]",30.693321749201406,16-32,duplicate,0.602985680103302,swimmer,FP
15370,15370.jpg,1,swimmer,0.35584,"[971.29, 574.69, 18.63, 25.7]",21.881293380419724,16-32,duplicate,0.677731454372406,swimmer,FP
15370,15370.jpg,1,swimmer,0.29807,"[1205.32, 454.68, 27.71, 29.28]",28.48418508576294,16-32,duplicate,0.5669571161270142,swimmer,FP
15370,15370.jpg,1,swimmer,0.1292,"[972.99, 575.31, 23.48, 26.13]",24.76958618951879,16-32,localization,0.4596908688545227,swimmer,FP
15371,15371.jpg,1,swimmer,0.5608,"[1152.36, 386.61, 29.88, 21.88]",25.569012495597086,16-32,localization,0.48946550488471985,swimmer,FP
15371,15371.jpg,1,swimmer,0.23238,"[1185.14, 455.71, 30.59, 24.65]",27.459852512349734,16-32,duplicate,0.8119659423828125,swimmer,FP
15371,15371.jpg,1,swimmer,0.18687,"[803.3, 397.94, 25.06, 19.74]",22.241501747858663,16-32,duplicate,0.6020603179931641,swimmer,FP
15372,15372.jpg,1,swimmer,0.38999,"[639.6, 610.55, 21.63, 26.01]",23.71911254663631,16-32,localization,0.4536548852920532,swimmer,FP
15372,15372.jpg,1,swimmer,0.25499,"[894.72, 414.53, 20.73, 28.23]",24.191070666673685,16-32,localization,0.22226710617542267,swimmer,FP
15373,15373.jpg,1,swimmer,0.38976,"[1260.97, 532.92, 28.11, 47.76]",36.640600431761484,32-64,duplicate,0.7221834659576416,swimmer,FP
15373,15373.jpg,1,swimmer,0.17478,"[1143.49, 414.68, 35.59, 24.64]",29.613132222039603,16-32,duplicate,0.5336754322052002,swimmer,FP
15373,15373.jpg,1,swimmer,0.14149,"[779.51, 424.03, 27.58, 20.86]",23.98580413494615,16-32,duplicate,0.535979151725769,swimmer,FP
15373,15373.jpg,1,swimmer,0.12591,"[824.1, 689.37, 43.07, 34.32]",38.44687763655197,32-64,duplicate,0.7544957995414734,swimmer,FP
15373,15373.jpg,1,swimmer,0.11539,"[921.14, 671.75, 19.17, 24.34]",21.60087498227792,16-32,duplicate,0.5311365723609924,swimmer,FP
15373,15373.jpg,1,swimmer,0.11411,"[1170.4, 527.62, 25.07, 26.94]",25.988185777387386,16-32,duplicate,0.6508981585502625,swimmer,FP
15373,15373.jpg,1,swimmer,0.10424,"[893.74, 405.05, 38.43, 28.28]",32.966655881359884,32-64,localization,0.42510104179382324,swimmer,FP
15374,15374.jpg,1,swimmer,0.46704,"[1264.88, 535.39, 22.11, 32.39]",26.76084639917056,16-32,localization,0.48225101828575134,swimmer,FP
15374,15374.jpg,1,swimmer,0.22292,"[1258.89, 534.91, 26.01, 35.32]",30.309622234531396,16-32,duplicate,0.5071523785591125,swimmer,FP
15374,15374.jpg,1,swimmer,0.14375,"[921.55, 669.26, 27.05, 23.8]",25.373017163908592,16-32,localization,0.46592819690704346,swimmer,FP
15374,15374.jpg,1,swimmer,0.13553,"[892.69, 429.75, 21.24, 27.3]",24.08011627878902,16-32,localization,0.18744534254074097,swimmer,FP
15374,15374.jpg,1,swimmer,0.13254,"[896.04, 407.96, 20.08, 23.74]",21.833442238914134,16-32,duplicate,0.5838385820388794,swimmer,FP
15374,15374.jpg,1,swimmer,0.12868,"[1260.18, 534.92, 32.68, 51.59]",41.060457863983935,32-64,duplicate,0.7834120988845825,swimmer,FP
15375,15375.jpg,1,swimmer,0.42703,"[896.02, 424.63, 21.3, 20.98]",21.139394504100633,16-32,background,0.0,,FP
15375,15375.jpg,1,swimmer,0.41837,"[895.8, 400.93, 20.48, 21.77]",21.115150958494237,16-32,localization,0.4163266718387604,swimmer,FP
15375,15375.jpg,1,swimmer,0.2104,"[784.52, 434.54, 20.64, 21.52]",21.07540746937055,16-32,localization,0.4935014545917511,swimmer,FP
15375,15375.jpg,1,swimmer,0.10762,"[779.95, 431.87, 23.11, 20.16]",21.584661220412983,16-32,duplicate,0.5494769811630249,swimmer,FP
15375,15375.jpg,1,swimmer,0.10662,"[1160.09, 480.17, 38.51, 26.26]",31.800512574485335,16-32,duplicate,0.5003596544265747,swimmer,FP
15376,15376.jpg,1,swimmer,0.53762,"[1267.66, 532.87, 27.65, 23.48]",25.479835164301985,16-32,localization,0.43895941972732544,swimmer,FP
15376,15376.jpg,1,swimmer,0.23517,"[764.53, 657.61, 16.08, 19.12]",17.534240787670278,16-32,background,0.0,,FP
15376,15376.jpg,1,swimmer,0.1167,"[477.68, 582.52, 19.25, 19.43]",19.339790588318166,16-32,background,0.0,,FP
15377,15377.jpg,1,swimmer,0.13782,"[1156.82, 524.94, 38.63, 27.7]",32.711634016050006,32-64,duplicate,0.7400140762329102,swimmer,FP
15378,15378.jpg,1,swimmer,0.60534,"[1157.81, 415.24, 35.47, 24.05]",29.207079621215126,16-32,localization,0.47998231649398804,swimmer,FP
15378,15378.jpg,1,swimmer,0.49362,"[766.67, 425.42, 28.27, 21.79]",24.81941377228721,16-32,localization,0.4691532850265503,swimmer,FP
15378,15378.jpg,1,swimmer,0.36385,"[890.43, 384.5, 23.95, 31.06]",27.274291924814474,16-32,localization,0.1902923285961151,swimmer,FP
15378,15378.jpg,1,swimmer,0.12924,"[1271.34, 513.93, 44.79, 44.71]",44.74998212290146,32-64,duplicate,0.6297171115875244,swimmer,FP
15378,15378.jpg,1,swimmer,0.11984,"[1163.72, 465.07, 37.67, 27.11]",31.956747331353984,16-32,duplicate,0.5217035412788391,swimmer,FP
15378,15378.jpg,1,swimmer,0.10283,"[768.75, 419.92, 28.59, 26.08]",27.306175125784275,16-32,localization,0.3642646372318268,swimmer,FP
15379,15379.jpg,1,swimmer,0.23723,"[890.92, 352.99, 23.92, 41.84]",31.635625487731392,16-32,localization,0.4377502202987671,swimmer,FP
15379,15379.jpg,1,swimmer,0.21797,"[1293.12, 510.53, 51.52, 41.77]",46.38955054751016,32-64,duplicate,0.5431469082832336,swimmer,FP
15379,15379.jpg,1,swimmer,0.2175,"[1173.35, 457.2, 26.75, 30.7]",28.65702357189246,16-32,localization,0.4860733449459076,swimmer,FP
15379,15379.jpg,1,swimmer,0.2083,"[1287.34, 510.93, 46.74, 47.55]",47.143260387885775,32-64,duplicate,0.7085694670677185,swimmer,FP
15379,15379.jpg,1,swimmer,0.20772,"[888.67, 386.89, 24.56, 29.53]",26.93059226975894,16-32,background,0.0,,FP
15379,15379.jpg,1,swimmer,0.15887,"[887.53, 350.72, 25.53, 38.82]",31.481337328646,16-32,duplicate,0.6296364665031433,swimmer,FP
15379,15379.jpg,1,swimmer,0.12628,"[767.89, 419.1, 24.38, 25.21]",24.79152677831682,16-32,localization,0.45981815457344055,swimmer,FP
15379,15379.jpg,1,swimmer,0.10873,"[909.82, 655.39, 26.94, 32.35]",29.521331270794686,16-32,duplicate,0.6750811338424683,swimmer,FP
15380,15380.jpg,1,swimmer,0.53297,"[1212.09, 359.56, 50.87, 34.45]",41.862530979385376,32-64,localization,0.27942439913749695,swimmer,FP
15380,15380.jpg,1,swimmer,0.48859,"[437.79, 581.83, 20.68, 19.57]",20.117345749377577,16-32,background,0.0,,FP
15380,15380.jpg,1,swimmer,0.42792,"[693.15, 374.14, 39.1, 27.87]",33.01086184879153,32-64,localization,0.4484228789806366,swimmer,FP
15380,15380.jpg,1,swimmer,0.40611,"[492.69, 615.49, 28.62, 29.46]",29.0369626510763,16-32,localization,0.44543594121932983,swimmer,FP
15380,15380.jpg,1,swimmer,0.39853,"[863.87, 285.07, 26.86, 64.13]",41.5033950418517,32-64,localization,0.3495725989341736,swimmer,FP
15380,15380.jpg,1,swimmer,0.30203,"[1257.8, 499.88, 26.27, 32.28]",29.120364008713903,16-32,duplicate,0.6023009419441223,swimmer,FP
15380,15380.jpg,1,swimmer,0.2401,"[839.66, 407.46, 23.83, 18.18]",20.814163447037693,16-32,background,0.0,,FP
15380,15380.jpg,1,swimmer,0.23921,"[707.39, 374.1, 28.51, 26.49]",27.48144646848124,16-32,localization,0.32052019238471985,swimmer,FP
15380,15380.jpg,1,swimmer,0.14939,"[488.35, 616.15, 32.08, 34.58]",33.30655190799552,32-64,localization,0.4926951229572296,swimmer,FP
15380,15380.jpg,1,swimmer,0.14392,"[437.77, 575.74, 20.92, 23.22]",22.040018148812855,16-32,background,0.0,,FP
15381,15381.jpg,1,swimmer,0.61666,"[1342.53, 237.22, 78.65, 49.87]",62.62807277890643,32-64,localization,0.4536782503128052,swimmer,FP
15381,15381.jpg,1,swimmer,0.44023,"[543.17, 254.55, 45.37, 41.09]",43.17699966417305,32-64,localization,0.38405874371528625,swimmer,FP
15381,15381.jpg,1,swimmer,0.38879,"[1613.49, 434.3, 58.21, 58.93]",58.56889362110232,32-64,localization,0.40935543179512024,swimmer,FP
15381,15381.jpg,1,swimmer,0.33081,"[781.67, 99.38, 61.17, 48.95]",54.71993695171807,32-64,localization,0.3949296176433563,swimmer,FP
15381,15381.jpg,1,swimmer,0.28001,"[216.87, 643.6, 49.8, 76.02]",61.52882251433063,32-64,localization,0.2633189857006073,swimmer,FP
15381,15381.jpg,1,swimmer,0.18745,"[224.68, 641.38, 41.78, 56.38]",48.5340746280384,32-64,localization,0.41597771644592285,swimmer,FP
15381,15381.jpg,1,swimmer,0.13469,"[533.59, 253.92, 55.76, 47.93]",51.696970897722814,32-64,localization,0.4643482267856598,swimmer,FP
15382,15382.jpg,1,swimmer,0.51765,"[851.66, 754.02, 48.31, 61.6]",54.551773573367896,32-64,localization,0.4551697373390198,swimmer,FP
15382,15382.jpg,1,swimmer,0.3895,"[1631.88, 427.05, 44.41, 50.61]",47.40875552047322,32-64,localization,0.3868446946144104,swimmer,FP
15382,15382.jpg,1,swimmer,0.37126,"[1619.95, 428.18, 57.14, 83.28]",68.982745668754,>64,duplicate,0.7559536695480347,swimmer,FP
15382,15382.jpg,1,swimmer,0.27788,"[788.74, 133.17, 43.57, 34.11]",38.55091049508429,32-64,localization,0.25261446833610535,swimmer,FP
15382,15382.jpg,1,swimmer,0.27479,"[796.17, 82.56, 32.45, 43.93]",37.75617168093185,32-64,localization,0.3904655873775482,swimmer,FP
15382,15382.jpg,3,jetski,0.22115,"[1221.21, 531.89, 170.59, 226.44]",196.5410888338619,>64,duplicate,0.6918186545372009,jetski,FP
15382,15382.jpg,1,swimmer,0.2199,"[800.21, 91.3, 31.91, 37.51]",34.59687991712548,32-64,localization,0.33248400688171387,swimmer,FP
15382,15382.jpg,1,swimmer,0.19818,"[541.34, 253.49, 77.78, 44.0]",58.50059828753891,32-64,duplicate,0.742765486240387,swimmer,FP
15382,15382.jpg,1,swimmer,0.16855,"[787.38, 136.88, 47.75, 38.86]",43.07626956921874,32-64,localization,0.20603898167610168,swimmer,FP
15382,15382.jpg,1,swimmer,0.12382,"[850.87, 755.89, 89.2, 67.31]",77.48581805724194,>64,duplicate,0.5677362680435181,swimmer,FP
15383,15383.jpg,1,swimmer,0.39606,"[535.11, 266.5, 35.87, 36.03]",35.94991098737241,32-64,localization,0.3291051387786865,swimmer,FP
15383,15383.jpg,1,swimmer,0.3706,"[1628.37, 418.24, 44.79, 64.49]",53.74483324004271,32-64,localization,0.4584626853466034,swimmer,FP
15383,15383.jpg,1,swimmer,0.225,"[784.16, 59.62, 54.32, 121.69]",81.30314139072364,>64,duplicate,0.5240806937217712,swimmer,FP
15383,15383.jpg,1,swimmer,0.16126,"[1603.27, 419.03, 70.5, 99.3]",83.66988705621634,>64,duplicate,0.7346137166023254,swimmer,FP
15383,15383.jpg,1,swimmer,0.13412,"[1429.85, 467.83, 54.27, 68.39]",60.922289024625464,32-64,duplicate,0.5627668499946594,swimmer,FP
15383,15383.jpg,1,swimmer,0.11228,"[1342.44, 329.26, 62.63, 45.67]",53.48188571843742,32-64,duplicate,0.6418880224227905,swimmer,FP
15384,15384.jpg,1,swimmer,0.4312,"[697.2, 40.03, 64.48, 116.03]",86.49632593353316,>64,localization,0.47993096709251404,swimmer,FP
15384,15384.jpg,1,swimmer,0.13598,"[698.59, 38.45, 66.21, 81.67]",73.5348264429855,>64,localization,0.4530104696750641,swimmer,FP
15384,15384.jpg,1,swimmer,0.11098,"[697.25, 39.09, 60.39, 53.64]",56.91502086444316,32-64,localization,0.3462815284729004,swimmer,FP
15384,15384.jpg,1,swimmer,0.10889,"[431.51, 259.27, 56.49, 58.7]",57.58439892887656,32-64,duplicate,0.6157686710357666,swimmer,FP
15385,15385.jpg,1,swimmer,0.35513,"[526.63, 24.69, 67.02, 42.09]",53.11188002697701,32-64,localization,0.29927340149879456,swimmer,FP
15385,15385.jpg,1,swimmer,0.2361,"[1350.31, 378.48, 53.57, 72.89]",62.4877371969893,32-64,duplicate,0.7052958011627197,swimmer,FP
15385,15385.jpg,1,swimmer,0.123,"[1335.85, 380.25, 69.88, 84.64]",76.90671752194342,>64,duplicate,0.7046238780021667,swimmer,FP
15386,15386.jpg,1,swimmer,0.30139,"[136.56, 231.55, 45.25, 35.48]",40.068316660423854,32-64,localization,0.43470925092697144,swimmer,FP
15386,15386.jpg,1,swimmer,0.22391,"[950.34, 264.36, 51.75, 47.46]",49.558601675188534,32-64,duplicate,0.6023823022842407,swimmer,FP
15386,15386.jpg,1,swimmer,0.11065,"[1217.59, 346.36, 61.94, 82.48]",71.47594840224228,>64,duplicate,0.6583916544914246,swimmer,FP
15387,15387.jpg,1,swimmer,0.35389,"[90.93, 221.43, 46.24, 31.48]",38.15278757836706,32-64,localization,0.3990226686000824,swimmer,FP
15388,15388.jpg,1,swimmer,0.49482,"[1209.27, 299.98, 39.3, 49.98]",44.319453967755514,32-64,localization,0.3550669252872467,swimmer,FP
15388,15388.jpg,1,swimmer,0.32594,"[93.38, 221.96, 38.97, 26.63]",32.21445483009141,32-64,localization,0.4118141531944275,swimmer,FP
15388,15388.jpg,1,swimmer,0.10712,"[1179.43, 345.87, 70.65, 50.26]",59.58916847884354,32-64,localization,0.3740432560443878,swimmer,FP
15389,15389.jpg,1,swimmer,0.21787,"[885.55, 172.5, 93.43, 42.53]",63.03632206910552,32-64,duplicate,0.6330857276916504,swimmer,FP
15389,15389.jpg,1,swimmer,0.21573,"[1183.87, 317.27, 65.28, 49.32]",56.741603784172334,32-64,duplicate,0.6594914197921753,swimmer,FP
15390,15390.jpg,1,swimmer,0.43682,"[1206.84, 279.47, 50.86, 50.96]",50.909975446861104,32-64,localization,0.4365765452384949,swimmer,FP
15390,15390.jpg,1,swimmer,0.28813,"[1199.72, 280.94, 60.45, 67.32]",63.79258577609156,32-64,duplicate,0.6545476317405701,swimmer,FP
15390,15390.jpg,3,jetski,0.16135,"[749.21, 420.1, 162.08, 225.22]",191.05930388232866,>64,duplicate,0.6959441304206848,jetski,FP
15390,15390.jpg,1,swimmer,0.15801,"[186.17, 727.81, 24.54, 23.58]",24.055211493562055,16-32,background,0.012856307439506054,,FP
15391,15391.jpg,3,jetski,0.49144,"[384.01, 691.43, 45.66, 64.0]",54.057746900883686,32-64,class_confusion,0.5430207252502441,swimmer,FP
15391,15391.jpg,1,swimmer,0.33566,"[110.18, 241.58, 33.95, 27.28]",30.432811240501593,16-32,localization,0.16380181908607483,swimmer,FP
15391,15391.jpg,1,swimmer,0.29583,"[963.67, 183.3, 47.03, 59.85]",53.05417514201875,32-64,localization,0.4988463521003723,swimmer,FP
15391,15391.jpg,1,swimmer,0.29392,"[957.27, 182.99, 52.31, 98.7]",71.85399780109664,>64,localization,0.2815583050251007,swimmer,FP
15391,15391.jpg,1,swimmer,0.17048,"[94.05, 239.13, 50.95, 32.01]",40.3845205493392,32-64,localization,0.3043052852153778,swimmer,FP
15391,15391.jpg,1,swimmer,0.12118,"[110.18, 232.58, 34.04, 33.24]",33.6376217946513,32-64,localization,0.23848533630371094,swimmer,FP
15392,15392.jpg,2,boat,0.801,"[621.66, 304.47, 311.99, 517.47]",401.80276915422075,>64,class_confusion,0.8705304265022278,jetski,FP
15392,15392.jpg,1,swimmer,0.37345,"[1410.68, 132.65, 137.88, 137.98]",137.92999093743174,>64,duplicate,0.6013954281806946,swimmer,FP
15392,15392.jpg,1,swimmer,0.20661,"[0.0, 785.67, 22.79, 78.51]",42.29944325874751,32-64,background,0.0,,FP
15392,15392.jpg,5,buoy,0.14552,"[1470.08, 128.6, 70.55, 80.17]",75.20633949342303,>64,background,0.4591280519962311,,FP
15392,15392.jpg,1,swimmer,0.1405,"[1465.95, 130.42, 77.8, 82.41]",80.07183025259258,>64,duplicate,0.5204565525054932,swimmer,FP
15393,15393.jpg,3,jetski,0.81697,"[1250.31, 95.92, 189.77, 136.84]",161.1462900596846,>64,class_confusion,0.8507959246635437,swimmer,FP
15393,15393.jpg,2,boat,0.78814,"[492.35, 172.35, 406.35, 608.49]",497.2523619853404,>64,class_confusion,0.6195824146270752,jetski,FP
15393,15393.jpg,3,jetski,0.46575,"[508.03, 180.27, 388.04, 535.0]",455.63296632267514,>64,duplicate,0.5365360975265503,jetski,FP
15393,15393.jpg,2,boat,0.14546,"[350.3, 326.53, 497.92, 657.84]",572.3213195399941,>64,class_confusion,0.6566619873046875,jetski,FP
15394,15394.jpg,2,boat,0.78947,"[519.34, 194.92, 380.54, 591.93]",474.6083039728656,>64,class_confusion,0.592456579208374,jetski,FP
15394,15394.jpg,3,jetski,0.29599,"[506.43, 199.5, 389.93, 555.04]",465.21688189488566,>64,duplicate,0.5844557285308838,jetski,FP
15394,15394.jpg,3,jetski,0.1334,"[409.52, 617.2, 366.5, 349.47]",357.8837171484615,>64,localization,0.3349874019622803,jetski,FP
15394,15394.jpg,3,jetski,0.13142,"[1214.0, 90.31, 189.24, 171.23]",180.00990306091495,>64,class_confusion,0.7221428155899048,swimmer,FP
15395,15395.jpg,2,boat,0.83094,"[536.43, 194.74, 381.75, 617.04]",485.34010755345577,>64,class_confusion,0.5720227360725403,jetski,FP
15395,15395.jpg,3,jetski,0.36265,"[420.49, 460.23, 361.27, 508.66]",428.6765659561997,>64,localization,0.49800845980644226,jetski,FP
15395,15395.jpg,3,jetski,0.30532,"[511.75, 204.67, 402.36, 574.79]",480.9079999334592,>64,duplicate,0.5878617167472839,jetski,FP
15395,15395.jpg,3,jetski,0.20112,"[420.81, 641.33, 308.61, 323.07]",315.75723697169633,>64,localization,0.2706782817840576,jetski,FP
15396,15396.jpg,2,boat,0.814,"[506.88, 188.66, 423.66, 651.9]",525.532067527758,>64,class_confusion,0.6897304058074951,jetski,FP
15396,15396.jpg,2,boat,0.35227,"[573.11, 198.16, 359.12, 525.63]",434.4700744585293,>64,background,0.48259925842285156,,FP
15397,15397.jpg,2,boat,0.74694,"[573.35, 160.39, 383.41, 579.64]",471.4231351980936,>64,class_confusion,0.5485329627990723,jetski,FP
15397,15397.jpg,3,jetski,0.57662,"[447.37, 481.66, 351.59, 442.47]",394.42112937823197,>64,localization,0.38757798075675964,jetski,FP
15397,15397.jpg,3,jetski,0.39555,"[450.73, 595.07, 282.61, 326.43]",303.73077272479327,>64,localization,0.23124630749225616,jetski,FP
15397,15397.jpg,3,jetski,0.3023,"[564.42, 160.21, 388.09, 546.9]",460.7020957191317,>64,duplicate,0.5229498147964478,jetski,FP
15397,15397.jpg,3,jetski,0.18567,"[1229.95, 64.51, 222.38, 152.99]",184.45030821335052,>64,class_confusion,0.8653027415275574,swimmer,FP
15398,15398.jpg,2,boat,0.7748,"[565.32, 101.84, 409.79, 669.5]",523.7885117105949,>64,class_confusion,0.6452393531799316,jetski,FP
15398,15398.jpg,3,jetski,0.60552,"[1256.15, 14.33, 197.5, 169.81]",183.1323974615087,>64,class_confusion,0.737653374671936,swimmer,FP
15398,15398.jpg,3,jetski,0.59406,"[470.12, 281.75, 443.9, 620.2]",524.6968458071766,>64,duplicate,0.6887082457542419,jetski,FP
15398,15398.jpg,2,boat,0.37901,"[470.83, 195.03, 454.79, 711.48]",568.8356433979855,>64,class_confusion,0.8019676804542542,jetski,FP
15399,15399.jpg,2,boat,0.8003,"[561.94, 59.12, 415.46, 655.02]",521.6652271332641,>64,class_confusion,0.6662007570266724,jetski,FP
15399,15399.jpg,2,boat,0.33113,"[497.63, 128.02, 437.6, 748.66]",572.3754152651911,>64,class_confusion,0.8153458833694458,jetski,FP
15399,15399.jpg,3,jetski,0.11523,"[603.86, 75.24, 373.89, 555.46]",455.72024247338413,>64,duplicate,0.5296715497970581,jetski,FP
15400,15400.jpg,2,boat,0.84516,"[628.5, 47.84, 363.98, 589.62]",463.26006475844645,>64,class_confusion,0.5352120995521545,jetski,FP
15401,15401.jpg,2,boat,0.7706,"[623.59, 120.38, 363.27, 582.34]",459.9420091707214,>64,class_confusion,0.535973310470581,jetski,FP
15402,15402.jpg,2,boat,0.83225,"[579.98, 277.74, 392.62, 609.56]",489.2090015525062,>64,class_confusion,0.561789870262146,jetski,FP
15402,15402.jpg,3,jetski,0.56469,"[1245.45, 166.65, 162.84, 194.75]",178.08169473587117,>64,class_confusion,0.794758141040802,swimmer,FP
15403,15403.jpg,2,boat,0.81898,"[566.32, 437.38, 385.83, 631.59]",493.6459963374564,>64,class_confusion,0.7775038480758667,jetski,FP
15403,15403.jpg,1,swimmer,0.48673,"[1688.37, 88.29, 122.5, 124.91]",123.69913095895217,>64,localization,0.2769010365009308,swimmer,FP
15403,15403.jpg,1,swimmer,0.23676,"[1844.08, 263.22, 45.74, 32.73]",38.69199141941392,32-64,background,0.03150732442736626,,FP
15403,15403.jpg,1,swimmer,0.14046,"[1816.68, 260.99, 73.42, 39.06]",53.55170585518262,32-64,background,0.06035539507865906,,FP
15404,15404.jpg,2,boat,0.84977,"[609.43, 531.16, 346.35, 548.84]",435.99396096735103,>64,class_confusion,0.8270028829574585,jetski,FP
15404,15404.jpg,5,buoy,0.53476,"[1697.16, 88.72, 110.95, 174.11]",138.98742569024006,>64,class_confusion,0.5628312230110168,swimmer,FP
15404,15404.jpg,5,buoy,0.14657,"[1692.29, 133.34, 121.85, 130.28]",125.99451575366285,>64,background,0.462520033121109,,FP
15405,15405.jpg,2,boat,0.84211,"[606.26, 550.22, 341.35, 529.78]",425.25333978700274,>64,class_confusion,0.7944639921188354,jetski,FP
15405,15405.jpg,5,buoy,0.66331,"[1639.52, 113.12, 148.81, 147.08]",147.94247125149695,>64,class_confusion,0.5703586339950562,swimmer,FP
15405,15405.jpg,5,buoy,0.35254,"[1167.63, 447.53, 159.89, 133.62]",146.16600767620355,>64,class_confusion,0.871025562286377,swimmer,FP
15405,15405.jpg,2,boat,0.1634,"[1168.07, 446.02, 161.07, 135.87]",147.9343803853587,>64,class_confusion,0.8922282457351685,swimmer,FP
15406,15406.jpg,2,boat,0.83092,"[575.69, 543.33, 364.9, 536.67]",442.52783302296365,>64,class_confusion,0.8488205075263977,jetski,FP
15406,15406.jpg,5,buoy,0.62609,"[1676.32, 94.96, 136.86, 130.9]",133.84683036964304,>64,class_confusion,0.5005103945732117,swimmer,FP
15406,15406.jpg,5,buoy,0.26893,"[1181.64, 436.61, 155.04, 129.78]",141.84883221232383,>64,class_confusion,0.813335657119751,swimmer,FP
15406,15406.jpg,1,swimmer,0.25689,"[1678.22, 97.21, 139.17, 133.17]",136.13694906233206,>64,localization,0.4915066063404083,swimmer,FP
15406,15406.jpg,2,boat,0.14318,"[1180.92, 436.58, 155.47, 130.88]",142.64611316120744,>64,class_confusion,0.8225029110908508,swimmer,FP
15407,15407.jpg,2,boat,0.83728,"[1156.57, 458.74, 166.62, 151.62]",158.94314832668945,>64,class_confusion,0.8678478598594666,swimmer,FP
15407,15407.jpg,2,boat,0.8255,"[601.9, 586.08, 333.17, 493.92]",405.6591258680125,>64,class_confusion,0.7892444133758545,jetski,FP
15407,15407.jpg,5,buoy,0.71726,"[1639.23, 75.2, 111.74, 166.26]",136.30074247780163,>64,class_confusion,0.6624550819396973,swimmer,FP
15407,15407.jpg,2,boat,0.13979,"[710.77, 83.55, 201.1, 133.47]",163.8316727620151,>64,class_confusion,0.8464462161064148,swimmer,FP
15408,15408.jpg,2,boat,0.68444,"[567.71, 693.07, 335.44, 386.93]",360.2662892916849,>64,class_confusion,0.8686425089836121,jetski,FP
15408,15408.jpg,3,jetski,0.58073,"[709.73, 203.75, 218.18, 110.68]",155.39679018564058,>64,class_confusion,0.5315541625022888,swimmer,FP
15408,15408.jpg,1,swimmer,0.54429,"[1593.51, 146.49, 173.54, 112.66]",139.82494913283537,>64,duplicate,0.5699300765991211,swimmer,FP
15409,15409.jpg,1,swimmer,0.69893,"[1168.62, 745.06, 158.76, 135.81]",146.83730997263604,>64,localization,0.2745032012462616,swimmer,FP
15409,15409.jpg,1,swimmer,0.55427,"[841.7, 9.9, 187.29, 264.12]",222.4118584967987,>64,duplicate,0.76432865858078,swimmer,FP
15409,15409.jpg,1,swimmer,0.36893,"[1502.48, 221.07, 191.65, 371.94]",266.98745476145507,>64,localization,0.3197675049304962,swimmer,FP
15409,15409.jpg,1,swimmer,0.3296,"[916.68, 258.18, 60.51, 37.1]",47.380597294673265,32-64,background,0.04228122532367706,,FP
15409,15409.jpg,1,swimmer,0.29004,"[1038.66, 867.58, 136.88, 102.28]",118.32196076806706,>64,localization,0.2162308394908905,swimmer,FP
15409,15409.jpg,1,swimmer,0.28486,"[1504.5, 224.13, 99.82, 217.67]",147.40359357898978,>64,duplicate,0.5646238327026367,swimmer,FP
15409,15409.jpg,1,swimmer,0.1755,"[1038.16, 841.61, 293.26, 130.21]",195.41080983405192,>64,duplicate,0.5695078372955322,swimmer,FP
15409,15409.jpg,1,swimmer,0.13126,"[1504.13, 276.01, 112.64, 150.86]",130.3567044689302,>64,duplicate,0.5078158378601074,swimmer,FP
15409,15409.jpg,1,swimmer,0.12841,"[1503.75, 278.35, 128.94, 194.21]",158.24486531954204,>64,duplicate,0.5948141813278198,swimmer,FP
15410,15410.jpg,1,swimmer,0.56097,"[1326.59, 496.79, 181.44, 122.14]",148.8659853693919,>64,localization,0.2222764641046524,swimmer,FP
15410,15410.jpg,1,swimmer,0.29496,"[572.0, 636.34, 86.18, 106.69]",95.88818592506587,>64,localization,0.2169748693704605,swimmer,FP
15410,15410.jpg,1,swimmer,0.25027,"[544.66, 637.22, 114.15, 115.76]",114.95218136251265,>64,localization,0.3170568346977234,swimmer,FP
15410,15410.jpg,1,swimmer,0.22587,"[783.87, 252.89, 129.3, 146.3]",137.5375948604599,>64,localization,0.24368759989738464,swimmer,FP
15410,15410.jpg,1,swimmer,0.20853,"[1337.2, 497.74, 175.28, 161.68]",168.34271709818634,>64,localization,0.3042599558830261,swimmer,FP
15410,15410.jpg,1,swimmer,0.13323,"[522.42, 646.34, 139.39, 120.35]",129.5206026082337,>64,localization,0.45656079053878784,swimmer,FP
15410,15410.jpg,1,swimmer,0.11812,"[719.43, 252.63, 190.64, 143.48]",165.38750617867117,>64,localization,0.36291807889938354,swimmer,FP
15411,15411.jpg,1,swimmer,0.36929,"[1231.23, 728.0, 146.59, 196.36]",169.65969586204025,>64,localization,0.30470749735832214,swimmer,FP
15411,15411.jpg,1,swimmer,0.13918,"[1254.26, 788.92, 124.34, 134.57]",129.35390910212183,>64,localization,0.2575606405735016,swimmer,FP
15411,15411.jpg,1,swimmer,0.12081,"[739.15, 830.32, 23.04, 30.2]",26.378172794945446,16-32,background,0.011233574710786343,,FP
15411,15411.jpg,1,swimmer,0.11416,"[690.18, 845.09, 24.21, 25.28]",24.73921583235815,16-32,background,0.009881015866994858,,FP
15413,15413.jpg,1,swimmer,0.64091,"[135.4, 273.16, 75.09, 154.44]",107.68890193515765,>64,localization,0.38185128569602966,swimmer,FP
15414,15414.jpg,1,swimmer,0.57604,"[857.97, 989.13, 44.3, 36.04]",39.95712702384895,32-64,localization,0.4497765302658081,swimmer,FP
15414,15414.jpg,1,swimmer,0.42374,"[953.1, 739.44, 33.12, 43.76]",38.070082742226866,32-64,localization,0.3145250082015991,swimmer,FP
15414,15414.jpg,1,swimmer,0.38289,"[867.93, 772.9, 38.51, 70.39]",52.06456472496433,32-64,duplicate,0.5321704745292664,swimmer,FP
15414,15414.jpg,1,swimmer,0.1629,"[937.68, 729.66, 47.04, 55.55]",51.11821593130965,32-64,duplicate,0.567072331905365,swimmer,FP
15415,15415.jpg,1,swimmer,0.57784,"[907.03, 803.72, 21.08, 18.18]",19.576373515030816,16-32,localization,0.49022606015205383,swimmer,FP
15415,15415.jpg,1,swimmer,0.54289,"[868.4, 753.05, 21.79, 20.67]",21.222612939975136,16-32,localization,0.3626394271850586,swimmer,FP
15415,15415.jpg,1,swimmer,0.45992,"[651.71, 418.96, 26.07, 27.66]",26.85323444205558,16-32,localization,0.1991429328918457,swimmer,FP
15415,15415.jpg,1,swimmer,0.42028,"[422.77, 854.26, 21.83, 20.23]",21.014778133494534,16-32,localization,0.11937276273965836,swimmer,FP
15415,15415.jpg,1,swimmer,0.15028,"[768.78, 737.51, 12.41, 16.8]",14.43911354619805,<16,background,0.0,,FP
15970,15970.jpg,1,swimmer,0.42955,"[0.0, 2037.92, 25.91, 52.18]",36.76933233008182,32-64,background,0.0,,FP
15970,15970.jpg,1,swimmer,0.13494,"[1012.31, 1028.93, 130.51, 70.25]",95.75138380201092,>64,background,0.20521804690361023,,FP
15970,15970.jpg,1,swimmer,0.1078,"[1012.22, 1061.33, 62.98, 45.98]",53.81282746706402,32-64,background,0.015426053665578365,,FP
15972,15972.jpg,2,boat,0.26997,"[1011.07, 1034.19, 204.44, 62.66]",113.18220001395979,>64,localization,0.47361788153648376,boat,FP
15973,15973.jpg,1,swimmer,0.2359,"[588.44, 1303.64, 87.95, 35.17]",55.61655778632834,32-64,background,0.0,,FP
15973,15973.jpg,1,swimmer,0.13102,"[1982.29, 1015.79, 78.59, 43.32]",58.34825447260612,32-64,background,0.0,,FP
15974,15974.jpg,1,swimmer,0.11901,"[1975.41, 1032.64, 51.66, 28.71]",38.51179819224234,32-64,background,0.0,,FP
15976,15976.jpg,2,boat,0.76268,"[0.0, 1694.18, 45.93, 149.94]",82.9864097307505,>64,background,0.0,,FP
15976,15976.jpg,1,swimmer,0.34835,"[118.04, 2110.3, 58.27, 49.7]",53.81467272036503,32-64,duplicate,0.7722702622413635,swimmer,FP
15977,15977.jpg,2,boat,0.57252,"[0.0, 1698.86, 28.35, 111.46]",56.2129077703689,32-64,background,0.0,,FP
15977,15977.jpg,1,swimmer,0.4857,"[128.09, 2100.01, 67.05, 42.3]",53.256126408142,32-64,localization,0.4589862823486328,swimmer,FP
15977,15977.jpg,1,swimmer,0.31601,"[113.34, 2126.16, 48.74, 33.84]",40.61233310215014,32-64,localization,0.3858170211315155,swimmer,FP
15977,15977.jpg,1,swimmer,0.10973,"[116.1, 2118.84, 70.89, 41.16]",54.01696400206142,32-64,duplicate,0.6509006023406982,swimmer,FP
15978,15978.jpg,1,swimmer,0.31714,"[100.02, 2128.94, 52.86, 31.06]",40.51952122125828,32-64,duplicate,0.5003658533096313,swimmer,FP
15978,15978.jpg,1,swimmer,0.11011,"[117.87, 2101.91, 50.8, 40.51]",45.36417088407987,32-64,localization,0.4157910943031311,swimmer,FP
15979,15979.jpg,1,swimmer,0.10762,"[111.48, 2091.58, 48.77, 44.13]",46.392026254519216,32-64,localization,0.4335891306400299,swimmer,FP
15980,15980.jpg,1,swimmer,0.16663,"[2069.79, 1014.04, 61.3, 44.81]",52.4104283516172,32-64,background,0.0,,FP
15981,15981.jpg,1,swimmer,0.27002,"[2094.35, 1029.26, 48.37, 31.03]",38.74172298698136,32-64,background,0.0,,FP
15981,15981.jpg,1,swimmer,0.203,"[83.5, 2133.46, 43.25, 26.54]",33.88000885478043,32-64,localization,0.2542882561683655,swimmer,FP
15981,15981.jpg,1,swimmer,0.17958,"[94.77, 2096.73, 58.78, 49.28]",53.82079895356441,32-64,localization,0.4541076719760895,swimmer,FP
15981,15981.jpg,1,swimmer,0.16098,"[2078.35, 1022.17, 58.23, 36.97]",46.39787818424458,32-64,background,0.0,,FP
15981,15981.jpg,1,swimmer,0.13637,"[1058.47, 1113.66, 149.73, 54.47]",90.30942974019933,>64,background,0.0,,FP
15983,15983.jpg,1,swimmer,0.28377,"[1214.8, 1119.89, 44.14, 33.04]",38.18881511647095,32-64,background,0.0,,FP
15983,15983.jpg,1,swimmer,0.13146,"[75.3, 2096.93, 69.98, 56.61]",62.940986646222825,32-64,duplicate,0.7597967982292175,swimmer,FP
16078,16078.jpg,1,swimmer,0.15225,"[1736.97, 1679.73, 40.15, 33.55]",36.70194136554632,32-64,background,0.0,,FP
16193,16193.jpg,1,swimmer,0.45347,"[2261.42, 637.23, 36.48, 34.79]",35.62497999999438,32-64,localization,0.34669169783592224,swimmer,FP
16193,16193.jpg,1,swimmer,0.43662,"[2439.34, 402.25, 32.81, 29.94]",31.342166485423437,16-32,localization,0.3212384581565857,swimmer,FP
16193,16193.jpg,1,swimmer,0.31109,"[2254.53, 639.14, 39.79, 24.3]",31.094967438477887,16-32,localization,0.30498188734054565,swimmer,FP
16194,16194.jpg,1,swimmer,0.58064,"[2307.9, 705.59, 28.99, 24.62]",26.715796825099563,16-32,localization,0.36203834414482117,swimmer,FP
16194,16194.jpg,1,swimmer,0.18946,"[2470.72, 453.5, 39.65, 29.51]",34.20630789781323,32-64,localization,0.22536174952983856,swimmer,FP
16194,16194.jpg,1,swimmer,0.13988,"[2854.73, 711.04, 43.65, 29.87]",36.1085239244143,32-64,background,0.0,,FP
16194,16194.jpg,1,swimmer,0.12794,"[2480.09, 456.44, 40.21, 27.45]",33.22295140411219,32-64,localization,0.28529053926467896,swimmer,FP
16195,16195.jpg,1,swimmer,0.38227,"[2527.02, 521.65, 28.34, 30.7]",29.49640656079991,16-32,localization,0.3682529926300049,swimmer,FP
16195,16195.jpg,1,swimmer,0.3352,"[2519.85, 523.08, 37.09, 26.94]",31.61019772162142,16-32,localization,0.36409398913383484,swimmer,FP
16195,16195.jpg,1,swimmer,0.31547,"[2352.55, 767.98, 27.08, 36.42]",31.404674811244266,16-32,localization,0.27383771538734436,swimmer,FP
16195,16195.jpg,1,swimmer,0.30878,"[2529.64, 523.26, 38.39, 26.4]",31.835451936481128,16-32,localization,0.4144071638584137,swimmer,FP
16195,16195.jpg,1,swimmer,0.23378,"[2351.18, 775.55, 31.19, 40.47]",35.52828872884254,32-64,localization,0.33273667097091675,swimmer,FP
16196,16196.jpg,1,swimmer,0.37126,"[2567.84, 575.97, 35.06, 37.57]",36.29330792308687,32-64,localization,0.2673256993293762,swimmer,FP
16196,16196.jpg,1,swimmer,0.32113,"[2388.9, 924.02, 37.7, 36.11]",36.89643614226176,32-64,background,0.0,,FP
16196,16196.jpg,1,swimmer,0.20922,"[2567.81, 583.19, 36.14, 40.83]",38.41348981803137,32-64,localization,0.2566705644130707,swimmer,FP
16197,16197.jpg,1,swimmer,0.45115,"[2626.16, 516.37, 38.16, 33.38]",35.69006584471371,32-64,localization,0.31402575969696045,swimmer,FP
16197,16197.jpg,1,swimmer,0.28528,"[2614.51, 515.42, 44.44, 37.02]",40.560680467664746,32-64,localization,0.24313613772392273,swimmer,FP
16198,16198.jpg,1,swimmer,0.5005,"[2675.81, 462.95, 36.53, 27.95]",31.9533018638137,16-32,localization,0.3733818233013153,swimmer,FP
16198,16198.jpg,1,swimmer,0.17698,"[2663.94, 463.88, 42.56, 27.65]",34.30428544657358,32-64,localization,0.2799716591835022,swimmer,FP
16198,16198.jpg,1,swimmer,0.17159,"[2601.67, 463.1, 23.17, 25.06]",24.096476920911073,16-32,background,0.0,,FP
16199,16199.jpg,1,swimmer,0.14044,"[2722.87, 416.13, 36.0, 40.16]",38.023150842611656,32-64,localization,0.31449025869369507,swimmer,FP
16199,16199.jpg,1,swimmer,0.12475,"[2364.25, 8.44, 48.94, 41.73]",45.19143945483481,32-64,background,0.0,,FP
16200,16200.jpg,1,swimmer,0.49194,"[2754.86, 382.5, 30.72, 34.55]",32.578766090814426,32-64,localization,0.498409628868103,swimmer,FP
16200,16200.jpg,1,swimmer,0.37815,"[2945.6, 741.86, 23.42, 26.5]",24.91244668835239,16-32,background,0.0,,FP
16200,16200.jpg,1,swimmer,0.18687,"[2595.58, 734.92, 44.94, 36.5]",40.50074073396683,32-64,localization,0.32249999046325684,swimmer,FP
16200,16200.jpg,1,swimmer,0.1035,"[2753.98, 382.76, 33.84, 49.56]",40.952538382864624,32-64,localization,0.31542348861694336,swimmer,FP
16201,16201.jpg,1,swimmer,0.56111,"[2567.64, 742.83, 39.12, 35.54]",37.287059417444006,32-64,localization,0.3970295190811157,swimmer,FP
16201,16201.jpg,1,swimmer,0.3695,"[2721.31, 355.79, 39.08, 31.78]",35.2414869152821,32-64,localization,0.45847707986831665,swimmer,FP
16201,16201.jpg,1,swimmer,0.24515,"[2711.92, 355.47, 39.42, 30.75]",34.81616004099246,32-64,duplicate,0.5123065114021301,swimmer,FP
16201,16201.jpg,1,swimmer,0.22269,"[2513.69, 561.01, 35.35, 29.57]",32.33109184670385,32-64,localization,0.40832188725471497,swimmer,FP
16201,16201.jpg,1,swimmer,0.19279,"[2571.55, 744.33, 44.51, 33.47]",38.597275810606114,32-64,localization,0.3705320358276367,swimmer,FP
16201,16201.jpg,1,swimmer,0.11815,"[2347.0, 504.75, 37.01, 28.71]",32.5968878882632,32-64,localization,0.37126436829566956,swimmer,FP
16202,16202.jpg,1,swimmer,0.5747,"[2488.56, 739.04, 46.33, 30.72]",37.72608646546843,32-64,localization,0.3683515191078186,swimmer,FP
16202,16202.jpg,1,swimmer,0.5123,"[2260.77, 494.49, 49.35, 34.08]",41.01034015952562,32-64,localization,0.4648573696613312,swimmer,FP
16202,16202.jpg,1,swimmer,0.50862,"[2630.3, 321.96, 34.75, 33.57]",34.15490447944482,32-64,localization,0.45124584436416626,swimmer,FP
16202,16202.jpg,1,swimmer,0.35016,"[2442.75, 551.3, 24.47, 28.01]",26.180234911092757,16-32,duplicate,0.6060157418251038,swimmer,FP
16202,16202.jpg,1,swimmer,0.16323,"[2391.33, 459.18, 37.05, 25.04]",30.458693340325677,16-32,background,0.0,,FP
16203,16203.jpg,2,boat,0.70439,"[2263.29, 0.0, 135.34, 48.75]",81.22699674369353,>64,background,0.0,,FP
16203,16203.jpg,1,swimmer,0.60246,"[2417.95, 737.22, 42.56, 38.09]",40.26301528698515,32-64,localization,0.4637830853462219,swimmer,FP
16203,16203.jpg,1,swimmer,0.49435,"[2551.97, 652.2, 60.1, 41.42]",49.89330616425414,32-64,localization,0.35414156317710876,swimmer,FP
16203,16203.jpg,1,swimmer,0.34601,"[2350.26, 538.6, 43.37, 30.47]",36.352220014739125,32-64,localization,0.4254411458969116,swimmer,FP
16203,16203.jpg,1,swimmer,0.21731,"[2519.96, 287.15, 39.39, 32.11]",35.56420813120967,32-64,duplicate,0.5881975889205933,swimmer,FP
16203,16203.jpg,1,swimmer,0.16028,"[2528.24, 289.31, 41.77, 47.24]",44.42088247660103,32-64,localization,0.3588328957557678,swimmer,FP
16203,16203.jpg,1,swimmer,0.15296,"[2353.92, 527.84, 42.07, 42.97]",42.51761870095737,32-64,localization,0.4135333001613617,swimmer,FP
16203,16203.jpg,1,swimmer,0.14665,"[2462.14, 325.1, 36.16, 32.75]",34.4127883206229,32-64,background,0.0,,FP
16203,16203.jpg,1,swimmer,0.12594,"[2241.41, 548.76, 32.92, 27.74]",30.21921243182886,16-32,background,0.0,,FP
16204,16204.jpg,1,swimmer,0.53796,"[2110.6, 504.41, 37.14, 33.57]",35.30991079003174,32-64,localization,0.35381242632865906,swimmer,FP
16204,16204.jpg,1,swimmer,0.46541,"[2511.5, 647.39, 63.43, 48.2]",55.29309179273664,32-64,localization,0.3633645176887512,swimmer,FP
16204,16204.jpg,1,swimmer,0.3125,"[2292.44, 536.12, 49.31, 39.91]",44.36171885759162,32-64,localization,0.47775930166244507,swimmer,FP
16204,16204.jpg,1,swimmer,0.28004,"[2291.75, 527.92, 48.31, 40.45]",44.205650091362756,32-64,localization,0.4315680265426636,swimmer,FP
16204,16204.jpg,1,swimmer,0.13314,"[2297.26, 534.57, 55.12, 32.41]",42.266289167609685,32-64,localization,0.4414081275463104,swimmer,FP
16204,16204.jpg,1,swimmer,0.10127,"[2873.37, 671.95, 42.94, 44.44]",43.6835621258157,32-64,localization,0.33990806341171265,swimmer,FP
16205,16205.jpg,1,swimmer,0.55908,"[2363.02, 229.02, 43.24, 40.02]",41.59885575349399,32-64,localization,0.4288000762462616,swimmer,FP
16205,16205.jpg,1,swimmer,0.25107,"[2232.66, 533.99, 51.74, 42.24]",46.74930587719993,32-64,localization,0.46548396348953247,swimmer,FP
16206,16206.jpg,1,swimmer,0.30647,"[2279.52, 190.18, 40.44, 36.31]",38.31939978653111,32-64,localization,0.4873995780944824,swimmer,FP
16206,16206.jpg,1,swimmer,0.29524,"[2404.36, 616.42, 42.82, 41.4]",42.104014060419466,32-64,localization,0.33095723390579224,swimmer,FP
16206,16206.jpg,1,swimmer,0.22749,"[2284.74, 186.63, 43.49, 39.57]",41.48372331409031,32-64,localization,0.40944379568099976,swimmer,FP
16206,16206.jpg,1,swimmer,0.20297,"[2292.84, 204.9, 47.9, 37.39]",42.31998345935405,32-64,localization,0.12468690425157547,swimmer,FP
16206,16206.jpg,1,swimmer,0.19435,"[2272.79, 197.43, 47.53, 43.38]",45.40761389899276,32-64,localization,0.3633612394332886,swimmer,FP
16206,16206.jpg,1,swimmer,0.15105,"[1942.79, 491.85, 59.27, 59.85]",59.55929398507004,32-64,duplicate,0.7147161364555359,swimmer,FP
16741,16741.jpg,1,swimmer,0.65373,"[2309.8, 828.8, 203.88, 162.11]",181.79930362902934,>64,localization,0.22590257227420807,swimmer,FP
16742,16742.jpg,1,swimmer,0.5903,"[2257.79, 810.07, 292.12, 216.58]",251.53001729415914,>64,localization,0.3483695387840271,swimmer,FP
16744,16744.jpg,1,swimmer,0.36578,"[2202.79, 843.4, 272.52, 217.49]",243.45507758106012,>64,localization,0.2854367792606354,swimmer,FP
16745,16745.jpg,1,swimmer,0.7042,"[2171.05, 811.43, 333.84, 226.87]",275.20588801840705,>64,localization,0.35039222240448,swimmer,FP
16745,16745.jpg,2,boat,0.21293,"[0.0, 1799.68, 92.1, 360.32]",182.16880084141738,>64,background,0.0,,FP
16745,16745.jpg,3,jetski,0.13583,"[2176.74, 799.56, 325.25, 248.73]",284.42825545293493,>64,background,0.36341652274131775,,FP
16746,16746.jpg,1,swimmer,0.11407,"[2212.27, 639.82, 398.31, 244.22]",311.8898334348204,>64,duplicate,0.7183279395103455,swimmer,FP
16747,16747.jpg,1,swimmer,0.13726,"[2194.9, 672.84, 308.16, 277.64]",292.50220922242625,>64,duplicate,0.7168211936950684,swimmer,FP
16748,16748.jpg,1,swimmer,0.48465,"[2021.23, 663.22, 483.56, 281.56]",368.98665775336644,>64,localization,0.46021971106529236,swimmer,FP
16749,16749.jpg,1,swimmer,0.63042,"[2208.06, 706.57, 280.4, 286.29]",283.329694878599,>64,localization,0.48263636231422424,swimmer,FP
16749,16749.jpg,1,swimmer,0.11036,"[2206.8, 626.51, 310.63, 374.33]",340.99578868367274,>64,localization,0.43251296877861023,swimmer,FP
16750,16750.jpg,1,swimmer,0.50684,"[2090.41, 643.34, 508.52, 354.59]",424.63644073489496,>64,duplicate,0.8108493089675903,swimmer,FP
16751,16751.jpg,1,swimmer,0.4659,"[2294.54, 594.9, 246.05, 337.72]",288.2637785085043,>64,localization,0.3547816574573517,swimmer,FP
16751,16751.jpg,1,swimmer,0.28257,"[2291.39, 721.88, 246.81, 213.91]",229.77190232924477,>64,localization,0.31713756918907166,swimmer,FP
16752,16752.jpg,1,swimmer,0.43782,"[2277.78, 685.05, 332.55, 396.09]",362.93212795232114,>64,duplicate,0.5068477392196655,swimmer,FP
16752,16752.jpg,1,swimmer,0.10373,"[2222.42, 645.42, 334.78, 426.6]",377.91156108274856,>64,localization,0.41761499643325806,swimmer,FP
16753,16753.jpg,3,jetski,0.18963,"[2326.11, 752.88, 282.75, 153.44]",208.29104637501823,>64,background,0.17579646408557892,,FP
16754,16754.jpg,1,swimmer,0.57901,"[2309.99, 630.62, 356.6, 417.92]",386.044391229817,>64,localization,0.3859297037124634,swimmer,FP
16755,16755.jpg,3,jetski,0.63299,"[2216.59, 673.87, 511.23, 487.18]",499.0601480783654,>64,class_confusion,0.5342180728912354,swimmer,FP
16755,16755.jpg,1,swimmer,0.5064,"[2213.15, 845.14, 524.41, 315.81]",406.9569044751545,>64,localization,0.3906819522380829,swimmer,FP
16755,16755.jpg,3,jetski,0.11099,"[2226.76, 855.04, 315.72, 169.05]",231.0248168487533,>64,background,0.13803137838840485,,FP
16756,16756.jpg,1,swimmer,0.53479,"[2382.79, 841.45, 295.17, 325.45]",309.94044024618665,>64,localization,0.29482391476631165,swimmer,FP
16757,16757.jpg,1,swimmer,0.65356,"[2334.14, 809.64, 384.39, 597.33]",479.17395453008504,>64,localization,0.48340505361557007,swimmer,FP
16760,16760.jpg,3,jetski,0.34912,"[2198.81, 880.57, 563.38, 549.22]",556.2549447870105,>64,class_confusion,0.649783194065094,swimmer,FP
16762,16762.jpg,3,jetski,0.38562,"[2315.37, 860.97, 322.25, 404.76]",361.1563511832514,>64,class_confusion,0.5384260416030884,swimmer,FP
16763,16763.jpg,3,jetski,0.7124,"[2142.09, 976.26, 462.6, 205.98]",308.68486843381226,>64,background,0.34332573413848877,,FP
16763,16763.jpg,3,jetski,0.12624,"[2252.09, 979.54, 349.82, 190.32]",258.0266311836823,>64,background,0.2945501506328583,,FP
16765,16765.jpg,3,jetski,0.63143,"[2152.61, 741.96, 505.55, 663.68]",579.2438381200097,>64,class_confusion,0.7800502777099609,swimmer,FP
16765,16765.jpg,3,jetski,0.39907,"[2305.17, 936.82, 353.4, 460.46]",403.3938075875731,>64,background,0.48374471068382263,,FP
16765,16765.jpg,3,jetski,0.28318,"[2164.21, 948.44, 329.83, 254.73]",289.8578891456984,>64,background,0.2946540117263794,,FP
16766,16766.jpg,3,jetski,0.35409,"[2236.64, 881.28, 307.4, 208.36]",253.08074600806756,>64,background,0.16901832818984985,,FP
16766,16766.jpg,3,jetski,0.34199,"[2241.86, 847.01, 302.61, 196.23]",243.68249896125081,>64,background,0.15669842064380646,,FP
16766,16766.jpg,3,jetski,0.13791,"[2246.23, 723.09, 298.7, 291.56]",295.10840719979495,>64,background,0.2298152893781662,,FP
16767,16767.jpg,3,jetski,0.7458,"[2175.18, 594.52, 380.69, 407.74]",393.9829191729002,>64,class_confusion,0.5825785398483276,swimmer,FP
16767,16767.jpg,3,jetski,0.12478,"[2183.6, 594.24, 373.56, 209.42]",279.6979356377161,>64,background,0.298551470041275,,FP
16768,16768.jpg,3,jetski,0.79235,"[2216.3, 618.52, 330.83, 546.21]",425.0913481829523,>64,background,0.45971769094467163,,FP
16768,16768.jpg,1,swimmer,0.3955,"[2249.62, 626.51, 305.43, 542.1]",406.90736415061355,>64,localization,0.4174634516239166,swimmer,FP
16768,16768.jpg,1,swimmer,0.12662,"[2297.1, 732.61, 258.94, 440.19]",337.6133862867407,>64,localization,0.27976658940315247,swimmer,FP
16769,16769.jpg,3,jetski,0.68136,"[2141.64, 637.72, 403.57, 398.01]",400.7803584259089,>64,background,0.38255056738853455,,FP
16769,16769.jpg,1,swimmer,0.58608,"[2134.21, 638.78, 414.28, 409.08]",411.67178965773206,>64,localization,0.4036250114440918,swimmer,FP
16769,16769.jpg,1,swimmer,0.53949,"[2207.56, 717.86, 337.88, 408.02]",371.2974516475975,>64,localization,0.32833680510520935,swimmer,FP
16770,16770.jpg,3,jetski,0.68518,"[2091.71, 772.01, 401.57, 305.8]",350.42846060216056,>64,background,0.4265168607234955,,FP
16770,16770.jpg,1,swimmer,0.2405,"[2087.07, 767.28, 406.18, 328.41]",365.2308500113319,>64,localization,0.46331045031547546,swimmer,FP
16772,16772.jpg,3,jetski,0.82395,"[2032.21, 693.73, 539.63, 617.5]",577.2534322115374,>64,class_confusion,0.8370418548583984,swimmer,FP
16773,16773.jpg,3,jetski,0.84583,"[2132.81, 853.08, 418.2, 351.83]",383.5822024025619,>64,class_confusion,0.6139923334121704,swimmer,FP
16774,16774.jpg,3,jetski,0.83357,"[2100.52, 1015.34, 378.72, 347.78]",362.9204342552235,>64,class_confusion,0.7619222402572632,swimmer,FP
16776,16776.jpg,3,jetski,0.72258,"[2043.57, 936.46, 434.91, 287.27]",353.4637119988416,>64,class_confusion,0.7879998087882996,swimmer,FP
16777,16777.jpg,3,jetski,0.84287,"[1999.12, 858.1, 510.66, 493.62]",502.06771375980753,>64,class_confusion,0.7615484595298767,swimmer,FP
16777,16777.jpg,3,jetski,0.14738,"[2002.25, 849.9, 239.76, 201.67]",219.89178975123195,>64,background,0.2147071212530136,,FP
16778,16778.jpg,3,jetski,0.83115,"[2068.9, 765.01, 439.72, 354.9]",395.0400334143364,>64,class_confusion,0.7357690930366516,swimmer,FP
16779,16779.jpg,3,jetski,0.44729,"[2068.15, 633.17, 609.91, 602.85]",606.3697250852816,>64,class_confusion,0.7628246545791626,swimmer,FP
16780,16780.jpg,3,jetski,0.79457,"[2100.79, 450.32, 492.17, 632.71]",558.033046243679,>64,class_confusion,0.6553650498390198,swimmer,FP
16780,16780.jpg,2,boat,0.4361,"[2109.82, 447.61, 497.37, 621.0]",555.7578339528827,>64,class_confusion,0.6710452437400818,swimmer,FP
16781,16781.jpg,3,jetski,0.20047,"[1897.56, 207.7, 851.81, 748.12]",798.283218663652,>64,class_confusion,0.7747621536254883,swimmer,FP
16783,16783.jpg,1,swimmer,0.33924,"[2240.59, 0.0, 566.09, 914.5]",719.5062925367645,>64,localization,0.49200618267059326,swimmer,FP
16783,16783.jpg,1,swimmer,0.22328,"[1733.31, 0.0, 892.57, 776.95]",832.7558234560717,>64,duplicate,0.670565128326416,swimmer,FP
16784,16784.jpg,1,swimmer,0.25801,"[2205.09, 25.17, 427.6, 873.71]",611.2269594839547,>64,localization,0.46586960554122925,swimmer,FP
16784,16784.jpg,1,swimmer,0.18163,"[1739.45, 0.0, 842.7, 820.3]",831.4245666324757,>64,duplicate,0.8090957403182983,swimmer,FP
16785,16785.jpg,3,jetski,0.30579,"[1864.36, 25.51, 646.79, 769.0]",705.252798647407,>64,class_confusion,0.5614332556724548,swimmer,FP
16786,16786.jpg,1,swimmer,0.429,"[1824.52, 344.78, 532.32, 656.46]",591.1402432587381,>64,duplicate,0.6049614548683167,swimmer,FP
16786,16786.jpg,1,swimmer,0.17567,"[1823.84, 346.41, 537.21, 439.04]",485.65077823473115,>64,localization,0.3995410203933716,swimmer,FP
16786,16786.jpg,3,jetski,0.11507,"[1822.27, 345.35, 539.25, 439.79]",486.9874305359431,>64,background,0.397975891828537,,FP
267,267.jpg,1,swimmer,,"[1136, 841, 14, 13]",13.490737563232042,<16,,,,FN
379,379.jpg,1,swimmer,,"[65, 206, 39, 24]",30.59411708155671,16-32,,,,FN
537,537.jpg,1,swimmer,,"[753, 907, 13, 16]",14.422205101855956,<16,,,,FN
550,550.jpg,3,jetski,,"[484, 568, 26, 64]",40.792156108742276,32-64,,,,FN
595,595.jpg,4,life_saving_appliances,,"[661, 582, 12, 13]",12.489995996796797,<16,,,,FN
595,595.jpg,1,swimmer,,"[247, 290, 20, 15]",17.320508075688775,16-32,,,,FN
595,595.jpg,1,swimmer,,"[334, 133, 25, 13]",18.027756377319946,16-32,,,,FN
595,595.jpg,1,swimmer,,"[516, 18, 20, 19]",19.493588689617926,16-32,,,,FN
595,595.jpg,1,swimmer,,"[490, 21, 13, 17]",14.866068747318506,<16,,,,FN
595,595.jpg,1,swimmer,,"[438, 127, 13, 13]",13.0,<16,,,,FN
595,595.jpg,1,swimmer,,"[381, 144, 21, 14]",17.146428199482248,16-32,,,,FN
595,595.jpg,4,life_saving_appliances,,"[380, 155, 14, 12]",12.96148139681572,<16,,,,FN
595,595.jpg,1,swimmer,,"[309, 223, 12, 12]",12.0,<16,,,,FN
595,595.jpg,1,swimmer,,"[186, 169, 16, 15]",15.491933384829668,<16,,,,FN
622,622.jpg,1,swimmer,,"[603, 600, 28, 28]",28.0,16-32,,,,FN
655,655.jpg,4,life_saving_appliances,,"[76, 292, 14, 11]",12.409673645990857,<16,,,,FN
669,669.jpg,1,swimmer,,"[276, 158, 25, 21]",22.9128784747792,16-32,,,,FN
824,824.jpg,3,jetski,,"[1072, 662, 47, 52]",49.4368283772331,32-64,,,,FN
868,868.jpg,1,swimmer,,"[3684, 1848, 30, 42]",35.4964786985977,32-64,,,,FN
884,884.jpg,2,boat,,"[996, 2959, 160, 169]",164.43843832875572,>64,,,,FN
887,887.jpg,1,swimmer,,"[5142, 3393, 23, 24]",23.49468024894146,16-32,,,,FN
887,887.jpg,2,boat,,"[5010, 3394, 24, 24]",24.0,16-32,,,,FN
984,984.jpg,1,swimmer,,"[120, 2306, 23, 24]",23.49468024894146,16-32,,,,FN
984,984.jpg,1,swimmer,,"[118, 2351, 38, 22]",28.91366458960192,16-32,,,,FN
1018,1018.jpg,1,swimmer,,"[159, 3260, 17, 23]",19.77371993328519,16-32,,,,FN
1018,1018.jpg,1,swimmer,,"[75, 3213, 47, 24]",33.58571124749333,32-64,,,,FN
1036,1036.jpg,1,swimmer,,"[858, 430, 29, 29]",29.0,16-32,,,,FN
1036,1036.jpg,1,swimmer,,"[930, 1117, 21, 21]",21.0,16-32,,,,FN
1036,1036.jpg,1,swimmer,,"[838, 914, 18, 19]",18.49324200890693,16-32,,,,FN
1037,1037.jpg,1,swimmer,,"[465, 123, 42, 45]",43.474130238568314,32-64,,,,FN
1037,1037.jpg,1,swimmer,,"[672, 382, 25, 21]",22.9128784747792,16-32,,,,FN
1037,1037.jpg,1,swimmer,,"[781, 591, 22, 21]",21.494185260204677,16-32,,,,FN
1073,1073.jpg,1,swimmer,,"[4230, 1114, 28, 26]",26.981475126464083,16-32,,,,FN
1073,1073.jpg,1,swimmer,,"[4269, 537, 19, 20]",19.493588689617926,16-32,,,,FN
1073,1073.jpg,1,swimmer,,"[4115, 572, 24, 26]",24.979991993593593,16-32,,,,FN
1073,1073.jpg,1,swimmer,,"[3950, 173, 29, 26]",27.459060435491963,16-32,,,,FN
1073,1073.jpg,1,swimmer,,"[4012, 182, 22, 20]",20.97617696340303,16-32,,,,FN
1073,1073.jpg,1,swimmer,,"[4060, 284, 20, 23]",21.447610589527216,16-32,,,,FN
1096,1096.jpg,2,boat,,"[2569, 2711, 117, 53]",78.74642849044012,>64,,,,FN
1096,1096.jpg,1,swimmer,,"[2293, 2856, 27, 45]",34.85685011586675,32-64,,,,FN
1096,1096.jpg,1,swimmer,,"[2521, 3568, 26, 35]",30.166206257996713,16-32,,,,FN
1096,1096.jpg,1,swimmer,,"[2378, 3393, 20, 21]",20.493901531919196,16-32,,,,FN
1096,1096.jpg,1,swimmer,,"[2308, 3378, 27, 34]",30.298514815086232,16-32,,,,FN
1096,1096.jpg,1,swimmer,,"[2215, 3343, 16, 16]",16.0,16-32,,,,FN
1123,1123.jpg,1,swimmer,,"[3666, 1626, 26, 24]",24.979991993593593,16-32,,,,FN
1123,1123.jpg,1,swimmer,,"[3205, 751, 20, 27]",23.2379000772445,16-32,,,,FN
1123,1123.jpg,1,swimmer,,"[3186, 759, 14, 28]",19.79898987322333,16-32,,,,FN
1123,1123.jpg,1,swimmer,,"[3271, 839, 31, 36]",33.406586176980134,32-64,,,,FN
1123,1123.jpg,1,swimmer,,"[3187, 866, 31, 28]",29.46183972531247,16-32,,,,FN
1123,1123.jpg,1,swimmer,,"[3688, 918, 21, 34]",26.720778431774775,16-32,,,,FN
1123,1123.jpg,1,swimmer,,"[3457, 1014, 25, 22]",23.45207879911715,16-32,,,,FN
1123,1123.jpg,1,swimmer,,"[3530, 1018, 22, 21]",21.494185260204677,16-32,,,,FN
1123,1123.jpg,1,swimmer,,"[3419, 1025, 24, 16]",19.595917942265423,16-32,,,,FN
1125,1125.jpg,1,swimmer,,"[3528, 344, 28, 24]",25.92296279363144,16-32,,,,FN
1129,1129.jpg,1,swimmer,,"[154, 2655, 21, 15]",17.74823934929885,16-32,,,,FN
1129,1129.jpg,1,swimmer,,"[279, 2585, 23, 16]",19.183326093250876,16-32,,,,FN
1129,1129.jpg,1,swimmer,,"[451, 2443, 20, 16]",17.88854381999832,16-32,,,,FN
1129,1129.jpg,1,swimmer,,"[549, 2785, 23, 41]",30.708305065568176,16-32,,,,FN
1129,1129.jpg,2,boat,,"[633, 1614, 120, 56]",81.97560612767678,>64,,,,FN
1136,1136.jpg,2,boat,,"[5281, 1505, 114, 79]",94.89994731294638,>64,,,,FN
1136,1136.jpg,2,boat,,"[5274, 1829, 129, 60]",87.97726979169109,>64,,,,FN
1136,1136.jpg,2,boat,,"[5354, 1782, 102, 67]",82.66801074176153,>64,,,,FN
1136,1136.jpg,1,swimmer,,"[5404, 645, 18, 12]",14.696938456699069,<16,,,,FN
1136,1136.jpg,1,swimmer,,"[5435, 668, 17, 13]",14.866068747318506,<16,,,,FN
1136,1136.jpg,1,swimmer,,"[5352, 914, 26, 19]",22.22611077089287,16-32,,,,FN
1144,1144.jpg,1,swimmer,,"[2050, 1990, 28, 42]",34.292856398964496,32-64,,,,FN
1144,1144.jpg,1,swimmer,,"[2018, 1974, 25, 31]",27.83882181415011,16-32,,,,FN
1144,1144.jpg,1,swimmer,,"[1733, 1745, 18, 31]",23.62202362203543,16-32,,,,FN
1144,1144.jpg,1,swimmer,,"[1959, 1698, 38, 32]",34.87119154832539,32-64,,,,FN
1144,1144.jpg,1,swimmer,,"[1850, 1525, 24, 23]",23.49468024894146,16-32,,,,FN
1144,1144.jpg,1,swimmer,,"[1835, 1421, 16, 17]",16.492422502470642,16-32,,,,FN
1157,1157.jpg,1,swimmer,,"[1048, 2428, 23, 21]",21.97726097583591,16-32,,,,FN
1157,1157.jpg,1,swimmer,,"[1036, 2624, 19, 21]",19.974984355438178,16-32,,,,FN
1157,1157.jpg,1,swimmer,,"[1203, 2732, 23, 14]",17.944358444926362,16-32,,,,FN
1157,1157.jpg,1,swimmer,,"[983, 2864, 21, 22]",21.494185260204677,16-32,,,,FN
1157,1157.jpg,1,swimmer,,"[1131, 3092, 36, 20]",26.832815729997478,16-32,,,,FN
1224,1224.jpg,4,life_saving_appliances,,"[2900, 4880, 37, 48]",42.14261501141095,32-64,,,,FN
1230,1230.jpg,4,life_saving_appliances,,"[3769, 1113, 45, 33]",38.535697735995385,32-64,,,,FN
1309,1309.jpg,4,life_saving_appliances,,"[5102, 960, 57, 36]",45.2990066116245,32-64,,,,FN
1716,1716.jpg,1,swimmer,,"[3539, 4128, 23, 28]",25.37715508089904,16-32,,,,FN
1724,1724.jpg,1,swimmer,,"[2754, 1161, 19, 58]",33.19638534539566,32-64,,,,FN
1724,1724.jpg,1,swimmer,,"[2654, 1305, 16, 13]",14.422205101855956,<16,,,,FN
1724,1724.jpg,1,swimmer,,"[2727, 728, 15, 20]",17.320508075688775,16-32,,,,FN
1765,1765.jpg,1,swimmer,,"[1638, 491, 18, 23]",20.346989949375804,16-32,,,,FN
1765,1765.jpg,1,swimmer,,"[1587, 556, 17, 24]",20.199009876724155,16-32,,,,FN
1765,1765.jpg,1,swimmer,,"[2047, 295, 21, 24]",22.44994432064365,16-32,,,,FN
1765,1765.jpg,1,swimmer,,"[2051, 318, 18, 28]",22.44994432064365,16-32,,,,FN
1765,1765.jpg,1,swimmer,,"[2080, 329, 24, 37]",29.79932885150268,16-32,,,,FN
1765,1765.jpg,1,swimmer,,"[2168, 353, 42, 19]",28.24889378365107,16-32,,,,FN
1774,1774.jpg,1,swimmer,,"[453, 3422, 24, 34]",28.5657137141714,16-32,,,,FN
1774,1774.jpg,1,swimmer,,"[433, 3404, 25, 28]",26.457513110645905,16-32,,,,FN
1786,1786.jpg,1,swimmer,,"[2118, 3861, 17, 27]",21.42428528562855,16-32,,,,FN
1786,1786.jpg,1,swimmer,,"[1761, 3597, 15, 19]",16.881943016134134,16-32,,,,FN
1786,1786.jpg,1,swimmer,,"[1776, 3619, 13, 15]",13.96424004376894,<16,,,,FN
1786,1786.jpg,1,swimmer,,"[1412, 3752, 15, 17]",15.968719422671311,<16,,,,FN
1786,1786.jpg,1,swimmer,,"[1489, 3841, 25, 24]",24.49489742783178,16-32,,,,FN
1786,1786.jpg,1,swimmer,,"[1530, 3876, 17, 16]",16.492422502470642,16-32,,,,FN
1821,1821.jpg,1,swimmer,,"[1958, 4907, 28, 36]",31.74901573277509,16-32,,,,FN
1821,1821.jpg,1,swimmer,,"[1821, 5181, 14, 18]",15.874507866387544,<16,,,,FN
1824,1824.jpg,1,swimmer,,"[4899, 798, 18, 21]",19.44222209522358,16-32,,,,FN
1824,1824.jpg,1,swimmer,,"[4653, 661, 32, 23]",27.129319932501073,16-32,,,,FN
1824,1824.jpg,1,swimmer,,"[4743, 619, 26, 32]",28.844410203711913,16-32,,,,FN
1824,1824.jpg,2,boat,,"[4073, 469, 55, 100]",74.16198487095663,>64,,,,FN
1835,1835.jpg,1,swimmer,,"[3324, 129, 29, 17]",22.20360331117452,16-32,,,,FN
1835,1835.jpg,1,swimmer,,"[3307, 173, 28, 27]",27.49545416973504,16-32,,,,FN
1845,1845.jpg,1,swimmer,,"[450, 184, 27, 23]",24.919871588754223,16-32,,,,FN
1845,1845.jpg,1,swimmer,,"[625, 260, 30, 35]",32.4037034920393,32-64,,,,FN
1845,1845.jpg,1,swimmer,,"[693, 306, 25, 39]",31.22498999199199,16-32,,,,FN
1845,1845.jpg,1,swimmer,,"[661, 0, 25, 22]",23.45207879911715,16-32,,,,FN
1869,1869.jpg,1,swimmer,,"[737, 1957, 34, 43]",38.23610858861032,32-64,,,,FN
1871,1871.jpg,1,swimmer,,"[2283, 852, 29, 23]",25.826343140289914,16-32,,,,FN
1871,1871.jpg,1,swimmer,,"[2288, 753, 26, 22]",23.916521486202797,16-32,,,,FN
1871,1871.jpg,1,swimmer,,"[2304, 901, 25, 24]",24.49489742783178,16-32,,,,FN
1880,1880.jpg,1,swimmer,,"[3518, 157, 39, 20]",27.92848008753788,16-32,,,,FN
1880,1880.jpg,1,swimmer,,"[3545, 46, 35, 17]",24.392621835300936,16-32,,,,FN
1900,1900.jpg,1,swimmer,,"[3168, 4698, 27, 44]",34.46737587922817,32-64,,,,FN
1900,1900.jpg,1,swimmer,,"[3019, 5173, 21, 31]",25.514701644346147,16-32,,,,FN
1908,1908.jpg,1,swimmer,,"[991, 1658, 19, 29]",23.473389188611005,16-32,,,,FN
1908,1908.jpg,1,swimmer,,"[1098, 1783, 14, 30]",20.493901531919196,16-32,,,,FN
1908,1908.jpg,1,swimmer,,"[914, 1679, 28, 48]",36.66060555964672,32-64,,,,FN
1908,1908.jpg,1,swimmer,,"[977, 2192, 24, 42]",31.74901573277509,16-32,,,,FN
1931,1931.jpg,1,swimmer,,"[1852, 1082, 32, 20]",25.298221281347036,16-32,,,,FN
1931,1931.jpg,1,swimmer,,"[2542, 979, 21, 14]",17.146428199482248,16-32,,,,FN
1931,1931.jpg,1,swimmer,,"[2637, 834, 40, 24]",30.983866769659336,16-32,,,,FN
1931,1931.jpg,1,swimmer,,"[2576, 775, 33, 24]",28.142494558940577,16-32,,,,FN
1959,1959.jpg,1,swimmer,,"[2754, 3163, 19, 37]",26.514147167125703,16-32,,,,FN
1959,1959.jpg,1,swimmer,,"[2162, 3207, 19, 22]",20.445048300260872,16-32,,,,FN
1975,1975.jpg,1,swimmer,,"[2888, 223, 41, 19]",27.910571473905726,16-32,,,,FN
1975,1975.jpg,1,swimmer,,"[2332, 304, 18, 28]",22.44994432064365,16-32,,,,FN
2005,2005.jpg,1,swimmer,,"[1575, 2368, 26, 30]",27.92848008753788,16-32,,,,FN
2005,2005.jpg,1,swimmer,,"[1500, 2505, 23, 27]",24.919871588754223,16-32,,,,FN
2018,2018.jpg,1,swimmer,,"[3531, 2546, 16, 27]",20.784609690826528,16-32,,,,FN
2018,2018.jpg,1,swimmer,,"[3458, 2670, 22, 21]",21.494185260204677,16-32,,,,FN
2035,2035.jpg,1,swimmer,,"[4555, 1878, 16, 18]",16.97056274847714,16-32,,,,FN
2049,2049.jpg,1,swimmer,,"[1990, 2076, 29, 20]",24.08318915758459,16-32,,,,FN
2049,2049.jpg,1,swimmer,,"[1970, 2122, 34, 20]",26.076809620810597,16-32,,,,FN
2049,2049.jpg,1,swimmer,,"[2044, 2150, 27, 28]",27.49545416973504,16-32,,,,FN
2058,2058.jpg,1,swimmer,,"[2907, 1780, 21, 18]",19.44222209522358,16-32,,,,FN
2058,2058.jpg,1,swimmer,,"[2874, 1701, 17, 14]",15.427248620541512,<16,,,,FN
2060,2060.jpg,1,swimmer,,"[2848, 1183, 24, 17]",20.199009876724155,16-32,,,,FN
2060,2060.jpg,1,swimmer,,"[2821, 1102, 17, 17]",17.0,16-32,,,,FN
2070,2070.jpg,1,swimmer,,"[1188, 2938, 26, 18]",21.633307652783937,16-32,,,,FN
2070,2070.jpg,1,swimmer,,"[1175, 3039, 27, 21]",23.811761799581316,16-32,,,,FN
2078,2078.jpg,1,swimmer,,"[2161, 2471, 27, 21]",23.811761799581316,16-32,,,,FN
2078,2078.jpg,1,swimmer,,"[2114, 2606, 33, 26]",29.29163703175362,16-32,,,,FN
2078,2078.jpg,1,swimmer,,"[2205, 2520, 30, 23]",26.267851073127396,16-32,,,,FN
2109,2109.jpg,1,swimmer,,"[4364, 533, 20, 23]",21.447610589527216,16-32,,,,FN
2114,2114.jpg,2,boat,,"[1892, 3252, 79, 57]",67.10439627923047,>64,,,,FN
2185,2185.jpg,1,swimmer,,"[1085, 3088, 16, 33]",22.978250586152114,16-32,,,,FN
2185,2185.jpg,1,swimmer,,"[1171, 2918, 26, 13]",18.384776310850235,16-32,,,,FN
2198,2198.jpg,1,swimmer,,"[3206, 2424, 20, 20]",20.0,16-32,,,,FN
2198,2198.jpg,1,swimmer,,"[3315, 2402, 18, 21]",19.44222209522358,16-32,,,,FN
2228,2228.jpg,1,swimmer,,"[4189, 1033, 24, 23]",23.49468024894146,16-32,,,,FN
2228,2228.jpg,1,swimmer,,"[4220, 1010, 31, 23]",26.70205984563738,16-32,,,,FN
2231,2231.jpg,2,boat,,"[3876, 288, 13, 17]",14.866068747318506,<16,,,,FN
2231,2231.jpg,2,boat,,"[3845, 297, 20, 19]",19.493588689617926,16-32,,,,FN
2234,2234.jpg,1,swimmer,,"[1177, 3133, 17, 21]",18.894443627691185,16-32,,,,FN
2234,2234.jpg,1,swimmer,,"[1167, 3160, 14, 15]",14.491376746189438,<16,,,,FN
2241,2241.jpg,1,swimmer,,"[995, 560, 20, 23]",21.447610589527216,16-32,,,,FN
2241,2241.jpg,1,swimmer,,"[978, 583, 18, 20]",18.973665961010276,16-32,,,,FN
2276,2276.jpg,1,swimmer,,"[995, 2491, 29, 31]",29.9833287011299,16-32,,,,FN
2276,2276.jpg,1,swimmer,,"[952, 2538, 23, 27]",24.919871588754223,16-32,,,,FN
2360,2360.jpg,1,swimmer,,"[2629, 343, 11, 14]",12.409673645990857,<16,,,,FN
2360,2360.jpg,1,swimmer,,"[2695, 361, 15, 25]",19.364916731037084,16-32,,,,FN
2364,2364.jpg,1,swimmer,,"[971, 3349, 17, 11]",13.674794331177344,<16,,,,FN
2366,2366.jpg,1,swimmer,,"[1067, 2790, 17, 14]",15.427248620541512,<16,,,,FN
2366,2366.jpg,1,swimmer,,"[977, 2832, 19, 19]",19.0,16-32,,,,FN
2371,2371.jpg,1,swimmer,,"[2034, 1275, 24, 19]",21.354156504062622,16-32,,,,FN
2378,2378.jpg,1,swimmer,,"[4614, 1381, 24, 20]",21.908902300206645,16-32,,,,FN
2378,2378.jpg,2,boat,,"[4416, 1572, 27, 23]",24.919871588754223,16-32,,,,FN
2382,2382.jpg,1,swimmer,,"[4199, 445, 25, 26]",25.495097567963924,16-32,,,,FN
2382,2382.jpg,1,swimmer,,"[4414, 241, 23, 21]",21.97726097583591,16-32,,,,FN
2398,2398.jpg,1,swimmer,,"[2076, 1555, 14, 12]",12.96148139681572,<16,,,,FN
2428,2428.jpg,1,swimmer,,"[3467, 2480, 21, 33]",26.324893162176366,16-32,,,,FN
2453,2453.jpg,1,swimmer,,"[4211, 2263, 25, 26]",25.495097567963924,16-32,,,,FN
2453,2453.jpg,1,swimmer,,"[3746, 2783, 20, 18]",18.973665961010276,16-32,,,,FN
2488,2488.jpg,1,swimmer,,"[2972, 2276, 30, 28]",28.982753492378876,16-32,,,,FN
2497,2497.jpg,2,boat,,"[1697, 104, 213, 158]",183.45026573979118,>64,,,,FN
2610,2610.jpg,1,swimmer,,"[2165, 993, 27, 29]",27.982137159266443,16-32,,,,FN
2636,2636.jpg,1,swimmer,,"[2281, 4099, 70, 70]",70.0,>64,,,,FN
2636,2636.jpg,1,swimmer,,"[2429, 3978, 66, 71]",68.45436436049933,>64,,,,FN
2636,2636.jpg,1,swimmer,,"[2474, 3684, 75, 55]",64.22616289332565,>64,,,,FN
2655,2655.jpg,1,swimmer,,"[1204, 433, 33, 28]",30.397368307141328,16-32,,,,FN
2655,2655.jpg,1,swimmer,,"[1287, 193, 28, 38]",32.61901286060018,32-64,,,,FN
2655,2655.jpg,1,swimmer,,"[999, 22, 35, 35]",35.0,32-64,,,,FN
2716,2716.jpg,1,swimmer,,"[3212, 3423, 58, 49]",53.31041174104736,32-64,,,,FN
2716,2716.jpg,1,swimmer,,"[2717, 3575, 39, 31]",34.77067730142742,32-64,,,,FN
2718,2718.jpg,1,swimmer,,"[2614, 2375, 31, 36]",33.406586176980134,32-64,,,,FN
2718,2718.jpg,1,swimmer,,"[2980, 2327, 42, 77]",56.868268832451726,32-64,,,,FN
2718,2718.jpg,1,swimmer,,"[2907, 2794, 21, 56]",34.292856398964496,32-64,,,,FN
2718,2718.jpg,1,swimmer,,"[2839, 2831, 28, 33]",30.397368307141328,16-32,,,,FN
2718,2718.jpg,1,swimmer,,"[2717, 2856, 19, 19]",19.0,16-32,,,,FN
2718,2718.jpg,1,swimmer,,"[2802, 2947, 48, 34]",40.39801975344831,32-64,,,,FN
2749,2749.jpg,1,swimmer,,"[2326, 1530, 22, 30]",25.69046515733026,16-32,,,,FN
2749,2749.jpg,4,life_saving_appliances,,"[1698, 1691, 25, 20]",22.360679774997898,16-32,,,,FN
2749,2749.jpg,1,swimmer,,"[1918, 922, 31, 47]",38.17066936798463,32-64,,,,FN
2749,2749.jpg,4,life_saving_appliances,,"[1900, 975, 23, 28]",25.37715508089904,16-32,,,,FN
2749,2749.jpg,1,swimmer,,"[2000, 987, 21, 24]",22.44994432064365,16-32,,,,FN
2749,2749.jpg,1,swimmer,,"[2201, 973, 24, 24]",24.0,16-32,,,,FN
2754,2754.jpg,4,life_saving_appliances,,"[4585, 2148, 27, 28]",27.49545416973504,16-32,,,,FN
2754,2754.jpg,1,swimmer,,"[4584, 2177, 26, 21]",23.366642891095847,16-32,,,,FN
2754,2754.jpg,1,swimmer,,"[4083, 2430, 21, 27]",23.811761799581316,16-32,,,,FN
2754,2754.jpg,1,swimmer,,"[3989, 2471, 35, 19]",25.787593916455254,16-32,,,,FN
2754,2754.jpg,1,swimmer,,"[3724, 2686, 21, 29]",24.677925358506133,16-32,,,,FN
2754,2754.jpg,1,swimmer,,"[4410, 2884, 20, 18]",18.973665961010276,16-32,,,,FN
2754,2754.jpg,1,swimmer,,"[4497, 2948, 25, 21]",22.9128784747792,16-32,,,,FN
2754,2754.jpg,1,swimmer,,"[4477, 3005, 24, 23]",23.49468024894146,16-32,,,,FN
2754,2754.jpg,1,swimmer,,"[4410, 3016, 26, 20]",22.80350850198276,16-32,,,,FN
2754,2754.jpg,1,swimmer,,"[4156, 3041, 22, 18]",19.8997487421324,16-32,,,,FN
2759,2759.jpg,1,swimmer,,"[4167, 4, 17, 19]",17.97220075561143,16-32,,,,FN
2759,2759.jpg,1,swimmer,,"[4078, 59, 25, 35]",29.58039891549808,16-32,,,,FN
2759,2759.jpg,1,swimmer,,"[3815, 106, 24, 25]",24.49489742783178,16-32,,,,FN
2781,2781.jpg,1,swimmer,,"[1694, 130, 52, 64]",57.688820407423826,32-64,,,,FN
2781,2781.jpg,1,swimmer,,"[2103, 273, 16, 37]",24.331050121192877,16-32,,,,FN
2781,2781.jpg,1,swimmer,,"[2598, 227, 18, 33]",24.372115213907882,16-32,,,,FN
2781,2781.jpg,1,swimmer,,"[2586, 107, 21, 33]",26.324893162176366,16-32,,,,FN
2781,2781.jpg,1,swimmer,,"[2619, 62, 24, 30]",26.832815729997478,16-32,,,,FN
2782,2782.jpg,4,life_saving_appliances,,"[2622, 62, 24, 41]",31.368774282716245,16-32,,,,FN
2782,2782.jpg,1,swimmer,,"[2624, 38, 27, 29]",27.982137159266443,16-32,,,,FN
2782,2782.jpg,1,swimmer,,"[2907, 434, 14, 32]",21.166010488516726,16-32,,,,FN
2782,2782.jpg,1,swimmer,,"[3132, 336, 19, 38]",26.870057685088806,16-32,,,,FN
2782,2782.jpg,1,swimmer,,"[3376, 333, 17, 36]",24.73863375370596,16-32,,,,FN
2782,2782.jpg,1,swimmer,,"[3401, 392, 17, 33]",23.68543856465402,16-32,,,,FN
2782,2782.jpg,1,swimmer,,"[3393, 267, 23, 30]",26.267851073127396,16-32,,,,FN
2782,2782.jpg,1,swimmer,,"[3426, 237, 20, 28]",23.664319132398465,16-32,,,,FN
2782,2782.jpg,1,swimmer,,"[3454, 295, 21, 36]",27.49545416973504,16-32,,,,FN
2885,2885.jpg,1,swimmer,,"[4360, 268, 21, 19]",19.974984355438178,16-32,,,,FN
2885,2885.jpg,1,swimmer,,"[4456, 182, 29, 19]",23.473389188611005,16-32,,,,FN
2885,2885.jpg,4,life_saving_appliances,,"[4665, 324, 18, 19]",18.49324200890693,16-32,,,,FN
2885,2885.jpg,1,swimmer,,"[4935, 312, 21, 25]",22.9128784747792,16-32,,,,FN
2885,2885.jpg,1,swimmer,,"[5074, 239, 28, 26]",26.981475126464083,16-32,,,,FN
2885,2885.jpg,1,swimmer,,"[4935, 151, 22, 18]",19.8997487421324,16-32,,,,FN
2885,2885.jpg,1,swimmer,,"[4838, 123, 20, 21]",20.493901531919196,16-32,,,,FN
2887,2887.jpg,5,buoy,,"[5198, 3516, 54, 49]",51.43928459844674,32-64,,,,FN
2890,2890.jpg,4,life_saving_appliances,,"[337, 2919, 19, 25]",21.79449471770337,16-32,,,,FN
2894,2894.jpg,5,buoy,,"[1325, 8, 62, 57]",59.447455790807396,32-64,,,,FN
2894,2894.jpg,1,swimmer,,"[590, 720, 23, 36]",28.77498913987632,16-32,,,,FN
2894,2894.jpg,4,life_saving_appliances,,"[598, 759, 18, 19]",18.49324200890693,16-32,,,,FN
2898,2898.jpg,5,buoy,,"[1657, 5434, 41, 22]",30.033314835362415,16-32,,,,FN
2931,2931.jpg,2,boat,,"[2403, 2918, 206, 113]",152.5712948100002,>64,,,,FN
2931,2931.jpg,1,swimmer,,"[2635, 2888, 80, 44]",59.329587896765304,32-64,,,,FN
2931,2931.jpg,1,swimmer,,"[2611, 2957, 95, 27]",50.6458290484024,32-64,,,,FN
2931,2931.jpg,1,swimmer,,"[2591, 2925, 90, 37]",57.706152185014034,32-64,,,,FN
2931,2931.jpg,1,swimmer,,"[2124, 2509, 103, 58]",77.2916554357584,>64,,,,FN
2963,2963.jpg,1,swimmer,,"[111, 1419, 41, 38]",39.4715087119811,32-64,,,,FN
2963,2963.jpg,1,swimmer,,"[193, 1573, 83, 87]",84.97646733066749,>64,,,,FN
3001,3001.jpg,1,swimmer,,"[5382, 1550, 32, 37]",34.40930106817051,32-64,,,,FN
3001,3001.jpg,4,life_saving_appliances,,"[4813, 1956, 30, 40]",34.64101615137755,32-64,,,,FN
3001,3001.jpg,1,swimmer,,"[4808, 2074, 37, 39]",37.986839826445156,32-64,,,,FN
3001,3001.jpg,4,life_saving_appliances,,"[4843, 2061, 26, 26]",26.0,16-32,,,,FN
3001,3001.jpg,1,swimmer,,"[4090, 2556, 40, 26]",32.2490309931942,32-64,,,,FN
3001,3001.jpg,1,swimmer,,"[4083, 2585, 43, 34]",38.23610858861032,32-64,,,,FN
3001,3001.jpg,1,swimmer,,"[3982, 2708, 25, 51]",35.70714214271425,32-64,,,,FN
3004,3004.jpg,1,swimmer,,"[2855, 4416, 35, 36]",35.4964786985977,32-64,,,,FN
3004,3004.jpg,1,swimmer,,"[2900, 4420, 35, 40]",37.416573867739416,32-64,,,,FN
3004,3004.jpg,4,life_saving_appliances,,"[3519, 5288, 37, 45]",40.80441152620633,32-64,,,,FN
3010,3010.jpg,2,boat,,"[4776, 1500, 178, 79]",118.5833040524677,>64,,,,FN
3010,3010.jpg,1,swimmer,,"[4125, 2818, 35, 27]",30.740852297878796,16-32,,,,FN
3010,3010.jpg,1,swimmer,,"[3757, 3006, 32, 29]",30.463092423455635,16-32,,,,FN
3011,3011.jpg,1,swimmer,,"[4383, 2098, 44, 50]",46.9041575982343,32-64,,,,FN
3011,3011.jpg,1,swimmer,,"[3697, 3272, 26, 56]",38.157568056677825,32-64,,,,FN
3011,3011.jpg,4,life_saving_appliances,,"[3719, 3276, 41, 35]",37.881393849751625,32-64,,,,FN
3011,3011.jpg,1,swimmer,,"[3133, 3600, 31, 29]",29.9833287011299,16-32,,,,FN
3011,3011.jpg,1,swimmer,,"[3194, 3609, 42, 23]",31.080540535840107,16-32,,,,FN
3012,3012.jpg,1,swimmer,,"[4450, 1678, 37, 35]",35.98610843089316,32-64,,,,FN
3012,3012.jpg,1,swimmer,,"[4091, 1845, 35, 39]",36.945906403822335,32-64,,,,FN
3012,3012.jpg,1,swimmer,,"[3702, 2842, 27, 48]",36.0,32-64,,,,FN
3012,3012.jpg,4,life_saving_appliances,,"[3722, 2838, 39, 36]",37.469987990390386,32-64,,,,FN
3012,3012.jpg,1,swimmer,,"[2369, 3364, 77, 44]",58.20652884342099,32-64,,,,FN
3016,3016.jpg,1,swimmer,,"[3366, 184, 24, 49]",34.292856398964496,32-64,,,,FN
3016,3016.jpg,1,swimmer,,"[2750, 439, 58, 77]",66.82813778641449,>64,,,,FN
3022,3022.jpg,1,swimmer,,"[4734, 889, 24, 34]",28.5657137141714,16-32,,,,FN
3022,3022.jpg,1,swimmer,,"[3716, 1178, 29, 31]",29.9833287011299,16-32,,,,FN
3022,3022.jpg,1,swimmer,,"[3179, 1503, 55, 36]",44.49719092257398,32-64,,,,FN
3022,3022.jpg,4,life_saving_appliances,,"[3167, 1466, 62, 51]",56.231663678038196,32-64,,,,FN
3022,3022.jpg,1,swimmer,,"[2062, 1734, 39, 39]",39.0,32-64,,,,FN
3023,3023.jpg,1,swimmer,,"[3824, 444, 26, 35]",30.166206257996713,16-32,,,,FN
3023,3023.jpg,1,swimmer,,"[3517, 786, 23, 30]",26.267851073127396,16-32,,,,FN
3023,3023.jpg,1,swimmer,,"[3280, 742, 42, 40]",40.98780306383839,32-64,,,,FN
3023,3023.jpg,4,life_saving_appliances,,"[3288, 711, 46, 44]",44.98888751680797,32-64,,,,FN
3023,3023.jpg,1,swimmer,,"[2167, 980, 27, 33]",29.8496231131986,16-32,,,,FN
3023,3023.jpg,1,swimmer,,"[2767, 1629, 36, 38]",36.98648401781386,32-64,,,,FN
3023,3023.jpg,1,swimmer,,"[2774, 1723, 34, 39]",36.41428291206625,32-64,,,,FN
3023,3023.jpg,1,swimmer,,"[2307, 1572, 32, 40]",35.77708763999664,32-64,,,,FN
3025,3025.jpg,1,swimmer,,"[3058, 0, 35, 26]",30.166206257996713,16-32,,,,FN
3060,3060.jpg,2,boat,,"[766, 381, 524, 617]",568.6017938768748,>64,,,,FN
3070,3070.jpg,1,swimmer,,"[308, 2371, 39, 33]",35.874782229304195,32-64,,,,FN
3071,3071.jpg,1,swimmer,,"[53, 1952, 34, 30]",31.937438845342623,16-32,,,,FN
3102,3102.jpg,1,swimmer,,"[3586, 2673, 50, 27]",36.742346141747674,32-64,,,,FN
3102,3102.jpg,1,swimmer,,"[3405, 2675, 27, 16]",20.784609690826528,16-32,,,,FN
3102,3102.jpg,4,life_saving_appliances,,"[3409, 2654, 29, 24]",26.38181191654584,16-32,,,,FN
3102,3102.jpg,1,swimmer,,"[2995, 2637, 29, 73]",46.010868281309364,32-64,,,,FN
3102,3102.jpg,1,swimmer,,"[3082, 2919, 40, 24]",30.983866769659336,16-32,,,,FN
3102,3102.jpg,4,life_saving_appliances,,"[3081, 2890, 25, 29]",26.92582403567252,16-32,,,,FN
3111,3111.jpg,4,life_saving_appliances,,"[3172, 2643, 27, 30]",28.460498941515414,16-32,,,,FN
3111,3111.jpg,1,swimmer,,"[3188, 2650, 16, 29]",21.540659228538015,16-32,,,,FN
3111,3111.jpg,1,swimmer,,"[3528, 3270, 33, 36]",34.46737587922817,32-64,,,,FN
3111,3111.jpg,1,swimmer,,"[3596, 3264, 44, 30]",36.3318042491699,32-64,,,,FN
3138,3138.jpg,5,buoy,,"[730, 5364, 50, 90]",67.08203932499369,>64,,,,FN
3336,3336.jpg,1,swimmer,,"[493, 914, 25, 31]",27.83882181415011,16-32,,,,FN
3336,3336.jpg,3,jetski,,"[1155, 0, 66, 88]",76.2102355330306,>64,,,,FN
3387,3387.jpg,5,buoy,,"[5200, 74, 64, 58]",60.92618484691127,32-64,,,,FN
3467,3467.jpg,1,swimmer,,"[195, 728, 27, 20]",23.2379000772445,16-32,,,,FN
3468,3468.jpg,1,swimmer,,"[396, 741, 17, 13]",14.866068747318506,<16,,,,FN
3469,3469.jpg,1,swimmer,,"[587, 749, 19, 15]",16.881943016134134,16-32,,,,FN
3469,3469.jpg,1,swimmer,,"[1937, 1358, 238, 98]",152.7219696049,>64,,,,FN
3470,3470.jpg,1,swimmer,,"[762, 756, 18, 14]",15.874507866387544,<16,,,,FN
3470,3470.jpg,1,swimmer,,"[2099, 1320, 137, 96]",114.6821694946516,>64,,,,FN
3471,3471.jpg,1,swimmer,,"[879, 771, 19, 15]",16.881943016134134,16-32,,,,FN
3471,3471.jpg,1,swimmer,,"[2121, 1325, 194, 97]",137.17871555019022,>64,,,,FN
3472,3472.jpg,1,swimmer,,"[937, 783, 18, 14]",15.874507866387544,<16,,,,FN
3472,3472.jpg,1,swimmer,,"[2096, 1325, 218, 94]",143.15027069481914,>64,,,,FN
3473,3473.jpg,1,swimmer,,"[958, 791, 19, 15]",16.881943016134134,16-32,,,,FN
3473,3473.jpg,1,swimmer,,"[2147, 1351, 117, 94]",104.8713497576912,>64,,,,FN
3474,3474.jpg,1,swimmer,,"[1010, 790, 20, 16]",17.88854381999832,16-32,,,,FN
3474,3474.jpg,1,swimmer,,"[2098, 1394, 186, 118]",148.14857407346182,>64,,,,FN
3475,3475.jpg,1,swimmer,,"[1082, 771, 19, 15]",16.881943016134134,16-32,,,,FN
3476,3476.jpg,1,swimmer,,"[1161, 764, 20, 16]",17.88854381999832,16-32,,,,FN
3477,3477.jpg,1,swimmer,,"[1241, 757, 20, 15]",17.320508075688775,16-32,,,,FN
3478,3478.jpg,1,swimmer,,"[1321, 738, 18, 14]",15.874507866387544,<16,,,,FN
3479,3479.jpg,1,swimmer,,"[1401, 720, 19, 15]",16.881943016134134,16-32,,,,FN
3480,3480.jpg,1,swimmer,,"[1477, 706, 21, 16]",18.33030277982336,16-32,,,,FN
3481,3481.jpg,1,swimmer,,"[1550, 684, 21, 17]",18.894443627691185,16-32,,,,FN
3482,3482.jpg,1,swimmer,,"[1621, 665, 18, 14]",15.874507866387544,<16,,,,FN
3483,3483.jpg,1,swimmer,,"[1690, 646, 18, 14]",15.874507866387544,<16,,,,FN
3484,3484.jpg,1,swimmer,,"[1758, 632, 20, 16]",17.88854381999832,16-32,,,,FN
3484,3484.jpg,2,boat,,"[19, 442, 73, 28]",45.21061822182926,32-64,,,,FN
3485,3485.jpg,1,swimmer,,"[1825, 618, 20, 17]",18.439088914585774,16-32,,,,FN
3486,3486.jpg,1,swimmer,,"[1892, 605, 17, 15]",15.968719422671311,<16,,,,FN
3487,3487.jpg,1,swimmer,,"[1955, 592, 18, 16]",16.97056274847714,16-32,,,,FN
3487,3487.jpg,2,boat,,"[390, 388, 65, 25]",40.311288741492746,32-64,,,,FN
3488,3488.jpg,1,swimmer,,"[2018, 574, 20, 17]",18.439088914585774,16-32,,,,FN
3489,3489.jpg,1,swimmer,,"[2081, 554, 17, 15]",15.968719422671311,<16,,,,FN
3489,3489.jpg,2,boat,,"[619, 345, 62, 24]",38.57460304397182,32-64,,,,FN
3490,3490.jpg,1,swimmer,,"[2141, 539, 18, 15]",16.431676725154983,16-32,,,,FN
3490,3490.jpg,2,boat,,"[729, 328, 60, 23]",37.14835124201342,32-64,,,,FN
3491,3491.jpg,1,swimmer,,"[2202, 521, 20, 17]",18.439088914585774,16-32,,,,FN
3491,3491.jpg,2,boat,,"[828, 304, 58, 22]",35.7211421989835,32-64,,,,FN
3492,3492.jpg,1,swimmer,,"[2253, 516, 22, 19]",20.445048300260872,16-32,,,,FN
3492,3492.jpg,2,boat,,"[949, 293, 57, 22]",35.41186241925155,32-64,,,,FN
3493,3493.jpg,2,boat,,"[1052, 273, 56, 26]",38.157568056677825,32-64,,,,FN
3494,3494.jpg,2,boat,,"[1150, 249, 55, 25]",37.080992435478315,32-64,,,,FN
3495,3495.jpg,2,boat,,"[1252, 235, 54, 25]",36.742346141747674,32-64,,,,FN
3495,3495.jpg,1,swimmer,,"[366, 1238, 256, 143]",191.33217188962237,>64,,,,FN
3496,3496.jpg,1,swimmer,,"[2465, 459, 21, 15]",17.74823934929885,16-32,,,,FN
3496,3496.jpg,2,boat,,"[1352, 217, 53, 25]",36.40054944640259,32-64,,,,FN
3497,3497.jpg,1,swimmer,,"[2515, 450, 21, 16]",18.33030277982336,16-32,,,,FN
3497,3497.jpg,2,boat,,"[1452, 201, 52, 24]",35.32704346531139,32-64,,,,FN
3498,3498.jpg,1,swimmer,,"[2564, 437, 23, 17]",19.77371993328519,16-32,,,,FN
3498,3498.jpg,2,boat,,"[1549, 185, 49, 24]",34.292856398964496,32-64,,,,FN
3498,3498.jpg,1,swimmer,,"[123, 1133, 331, 152]",224.30336600238527,>64,,,,FN
3499,3499.jpg,1,swimmer,,"[75, 1097, 364, 139]",224.9355463238303,>64,,,,FN
3500,3500.jpg,2,boat,,"[1744, 160, 49, 23]",33.57082066318904,32-64,,,,FN
3500,3500.jpg,1,swimmer,,"[77, 1045, 233, 127]",172.02034763364477,>64,,,,FN
3501,3501.jpg,2,boat,,"[1843, 147, 48, 23]",33.2264954516723,32-64,,,,FN
3501,3501.jpg,1,swimmer,,"[165, 1017, 192, 88]",129.98461447417537,>64,,,,FN
3502,3502.jpg,2,boat,,"[1942, 147, 47, 23]",32.87856444554719,32-64,,,,FN
3502,3502.jpg,1,swimmer,,"[73, 956, 328, 120]",198.39354828219592,>64,,,,FN
3503,3503.jpg,2,boat,,"[2039, 134, 48, 23]",33.2264954516723,32-64,,,,FN
3503,3503.jpg,1,swimmer,,"[117, 908, 212, 108]",151.3142425550219,>64,,,,FN
3504,3504.jpg,2,boat,,"[2136, 131, 48, 23]",33.2264954516723,32-64,,,,FN
3504,3504.jpg,1,swimmer,,"[170, 887, 211, 90]",137.8042089342702,>64,,,,FN
3505,3505.jpg,2,boat,,"[2235, 133, 46, 22]",31.811947441173732,16-32,,,,FN
3505,3505.jpg,1,swimmer,,"[125, 858, 302, 84]",159.27334993651638,>64,,,,FN
3506,3506.jpg,2,boat,,"[2335, 134, 47, 22]",32.155870381627054,32-64,,,,FN
3506,3506.jpg,1,swimmer,,"[184, 822, 190, 84]",126.33289357883005,>64,,,,FN
3507,3507.jpg,2,boat,,"[69, 83, 42, 43]",42.49705872175156,32-64,,,,FN
3507,3507.jpg,1,swimmer,,"[226, 785, 199, 82]",127.74192733789482,>64,,,,FN
3508,3508.jpg,2,boat,,"[2540, 143, 47, 22]",32.155870381627054,32-64,,,,FN
3508,3508.jpg,1,swimmer,,"[282, 769, 227, 77]",132.20816918783802,>64,,,,FN
3509,3509.jpg,1,swimmer,,"[3068, 441, 28, 22]",24.819347291981714,16-32,,,,FN
3509,3509.jpg,2,boat,,"[2644, 159, 49, 23]",33.57082066318904,32-64,,,,FN
3509,3509.jpg,2,boat,,"[340, 106, 41, 42]",41.49698784249286,32-64,,,,FN
3509,3509.jpg,1,swimmer,,"[300, 751, 221, 71]",125.26372180324198,>64,,,,FN
3510,3510.jpg,1,swimmer,,"[3106, 463, 29, 23]",25.826343140289914,16-32,,,,FN
3510,3510.jpg,1,swimmer,,"[390, 732, 146, 65]",97.41663102366043,>64,,,,FN
3511,3511.jpg,1,swimmer,,"[3148, 476, 31, 25]",27.83882181415011,16-32,,,,FN
3511,3511.jpg,2,boat,,"[2852, 199, 45, 23]",32.17141588429082,32-64,,,,FN
3511,3511.jpg,1,swimmer,,"[521, 722, 126, 56]",84.0,>64,,,,FN
3512,3512.jpg,1,swimmer,,"[3187, 497, 34, 22]",27.349588662354687,16-32,,,,FN
3512,3512.jpg,1,swimmer,,"[505, 718, 209, 53]",105.24732775705044,>64,,,,FN
3513,3513.jpg,1,swimmer,,"[3232, 520, 34, 22]",27.349588662354687,16-32,,,,FN
3513,3513.jpg,2,boat,,"[835, 180, 36, 37]",36.49657518178932,32-64,,,,FN
3513,3513.jpg,1,swimmer,,"[612, 711, 128, 54]",83.13843876330611,>64,,,,FN
3514,3514.jpg,2,boat,,"[950, 209, 34, 38]",35.94440151122286,32-64,,,,FN
3514,3514.jpg,1,swimmer,,"[731, 729, 118, 44]",72.05553413860729,>64,,,,FN
3515,3515.jpg,1,swimmer,,"[3307, 581, 34, 23]",27.964262908219126,16-32,,,,FN
3515,3515.jpg,2,boat,,"[3277, 306, 46, 23]",32.526911934581186,32-64,,,,FN
3515,3515.jpg,1,swimmer,,"[765, 737, 166, 45]",86.4291617453276,>64,,,,FN
3516,3516.jpg,1,swimmer,,"[3374, 586, 34, 23]",27.964262908219126,16-32,,,,FN
3516,3516.jpg,2,boat,,"[3383, 304, 47, 24]",33.58571124749333,32-64,,,,FN
3516,3516.jpg,1,swimmer,,"[913, 727, 47, 47]",47.0,32-64,,,,FN
3517,3517.jpg,1,swimmer,,"[3414, 597, 35, 24]",28.982753492378876,16-32,,,,FN
3517,3517.jpg,1,swimmer,,"[959, 741, 102, 40]",63.874877690685246,32-64,,,,FN
3518,3518.jpg,1,swimmer,,"[3443, 598, 32, 21]",25.92296279363144,16-32,,,,FN
3518,3518.jpg,1,swimmer,,"[899, 754, 169, 48]",90.06664199358161,>64,,,,FN
3519,3519.jpg,1,swimmer,,"[3359, 590, 33, 22]",26.94438717061496,16-32,,,,FN
3519,3519.jpg,2,boat,,"[1062, 236, 34, 38]",35.94440151122286,32-64,,,,FN
3519,3519.jpg,1,swimmer,,"[808, 769, 124, 56]",83.33066662399864,>64,,,,FN
3520,3520.jpg,1,swimmer,,"[3212, 544, 36, 24]",29.393876913398138,16-32,,,,FN
3520,3520.jpg,2,boat,,"[3180, 234, 47, 24]",33.58571124749333,32-64,,,,FN
3520,3520.jpg,1,swimmer,,"[652, 769, 139, 55]",87.43569065318808,>64,,,,FN
3521,3521.jpg,1,swimmer,,"[3060, 500, 34, 22]",27.349588662354687,16-32,,,,FN
3521,3521.jpg,2,boat,,"[3012, 184, 46, 23]",32.526911934581186,32-64,,,,FN
3521,3521.jpg,2,boat,,"[694, 149, 36, 40]",37.94733192202055,32-64,,,,FN
3521,3521.jpg,1,swimmer,,"[471, 763, 117, 57]",81.6639455328972,>64,,,,FN
3522,3522.jpg,1,swimmer,,"[2908, 446, 34, 22]",27.349588662354687,16-32,,,,FN
3522,3522.jpg,2,boat,,"[2847, 124, 45, 23]",32.17141588429082,32-64,,,,FN
3522,3522.jpg,2,boat,,"[490, 94, 37, 41]",38.948684188300895,32-64,,,,FN
3522,3522.jpg,1,swimmer,,"[279, 755, 64, 55]",59.329587896765304,32-64,,,,FN
3523,3523.jpg,1,swimmer,,"[2761, 394, 34, 23]",27.964262908219126,16-32,,,,FN
3523,3523.jpg,2,boat,,"[2686, 56, 44, 23]",31.811947441173732,16-32,,,,FN
3523,3523.jpg,2,boat,,"[273, 51, 42, 27]",33.67491648096547,32-64,,,,FN
3523,3523.jpg,1,swimmer,,"[68, 745, 142, 56]",89.17398723843182,>64,,,,FN
3716,3716.jpg,1,swimmer,,"[2524, 347, 24, 16]",19.595917942265423,16-32,,,,FN
3717,3717.jpg,1,swimmer,,"[2570, 345, 25, 17]",20.615528128088304,16-32,,,,FN
3718,3718.jpg,1,swimmer,,"[2609, 342, 26, 17]",21.02379604162864,16-32,,,,FN
3719,3719.jpg,1,swimmer,,"[2645, 340, 25, 17]",20.615528128088304,16-32,,,,FN
3722,3722.jpg,1,swimmer,,"[2746, 330, 23, 16]",19.183326093250876,16-32,,,,FN
4013,4013.jpg,5,buoy,,"[2103, 1184, 17, 21]",18.894443627691185,16-32,,,,FN
4013,4013.jpg,5,buoy,,"[2911, 1119, 12, 17]",14.2828568570857,<16,,,,FN
4014,4014.jpg,5,buoy,,"[2103, 1184, 17, 19]",17.97220075561143,16-32,,,,FN
4014,4014.jpg,5,buoy,,"[2912, 1121, 12, 17]",14.2828568570857,<16,,,,FN
4015,4015.jpg,5,buoy,,"[2102, 1184, 16, 20]",17.88854381999832,16-32,,,,FN
4015,4015.jpg,5,buoy,,"[2912, 1121, 11, 16]",13.2664991614216,<16,,,,FN
4016,4016.jpg,5,buoy,,"[2102, 1184, 16, 20]",17.88854381999832,16-32,,,,FN
4016,4016.jpg,5,buoy,,"[2911, 1119, 12, 17]",14.2828568570857,<16,,,,FN
4017,4017.jpg,5,buoy,,"[2101, 1184, 18, 20]",18.973665961010276,16-32,,,,FN
4018,4018.jpg,5,buoy,,"[2101, 1184, 17, 20]",18.439088914585774,16-32,,,,FN
4018,4018.jpg,5,buoy,,"[2912, 1119, 11, 17]",13.674794331177344,<16,,,,FN
4019,4019.jpg,5,buoy,,"[2101, 1184, 17, 20]",18.439088914585774,16-32,,,,FN
4019,4019.jpg,5,buoy,,"[2912, 1123, 11, 14]",12.409673645990857,<16,,,,FN
4020,4020.jpg,5,buoy,,"[2101, 1183, 17, 21]",18.894443627691185,16-32,,,,FN
4020,4020.jpg,5,buoy,,"[2913, 1124, 10, 13]",11.40175425099138,<16,,,,FN
4021,4021.jpg,5,buoy,,"[2100, 1183, 17, 21]",18.894443627691185,16-32,,,,FN
4021,4021.jpg,5,buoy,,"[2913, 1122, 11, 15]",12.84523257866513,<16,,,,FN
4022,4022.jpg,5,buoy,,"[2101, 1184, 17, 20]",18.439088914585774,16-32,,,,FN
4022,4022.jpg,5,buoy,,"[2914, 1120, 12, 17]",14.2828568570857,<16,,,,FN
4023,4023.jpg,5,buoy,,"[2102, 1186, 17, 20]",18.439088914585774,16-32,,,,FN
4024,4024.jpg,5,buoy,,"[2103, 1187, 17, 20]",18.439088914585774,16-32,,,,FN
4025,4025.jpg,5,buoy,,"[2104, 1186, 16, 21]",18.33030277982336,16-32,,,,FN
4025,4025.jpg,5,buoy,,"[2914, 1121, 12, 16]",13.856406460551018,<16,,,,FN
4026,4026.jpg,5,buoy,,"[2105, 1186, 17, 20]",18.439088914585774,16-32,,,,FN
4026,4026.jpg,5,buoy,,"[2914, 1120, 12, 16]",13.856406460551018,<16,,,,FN
4027,4027.jpg,5,buoy,,"[2107, 1187, 16, 20]",17.88854381999832,16-32,,,,FN
4027,4027.jpg,5,buoy,,"[2914, 1120, 12, 16]",13.856406460551018,<16,,,,FN
4028,4028.jpg,5,buoy,,"[2106, 1186, 16, 21]",18.33030277982336,16-32,,,,FN
4028,4028.jpg,5,buoy,,"[2915, 1122, 12, 15]",13.416407864998739,<16,,,,FN
4029,4029.jpg,5,buoy,,"[2104, 1183, 17, 20]",18.439088914585774,16-32,,,,FN
4029,4029.jpg,5,buoy,,"[2915, 1124, 11, 15]",12.84523257866513,<16,,,,FN
4030,4030.jpg,5,buoy,,"[2101, 1183, 16, 21]",18.33030277982336,16-32,,,,FN
4030,4030.jpg,5,buoy,,"[2914, 1122, 11, 16]",13.2664991614216,<16,,,,FN
4031,4031.jpg,5,buoy,,"[2100, 1185, 17, 20]",18.439088914585774,16-32,,,,FN
4031,4031.jpg,5,buoy,,"[2914, 1120, 12, 17]",14.2828568570857,<16,,,,FN
4032,4032.jpg,5,buoy,,"[2100, 1188, 18, 19]",18.49324200890693,16-32,,,,FN
4032,4032.jpg,5,buoy,,"[2914, 1122, 11, 17]",13.674794331177344,<16,,,,FN
4033,4033.jpg,5,buoy,,"[2100, 1189, 17, 20]",18.439088914585774,16-32,,,,FN
4033,4033.jpg,5,buoy,,"[2914, 1126, 11, 15]",12.84523257866513,<16,,,,FN
4034,4034.jpg,5,buoy,,"[2101, 1188, 17, 21]",18.894443627691185,16-32,,,,FN
4034,4034.jpg,5,buoy,,"[2915, 1126, 11, 15]",12.84523257866513,<16,,,,FN
4035,4035.jpg,5,buoy,,"[2100, 1188, 17, 21]",18.894443627691185,16-32,,,,FN
4035,4035.jpg,5,buoy,,"[2915, 1126, 12, 17]",14.2828568570857,<16,,,,FN
4036,4036.jpg,5,buoy,,"[2100, 1190, 17, 21]",18.894443627691185,16-32,,,,FN
4036,4036.jpg,5,buoy,,"[2917, 1125, 12, 17]",14.2828568570857,<16,,,,FN
4037,4037.jpg,5,buoy,,"[2101, 1189, 17, 21]",18.894443627691185,16-32,,,,FN
4037,4037.jpg,5,buoy,,"[2918, 1125, 12, 17]",14.2828568570857,<16,,,,FN
4038,4038.jpg,5,buoy,,"[2101, 1190, 16, 21]",18.33030277982336,16-32,,,,FN
4038,4038.jpg,5,buoy,,"[2917, 1126, 12, 16]",13.856406460551018,<16,,,,FN
4039,4039.jpg,5,buoy,,"[2101, 1190, 17, 20]",18.439088914585774,16-32,,,,FN
4039,4039.jpg,5,buoy,,"[2918, 1126, 13, 15]",13.96424004376894,<16,,,,FN
4040,4040.jpg,5,buoy,,"[2100, 1188, 17, 21]",18.894443627691185,16-32,,,,FN
4040,4040.jpg,5,buoy,,"[2916, 1124, 12, 16]",13.856406460551018,<16,,,,FN
4041,4041.jpg,5,buoy,,"[2099, 1187, 17, 21]",18.894443627691185,16-32,,,,FN
4041,4041.jpg,5,buoy,,"[2916, 1124, 12, 16]",13.856406460551018,<16,,,,FN
4042,4042.jpg,5,buoy,,"[2098, 1187, 17, 20]",18.439088914585774,16-32,,,,FN
4042,4042.jpg,5,buoy,,"[2916, 1126, 12, 14]",12.96148139681572,<16,,,,FN
4043,4043.jpg,5,buoy,,"[2097, 1187, 17, 21]",18.894443627691185,16-32,,,,FN
4043,4043.jpg,5,buoy,,"[2916, 1126, 11, 14]",12.409673645990857,<16,,,,FN
4044,4044.jpg,5,buoy,,"[2097, 1188, 16, 20]",17.88854381999832,16-32,,,,FN
4044,4044.jpg,5,buoy,,"[2916, 1126, 11, 15]",12.84523257866513,<16,,,,FN
4045,4045.jpg,5,buoy,,"[2096, 1189, 17, 21]",18.894443627691185,16-32,,,,FN
4045,4045.jpg,5,buoy,,"[2917, 1126, 11, 15]",12.84523257866513,<16,,,,FN
4046,4046.jpg,5,buoy,,"[2096, 1191, 17, 22]",19.339079605813716,16-32,,,,FN
4046,4046.jpg,5,buoy,,"[2918, 1126, 11, 15]",12.84523257866513,<16,,,,FN
4047,4047.jpg,5,buoy,,"[2098, 1191, 18, 22]",19.8997487421324,16-32,,,,FN
4047,4047.jpg,5,buoy,,"[2917, 1126, 11, 15]",12.84523257866513,<16,,,,FN
4048,4048.jpg,5,buoy,,"[2100, 1190, 17, 22]",19.339079605813716,16-32,,,,FN
4048,4048.jpg,5,buoy,,"[2919, 1124, 12, 15]",13.416407864998739,<16,,,,FN
4049,4049.jpg,5,buoy,,"[2100, 1188, 18, 22]",19.8997487421324,16-32,,,,FN
4049,4049.jpg,5,buoy,,"[2918, 1124, 12, 15]",13.416407864998739,<16,,,,FN
4050,4050.jpg,5,buoy,,"[2100, 1188, 18, 20]",18.973665961010276,16-32,,,,FN
4050,4050.jpg,5,buoy,,"[2919, 1124, 12, 15]",13.416407864998739,<16,,,,FN
4051,4051.jpg,5,buoy,,"[2100, 1185, 17, 22]",19.339079605813716,16-32,,,,FN
4051,4051.jpg,5,buoy,,"[2919, 1126, 12, 14]",12.96148139681572,<16,,,,FN
4052,4052.jpg,5,buoy,,"[2098, 1185, 17, 20]",18.439088914585774,16-32,,,,FN
4052,4052.jpg,5,buoy,,"[2920, 1124, 12, 14]",12.96148139681572,<16,,,,FN
4053,4053.jpg,5,buoy,,"[2098, 1187, 16, 20]",17.88854381999832,16-32,,,,FN
4053,4053.jpg,5,buoy,,"[2920, 1123, 12, 15]",13.416407864998739,<16,,,,FN
4054,4054.jpg,5,buoy,,"[2098, 1184, 15, 22]",18.16590212458495,16-32,,,,FN
4054,4054.jpg,5,buoy,,"[2921, 1122, 12, 15]",13.416407864998739,<16,,,,FN
4237,4237.jpg,1,swimmer,,"[237, 845, 14, 12]",12.96148139681572,<16,,,,FN
4239,4239.jpg,1,swimmer,,"[413, 899, 17, 13]",14.866068747318506,<16,,,,FN
4240,4240.jpg,1,swimmer,,"[419, 897, 16, 12]",13.856406460551018,<16,,,,FN
4241,4241.jpg,1,swimmer,,"[423, 895, 17, 14]",15.427248620541512,<16,,,,FN
4241,4241.jpg,1,swimmer,,"[248, 834, 15, 16]",15.491933384829668,<16,,,,FN
4242,4242.jpg,1,swimmer,,"[424, 893, 18, 15]",16.431676725154983,16-32,,,,FN
4242,4242.jpg,1,swimmer,,"[251, 833, 15, 16]",15.491933384829668,<16,,,,FN
4243,4243.jpg,1,swimmer,,"[427, 892, 19, 16]",17.435595774162696,16-32,,,,FN
4436,4436.jpg,1,swimmer,,"[2745, 683, 17, 14]",15.427248620541512,<16,,,,FN
4436,4436.jpg,1,swimmer,,"[2896, 689, 14, 12]",12.96148139681572,<16,,,,FN
4436,4436.jpg,1,swimmer,,"[2716, 668, 14, 12]",12.96148139681572,<16,,,,FN
4436,4436.jpg,1,swimmer,,"[2960, 683, 12, 12]",12.0,<16,,,,FN
4436,4436.jpg,1,swimmer,,"[2976, 726, 13, 12]",12.489995996796797,<16,,,,FN
4436,4436.jpg,1,swimmer,,"[3141, 715, 18, 17]",17.4928556845359,16-32,,,,FN
4436,4436.jpg,1,swimmer,,"[3122, 791, 18, 13]",15.297058540778355,<16,,,,FN
4436,4436.jpg,1,swimmer,,"[2688, 718, 16, 14]",14.966629547095765,<16,,,,FN
4437,4437.jpg,1,swimmer,,"[2782, 685, 16, 13]",14.422205101855956,<16,,,,FN
4437,4437.jpg,1,swimmer,,"[2829, 713, 14, 11]",12.409673645990857,<16,,,,FN
4437,4437.jpg,1,swimmer,,"[2932, 692, 15, 12]",13.416407864998739,<16,,,,FN
4437,4437.jpg,1,swimmer,,"[2753, 669, 15, 13]",13.96424004376894,<16,,,,FN
4437,4437.jpg,1,swimmer,,"[3116, 773, 17, 14]",15.427248620541512,<16,,,,FN
4437,4437.jpg,1,swimmer,,"[2997, 685, 14, 14]",14.0,<16,,,,FN
4437,4437.jpg,1,swimmer,,"[3018, 729, 16, 11]",13.2664991614216,<16,,,,FN
4437,4437.jpg,1,swimmer,,"[3180, 717, 17, 16]",16.492422502470642,16-32,,,,FN
4437,4437.jpg,1,swimmer,,"[3159, 796, 16, 12]",13.856406460551018,<16,,,,FN
4437,4437.jpg,1,swimmer,,"[2724, 722, 15, 14]",14.491376746189438,<16,,,,FN
4438,4438.jpg,1,swimmer,,"[2819, 687, 16, 13]",14.422205101855956,<16,,,,FN
4438,4438.jpg,1,swimmer,,"[2865, 714, 13, 10]",11.40175425099138,<16,,,,FN
4438,4438.jpg,1,swimmer,,"[2970, 695, 14, 12]",12.96148139681572,<16,,,,FN
4438,4438.jpg,1,swimmer,,"[3014, 773, 23, 17]",19.77371993328519,16-32,,,,FN
4438,4438.jpg,1,swimmer,,"[2791, 671, 14, 12]",12.96148139681572,<16,,,,FN
4438,4438.jpg,1,swimmer,,"[3150, 777, 16, 13]",14.422205101855956,<16,,,,FN
4438,4438.jpg,1,swimmer,,"[3033, 688, 12, 12]",12.0,<16,,,,FN
4438,4438.jpg,1,swimmer,,"[3052, 731, 17, 12]",14.2828568570857,<16,,,,FN
4438,4438.jpg,1,swimmer,,"[2757, 723, 15, 13]",13.96424004376894,<16,,,,FN
4439,4439.jpg,1,swimmer,,"[2857, 693, 17, 14]",15.427248620541512,<16,,,,FN
4439,4439.jpg,1,swimmer,,"[2900, 720, 15, 11]",12.84523257866513,<16,,,,FN
4439,4439.jpg,1,swimmer,,"[3012, 700, 13, 11]",11.958260743101398,<16,,,,FN
4439,4439.jpg,1,swimmer,,"[3051, 782, 20, 16]",17.88854381999832,16-32,,,,FN
4439,4439.jpg,1,swimmer,,"[2830, 677, 15, 13]",13.96424004376894,<16,,,,FN
4439,4439.jpg,1,swimmer,,"[3186, 785, 14, 12]",12.96148139681572,<16,,,,FN
4439,4439.jpg,1,swimmer,,"[3071, 695, 15, 13]",13.96424004376894,<16,,,,FN
4439,4439.jpg,1,swimmer,,"[3092, 740, 17, 12]",14.2828568570857,<16,,,,FN
4439,4439.jpg,1,swimmer,,"[3257, 727, 23, 21]",21.97726097583591,16-32,,,,FN
4439,4439.jpg,1,swimmer,,"[2790, 730, 14, 12]",12.96148139681572,<16,,,,FN
4440,4440.jpg,1,swimmer,,"[2897, 695, 16, 13]",14.422205101855956,<16,,,,FN
4440,4440.jpg,1,swimmer,,"[2938, 723, 14, 11]",12.409673645990857,<16,,,,FN
4440,4440.jpg,1,swimmer,,"[3050, 700, 15, 13]",13.96424004376894,<16,,,,FN
4440,4440.jpg,1,swimmer,,"[3086, 784, 22, 17]",19.339079605813716,16-32,,,,FN
4440,4440.jpg,1,swimmer,,"[2870, 678, 13, 11]",11.958260743101398,<16,,,,FN
4440,4440.jpg,1,swimmer,,"[3220, 789, 16, 13]",14.422205101855956,<16,,,,FN
4440,4440.jpg,1,swimmer,,"[3110, 696, 16, 14]",14.966629547095765,<16,,,,FN
4440,4440.jpg,1,swimmer,,"[3132, 742, 18, 13]",15.297058540778355,<16,,,,FN
4440,4440.jpg,1,swimmer,,"[3300, 729, 20, 15]",17.320508075688775,16-32,,,,FN
4440,4440.jpg,1,swimmer,,"[3269, 814, 15, 11]",12.84523257866513,<16,,,,FN
4440,4440.jpg,1,swimmer,,"[2826, 730, 16, 15]",15.491933384829668,<16,,,,FN
4441,4441.jpg,1,swimmer,,"[2938, 700, 15, 12]",13.416407864998739,<16,,,,FN
4441,4441.jpg,1,swimmer,,"[2978, 727, 15, 11]",12.84523257866513,<16,,,,FN
4441,4441.jpg,1,swimmer,,"[2909, 683, 15, 13]",13.96424004376894,<16,,,,FN
4441,4441.jpg,1,swimmer,,"[3255, 796, 16, 13]",14.422205101855956,<16,,,,FN
4441,4441.jpg,1,swimmer,,"[3150, 701, 16, 14]",14.966629547095765,<16,,,,FN
4441,4441.jpg,1,swimmer,,"[3173, 749, 17, 12]",14.2828568570857,<16,,,,FN
4441,4441.jpg,1,swimmer,,"[3343, 735, 19, 14]",16.30950643030009,16-32,,,,FN
4441,4441.jpg,1,swimmer,,"[3305, 820, 19, 14]",16.30950643030009,16-32,,,,FN
4441,4441.jpg,1,swimmer,,"[2860, 735, 16, 15]",15.491933384829668,<16,,,,FN
4442,4442.jpg,1,swimmer,,"[2980, 704, 15, 13]",13.96424004376894,<16,,,,FN
4442,4442.jpg,1,swimmer,,"[3019, 731, 13, 10]",11.40175425099138,<16,,,,FN
4442,4442.jpg,1,swimmer,,"[3158, 795, 22, 16]",18.76166303929372,16-32,,,,FN
4442,4442.jpg,1,swimmer,,"[2953, 687, 14, 12]",12.96148139681572,<16,,,,FN
4442,4442.jpg,1,swimmer,,"[3293, 800, 18, 15]",16.431676725154983,16-32,,,,FN
4442,4442.jpg,1,swimmer,,"[3214, 755, 18, 13]",15.297058540778355,<16,,,,FN
4442,4442.jpg,1,swimmer,,"[3346, 826, 17, 13]",14.866068747318506,<16,,,,FN
4442,4442.jpg,1,swimmer,,"[2896, 738, 14, 14]",14.0,<16,,,,FN
4897,4897.jpg,5,buoy,,"[2101, 782, 76, 105]",89.33084573650918,>64,,,,FN
4897,4897.jpg,1,swimmer,,"[2383, 1174, 33, 30]",31.464265445104548,16-32,,,,FN
4901,4901.jpg,1,swimmer,,"[2446, 1076, 77, 34]",51.16639522186413,32-64,,,,FN
4902,4902.jpg,1,swimmer,,"[2350, 1057, 79, 46]",60.28266749240614,32-64,,,,FN
4903,4903.jpg,1,swimmer,,"[2240, 1058, 75, 45]",58.09475019311125,32-64,,,,FN
4903,4903.jpg,1,swimmer,,"[2214, 1199, 31, 20]",24.899799195977465,16-32,,,,FN
4907,4907.jpg,1,swimmer,,"[1666, 1069, 46, 25]",33.91164991562634,32-64,,,,FN
4907,4907.jpg,1,swimmer,,"[1568, 1187, 27, 27]",27.0,16-32,,,,FN
4908,4908.jpg,1,swimmer,,"[1435, 1202, 26, 26]",26.0,16-32,,,,FN
4909,4909.jpg,1,swimmer,,"[1606, 1074, 51, 29]",38.45776904605882,32-64,,,,FN
4909,4909.jpg,1,swimmer,,"[1494, 1201, 27, 26]",26.49528259898354,16-32,,,,FN
4910,4910.jpg,1,swimmer,,"[1707, 1054, 89, 43]",61.862751312886175,32-64,,,,FN
4914,4914.jpg,1,swimmer,,"[2116, 1076, 83, 45]",61.11464636239009,32-64,,,,FN
4918,4918.jpg,1,swimmer,,"[2094, 1171, 28, 20]",23.664319132398465,16-32,,,,FN
4919,4919.jpg,1,swimmer,,"[2100, 1163, 29, 22]",25.25866188063018,16-32,,,,FN
4920,4920.jpg,1,swimmer,,"[2094, 1159, 30, 21]",25.099800796022265,16-32,,,,FN
4921,4921.jpg,1,swimmer,,"[2090, 1164, 30, 23]",26.267851073127396,16-32,,,,FN
4923,4923.jpg,1,swimmer,,"[2131, 1193, 30, 20]",24.49489742783178,16-32,,,,FN
4924,4924.jpg,1,swimmer,,"[2371, 1100, 73, 45]",57.3149195236284,32-64,,,,FN
4924,4924.jpg,1,swimmer,,"[2218, 1201, 31, 25]",27.83882181415011,16-32,,,,FN
4924,4924.jpg,3,jetski,,"[2899, 25, 57, 47]",51.75905717843013,32-64,,,,FN
5256,5256.jpg,1,swimmer,,"[2074, 552, 20, 42]",28.982753492378876,16-32,,,,FN
5257,5257.jpg,1,swimmer,,"[2083, 685, 21, 35]",27.110883423451916,16-32,,,,FN
5258,5258.jpg,1,swimmer,,"[2032, 806, 53, 47]",49.90991885387112,32-64,,,,FN
5258,5258.jpg,1,swimmer,,"[2093, 825, 21, 33]",26.324893162176366,16-32,,,,FN
5308,5308.jpg,1,swimmer,,"[1891, 1156, 23, 33]",27.54995462791182,16-32,,,,FN
5309,5309.jpg,1,swimmer,,"[1895, 1167, 21, 29]",24.677925358506133,16-32,,,,FN
5314,5314.jpg,1,swimmer,,"[1896, 1169, 19, 26]",22.22611077089287,16-32,,,,FN
5543,5543.jpg,1,swimmer,,"[2063, 619, 68, 30]",45.16635916254486,32-64,,,,FN
5543,5543.jpg,1,swimmer,,"[2010, 1006, 62, 65]",63.48228099241551,32-64,,,,FN
5543,5543.jpg,1,swimmer,,"[1734, 674, 91, 26]",48.641546028061235,32-64,,,,FN
5543,5543.jpg,1,swimmer,,"[1595, 745, 56, 39]",46.73328578219169,32-64,,,,FN
5543,5543.jpg,1,swimmer,,"[1404, 662, 70, 39]",52.24940191045253,32-64,,,,FN
5543,5543.jpg,1,swimmer,,"[3160, 522, 47, 49]",47.989582202807306,32-64,,,,FN
5544,5544.jpg,1,swimmer,,"[1731, 721, 50, 44]",46.9041575982343,32-64,,,,FN
5545,5545.jpg,1,swimmer,,"[1910, 695, 50, 45]",47.43416490252569,32-64,,,,FN
5552,5552.jpg,1,swimmer,,"[1897, 609, 84, 40]",57.96550698475775,32-64,,,,FN
5558,5558.jpg,1,swimmer,,"[1919, 599, 72, 54]",62.353829072479584,32-64,,,,FN
5560,5560.jpg,1,swimmer,,"[3387, 339, 73, 39]",53.3572862878164,32-64,,,,FN
5563,5563.jpg,1,swimmer,,"[3352, 338, 67, 31]",45.574115460423364,32-64,,,,FN
5567,5567.jpg,1,swimmer,,"[3308, 347, 77, 27]",45.59605246071199,32-64,,,,FN
5577,5577.jpg,1,swimmer,,"[2183, 493, 69, 35]",49.14264950122246,32-64,,,,FN
5577,5577.jpg,1,swimmer,,"[2016, 914, 99, 32]",56.28498911788115,32-64,,,,FN
5577,5577.jpg,1,swimmer,,"[1852, 580, 76, 37]",53.028294334251406,32-64,,,,FN
5577,5577.jpg,1,swimmer,,"[1688, 691, 78, 42]",57.23635208501674,32-64,,,,FN
5577,5577.jpg,1,swimmer,,"[1501, 643, 65, 46]",54.680892457969264,32-64,,,,FN
5577,5577.jpg,1,swimmer,,"[2742, 321, 45, 28]",35.4964786985977,32-64,,,,FN
6039,6039.jpg,1,swimmer,,"[2163, 1525, 32, 22]",26.5329983228432,16-32,,,,FN
6039,6039.jpg,5,buoy,,"[2098, 191, 14, 27]",19.44222209522358,16-32,,,,FN
6040,6040.jpg,5,buoy,,"[1968, 38, 15, 22]",18.16590212458495,16-32,,,,FN
6040,6040.jpg,5,buoy,,"[2097, 194, 13, 26]",18.384776310850235,16-32,,,,FN
6041,6041.jpg,5,buoy,,"[1968, 38, 16, 22]",18.76166303929372,16-32,,,,FN
6041,6041.jpg,5,buoy,,"[2096, 194, 14, 26]",19.078784028338912,16-32,,,,FN
6042,6042.jpg,1,swimmer,,"[2121, 1504, 40, 28]",33.46640106136302,32-64,,,,FN
6042,6042.jpg,5,buoy,,"[1965, 38, 14, 22]",17.549928774784245,16-32,,,,FN
6042,6042.jpg,5,buoy,,"[2095, 192, 13, 27]",18.734993995195193,16-32,,,,FN
6043,6043.jpg,5,buoy,,"[1962, 37, 15, 22]",18.16590212458495,16-32,,,,FN
6044,6044.jpg,1,swimmer,,"[2113, 1504, 34, 25]",29.154759474226502,16-32,,,,FN
6044,6044.jpg,5,buoy,,"[1961, 38, 14, 22]",17.549928774784245,16-32,,,,FN
6045,6045.jpg,1,swimmer,,"[2112, 1512, 33, 25]",28.722813232690143,16-32,,,,FN
6045,6045.jpg,1,swimmer,,"[2139, 1540, 38, 21]",28.24889378365107,16-32,,,,FN
6045,6045.jpg,5,buoy,,"[1961, 35, 15, 23]",18.57417562100671,16-32,,,,FN
6046,6046.jpg,1,swimmer,,"[2111, 1513, 31, 24]",27.27636339397171,16-32,,,,FN
6046,6046.jpg,1,swimmer,,"[1913, 1533, 27, 41]",33.27160951922825,32-64,,,,FN
6046,6046.jpg,1,swimmer,,"[2136, 1546, 37, 23]",29.171904291629644,16-32,,,,FN
6046,6046.jpg,5,buoy,,"[1960, 35, 15, 24]",18.973665961010276,16-32,,,,FN
6047,6047.jpg,1,swimmer,,"[2111, 1508, 32, 26]",28.844410203711913,16-32,,,,FN
6047,6047.jpg,1,swimmer,,"[2133, 1544, 37, 22]",28.53068523537421,16-32,,,,FN
6047,6047.jpg,5,buoy,,"[1961, 36, 15, 22]",18.16590212458495,16-32,,,,FN
6048,6048.jpg,1,swimmer,,"[2134, 1541, 39, 22]",29.29163703175362,16-32,,,,FN
6048,6048.jpg,5,buoy,,"[1962, 34, 15, 22]",18.16590212458495,16-32,,,,FN
6049,6049.jpg,1,swimmer,,"[2120, 1505, 31, 40]",35.21363372331802,32-64,,,,FN
6049,6049.jpg,1,swimmer,,"[2140, 1543, 42, 23]",31.080540535840107,16-32,,,,FN
6049,6049.jpg,5,buoy,,"[2103, 188, 14, 28]",19.79898987322333,16-32,,,,FN
6050,6050.jpg,5,buoy,,"[1972, 36, 15, 22]",18.16590212458495,16-32,,,,FN
6050,6050.jpg,5,buoy,,"[2103, 188, 14, 26]",19.078784028338912,16-32,,,,FN
6051,6051.jpg,5,buoy,,"[2107, 187, 14, 26]",19.078784028338912,16-32,,,,FN
6052,6052.jpg,1,swimmer,,"[2131, 1509, 29, 32]",30.463092423455635,16-32,,,,FN
6052,6052.jpg,1,swimmer,,"[2157, 1533, 34, 24]",28.5657137141714,16-32,,,,FN
6052,6052.jpg,5,buoy,,"[2111, 186, 13, 27]",18.734993995195193,16-32,,,,FN
6053,6053.jpg,1,swimmer,,"[2161, 1540, 33, 22]",26.94438717061496,16-32,,,,FN
6053,6053.jpg,5,buoy,,"[2111, 185, 14, 26]",19.078784028338912,16-32,,,,FN
6055,6055.jpg,1,swimmer,,"[2109, 1503, 29, 35]",31.85906464414798,16-32,,,,FN
6055,6055.jpg,1,swimmer,,"[1908, 1545, 26, 34]",29.732137494637012,16-32,,,,FN
6055,6055.jpg,1,swimmer,,"[2133, 1532, 35, 25]",29.58039891549808,16-32,,,,FN
6055,6055.jpg,5,buoy,,"[1956, 33, 17, 21]",18.894443627691185,16-32,,,,FN
6056,6056.jpg,1,swimmer,,"[2102, 1510, 33, 31]",31.984371183438952,16-32,,,,FN
6056,6056.jpg,1,swimmer,,"[2129, 1535, 33, 23]",27.54995462791182,16-32,,,,FN
6057,6057.jpg,1,swimmer,,"[2151, 1544, 30, 23]",26.267851073127396,16-32,,,,FN
6058,6058.jpg,5,buoy,,"[1914, 27, 16, 21]",18.33030277982336,16-32,,,,FN
6058,6058.jpg,5,buoy,,"[2052, 180, 16, 23]",19.183326093250876,16-32,,,,FN
6059,6059.jpg,1,swimmer,,"[2179, 1552, 37, 21]",27.874719729532707,16-32,,,,FN
6069,6069.jpg,1,swimmer,,"[2214, 1573, 43, 21]",30.04995840263344,16-32,,,,FN
6072,6072.jpg,5,buoy,,"[1098, 1338, 60, 84]",70.9929573971954,>64,,,,FN
6072,6072.jpg,3,jetski,,"[0, 721, 78, 33]",50.73460357586329,32-64,,,,FN
6072,6072.jpg,2,boat,,"[5, 550, 112, 131]",121.12803143781376,>64,,,,FN
6072,6072.jpg,1,swimmer,,"[1627, 1509, 30, 45]",36.742346141747674,32-64,,,,FN
6072,6072.jpg,1,swimmer,,"[1787, 1473, 27, 37]",31.606961258558215,16-32,,,,FN
6072,6072.jpg,1,swimmer,,"[1591, 1562, 40, 40]",40.0,32-64,,,,FN
6072,6072.jpg,1,swimmer,,"[1823, 1537, 77, 38]",54.092513345194085,32-64,,,,FN
6072,6072.jpg,5,buoy,,"[1439, 19, 16, 25]",20.0,16-32,,,,FN
6072,6072.jpg,5,buoy,,"[1596, 172, 17, 26]",21.02379604162864,16-32,,,,FN
6073,6073.jpg,5,buoy,,"[1095, 19, 15, 23]",18.57417562100671,16-32,,,,FN
6076,6076.jpg,5,buoy,,"[1147, 21, 14, 21]",17.146428199482248,16-32,,,,FN
6077,6077.jpg,1,swimmer,,"[1923, 1436, 34, 33]",33.49626844888845,32-64,,,,FN
6077,6077.jpg,5,buoy,,"[1172, 30, 15, 19]",16.881943016134134,16-32,,,,FN
6077,6077.jpg,5,buoy,,"[1388, 182, 16, 26]",20.396078054371138,16-32,,,,FN
6078,6078.jpg,1,swimmer,,"[1999, 1436, 27, 36]",31.176914536239792,16-32,,,,FN
6078,6078.jpg,5,buoy,,"[1432, 189, 17, 24]",20.199009876724155,16-32,,,,FN
6079,6079.jpg,1,swimmer,,"[1911, 1444, 28, 33]",30.397368307141328,16-32,,,,FN
6079,6079.jpg,5,buoy,,"[1092, 49, 19, 20]",19.493588689617926,16-32,,,,FN
6079,6079.jpg,5,buoy,,"[1318, 199, 17, 23]",19.77371993328519,16-32,,,,FN
6080,6080.jpg,5,buoy,,"[1297, 198, 17, 25]",20.615528128088304,16-32,,,,FN
6081,6081.jpg,5,buoy,,"[862, 60, 17, 23]",19.77371993328519,16-32,,,,FN
6082,6082.jpg,1,swimmer,,"[1823, 1446, 27, 38]",32.03123475609393,32-64,,,,FN
6082,6082.jpg,5,buoy,,"[871, 61, 15, 22]",18.16590212458495,16-32,,,,FN
6083,6083.jpg,1,swimmer,,"[1856, 1444, 29, 40]",34.058772731852805,32-64,,,,FN
6084,6084.jpg,1,swimmer,,"[1863, 1442, 26, 36]",30.59411708155671,16-32,,,,FN
6084,6084.jpg,1,swimmer,,"[2044, 1476, 72, 50]",60.0,32-64,,,,FN
6084,6084.jpg,5,buoy,,"[1123, 211, 18, 29]",22.847319317591726,16-32,,,,FN
6085,6085.jpg,1,swimmer,,"[1855, 1431, 30, 39]",34.20526275297414,32-64,,,,FN
6087,6087.jpg,1,swimmer,,"[1844, 1428, 25, 33]",28.722813232690143,16-32,,,,FN
6088,6088.jpg,1,swimmer,,"[1835, 1408, 27, 47]",35.62302626111375,32-64,,,,FN
6090,6090.jpg,5,buoy,,"[1157, 500, 68, 77]",72.36021006050217,>64,,,,FN
6090,6090.jpg,2,boat,,"[2120, 45, 243, 105]",159.73415414368964,>64,,,,FN
6090,6090.jpg,1,swimmer,,"[1820, 456, 31, 23]",26.70205984563738,16-32,,,,FN
6090,6090.jpg,1,swimmer,,"[1719, 624, 60, 28]",40.98780306383839,32-64,,,,FN
6090,6090.jpg,1,swimmer,,"[1706, 650, 56, 43]",49.07137658554119,32-64,,,,FN
6090,6090.jpg,1,swimmer,,"[2046, 506, 51, 46]",48.43552415324934,32-64,,,,FN
6091,6091.jpg,1,swimmer,,"[1817, 252, 26, 24]",24.979991993593593,16-32,,,,FN
6092,6092.jpg,1,swimmer,,"[1820, 260, 26, 26]",26.0,16-32,,,,FN
6095,6095.jpg,1,swimmer,,"[1811, 300, 28, 25]",26.457513110645905,16-32,,,,FN
6097,6097.jpg,1,swimmer,,"[1802, 343, 42, 23]",31.080540535840107,16-32,,,,FN
6098,6098.jpg,1,swimmer,,"[1798, 367, 46, 27]",35.24202037341219,32-64,,,,FN
6641,6641.jpg,1,swimmer,,"[1803, 1104, 30, 25]",27.386127875258307,16-32,,,,FN
6641,6641.jpg,1,swimmer,,"[1495, 1088, 24, 28]",25.92296279363144,16-32,,,,FN
6641,6641.jpg,1,swimmer,,"[1536, 1315, 62, 39]",49.17316341257699,32-64,,,,FN
6641,6641.jpg,1,swimmer,,"[1589, 1403, 34, 31]",32.46536616149585,32-64,,,,FN
6641,6641.jpg,1,swimmer,,"[1484, 1409, 44, 32]",37.52332607858744,32-64,,,,FN
6641,6641.jpg,1,swimmer,,"[1482, 1469, 35, 35]",35.0,32-64,,,,FN
6641,6641.jpg,1,swimmer,,"[1964, 999, 28, 28]",28.0,16-32,,,,FN
6642,6642.jpg,1,swimmer,,"[1827, 1050, 24, 23]",23.49468024894146,16-32,,,,FN
6642,6642.jpg,1,swimmer,,"[1523, 1032, 19, 25]",21.79449471770337,16-32,,,,FN
6642,6642.jpg,1,swimmer,,"[1622, 1316, 34, 34]",34.0,32-64,,,,FN
6642,6642.jpg,1,swimmer,,"[1518, 1329, 44, 31]",36.932370625238775,32-64,,,,FN
6643,6643.jpg,1,swimmer,,"[1525, 1000, 22, 26]",23.916521486202797,16-32,,,,FN
6644,6644.jpg,1,swimmer,,"[1824, 1019, 29, 21]",24.677925358506133,16-32,,,,FN
6644,6644.jpg,1,swimmer,,"[1527, 982, 18, 23]",20.346989949375804,16-32,,,,FN
6645,6645.jpg,1,swimmer,,"[1534, 981, 18, 24]",20.784609690826528,16-32,,,,FN
6646,6646.jpg,1,swimmer,,"[1980, 920, 31, 21]",25.514701644346147,16-32,,,,FN
6646,6646.jpg,1,swimmer,,"[1829, 1019, 30, 18]",23.2379000772445,16-32,,,,FN
6647,6647.jpg,1,swimmer,,"[1968, 917, 36, 23]",28.77498913987632,16-32,,,,FN
6647,6647.jpg,1,swimmer,,"[1832, 1017, 27, 19]",22.64950330581225,16-32,,,,FN
6648,6648.jpg,1,swimmer,,"[1955, 917, 40, 23]",30.331501776206203,16-32,,,,FN
6648,6648.jpg,1,swimmer,,"[1815, 1018, 28, 20]",23.664319132398465,16-32,,,,FN
6648,6648.jpg,1,swimmer,,"[1513, 980, 19, 23]",20.904544960366874,16-32,,,,FN
6648,6648.jpg,1,swimmer,,"[1608, 1212, 40, 25]",31.622776601683793,16-32,,,,FN
6649,6649.jpg,1,swimmer,,"[1537, 976, 21, 23]",21.97726097583591,16-32,,,,FN
6651,6651.jpg,1,swimmer,,"[2163, 920, 56, 22]",35.09985754956849,32-64,,,,FN
6651,6651.jpg,1,swimmer,,"[2003, 1020, 32, 22]",26.5329983228432,16-32,,,,FN
6651,6651.jpg,1,swimmer,,"[1702, 960, 22, 23]",22.494443758403985,16-32,,,,FN
6654,6654.jpg,1,swimmer,,"[2130, 1029, 21, 14]",17.146428199482248,16-32,,,,FN
6655,6655.jpg,1,swimmer,,"[2194, 1032, 17, 18]",17.4928556845359,16-32,,,,FN
6658,6658.jpg,1,swimmer,,"[1954, 1172, 27, 25]",25.98076211353316,16-32,,,,FN
6660,6660.jpg,1,swimmer,,"[1811, 1176, 21, 21]",21.0,16-32,,,,FN
6660,6660.jpg,1,swimmer,,"[2080, 1039, 27, 21]",23.811761799581316,16-32,,,,FN
6661,6661.jpg,1,swimmer,,"[1725, 925, 25, 22]",23.45207879911715,16-32,,,,FN
6661,6661.jpg,1,swimmer,,"[1754, 1182, 17, 20]",18.439088914585774,16-32,,,,FN
6663,6663.jpg,1,swimmer,,"[1825, 1170, 23, 19]",20.904544960366874,16-32,,,,FN
6664,6664.jpg,1,swimmer,,"[1889, 925, 34, 19]",25.41653005427767,16-32,,,,FN
6664,6664.jpg,1,swimmer,,"[1858, 1159, 28, 20]",23.664319132398465,16-32,,,,FN
6665,6665.jpg,1,swimmer,,"[1908, 921, 27, 21]",23.811761799581316,16-32,,,,FN
6665,6665.jpg,1,swimmer,,"[1857, 1150, 26, 17]",21.02379604162864,16-32,,,,FN
6665,6665.jpg,1,swimmer,,"[1616, 1257, 51, 23]",34.249087579087416,32-64,,,,FN
6666,6666.jpg,5,buoy,,"[11, 133, 26, 29]",27.459060435491963,16-32,,,,FN
6667,6667.jpg,1,swimmer,,"[2361, 978, 66, 27]",42.21374183841087,32-64,,,,FN
6667,6667.jpg,5,buoy,,"[169, 116, 26, 29]",27.459060435491963,16-32,,,,FN
6667,6667.jpg,1,swimmer,,"[2199, 1062, 27, 19]",22.64950330581225,16-32,,,,FN
6668,6668.jpg,5,buoy,,"[322, 100, 25, 28]",26.457513110645905,16-32,,,,FN
6669,6669.jpg,1,swimmer,,"[1956, 878, 25, 22]",23.45207879911715,16-32,,,,FN
6669,6669.jpg,1,swimmer,,"[1711, 1172, 24, 19]",21.354156504062622,16-32,,,,FN
6669,6669.jpg,5,buoy,,"[453, 85, 24, 26]",24.979991993593593,16-32,,,,FN
6670,6670.jpg,1,swimmer,,"[1702, 1156, 38, 24]",30.199337741083,16-32,,,,FN
6670,6670.jpg,5,buoy,,"[591, 71, 24, 24]",24.0,16-32,,,,FN
6671,6671.jpg,1,swimmer,,"[1862, 1092, 23, 15]",18.57417562100671,16-32,,,,FN
6671,6671.jpg,5,buoy,,"[748, 58, 22, 25]",23.45207879911715,16-32,,,,FN
6672,6672.jpg,1,swimmer,,"[1866, 1072, 25, 15]",19.364916731037084,16-32,,,,FN
6672,6672.jpg,5,buoy,,"[893, 44, 21, 24]",22.44994432064365,16-32,,,,FN
6673,6673.jpg,1,swimmer,,"[1571, 1110, 48, 19]",30.199337741083,16-32,,,,FN
6673,6673.jpg,5,buoy,,"[1025, 34, 20, 24]",21.908902300206645,16-32,,,,FN
6673,6673.jpg,1,swimmer,,"[2198, 1020, 34, 23]",27.964262908219126,16-32,,,,FN
6674,6674.jpg,1,swimmer,,"[1684, 1075, 47, 23]",32.87856444554719,32-64,,,,FN
6675,6675.jpg,1,swimmer,,"[1682, 1054, 41, 20]",28.635642126552707,16-32,,,,FN
6675,6675.jpg,5,buoy,,"[1292, 17, 22, 23]",22.494443758403985,16-32,,,,FN
6676,6676.jpg,1,swimmer,,"[1841, 997, 34, 15]",22.58317958127243,16-32,,,,FN
6676,6676.jpg,5,buoy,,"[1417, 8, 18, 22]",19.8997487421324,16-32,,,,FN
6676,6676.jpg,1,swimmer,,"[2177, 989, 31, 24]",27.27636339397171,16-32,,,,FN
6677,6677.jpg,1,swimmer,,"[1954, 796, 20, 19]",19.493588689617926,16-32,,,,FN
6677,6677.jpg,1,swimmer,,"[1707, 984, 31, 17]",22.956480566497994,16-32,,,,FN
6677,6677.jpg,1,swimmer,,"[1516, 1009, 36, 24]",29.393876913398138,16-32,,,,FN
6677,6677.jpg,1,swimmer,,"[1548, 970, 32, 22]",26.5329983228432,16-32,,,,FN
6677,6677.jpg,5,buoy,,"[1384, 5, 15, 22]",18.16590212458495,16-32,,,,FN
6677,6677.jpg,1,swimmer,,"[2038, 979, 22, 23]",22.494443758403985,16-32,,,,FN
6678,6678.jpg,1,swimmer,,"[1824, 980, 23, 23]",23.0,16-32,,,,FN
6678,6678.jpg,1,swimmer,,"[1842, 780, 19, 21]",19.974984355438178,16-32,,,,FN
6678,6678.jpg,1,swimmer,,"[1590, 974, 33, 16]",22.978250586152114,16-32,,,,FN
6678,6678.jpg,5,buoy,,"[1349, 0, 15, 20]",17.320508075688775,16-32,,,,FN
6678,6678.jpg,1,swimmer,,"[1916, 968, 17, 20]",18.439088914585774,16-32,,,,FN
6679,6679.jpg,1,swimmer,,"[1740, 967, 24, 23]",23.49468024894146,16-32,,,,FN
6679,6679.jpg,1,swimmer,,"[1764, 770, 22, 20]",20.97617696340303,16-32,,,,FN
6679,6679.jpg,1,swimmer,,"[1507, 962, 25, 18]",21.213203435596427,16-32,,,,FN
6679,6679.jpg,5,buoy,,"[1328, 0, 12, 16]",13.856406460551018,<16,,,,FN
6679,6679.jpg,1,swimmer,,"[1828, 956, 15, 19]",16.881943016134134,16-32,,,,FN
6680,6680.jpg,1,swimmer,,"[1468, 954, 21, 15]",17.74823934929885,16-32,,,,FN
6680,6680.jpg,1,swimmer,,"[1776, 949, 15, 17]",15.968719422671311,<16,,,,FN
6683,6683.jpg,1,swimmer,,"[1456, 956, 24, 17]",20.199009876724155,16-32,,,,FN
6683,6683.jpg,1,swimmer,,"[1242, 973, 23, 26]",24.454038521274967,16-32,,,,FN
6683,6683.jpg,1,swimmer,,"[1757, 949, 18, 18]",18.0,16-32,,,,FN
6684,6684.jpg,1,swimmer,,"[1456, 952, 24, 16]",19.595917942265423,16-32,,,,FN
6684,6684.jpg,1,swimmer,,"[1241, 971, 26, 25]",25.495097567963924,16-32,,,,FN
6684,6684.jpg,1,swimmer,,"[1759, 949, 19, 17]",17.97220075561143,16-32,,,,FN
6685,6685.jpg,1,swimmer,,"[1682, 742, 22, 17]",19.339079605813716,16-32,,,,FN
6685,6685.jpg,1,swimmer,,"[1461, 952, 21, 15]",17.74823934929885,16-32,,,,FN
6686,6686.jpg,1,swimmer,,"[1674, 741, 22, 16]",18.76166303929372,16-32,,,,FN
6686,6686.jpg,1,swimmer,,"[1464, 950, 16, 16]",16.0,16-32,,,,FN
6687,6687.jpg,1,swimmer,,"[1669, 736, 21, 15]",17.74823934929885,16-32,,,,FN
6687,6687.jpg,1,swimmer,,"[1464, 946, 16, 19]",17.435595774162696,16-32,,,,FN
6687,6687.jpg,1,swimmer,,"[1246, 972, 23, 24]",23.49468024894146,16-32,,,,FN
6688,6688.jpg,1,swimmer,,"[1664, 736, 21, 16]",18.33030277982336,16-32,,,,FN
6688,6688.jpg,1,swimmer,,"[1470, 947, 18, 17]",17.4928556845359,16-32,,,,FN
6688,6688.jpg,1,swimmer,,"[1246, 969, 25, 25]",25.0,16-32,,,,FN
6688,6688.jpg,1,swimmer,,"[1747, 943, 22, 19]",20.445048300260872,16-32,,,,FN
6689,6689.jpg,1,swimmer,,"[1663, 735, 21, 15]",17.74823934929885,16-32,,,,FN
6689,6689.jpg,1,swimmer,,"[1469, 947, 17, 15]",15.968719422671311,<16,,,,FN
6690,6690.jpg,1,swimmer,,"[1659, 732, 21, 16]",18.33030277982336,16-32,,,,FN
6690,6690.jpg,1,swimmer,,"[1469, 950, 18, 14]",15.874507866387544,<16,,,,FN
6691,6691.jpg,1,swimmer,,"[1653, 728, 21, 16]",18.33030277982336,16-32,,,,FN
6692,6692.jpg,1,swimmer,,"[1668, 951, 19, 20]",19.493588689617926,16-32,,,,FN
6692,6692.jpg,1,swimmer,,"[1647, 727, 23, 17]",19.77371993328519,16-32,,,,FN
6692,6692.jpg,1,swimmer,,"[1251, 968, 25, 24]",24.49489742783178,16-32,,,,FN
6693,6693.jpg,1,swimmer,,"[1667, 951, 19, 19]",19.0,16-32,,,,FN
6693,6693.jpg,1,swimmer,,"[1643, 729, 22, 16]",18.76166303929372,16-32,,,,FN
6693,6693.jpg,1,swimmer,,"[1250, 966, 26, 25]",25.495097567963924,16-32,,,,FN
6694,6694.jpg,1,swimmer,,"[1663, 950, 20, 21]",20.493901531919196,16-32,,,,FN
6694,6694.jpg,1,swimmer,,"[1636, 732, 22, 16]",18.76166303929372,16-32,,,,FN
6694,6694.jpg,1,swimmer,,"[1447, 951, 33, 18]",24.372115213907882,16-32,,,,FN
6694,6694.jpg,1,swimmer,,"[1248, 966, 26, 24]",24.979991993593593,16-32,,,,FN
6695,6695.jpg,1,swimmer,,"[1659, 949, 20, 21]",20.493901531919196,16-32,,,,FN
6695,6695.jpg,1,swimmer,,"[1630, 733, 21, 16]",18.33030277982336,16-32,,,,FN
6695,6695.jpg,1,swimmer,,"[1446, 950, 37, 18]",25.80697580112788,16-32,,,,FN
6695,6695.jpg,1,swimmer,,"[1249, 966, 23, 23]",23.0,16-32,,,,FN
6695,6695.jpg,1,swimmer,,"[1263, 940, 29, 21]",24.677925358506133,16-32,,,,FN
6696,6696.jpg,1,swimmer,,"[1626, 729, 22, 16]",18.76166303929372,16-32,,,,FN
6696,6696.jpg,1,swimmer,,"[1251, 968, 23, 22]",22.494443758403985,16-32,,,,FN
6696,6696.jpg,1,swimmer,,"[1258, 947, 33, 20]",25.69046515733026,16-32,,,,FN
6697,6697.jpg,1,swimmer,,"[1624, 729, 20, 16]",17.88854381999832,16-32,,,,FN
6697,6697.jpg,1,swimmer,,"[1249, 973, 23, 28]",25.37715508089904,16-32,,,,FN
6697,6697.jpg,1,swimmer,,"[1254, 950, 29, 20]",24.08318915758459,16-32,,,,FN
6698,6698.jpg,1,swimmer,,"[1623, 726, 17, 18]",17.4928556845359,16-32,,,,FN
6698,6698.jpg,1,swimmer,,"[1454, 960, 23, 16]",19.183326093250876,16-32,,,,FN
6698,6698.jpg,1,swimmer,,"[1250, 980, 22, 22]",22.0,16-32,,,,FN
6699,6699.jpg,1,swimmer,,"[1620, 725, 18, 18]",18.0,16-32,,,,FN
6699,6699.jpg,1,swimmer,,"[1450, 967, 25, 16]",20.0,16-32,,,,FN
6699,6699.jpg,1,swimmer,,"[1253, 953, 30, 22]",25.69046515733026,16-32,,,,FN
6700,6700.jpg,1,swimmer,,"[1652, 963, 38, 20]",27.568097504180443,16-32,,,,FN
6700,6700.jpg,1,swimmer,,"[1621, 724, 15, 18]",16.431676725154983,16-32,,,,FN
6700,6700.jpg,1,swimmer,,"[1451, 970, 26, 15]",19.748417658131498,16-32,,,,FN
7172,7172.jpg,5,buoy,,"[1730, 1128, 16, 21]",18.33030277982336,16-32,,,,FN
7172,7172.jpg,2,boat,,"[1588, 824, 15, 39]",24.186773244895647,16-32,,,,FN
7172,7172.jpg,2,boat,,"[1541, 830, 23, 45]",32.17141588429082,32-64,,,,FN
7172,7172.jpg,5,buoy,,"[2781, 1016, 14, 22]",17.549928774784245,16-32,,,,FN
7173,7173.jpg,2,boat,,"[1909, 892, 23, 61]",37.456641600656084,32-64,,,,FN
7173,7173.jpg,2,boat,,"[1588, 826, 13, 35]",21.330729007701542,16-32,,,,FN
7173,7173.jpg,2,boat,,"[1540, 830, 23, 45]",32.17141588429082,32-64,,,,FN
7173,7173.jpg,5,buoy,,"[2781, 1016, 13, 22]",16.911534525287763,16-32,,,,FN
7174,7174.jpg,5,buoy,,"[1731, 1124, 17, 21]",18.894443627691185,16-32,,,,FN
7174,7174.jpg,2,boat,,"[1589, 825, 13, 36]",21.633307652783937,16-32,,,,FN
7174,7174.jpg,2,boat,,"[1539, 829, 24, 44]",32.49615361854384,32-64,,,,FN
7174,7174.jpg,5,buoy,,"[2779, 1015, 14, 22]",17.549928774784245,16-32,,,,FN
7175,7175.jpg,5,buoy,,"[1733, 1123, 16, 20]",17.88854381999832,16-32,,,,FN
7175,7175.jpg,2,boat,,"[1590, 823, 12, 38]",21.354156504062622,16-32,,,,FN
7175,7175.jpg,2,boat,,"[1541, 830, 23, 42]",31.080540535840107,16-32,,,,FN
7175,7175.jpg,5,buoy,,"[2777, 1014, 15, 23]",18.57417562100671,16-32,,,,FN
7176,7176.jpg,5,buoy,,"[1733, 1121, 16, 21]",18.33030277982336,16-32,,,,FN
7176,7176.jpg,2,boat,,"[1588, 824, 13, 37]",21.93171219946131,16-32,,,,FN
7176,7176.jpg,2,boat,,"[1539, 827, 22, 46]",31.811947441173732,16-32,,,,FN
7176,7176.jpg,5,buoy,,"[2774, 1013, 14, 23]",17.944358444926362,16-32,,,,FN
7177,7177.jpg,5,buoy,,"[1734, 1121, 16, 21]",18.33030277982336,16-32,,,,FN
7177,7177.jpg,2,boat,,"[1587, 823, 14, 38]",23.065125189341593,16-32,,,,FN
7177,7177.jpg,2,boat,,"[1537, 828, 23, 44]",31.811947441173732,16-32,,,,FN
7177,7177.jpg,5,buoy,,"[2773, 1013, 15, 22]",18.16590212458495,16-32,,,,FN
7178,7178.jpg,2,boat,,"[1588, 823, 13, 38]",22.22611077089287,16-32,,,,FN
7178,7178.jpg,2,boat,,"[1535, 829, 23, 43]",31.448370387032774,16-32,,,,FN
7178,7178.jpg,5,buoy,,"[2771, 1013, 15, 23]",18.57417562100671,16-32,,,,FN
7179,7179.jpg,5,buoy,,"[1735, 1120, 17, 20]",18.439088914585774,16-32,,,,FN
7179,7179.jpg,2,boat,,"[1588, 825, 13, 37]",21.93171219946131,16-32,,,,FN
7179,7179.jpg,2,boat,,"[1533, 828, 22, 45]",31.464265445104548,16-32,,,,FN
7179,7179.jpg,5,buoy,,"[2770, 1012, 14, 23]",17.944358444926362,16-32,,,,FN
7180,7180.jpg,5,buoy,,"[1735, 1119, 18, 20]",18.973665961010276,16-32,,,,FN
7180,7180.jpg,2,boat,,"[1587, 829, 13, 33]",20.71231517720798,16-32,,,,FN
7180,7180.jpg,2,boat,,"[1534, 827, 21, 46]",31.080540535840107,16-32,,,,FN
7180,7180.jpg,5,buoy,,"[2767, 1011, 15, 24]",18.973665961010276,16-32,,,,FN
7181,7181.jpg,5,buoy,,"[1735, 1119, 16, 19]",17.435595774162696,16-32,,,,FN
7181,7181.jpg,2,boat,,"[1587, 830, 13, 30]",19.748417658131498,16-32,,,,FN
7181,7181.jpg,2,boat,,"[1535, 826, 21, 46]",31.080540535840107,16-32,,,,FN
7182,7182.jpg,5,buoy,,"[1734, 1111, 16, 19]",17.435595774162696,16-32,,,,FN
7182,7182.jpg,2,boat,,"[1585, 822, 13, 33]",20.71231517720798,16-32,,,,FN
7182,7182.jpg,2,boat,,"[1533, 824, 20, 45]",30.0,16-32,,,,FN
7182,7182.jpg,5,buoy,,"[2763, 1004, 14, 25]",18.708286933869708,16-32,,,,FN
7183,7183.jpg,5,buoy,,"[1733, 1113, 15, 17]",15.968719422671311,<16,,,,FN
7183,7183.jpg,2,boat,,"[1582, 825, 13, 32]",20.396078054371138,16-32,,,,FN
7183,7183.jpg,2,boat,,"[1531, 825, 21, 44]",30.397368307141328,16-32,,,,FN
7183,7183.jpg,5,buoy,,"[2761, 1006, 14, 23]",17.944358444926362,16-32,,,,FN
7184,7184.jpg,2,boat,,"[1392, 1219, 35, 22]",27.748873851023216,16-32,,,,FN
7184,7184.jpg,5,buoy,,"[1731, 1115, 16, 18]",16.97056274847714,16-32,,,,FN
7184,7184.jpg,2,boat,,"[1580, 826, 14, 34]",21.817424229271428,16-32,,,,FN
7184,7184.jpg,2,boat,,"[1529, 829, 22, 42]",30.397368307141328,16-32,,,,FN
7185,7185.jpg,2,boat,,"[1395, 1220, 32, 22]",26.5329983228432,16-32,,,,FN
7185,7185.jpg,5,buoy,,"[1731, 1114, 16, 19]",17.435595774162696,16-32,,,,FN
7185,7185.jpg,2,boat,,"[1581, 825, 13, 34]",21.02379604162864,16-32,,,,FN
7185,7185.jpg,2,boat,,"[1527, 832, 23, 41]",30.708305065568176,16-32,,,,FN
7186,7186.jpg,5,buoy,,"[1730, 1117, 17, 20]",18.439088914585774,16-32,,,,FN
7186,7186.jpg,2,boat,,"[1579, 827, 13, 33]",20.71231517720798,16-32,,,,FN
7186,7186.jpg,2,boat,,"[1526, 832, 23, 41]",30.708305065568176,16-32,,,,FN
7187,7187.jpg,5,buoy,,"[1732, 1121, 15, 21]",17.74823934929885,16-32,,,,FN
7187,7187.jpg,2,boat,,"[1578, 831, 13, 31]",20.074859899884732,16-32,,,,FN
7187,7187.jpg,2,boat,,"[1525, 833, 22, 41]",30.033314835362415,16-32,,,,FN
7188,7188.jpg,5,buoy,,"[1732, 1123, 14, 19]",16.30950643030009,16-32,,,,FN
7188,7188.jpg,2,boat,,"[1576, 832, 13, 30]",19.748417658131498,16-32,,,,FN
7188,7188.jpg,2,boat,,"[1524, 834, 20, 42]",28.982753492378876,16-32,,,,FN
7188,7188.jpg,5,buoy,,"[2761, 1014, 13, 20]",16.1245154965971,16-32,,,,FN
7189,7189.jpg,5,buoy,,"[1733, 1124, 14, 20]",16.73320053068151,16-32,,,,FN
7189,7189.jpg,2,boat,,"[1575, 828, 13, 35]",21.330729007701542,16-32,,,,FN
7189,7189.jpg,2,boat,,"[1522, 836, 20, 41]",28.635642126552707,16-32,,,,FN
7189,7189.jpg,5,buoy,,"[2762, 1015, 13, 21]",16.522711641858304,16-32,,,,FN
7190,7190.jpg,5,buoy,,"[1734, 1125, 15, 20]",17.320508075688775,16-32,,,,FN
7190,7190.jpg,2,boat,,"[1574, 831, 14, 35]",22.135943621178654,16-32,,,,FN
7190,7190.jpg,2,boat,,"[1520, 840, 22, 38]",28.91366458960192,16-32,,,,FN
7191,7191.jpg,5,buoy,,"[1734, 1126, 15, 21]",17.74823934929885,16-32,,,,FN
7191,7191.jpg,2,boat,,"[1573, 835, 13, 32]",20.396078054371138,16-32,,,,FN
7191,7191.jpg,2,boat,,"[1518, 843, 23, 36]",28.77498913987632,16-32,,,,FN
7191,7191.jpg,5,buoy,,"[2760, 1014, 14, 24]",18.33030277982336,16-32,,,,FN
7192,7192.jpg,5,buoy,,"[1733, 1127, 14, 22]",17.549928774784245,16-32,,,,FN
7192,7192.jpg,2,boat,,"[1571, 838, 12, 29]",18.65475810617763,16-32,,,,FN
7192,7192.jpg,2,boat,,"[1517, 843, 22, 37]",28.53068523537421,16-32,,,,FN
7192,7192.jpg,5,buoy,,"[2758, 1015, 13, 23]",17.291616465790582,16-32,,,,FN
7193,7193.jpg,5,buoy,,"[1732, 1127, 14, 19]",16.30950643030009,16-32,,,,FN
7193,7193.jpg,2,boat,,"[1515, 842, 22, 40]",29.664793948382652,16-32,,,,FN
7193,7193.jpg,5,buoy,,"[2757, 1018, 13, 21]",16.522711641858304,16-32,,,,FN
7194,7194.jpg,5,buoy,,"[1731, 1128, 15, 20]",17.320508075688775,16-32,,,,FN
7194,7194.jpg,2,boat,,"[1567, 836, 14, 33]",21.494185260204677,16-32,,,,FN
7194,7194.jpg,2,boat,,"[1513, 838, 23, 45]",32.17141588429082,32-64,,,,FN
7194,7194.jpg,5,buoy,,"[2756, 1019, 14, 20]",16.73320053068151,16-32,,,,FN
7195,7195.jpg,5,buoy,,"[1730, 1129, 15, 19]",16.881943016134134,16-32,,,,FN
7195,7195.jpg,2,boat,,"[1566, 840, 13, 31]",20.074859899884732,16-32,,,,FN
7195,7195.jpg,2,boat,,"[1512, 837, 24, 47]",33.58571124749333,32-64,,,,FN
7196,7196.jpg,5,buoy,,"[1731, 1132, 14, 21]",17.146428199482248,16-32,,,,FN
7196,7196.jpg,2,boat,,"[1567, 841, 14, 33]",21.494185260204677,16-32,,,,FN
7196,7196.jpg,2,boat,,"[1512, 843, 24, 43]",32.12475680841802,32-64,,,,FN
7196,7196.jpg,5,buoy,,"[2757, 1024, 15, 23]",18.57417562100671,16-32,,,,FN
7197,7197.jpg,5,buoy,,"[1731, 1132, 14, 19]",16.30950643030009,16-32,,,,FN
7197,7197.jpg,2,boat,,"[1568, 840, 14, 36]",22.44994432064365,16-32,,,,FN
7197,7197.jpg,2,boat,,"[1512, 848, 24, 40]",30.983866769659336,16-32,,,,FN
7197,7197.jpg,5,buoy,,"[2756, 1026, 15, 22]",18.16590212458495,16-32,,,,FN
7198,7198.jpg,5,buoy,,"[1731, 1132, 15, 21]",17.74823934929885,16-32,,,,FN
7198,7198.jpg,2,boat,,"[1569, 843, 14, 36]",22.44994432064365,16-32,,,,FN
7198,7198.jpg,2,boat,,"[1513, 851, 23, 40]",30.331501776206203,16-32,,,,FN
7198,7198.jpg,5,buoy,,"[2754, 1029, 14, 21]",17.146428199482248,16-32,,,,FN
7199,7199.jpg,5,buoy,,"[1732, 1134, 15, 20]",17.320508075688775,16-32,,,,FN
7199,7199.jpg,2,boat,,"[1570, 846, 14, 35]",22.135943621178654,16-32,,,,FN
7199,7199.jpg,5,buoy,,"[2752, 1031, 13, 21]",16.522711641858304,16-32,,,,FN
7200,7200.jpg,5,buoy,,"[1732, 1135, 15, 20]",17.320508075688775,16-32,,,,FN
7200,7200.jpg,2,boat,,"[1571, 851, 13, 33]",20.71231517720798,16-32,,,,FN
7201,7201.jpg,5,buoy,,"[1733, 1133, 15, 19]",16.881943016134134,16-32,,,,FN
7201,7201.jpg,2,boat,,"[1570, 851, 13, 33]",20.71231517720798,16-32,,,,FN
7201,7201.jpg,2,boat,,"[1500, 858, 20, 37]",27.202941017470888,16-32,,,,FN
7201,7201.jpg,5,buoy,,"[2740, 1030, 14, 25]",18.708286933869708,16-32,,,,FN
7202,7202.jpg,5,buoy,,"[1634, 1131, 13, 19]",15.716233645501712,<16,,,,FN
7202,7202.jpg,2,boat,,"[1411, 854, 21, 36]",27.49545416973504,16-32,,,,FN
7203,7203.jpg,5,buoy,,"[1615, 1126, 14, 19]",16.30950643030009,16-32,,,,FN
7203,7203.jpg,2,boat,,"[1728, 905, 22, 54]",34.46737587922817,32-64,,,,FN
7203,7203.jpg,2,boat,,"[1447, 853, 19, 29]",23.473389188611005,16-32,,,,FN
7203,7203.jpg,2,boat,,"[1392, 848, 20, 42]",28.982753492378876,16-32,,,,FN
7203,7203.jpg,5,buoy,,"[2601, 1025, 17, 19]",17.97220075561143,16-32,,,,FN
7204,7204.jpg,2,boat,,"[336, 1076, 105, 32]",57.96550698475775,32-64,,,,FN
7204,7204.jpg,2,boat,,"[665, 916, 30, 61]",42.77849927241488,32-64,,,,FN
7204,7204.jpg,2,boat,,"[195, 1283, 74, 26]",43.86342439892262,32-64,,,,FN
7204,7204.jpg,5,buoy,,"[540, 1152, 17, 24]",20.199009876724155,16-32,,,,FN
7204,7204.jpg,5,buoy,,"[1588, 1018, 15, 18]",16.431676725154983,16-32,,,,FN
7205,7205.jpg,2,boat,,"[208, 1077, 97, 34]",57.42821606144492,32-64,,,,FN
7205,7205.jpg,2,boat,,"[529, 917, 27, 59]",39.91240408695021,32-64,,,,FN
7205,7205.jpg,2,boat,,"[92, 1280, 72, 32]",48.0,32-64,,,,FN
7205,7205.jpg,5,buoy,,"[421, 1155, 20, 23]",21.447610589527216,16-32,,,,FN
7205,7205.jpg,5,buoy,,"[1471, 1016, 16, 18]",16.97056274847714,16-32,,,,FN
7206,7206.jpg,5,buoy,,"[1238, 1118, 16, 20]",17.88854381999832,16-32,,,,FN
7206,7206.jpg,5,buoy,,"[2195, 1007, 14, 19]",16.30950643030009,16-32,,,,FN
7207,7207.jpg,5,buoy,,"[1245, 1113, 16, 19]",17.435595774162696,16-32,,,,FN
7207,7207.jpg,5,buoy,,"[2193, 1003, 13, 19]",15.716233645501712,<16,,,,FN
7208,7208.jpg,5,buoy,,"[1257, 1103, 15, 19]",16.881943016134134,16-32,,,,FN
7208,7208.jpg,5,buoy,,"[2194, 995, 12, 18]",14.696938456699069,<16,,,,FN
7209,7209.jpg,5,buoy,,"[2199, 987, 14, 19]",16.30950643030009,16-32,,,,FN
7210,7210.jpg,5,buoy,,"[1297, 1084, 15, 19]",16.881943016134134,16-32,,,,FN
7210,7210.jpg,5,buoy,,"[2210, 979, 14, 19]",16.30950643030009,16-32,,,,FN
7211,7211.jpg,2,boat,,"[1379, 873, 19, 51]",31.12876483254676,16-32,,,,FN
7211,7211.jpg,5,buoy,,"[1323, 1076, 15, 19]",16.881943016134134,16-32,,,,FN
7211,7211.jpg,5,buoy,,"[2223, 973, 13, 19]",15.716233645501712,<16,,,,FN
7212,7212.jpg,5,buoy,,"[1352, 1069, 15, 18]",16.431676725154983,16-32,,,,FN
7212,7212.jpg,5,buoy,,"[2242, 966, 13, 17]",14.866068747318506,<16,,,,FN
7213,7213.jpg,5,buoy,,"[1384, 1060, 15, 18]",16.431676725154983,16-32,,,,FN
7213,7213.jpg,5,buoy,,"[2260, 958, 13, 17]",14.866068747318506,<16,,,,FN
7214,7214.jpg,2,boat,,"[1427, 855, 22, 51]",33.49626844888845,32-64,,,,FN
7215,7215.jpg,5,buoy,,"[2301, 944, 16, 20]",17.88854381999832,16-32,,,,FN
7216,7216.jpg,5,buoy,,"[1483, 1041, 15, 19]",16.881943016134134,16-32,,,,FN
7216,7216.jpg,5,buoy,,"[2324, 941, 14, 18]",15.874507866387544,<16,,,,FN
7217,7217.jpg,5,buoy,,"[1519, 1037, 15, 18]",16.431676725154983,16-32,,,,FN
7217,7217.jpg,5,buoy,,"[2348, 935, 15, 18]",16.431676725154983,16-32,,,,FN
7218,7218.jpg,5,buoy,,"[1555, 1033, 14, 17]",15.427248620541512,<16,,,,FN
7218,7218.jpg,5,buoy,,"[2373, 932, 16, 17]",16.492422502470642,16-32,,,,FN
7219,7219.jpg,5,buoy,,"[1590, 1029, 14, 16]",14.966629547095765,<16,,,,FN
7219,7219.jpg,5,buoy,,"[2396, 928, 15, 18]",16.431676725154983,16-32,,,,FN
7220,7220.jpg,5,buoy,,"[1625, 1025, 14, 16]",14.966629547095765,<16,,,,FN
7220,7220.jpg,5,buoy,,"[2419, 925, 15, 17]",15.968719422671311,<16,,,,FN
7747,7747.jpg,1,swimmer,,"[2912, 1450, 38, 42]",39.949968710876355,32-64,,,,FN
7747,7747.jpg,1,swimmer,,"[3765, 1949, 39, 31]",34.77067730142742,32-64,,,,FN
7748,7748.jpg,1,swimmer,,"[3111, 1318, 22, 22]",22.0,16-32,,,,FN
7748,7748.jpg,1,swimmer,,"[3129, 1345, 21, 23]",21.97726097583591,16-32,,,,FN
7748,7748.jpg,1,swimmer,,"[3397, 1817, 32, 21]",25.92296279363144,16-32,,,,FN
7749,7749.jpg,1,swimmer,,"[3109, 1322, 23, 20]",21.447610589527216,16-32,,,,FN
7749,7749.jpg,1,swimmer,,"[3129, 1347, 18, 22]",19.8997487421324,16-32,,,,FN
7749,7749.jpg,1,swimmer,,"[3034, 1340, 19, 22]",20.445048300260872,16-32,,,,FN
7749,7749.jpg,1,swimmer,,"[2867, 1439, 40, 48]",43.81780460041329,32-64,,,,FN
7750,7750.jpg,1,swimmer,,"[3091, 1324, 25, 17]",20.615528128088304,16-32,,,,FN
7750,7750.jpg,1,swimmer,,"[3113, 1347, 17, 21]",18.894443627691185,16-32,,,,FN
7750,7750.jpg,1,swimmer,,"[3022, 1341, 21, 19]",19.974984355438178,16-32,,,,FN
7750,7750.jpg,1,swimmer,,"[2850, 1439, 38, 56]",46.130250378683186,32-64,,,,FN
7751,7751.jpg,1,swimmer,,"[3042, 1317, 26, 21]",23.366642891095847,16-32,,,,FN
7751,7751.jpg,1,swimmer,,"[3063, 1348, 17, 20]",18.439088914585774,16-32,,,,FN
7751,7751.jpg,1,swimmer,,"[2811, 1464, 36, 54]",44.090815370097204,32-64,,,,FN
7752,7752.jpg,1,swimmer,,"[2968, 1325, 25, 22]",23.45207879911715,16-32,,,,FN
7752,7752.jpg,1,swimmer,,"[2987, 1356, 19, 20]",19.493588689617926,16-32,,,,FN
7752,7752.jpg,1,swimmer,,"[2896, 1344, 22, 23]",22.494443758403985,16-32,,,,FN
7752,7752.jpg,1,swimmer,,"[2730, 1485, 37, 43]",39.88734135035826,32-64,,,,FN
7752,7752.jpg,1,swimmer,,"[3552, 1985, 26, 23]",24.454038521274967,16-32,,,,FN
7752,7752.jpg,1,swimmer,,"[3238, 1844, 31, 19]",24.269322199023193,16-32,,,,FN
7752,7752.jpg,1,swimmer,,"[2948, 1768, 32, 21]",25.92296279363144,16-32,,,,FN
7753,7753.jpg,1,swimmer,,"[2866, 1334, 26, 25]",25.495097567963924,16-32,,,,FN
7753,7753.jpg,1,swimmer,,"[2888, 1370, 17, 22]",19.339079605813716,16-32,,,,FN
7753,7753.jpg,1,swimmer,,"[2794, 1359, 27, 21]",23.811761799581316,16-32,,,,FN
7753,7753.jpg,1,swimmer,,"[2640, 1497, 34, 36]",34.9857113690718,32-64,,,,FN
7753,7753.jpg,1,swimmer,,"[3125, 1856, 32, 20]",25.298221281347036,16-32,,,,FN
7753,7753.jpg,1,swimmer,,"[2838, 1775, 32, 20]",25.298221281347036,16-32,,,,FN
7754,7754.jpg,1,swimmer,,"[2674, 1455, 30, 27]",28.460498941515414,16-32,,,,FN
7754,7754.jpg,1,swimmer,,"[2766, 1380, 17, 21]",18.894443627691185,16-32,,,,FN
7754,7754.jpg,1,swimmer,,"[2676, 1371, 25, 23]",23.979157616563597,16-32,,,,FN
7754,7754.jpg,1,swimmer,,"[3295, 2012, 34, 28]",30.854497241083024,16-32,,,,FN
7754,7754.jpg,1,swimmer,,"[2993, 1876, 31, 19]",24.269322199023193,16-32,,,,FN
7755,7755.jpg,1,swimmer,,"[2608, 1353, 23, 22]",22.494443758403985,16-32,,,,FN
7755,7755.jpg,1,swimmer,,"[2623, 1384, 21, 25]",22.9128784747792,16-32,,,,FN
7755,7755.jpg,1,swimmer,,"[2841, 1893, 30, 19]",23.874672772626646,16-32,,,,FN
7756,7756.jpg,1,swimmer,,"[2516, 1345, 22, 22]",22.0,16-32,,,,FN
7756,7756.jpg,1,swimmer,,"[2533, 1378, 19, 25]",21.79449471770337,16-32,,,,FN
7756,7756.jpg,1,swimmer,,"[2276, 1503, 26, 51]",36.41428291206625,32-64,,,,FN
7756,7756.jpg,1,swimmer,,"[3016, 2024, 32, 20]",25.298221281347036,16-32,,,,FN
7756,7756.jpg,1,swimmer,,"[2737, 1893, 30, 19]",23.874672772626646,16-32,,,,FN
7757,7757.jpg,1,swimmer,,"[2472, 1334, 21, 20]",20.493901531919196,16-32,,,,FN
7757,7757.jpg,1,swimmer,,"[2490, 1370, 19, 22]",20.445048300260872,16-32,,,,FN
7758,7758.jpg,1,swimmer,,"[2471, 1331, 22, 18]",19.8997487421324,16-32,,,,FN
7758,7758.jpg,1,swimmer,,"[2498, 1367, 16, 25]",20.0,16-32,,,,FN
7758,7758.jpg,1,swimmer,,"[2407, 1351, 24, 20]",21.908902300206645,16-32,,,,FN
7758,7758.jpg,1,swimmer,,"[2224, 1515, 27, 51]",37.107950630558946,32-64,,,,FN
7759,7759.jpg,1,swimmer,,"[2506, 1367, 15, 23]",18.57417562100671,16-32,,,,FN
7759,7759.jpg,1,swimmer,,"[2409, 1351, 26, 21]",23.366642891095847,16-32,,,,FN
7760,7760.jpg,1,swimmer,,"[2516, 1368, 17, 25]",20.615528128088304,16-32,,,,FN
7760,7760.jpg,1,swimmer,,"[2418, 1358, 25, 20]",22.360679774997898,16-32,,,,FN
7761,7761.jpg,1,swimmer,,"[2486, 1339, 23, 16]",19.183326093250876,16-32,,,,FN
7761,7761.jpg,1,swimmer,,"[2523, 1374, 17, 23]",19.77371993328519,16-32,,,,FN
7761,7761.jpg,1,swimmer,,"[2422, 1361, 22, 19]",20.445048300260872,16-32,,,,FN
7762,7762.jpg,1,swimmer,,"[2481, 1342, 28, 17]",21.817424229271428,16-32,,,,FN
7762,7762.jpg,1,swimmer,,"[2529, 1376, 15, 21]",17.74823934929885,16-32,,,,FN
7762,7762.jpg,1,swimmer,,"[2422, 1356, 25, 20]",22.360679774997898,16-32,,,,FN
7763,7763.jpg,1,swimmer,,"[2483, 1339, 27, 18]",22.045407685048602,16-32,,,,FN
7763,7763.jpg,1,swimmer,,"[2530, 1369, 15, 19]",16.881943016134134,16-32,,,,FN
7763,7763.jpg,1,swimmer,,"[2422, 1348, 31, 22]",26.115129714401192,16-32,,,,FN
7764,7764.jpg,1,swimmer,,"[2485, 1336, 26, 18]",21.633307652783937,16-32,,,,FN
7764,7764.jpg,1,swimmer,,"[2528, 1359, 19, 24]",21.354156504062622,16-32,,,,FN
7764,7764.jpg,1,swimmer,,"[2251, 1533, 26, 51]",36.41428291206625,32-64,,,,FN
7764,7764.jpg,1,swimmer,,"[2759, 1923, 29, 35]",31.85906464414798,16-32,,,,FN
7765,7765.jpg,1,swimmer,,"[2496, 1333, 28, 19]",23.065125189341593,16-32,,,,FN
7765,7765.jpg,1,swimmer,,"[2540, 1356, 19, 27]",22.64950330581225,16-32,,,,FN
7765,7765.jpg,1,swimmer,,"[2771, 1918, 30, 37]",33.31666249791537,32-64,,,,FN
7765,7765.jpg,1,swimmer,,"[2426, 1816, 28, 31]",29.46183972531247,16-32,,,,FN
7766,7766.jpg,1,swimmer,,"[2487, 1337, 30, 21]",25.099800796022265,16-32,,,,FN
7766,7766.jpg,1,swimmer,,"[2531, 1362, 21, 27]",23.811761799581316,16-32,,,,FN
7766,7766.jpg,1,swimmer,,"[2430, 1345, 29, 23]",25.826343140289914,16-32,,,,FN
7766,7766.jpg,1,swimmer,,"[2256, 1545, 34, 49]",40.8166632639171,32-64,,,,FN
7767,7767.jpg,1,swimmer,,"[2373, 1437, 22, 26]",23.916521486202797,16-32,,,,FN
7767,7767.jpg,1,swimmer,,"[2454, 1347, 26, 19]",22.22611077089287,16-32,,,,FN
7767,7767.jpg,1,swimmer,,"[2499, 1372, 18, 24]",20.784609690826528,16-32,,,,FN
7767,7767.jpg,1,swimmer,,"[2392, 1352, 32, 22]",26.5329983228432,16-32,,,,FN
7767,7767.jpg,1,swimmer,,"[2228, 1540, 31, 54]",40.91454509095757,32-64,,,,FN
7767,7767.jpg,1,swimmer,,"[2976, 2053, 25, 23]",23.979157616563597,16-32,,,,FN
7768,7768.jpg,1,swimmer,,"[2415, 1356, 24, 17]",20.199009876724155,16-32,,,,FN
7768,7768.jpg,1,swimmer,,"[2457, 1377, 18, 23]",20.346989949375804,16-32,,,,FN
7768,7768.jpg,1,swimmer,,"[2358, 1357, 28, 24]",25.92296279363144,16-32,,,,FN
7769,7769.jpg,1,swimmer,,"[2259, 1436, 26, 23]",24.454038521274967,16-32,,,,FN
7769,7769.jpg,1,swimmer,,"[2346, 1358, 25, 18]",21.213203435596427,16-32,,,,FN
7769,7769.jpg,1,swimmer,,"[2385, 1378, 19, 23]",20.904544960366874,16-32,,,,FN
7769,7769.jpg,1,swimmer,,"[2289, 1358, 28, 20]",23.664319132398465,16-32,,,,FN
7769,7769.jpg,1,swimmer,,"[2117, 1557, 29, 36]",32.31098884280702,32-64,,,,FN
7769,7769.jpg,1,swimmer,,"[2847, 2076, 36, 29]",32.31098884280702,32-64,,,,FN
7769,7769.jpg,1,swimmer,,"[2246, 1840, 30, 36]",32.863353450309965,32-64,,,,FN
7770,7770.jpg,1,swimmer,,"[2315, 1348, 25, 18]",21.213203435596427,16-32,,,,FN
7770,7770.jpg,1,swimmer,,"[2355, 1369, 17, 21]",18.894443627691185,16-32,,,,FN
7770,7770.jpg,1,swimmer,,"[2256, 1347, 29, 21]",24.677925358506133,16-32,,,,FN
7770,7770.jpg,1,swimmer,,"[2078, 1566, 33, 31]",31.984371183438952,16-32,,,,FN
7771,7771.jpg,1,swimmer,,"[2311, 1346, 25, 17]",20.615528128088304,16-32,,,,FN
7771,7771.jpg,1,swimmer,,"[2352, 1365, 17, 25]",20.615528128088304,16-32,,,,FN
7771,7771.jpg,1,swimmer,,"[2075, 1567, 29, 31]",29.9833287011299,16-32,,,,FN
7771,7771.jpg,1,swimmer,,"[2816, 2070, 30, 21]",25.099800796022265,16-32,,,,FN
7771,7771.jpg,1,swimmer,,"[2192, 1837, 33, 36]",34.46737587922817,32-64,,,,FN
7772,7772.jpg,1,swimmer,,"[2311, 1349, 25, 18]",21.213203435596427,16-32,,,,FN
7772,7772.jpg,1,swimmer,,"[2351, 1364, 16, 26]",20.396078054371138,16-32,,,,FN
7772,7772.jpg,1,swimmer,,"[2080, 1573, 26, 31]",28.39013913315678,16-32,,,,FN
7772,7772.jpg,1,swimmer,,"[2814, 2063, 37, 24]",29.79932885150268,16-32,,,,FN
7773,7773.jpg,1,swimmer,,"[2228, 1437, 25, 23]",23.979157616563597,16-32,,,,FN
7773,7773.jpg,1,swimmer,,"[2336, 1361, 23, 19]",20.904544960366874,16-32,,,,FN
7773,7773.jpg,1,swimmer,,"[2372, 1381, 19, 26]",22.22611077089287,16-32,,,,FN
7773,7773.jpg,1,swimmer,,"[2268, 1352, 38, 23]",29.563490998188964,16-32,,,,FN
7773,7773.jpg,1,swimmer,,"[2100, 1585, 24, 27]",25.45584412271571,16-32,,,,FN
7773,7773.jpg,1,swimmer,,"[2595, 1987, 39, 28]",33.04542328371661,32-64,,,,FN
7774,7774.jpg,1,swimmer,,"[2283, 1447, 24, 22]",22.978250586152114,16-32,,,,FN
7774,7774.jpg,1,swimmer,,"[2387, 1349, 36, 38]",36.98648401781386,32-64,,,,FN
7774,7774.jpg,1,swimmer,,"[2326, 1356, 32, 21]",25.92296279363144,16-32,,,,FN
7774,7774.jpg,1,swimmer,,"[2152, 1585, 26, 25]",25.495097567963924,16-32,,,,FN
7774,7774.jpg,1,swimmer,,"[2421, 1390, 21, 29]",24.677925358506133,16-32,,,,FN
7775,7775.jpg,1,swimmer,,"[2322, 1451, 21, 22]",21.494185260204677,16-32,,,,FN
7775,7775.jpg,1,swimmer,,"[2190, 1575, 36, 19]",26.153393661244042,16-32,,,,FN
7775,7775.jpg,1,swimmer,,"[2460, 1401, 21, 26]",23.366642891095847,16-32,,,,FN
7776,7776.jpg,1,swimmer,,"[2325, 1262, 26, 21]",23.366642891095847,16-32,,,,FN
7777,7777.jpg,1,swimmer,,"[2375, 1000, 32, 21]",25.92296279363144,16-32,,,,FN
7777,7777.jpg,1,swimmer,,"[2898, 1739, 31, 28]",29.46183972531247,16-32,,,,FN
7777,7777.jpg,1,swimmer,,"[2467, 1027, 22, 30]",25.69046515733026,16-32,,,,FN
7777,7777.jpg,1,swimmer,,"[2436, 997, 29, 44]",35.7211421989835,32-64,,,,FN
7777,7777.jpg,1,swimmer,,"[2334, 1066, 26, 24]",24.979991993593593,16-32,,,,FN
7778,7778.jpg,1,swimmer,,"[2442, 979, 29, 42]",34.899856733230294,32-64,,,,FN
7778,7778.jpg,1,swimmer,,"[2470, 1019, 26, 25]",25.495097567963924,16-32,,,,FN
7779,7779.jpg,1,swimmer,,"[2462, 987, 30, 24]",26.832815729997478,16-32,,,,FN
7779,7779.jpg,1,swimmer,,"[2367, 1476, 32, 33]",32.49615361854384,32-64,,,,FN
7779,7779.jpg,1,swimmer,,"[2520, 989, 28, 43]",34.698703145794944,32-64,,,,FN
7779,7779.jpg,1,swimmer,,"[2547, 1027, 32, 28]",29.93325909419153,16-32,,,,FN
7779,7779.jpg,1,swimmer,,"[2422, 1065, 24, 25]",24.49489742783178,16-32,,,,FN
7780,7780.jpg,1,swimmer,,"[2317, 1478, 30, 43]",35.91656999213594,32-64,,,,FN
7780,7780.jpg,1,swimmer,,"[2480, 990, 32, 41]",36.22154055254967,32-64,,,,FN
7780,7780.jpg,1,swimmer,,"[2507, 1029, 28, 25]",26.457513110645905,16-32,,,,FN
7780,7780.jpg,1,swimmer,,"[2377, 1067, 27, 26]",26.49528259898354,16-32,,,,FN
7781,7781.jpg,1,swimmer,,"[2245, 1217, 60, 29]",41.71330722922842,32-64,,,,FN
7781,7781.jpg,1,swimmer,,"[2310, 1497, 24, 35]",28.982753492378876,16-32,,,,FN
7781,7781.jpg,1,swimmer,,"[2484, 1007, 35, 33]",33.98529093593286,32-64,,,,FN
7781,7781.jpg,1,swimmer,,"[2504, 1042, 35, 24]",28.982753492378876,16-32,,,,FN
7782,7782.jpg,1,swimmer,,"[2025, 1387, 42, 40]",40.98780306383839,32-64,,,,FN
7782,7782.jpg,1,swimmer,,"[2166, 1209, 60, 47]",53.103672189407014,32-64,,,,FN
7782,7782.jpg,1,swimmer,,"[2216, 1507, 26, 26]",26.0,16-32,,,,FN
7782,7782.jpg,1,swimmer,,"[2412, 1018, 31, 33]",31.984371183438952,16-32,,,,FN
7782,7782.jpg,1,swimmer,,"[2436, 1050, 35, 23]",28.372521918222215,16-32,,,,FN
7783,7783.jpg,1,swimmer,,"[2510, 1718, 32, 38]",34.87119154832539,32-64,,,,FN
7783,7783.jpg,1,swimmer,,"[2102, 1507, 22, 26]",23.916521486202797,16-32,,,,FN
7783,7783.jpg,1,swimmer,,"[2314, 1031, 28, 32]",29.93325909419153,16-32,,,,FN
7783,7783.jpg,1,swimmer,,"[2202, 1088, 28, 28]",28.0,16-32,,,,FN
7783,7783.jpg,1,swimmer,,"[2337, 1056, 36, 26]",30.59411708155671,16-32,,,,FN
7784,7784.jpg,1,swimmer,,"[2198, 1028, 32, 34]",32.984845004941285,32-64,,,,FN
7784,7784.jpg,1,swimmer,,"[2228, 1059, 32, 22]",26.5329983228432,16-32,,,,FN
7785,7785.jpg,1,swimmer,,"[2238, 1030, 36, 44]",39.7994974842648,32-64,,,,FN
7785,7785.jpg,1,swimmer,,"[2135, 1092, 28, 28]",28.0,16-32,,,,FN
7785,7785.jpg,1,swimmer,,"[2258, 1065, 36, 27]",31.176914536239792,16-32,,,,FN
7786,7786.jpg,1,swimmer,,"[1965, 1216, 36, 50]",42.42640687119285,32-64,,,,FN
7786,7786.jpg,1,swimmer,,"[2519, 1852, 34, 29]",31.400636936215164,16-32,,,,FN
7786,7786.jpg,1,swimmer,,"[2187, 1041, 35, 28]",31.304951684997057,16-32,,,,FN
7786,7786.jpg,1,swimmer,,"[2225, 1068, 34, 22]",27.349588662354687,16-32,,,,FN
7787,7787.jpg,1,swimmer,,"[2510, 1847, 33, 29]",30.93541659651604,16-32,,,,FN
7789,7789.jpg,1,swimmer,,"[2527, 1845, 28, 30]",28.982753492378876,16-32,,,,FN
7789,7789.jpg,1,swimmer,,"[1952, 1508, 31, 30]",30.495901363953813,16-32,,,,FN
7789,7789.jpg,1,swimmer,,"[2183, 1026, 26, 30]",27.92848008753788,16-32,,,,FN
7790,7790.jpg,1,swimmer,,"[1983, 1235, 27, 28]",27.49545416973504,16-32,,,,FN
7790,7790.jpg,1,swimmer,,"[2543, 1849, 29, 28]",28.495613697550013,16-32,,,,FN
7790,7790.jpg,1,swimmer,,"[2191, 1018, 28, 36]",31.74901573277509,16-32,,,,FN
7790,7790.jpg,1,swimmer,,"[2224, 1044, 36, 28]",31.74901573277509,16-32,,,,FN
7791,7791.jpg,1,swimmer,,"[1994, 1236, 27, 30]",28.460498941515414,16-32,,,,FN
7791,7791.jpg,1,swimmer,,"[2546, 1856, 38, 27]",32.03123475609393,32-64,,,,FN
7791,7791.jpg,1,swimmer,,"[1976, 1509, 27, 33]",29.8496231131986,16-32,,,,FN
7791,7791.jpg,1,swimmer,,"[2199, 1022, 26, 37]",31.016124838541646,16-32,,,,FN
7792,7792.jpg,1,swimmer,,"[2001, 1227, 34, 39]",36.41428291206625,32-64,,,,FN
7792,7792.jpg,1,swimmer,,"[2376, 1765, 37, 23]",29.171904291629644,16-32,,,,FN
7792,7792.jpg,1,swimmer,,"[2210, 1032, 26, 34]",29.732137494637012,16-32,,,,FN
7792,7792.jpg,1,swimmer,,"[2244, 1054, 34, 28]",30.854497241083024,16-32,,,,FN
7793,7793.jpg,1,swimmer,,"[2014, 1216, 33, 51]",41.02438299353203,32-64,,,,FN
7793,7793.jpg,1,swimmer,,"[2390, 1770, 34, 23]",27.964262908219126,16-32,,,,FN
7793,7793.jpg,1,swimmer,,"[2217, 1036, 26, 33]",29.29163703175362,16-32,,,,FN
7793,7793.jpg,1,swimmer,,"[2250, 1058, 37, 24]",29.79932885150268,16-32,,,,FN
7794,7794.jpg,1,swimmer,,"[2590, 1874, 37, 39]",37.986839826445156,32-64,,,,FN
7794,7794.jpg,1,swimmer,,"[2225, 1040, 25, 35]",29.58039891549808,16-32,,,,FN
7794,7794.jpg,1,swimmer,,"[2259, 1057, 34, 23]",27.964262908219126,16-32,,,,FN
7795,7795.jpg,1,swimmer,,"[2017, 1222, 36, 53]",43.68065933568311,32-64,,,,FN
7795,7795.jpg,1,swimmer,,"[2416, 1781, 37, 24]",29.79932885150268,16-32,,,,FN
7795,7795.jpg,1,swimmer,,"[2235, 1038, 24, 35]",28.982753492378876,16-32,,,,FN
7795,7795.jpg,1,swimmer,,"[2268, 1058, 33, 21]",26.324893162176366,16-32,,,,FN
7796,7796.jpg,1,swimmer,,"[2246, 1037, 24, 37]",29.79932885150268,16-32,,,,FN
7796,7796.jpg,1,swimmer,,"[2277, 1054, 33, 22]",26.94438717061496,16-32,,,,FN
7797,7797.jpg,1,swimmer,,"[2028, 1492, 31, 35]",32.93933818400121,32-64,,,,FN
7797,7797.jpg,1,swimmer,,"[2253, 1036, 24, 42]",31.74901573277509,16-32,,,,FN
7797,7797.jpg,1,swimmer,,"[2283, 1051, 36, 26]",30.59411708155671,16-32,,,,FN
7798,7798.jpg,1,swimmer,,"[2043, 1224, 31, 50]",39.370039370059054,32-64,,,,FN
7798,7798.jpg,1,swimmer,,"[2032, 1485, 32, 45]",37.94733192202055,32-64,,,,FN
7798,7798.jpg,1,swimmer,,"[2255, 1042, 24, 34]",28.5657137141714,16-32,,,,FN
7798,7798.jpg,1,swimmer,,"[2282, 1056, 35, 29]",31.85906464414798,16-32,,,,FN
7799,7799.jpg,1,swimmer,,"[2047, 1218, 33, 55]",42.60281680828159,32-64,,,,FN
7799,7799.jpg,1,swimmer,,"[2259, 1047, 22, 35]",27.748873851023216,16-32,,,,FN
7799,7799.jpg,1,swimmer,,"[2283, 1057, 30, 26]",27.92848008753788,16-32,,,,FN
7800,7800.jpg,1,swimmer,,"[2223, 988, 30, 21]",25.099800796022265,16-32,,,,FN
7800,7800.jpg,1,swimmer,,"[2631, 1853, 55, 39]",46.314144707637645,32-64,,,,FN
7800,7800.jpg,1,swimmer,,"[2260, 1047, 22, 35]",27.748873851023216,16-32,,,,FN
7800,7800.jpg,1,swimmer,,"[2286, 1055, 30, 30]",30.0,16-32,,,,FN
7801,7801.jpg,1,swimmer,,"[2223, 986, 31, 23]",26.70205984563738,16-32,,,,FN
7801,7801.jpg,1,swimmer,,"[2461, 1765, 32, 25]",28.284271247461902,16-32,,,,FN
7801,7801.jpg,1,swimmer,,"[2262, 1047, 24, 30]",26.832815729997478,16-32,,,,FN
7801,7801.jpg,1,swimmer,,"[2288, 1051, 27, 27]",27.0,16-32,,,,FN
7802,7802.jpg,1,swimmer,,"[2267, 1044, 26, 26]",26.0,16-32,,,,FN
7802,7802.jpg,1,swimmer,,"[2293, 1046, 23, 26]",24.454038521274967,16-32,,,,FN
7803,7803.jpg,1,swimmer,,"[2228, 975, 34, 24]",28.5657137141714,16-32,,,,FN
7803,7803.jpg,1,swimmer,,"[2468, 1777, 32, 24]",27.712812921102035,16-32,,,,FN
7803,7803.jpg,1,swimmer,,"[2270, 1046, 25, 27]",25.98076211353316,16-32,,,,FN
7803,7803.jpg,1,swimmer,,"[2295, 1040, 26, 35]",30.166206257996713,16-32,,,,FN
7804,7804.jpg,1,swimmer,,"[2480, 1785, 34, 24]",28.5657137141714,16-32,,,,FN
7804,7804.jpg,1,swimmer,,"[2279, 1052, 21, 23]",21.97726097583591,16-32,,,,FN
7804,7804.jpg,1,swimmer,,"[2308, 1042, 22, 31]",26.115129714401192,16-32,,,,FN
7805,7805.jpg,1,swimmer,,"[2050, 1485, 43, 37]",39.88734135035826,32-64,,,,FN
7805,7805.jpg,1,swimmer,,"[2288, 1051, 22, 22]",22.0,16-32,,,,FN
7805,7805.jpg,1,swimmer,,"[2322, 1046, 21, 30]",25.099800796022265,16-32,,,,FN
7806,7806.jpg,1,swimmer,,"[2034, 1220, 39, 60]",48.373546489791295,32-64,,,,FN
7806,7806.jpg,1,swimmer,,"[2250, 1052, 21, 23]",21.97726097583591,16-32,,,,FN
7806,7806.jpg,1,swimmer,,"[2288, 1047, 21, 24]",22.44994432064365,16-32,,,,FN
8115,8115.jpg,1,swimmer,,"[2064, 231, 187, 83]",124.58330546265017,>64,,,,FN
8116,8116.jpg,1,swimmer,,"[2080, 0, 190, 76]",120.16655108639841,>64,,,,FN
8116,8116.jpg,5,buoy,,"[2479, 128, 52, 69]",59.89991652748775,32-64,,,,FN
8116,8116.jpg,3,jetski,,"[1942, 337, 130, 55]",84.55767262643882,>64,,,,FN
8116,8116.jpg,1,swimmer,,"[2384, 489, 20, 26]",22.80350850198276,16-32,,,,FN
8116,8116.jpg,1,swimmer,,"[2452, 599, 33, 23]",27.54995462791182,16-32,,,,FN
8116,8116.jpg,1,swimmer,,"[2292, 501, 29, 23]",25.826343140289914,16-32,,,,FN
8116,8116.jpg,1,swimmer,,"[2208, 506, 27, 24]",25.45584412271571,16-32,,,,FN
8116,8116.jpg,1,swimmer,,"[1985, 541, 53, 30]",39.87480407475377,32-64,,,,FN
8116,8116.jpg,1,swimmer,,"[2981, 985, 49, 62]",55.11805511808268,32-64,,,,FN
8116,8116.jpg,1,swimmer,,"[2678, 1019, 31, 31]",31.0,16-32,,,,FN
8116,8116.jpg,1,swimmer,,"[3132, 1156, 100, 73]",85.44003745317531,>64,,,,FN
8116,8116.jpg,1,swimmer,,"[2564, 983, 37, 33]",34.942810419312295,32-64,,,,FN
8117,8117.jpg,1,swimmer,,"[2472, 74, 27, 27]",27.0,16-32,,,,FN
8117,8117.jpg,1,swimmer,,"[2571, 486, 39, 40]",39.496835316262995,32-64,,,,FN
8618,8618.jpg,4,life_saving_appliances,,"[2220, 1012, 15, 19]",16.881943016134134,16-32,,,,FN
8618,8618.jpg,4,life_saving_appliances,,"[2260, 1417, 27, 17]",21.42428528562855,16-32,,,,FN
8619,8619.jpg,1,swimmer,,"[2276, 1393, 31, 35]",32.93933818400121,32-64,,,,FN
8619,8619.jpg,4,life_saving_appliances,,"[2216, 1014, 15, 18]",16.431676725154983,16-32,,,,FN
8619,8619.jpg,4,life_saving_appliances,,"[2257, 1419, 28, 18]",22.44994432064365,16-32,,,,FN
8620,8620.jpg,1,swimmer,,"[2046, 807, 39, 29]",33.63034344160047,32-64,,,,FN
8620,8620.jpg,1,swimmer,,"[2273, 1412, 29, 28]",28.495613697550013,16-32,,,,FN
8620,8620.jpg,1,swimmer,,"[2006, 1062, 62, 49]",55.11805511808268,32-64,,,,FN
8620,8620.jpg,4,life_saving_appliances,,"[2215, 1027, 15, 18]",16.431676725154983,16-32,,,,FN
8620,8620.jpg,4,life_saving_appliances,,"[2256, 1430, 25, 18]",21.213203435596427,16-32,,,,FN
8621,8621.jpg,1,swimmer,,"[2270, 1435, 28, 27]",27.49545416973504,16-32,,,,FN
8621,8621.jpg,4,life_saving_appliances,,"[2207, 1053, 17, 17]",17.0,16-32,,,,FN
8621,8621.jpg,4,life_saving_appliances,,"[2249, 1454, 26, 18]",21.633307652783937,16-32,,,,FN
8622,8622.jpg,1,swimmer,,"[2266, 1455, 32, 31]",31.496031496047245,16-32,,,,FN
8622,8622.jpg,4,life_saving_appliances,,"[2209, 1074, 18, 17]",17.4928556845359,16-32,,,,FN
8622,8622.jpg,4,life_saving_appliances,,"[2245, 1472, 29, 19]",23.473389188611005,16-32,,,,FN
8623,8623.jpg,1,swimmer,,"[2328, 1011, 33, 39]",35.874782229304195,32-64,,,,FN
8623,8623.jpg,1,swimmer,,"[2267, 1499, 32, 33]",32.49615361854384,32-64,,,,FN
8623,8623.jpg,4,life_saving_appliances,,"[2210, 1121, 18, 18]",18.0,16-32,,,,FN
8624,8624.jpg,1,swimmer,,"[2061, 1161, 28, 28]",28.0,16-32,,,,FN
8624,8624.jpg,1,swimmer,,"[2268, 1542, 31, 29]",29.9833287011299,16-32,,,,FN
8624,8624.jpg,4,life_saving_appliances,,"[2208, 1169, 18, 17]",17.4928556845359,16-32,,,,FN
8625,8625.jpg,1,swimmer,,"[2325, 1059, 33, 39]",35.874782229304195,32-64,,,,FN
8625,8625.jpg,4,life_saving_appliances,,"[2207, 1180, 18, 17]",17.4928556845359,16-32,,,,FN
8626,8626.jpg,1,swimmer,,"[2392, 1088, 24, 34]",28.5657137141714,16-32,,,,FN
8626,8626.jpg,1,swimmer,,"[2314, 1565, 31, 35]",32.93933818400121,32-64,,,,FN
8626,8626.jpg,4,life_saving_appliances,,"[2263, 1201, 18, 17]",17.4928556845359,16-32,,,,FN
8626,8626.jpg,4,life_saving_appliances,,"[2292, 1590, 28, 23]",25.37715508089904,16-32,,,,FN
8627,8627.jpg,1,swimmer,,"[2185, 974, 39, 29]",33.63034344160047,32-64,,,,FN
8627,8627.jpg,1,swimmer,,"[2345, 1596, 36, 40]",37.94733192202055,32-64,,,,FN
8627,8627.jpg,4,life_saving_appliances,,"[2320, 1228, 20, 18]",18.973665961010276,16-32,,,,FN
8627,8627.jpg,4,life_saving_appliances,,"[2325, 1618, 28, 20]",23.664319132398465,16-32,,,,FN
8628,8628.jpg,1,swimmer,,"[2217, 1211, 24, 25]",24.49489742783178,16-32,,,,FN
8628,8628.jpg,1,swimmer,,"[2496, 1164, 22, 29]",25.25866188063018,16-32,,,,FN
8628,8628.jpg,1,swimmer,,"[2357, 1624, 33, 30]",31.464265445104548,16-32,,,,FN
8628,8628.jpg,4,life_saving_appliances,,"[2332, 1643, 29, 20]",24.08318915758459,16-32,,,,FN
8629,8629.jpg,1,swimmer,,"[2239, 1220, 24, 25]",24.49489742783178,16-32,,,,FN
8629,8629.jpg,1,swimmer,,"[2522, 1200, 20, 25]",22.360679774997898,16-32,,,,FN
8629,8629.jpg,1,swimmer,,"[2348, 1652, 29, 25]",26.92582403567252,16-32,,,,FN
8629,8629.jpg,4,life_saving_appliances,,"[2319, 1660, 30, 20]",24.49489742783178,16-32,,,,FN
8630,8630.jpg,1,swimmer,,"[2251, 1227, 26, 27]",26.49528259898354,16-32,,,,FN
8630,8630.jpg,1,swimmer,,"[2537, 1231, 23, 29]",25.826343140289914,16-32,,,,FN
8630,8630.jpg,1,swimmer,,"[2003, 1734, 43, 29]",35.31288716601915,32-64,,,,FN
8630,8630.jpg,1,swimmer,,"[2324, 1663, 31, 26]",28.39013913315678,16-32,,,,FN
8630,8630.jpg,4,life_saving_appliances,,"[2383, 1301, 22, 16]",18.76166303929372,16-32,,,,FN
8630,8630.jpg,4,life_saving_appliances,,"[2296, 1672, 29, 19]",23.473389188611005,16-32,,,,FN
8631,8631.jpg,1,swimmer,,"[2260, 1233, 29, 30]",29.49576240750525,16-32,,,,FN
8631,8631.jpg,1,swimmer,,"[2293, 1667, 41, 29]",34.48187929913333,32-64,,,,FN
8631,8631.jpg,4,life_saving_appliances,,"[2386, 1319, 22, 16]",18.76166303929372,16-32,,,,FN
8631,8631.jpg,4,life_saving_appliances,,"[2266, 1673, 31, 22]",26.115129714401192,16-32,,,,FN
8632,8632.jpg,1,swimmer,,"[2269, 1670, 33, 25]",28.722813232690143,16-32,,,,FN
8632,8632.jpg,1,swimmer,,"[1899, 1386, 56, 48]",51.84592558726288,32-64,,,,FN
8632,8632.jpg,4,life_saving_appliances,,"[2389, 1334, 22, 16]",18.76166303929372,16-32,,,,FN
8632,8632.jpg,4,life_saving_appliances,,"[2238, 1670, 30, 23]",26.267851073127396,16-32,,,,FN
8633,8633.jpg,1,swimmer,,"[2288, 1243, 31, 32]",31.496031496047245,16-32,,,,FN
8633,8633.jpg,1,swimmer,,"[2242, 1668, 30, 25]",27.386127875258307,16-32,,,,FN
8633,8633.jpg,4,life_saving_appliances,,"[2391, 1345, 22, 16]",18.76166303929372,16-32,,,,FN
8633,8633.jpg,4,life_saving_appliances,,"[2210, 1666, 31, 24]",27.27636339397171,16-32,,,,FN
8634,8634.jpg,1,swimmer,,"[2301, 1245, 28, 31]",29.46183972531247,16-32,,,,FN
8634,8634.jpg,1,swimmer,,"[2205, 1663, 37, 22]",28.53068523537421,16-32,,,,FN
8634,8634.jpg,4,life_saving_appliances,,"[2395, 1357, 22, 15]",18.16590212458495,16-32,,,,FN
8634,8634.jpg,4,life_saving_appliances,,"[2183, 1653, 30, 24]",26.832815729997478,16-32,,,,FN
8635,8635.jpg,1,swimmer,,"[2317, 1249, 28, 31]",29.46183972531247,16-32,,,,FN
8635,8635.jpg,1,swimmer,,"[2185, 1649, 35, 21]",27.110883423451916,16-32,,,,FN
8635,8635.jpg,4,life_saving_appliances,,"[2160, 1637, 31, 24]",27.27636339397171,16-32,,,,FN
8636,8636.jpg,1,swimmer,,"[1743, 1315, 44, 44]",44.0,32-64,,,,FN
8636,8636.jpg,1,swimmer,,"[2331, 1256, 27, 27]",27.0,16-32,,,,FN
8636,8636.jpg,1,swimmer,,"[2167, 1634, 35, 21]",27.110883423451916,16-32,,,,FN
8636,8636.jpg,4,life_saving_appliances,,"[2406, 1379, 22, 16]",18.76166303929372,16-32,,,,FN
8636,8636.jpg,4,life_saving_appliances,,"[2143, 1620, 30, 24]",26.832815729997478,16-32,,,,FN
8637,8637.jpg,1,swimmer,,"[1776, 1265, 44, 44]",44.0,32-64,,,,FN
8637,8637.jpg,1,swimmer,,"[2597, 1424, 34, 39]",36.41428291206625,32-64,,,,FN
8637,8637.jpg,1,swimmer,,"[2356, 1262, 32, 26]",28.844410203711913,16-32,,,,FN
8637,8637.jpg,1,swimmer,,"[2161, 1623, 34, 20]",26.076809620810597,16-32,,,,FN
8637,8637.jpg,1,swimmer,,"[1955, 1199, 38, 47]",42.261093218230876,32-64,,,,FN
8637,8637.jpg,4,life_saving_appliances,,"[2137, 1605, 29, 23]",25.826343140289914,16-32,,,,FN
8638,8638.jpg,1,swimmer,,"[1814, 1213, 44, 44]",44.0,32-64,,,,FN
8638,8638.jpg,1,swimmer,,"[2158, 1607, 36, 21]",27.49545416973504,16-32,,,,FN
8638,8638.jpg,4,life_saving_appliances,,"[2435, 1405, 21, 18]",19.44222209522358,16-32,,,,FN
8638,8638.jpg,4,life_saving_appliances,,"[2138, 1584, 24, 28]",25.92296279363144,16-32,,,,FN
8639,8639.jpg,1,swimmer,,"[2625, 1494, 40, 40]",40.0,32-64,,,,FN
8639,8639.jpg,1,swimmer,,"[2424, 1280, 33, 28]",30.397368307141328,16-32,,,,FN
8639,8639.jpg,1,swimmer,,"[2162, 1592, 44, 22]",31.11269837220809,16-32,,,,FN
8639,8639.jpg,4,life_saving_appliances,,"[2457, 1420, 21, 19]",19.974984355438178,16-32,,,,FN
8639,8639.jpg,4,life_saving_appliances,,"[2144, 1565, 22, 28]",24.819347291981714,16-32,,,,FN
8640,8640.jpg,1,swimmer,,"[1931, 1130, 35, 43]",38.79432948254165,32-64,,,,FN
8640,8640.jpg,1,swimmer,,"[2638, 1538, 40, 40]",40.0,32-64,,,,FN
8640,8640.jpg,1,swimmer,,"[2476, 1302, 28, 26]",26.981475126464083,16-32,,,,FN
8640,8640.jpg,1,swimmer,,"[1931, 1330, 33, 34]",33.49626844888845,32-64,,,,FN
8640,8640.jpg,1,swimmer,,"[2176, 1578, 46, 25]",33.91164991562634,32-64,,,,FN
8640,8640.jpg,4,life_saving_appliances,,"[2485, 1440, 21, 20]",20.493901531919196,16-32,,,,FN
8640,8640.jpg,4,life_saving_appliances,,"[2158, 1550, 21, 29]",24.677925358506133,16-32,,,,FN
8641,8641.jpg,1,swimmer,,"[2531, 1332, 26, 25]",25.495097567963924,16-32,,,,FN
8641,8641.jpg,1,swimmer,,"[2192, 1568, 48, 24]",33.94112549695428,32-64,,,,FN
8641,8641.jpg,4,life_saving_appliances,,"[2178, 1537, 22, 29]",25.25866188063018,16-32,,,,FN
8642,8642.jpg,1,swimmer,,"[2583, 1368, 27, 26]",26.49528259898354,16-32,,,,FN
8642,8642.jpg,1,swimmer,,"[2218, 1551, 29, 27]",27.982137159266443,16-32,,,,FN
8642,8642.jpg,1,swimmer,,"[2429, 1227, 38, 25]",30.822070014844883,16-32,,,,FN
8642,8642.jpg,4,life_saving_appliances,,"[2552, 1502, 21, 21]",21.0,16-32,,,,FN
8642,8642.jpg,4,life_saving_appliances,,"[2203, 1529, 22, 26]",23.916521486202797,16-32,,,,FN
8643,8643.jpg,1,swimmer,,"[2635, 1417, 23, 22]",22.494443758403985,16-32,,,,FN
8643,8643.jpg,1,swimmer,,"[2245, 1549, 29, 32]",30.463092423455635,16-32,,,,FN
8643,8643.jpg,5,buoy,,"[3258, 1998, 60, 57]",58.48076606885378,32-64,,,,FN
8643,8643.jpg,4,life_saving_appliances,,"[2584, 1540, 20, 21]",20.493901531919196,16-32,,,,FN
8643,8643.jpg,4,life_saving_appliances,,"[2233, 1524, 22, 27]",24.372115213907882,16-32,,,,FN
8644,8644.jpg,1,swimmer,,"[2678, 1473, 27, 24]",25.45584412271571,16-32,,,,FN
8644,8644.jpg,1,swimmer,,"[2277, 1550, 33, 41]",36.78314831549904,32-64,,,,FN
8644,8644.jpg,1,swimmer,,"[2567, 1295, 34, 36]",34.9857113690718,32-64,,,,FN
8644,8644.jpg,4,life_saving_appliances,,"[2266, 1527, 22, 28]",24.819347291981714,16-32,,,,FN
8644,8644.jpg,3,jetski,,"[232, 169, 39, 92]",59.89991652748775,32-64,,,,FN
8644,8644.jpg,5,buoy,,"[3233, 2127, 62, 33]",45.232731511594565,32-64,,,,FN
8645,8645.jpg,1,swimmer,,"[2715, 1533, 28, 25]",26.457513110645905,16-32,,,,FN
8645,8645.jpg,1,swimmer,,"[2309, 1556, 33, 47]",39.382737335030434,32-64,,,,FN
8645,8645.jpg,4,life_saving_appliances,,"[2634, 1633, 19, 20]",19.493588689617926,16-32,,,,FN
8645,8645.jpg,4,life_saving_appliances,,"[2302, 1532, 22, 28]",24.819347291981714,16-32,,,,FN
8645,8645.jpg,3,jetski,,"[488, 0, 44, 91]",63.2771680782255,32-64,,,,FN
8646,8646.jpg,1,swimmer,,"[2743, 1598, 35, 25]",29.58039891549808,16-32,,,,FN
8646,8646.jpg,1,swimmer,,"[2341, 1569, 26, 41]",32.64965543462902,32-64,,,,FN
8646,8646.jpg,4,life_saving_appliances,,"[2653, 1683, 19, 21]",19.974984355438178,16-32,,,,FN
8646,8646.jpg,4,life_saving_appliances,,"[2338, 1544, 23, 28]",25.37715508089904,16-32,,,,FN
8647,8647.jpg,1,swimmer,,"[2568, 1114, 32, 33]",32.49615361854384,32-64,,,,FN
8647,8647.jpg,4,life_saving_appliances,,"[2665, 1734, 21, 21]",21.0,16-32,,,,FN
8647,8647.jpg,4,life_saving_appliances,,"[2371, 1561, 25, 28]",26.457513110645905,16-32,,,,FN
8648,8648.jpg,1,swimmer,,"[2660, 1162, 35, 33]",33.98529093593286,32-64,,,,FN
8648,8648.jpg,1,swimmer,,"[2392, 1602, 28, 51]",37.78888725538237,32-64,,,,FN
8648,8648.jpg,1,swimmer,,"[2804, 1524, 45, 25]",33.54101966249684,32-64,,,,FN
8648,8648.jpg,4,life_saving_appliances,,"[2670, 1787, 23, 21]",21.97726097583591,16-32,,,,FN
8648,8648.jpg,4,life_saving_appliances,,"[2400, 1580, 27, 27]",27.0,16-32,,,,FN
8649,8649.jpg,1,swimmer,,"[2804, 1798, 31, 25]",27.83882181415011,16-32,,,,FN
8649,8649.jpg,1,swimmer,,"[2421, 1622, 23, 38]",29.563490998188964,16-32,,,,FN
8649,8649.jpg,1,swimmer,,"[2848, 1605, 45, 32]",37.94733192202055,32-64,,,,FN
8649,8649.jpg,4,life_saving_appliances,,"[2673, 1839, 22, 21]",21.494185260204677,16-32,,,,FN
8649,8649.jpg,4,life_saving_appliances,,"[2429, 1601, 29, 26]",27.459060435491963,16-32,,,,FN
8649,8649.jpg,1,swimmer,,"[2752, 1219, 34, 35]",34.49637662132068,32-64,,,,FN
8650,8650.jpg,1,swimmer,,"[2801, 1847, 33, 26]",29.29163703175362,16-32,,,,FN
8650,8650.jpg,1,swimmer,,"[2426, 1634, 26, 46]",34.583232931581165,32-64,,,,FN
8650,8650.jpg,4,life_saving_appliances,,"[2666, 1873, 24, 21]",22.44994432064365,16-32,,,,FN
8650,8650.jpg,4,life_saving_appliances,,"[2439, 1616, 29, 25]",26.92582403567252,16-32,,,,FN
8651,8651.jpg,1,swimmer,,"[2408, 1629, 27, 49]",36.373066958946424,32-64,,,,FN
8651,8651.jpg,4,life_saving_appliances,,"[2639, 1873, 24, 20]",21.908902300206645,16-32,,,,FN
8651,8651.jpg,4,life_saving_appliances,,"[2421, 1610, 30, 26]",27.92848008753788,16-32,,,,FN
8651,8651.jpg,1,swimmer,,"[2810, 1281, 32, 22]",26.5329983228432,16-32,,,,FN
8652,8652.jpg,1,swimmer,,"[2356, 1609, 27, 38]",32.03123475609393,32-64,,,,FN
8652,8652.jpg,4,life_saving_appliances,,"[2371, 1592, 31, 24]",27.27636339397171,16-32,,,,FN
8653,8653.jpg,1,swimmer,,"[2306, 1584, 31, 33]",31.984371183438952,16-32,,,,FN
8653,8653.jpg,4,life_saving_appliances,,"[2532, 1825, 26, 20]",22.80350850198276,16-32,,,,FN
8653,8653.jpg,4,life_saving_appliances,,"[2323, 1567, 29, 25]",26.92582403567252,16-32,,,,FN
8654,8654.jpg,1,swimmer,,"[2270, 1563, 28, 40]",33.46640106136302,32-64,,,,FN
8654,8654.jpg,4,life_saving_appliances,,"[2287, 1544, 29, 26]",27.459060435491963,16-32,,,,FN
8655,8655.jpg,1,swimmer,,"[2258, 1549, 27, 50]",36.742346141747674,32-64,,,,FN
8655,8655.jpg,1,swimmer,,"[2671, 1212, 28, 24]",25.92296279363144,16-32,,,,FN
8655,8655.jpg,4,life_saving_appliances,,"[2473, 1789, 22, 19]",20.445048300260872,16-32,,,,FN
8655,8655.jpg,4,life_saving_appliances,,"[2273, 1532, 28, 24]",25.92296279363144,16-32,,,,FN
8656,8656.jpg,1,swimmer,,"[2252, 1540, 31, 37]",33.8673884437522,32-64,,,,FN
8656,8656.jpg,1,swimmer,,"[2694, 1633, 31, 23]",26.70205984563738,16-32,,,,FN
8656,8656.jpg,1,swimmer,,"[2671, 1206, 23, 25]",23.979157616563597,16-32,,,,FN
8656,8656.jpg,4,life_saving_appliances,,"[2470, 1780, 22, 20]",20.97617696340303,16-32,,,,FN
8656,8656.jpg,4,life_saving_appliances,,"[2271, 1525, 28, 24]",25.92296279363144,16-32,,,,FN
8657,8657.jpg,1,swimmer,,"[2250, 1538, 32, 34]",32.984845004941285,32-64,,,,FN
8657,8657.jpg,4,life_saving_appliances,,"[2466, 1774, 23, 19]",20.904544960366874,16-32,,,,FN
8657,8657.jpg,4,life_saving_appliances,,"[2270, 1518, 28, 26]",26.981475126464083,16-32,,,,FN
8658,8658.jpg,1,swimmer,,"[2247, 1538, 32, 42]",36.66060555964672,32-64,,,,FN
8658,8658.jpg,4,life_saving_appliances,,"[2265, 1518, 28, 26]",26.981475126464083,16-32,,,,FN
8659,8659.jpg,1,swimmer,,"[2244, 1540, 32, 48]",39.191835884530846,32-64,,,,FN
8659,8659.jpg,4,life_saving_appliances,,"[2264, 1522, 27, 25]",25.98076211353316,16-32,,,,FN
8660,8660.jpg,1,swimmer,,"[2245, 1528, 25, 38]",30.822070014844883,16-32,,,,FN
8660,8660.jpg,1,swimmer,,"[2697, 1627, 26, 31]",28.39013913315678,16-32,,,,FN
8660,8660.jpg,1,swimmer,,"[2675, 1209, 23, 25]",23.979157616563597,16-32,,,,FN
8660,8660.jpg,4,life_saving_appliances,,"[2458, 1745, 21, 19]",19.974984355438178,16-32,,,,FN
8660,8660.jpg,4,life_saving_appliances,,"[2262, 1512, 28, 22]",24.819347291981714,16-32,,,,FN
8661,8661.jpg,1,swimmer,,"[2228, 1496, 24, 36]",29.393876913398138,16-32,,,,FN
8661,8661.jpg,1,swimmer,,"[2963, 1446, 58, 30]",41.71330722922842,32-64,,,,FN
8661,8661.jpg,4,life_saving_appliances,,"[2440, 1704, 22, 19]",20.445048300260872,16-32,,,,FN
8661,8661.jpg,4,life_saving_appliances,,"[2244, 1481, 28, 21]",24.24871130596428,16-32,,,,FN
8662,8662.jpg,1,swimmer,,"[2527, 1643, 28, 25]",26.457513110645905,16-32,,,,FN
8662,8662.jpg,1,swimmer,,"[2202, 1440, 22, 33]",26.94438717061496,16-32,,,,FN
8662,8662.jpg,1,swimmer,,"[2961, 1395, 36, 26]",30.59411708155671,16-32,,,,FN
8662,8662.jpg,4,life_saving_appliances,,"[2410, 1637, 21, 18]",19.44222209522358,16-32,,,,FN
8662,8662.jpg,4,life_saving_appliances,,"[2216, 1424, 28, 21]",24.24871130596428,16-32,,,,FN
8663,8663.jpg,1,swimmer,,"[2508, 1602, 27, 24]",25.45584412271571,16-32,,,,FN
8663,8663.jpg,1,swimmer,,"[2186, 1404, 20, 31]",24.899799195977465,16-32,,,,FN
8663,8663.jpg,4,life_saving_appliances,,"[2392, 1594, 21, 18]",19.44222209522358,16-32,,,,FN
8663,8663.jpg,4,life_saving_appliances,,"[2199, 1387, 26, 19]",22.22611077089287,16-32,,,,FN
8664,8664.jpg,1,swimmer,,"[2184, 1400, 21, 32]",25.92296279363144,16-32,,,,FN
8664,8664.jpg,4,life_saving_appliances,,"[2393, 1587, 21, 18]",19.44222209522358,16-32,,,,FN
8664,8664.jpg,4,life_saving_appliances,,"[2198, 1388, 25, 18]",21.213203435596427,16-32,,,,FN
8665,8665.jpg,1,swimmer,,"[2181, 1405, 25, 37]",30.4138126514911,16-32,,,,FN
8665,8665.jpg,4,life_saving_appliances,,"[2390, 1586, 21, 18]",19.44222209522358,16-32,,,,FN
8665,8665.jpg,4,life_saving_appliances,,"[2192, 1390, 25, 20]",22.360679774997898,16-32,,,,FN
8666,8666.jpg,1,swimmer,,"[2177, 1411, 25, 52]",36.05551275463989,32-64,,,,FN
8666,8666.jpg,4,life_saving_appliances,,"[2389, 1590, 20, 18]",18.973665961010276,16-32,,,,FN
8666,8666.jpg,4,life_saving_appliances,,"[2188, 1395, 25, 19]",21.79449471770337,16-32,,,,FN
8667,8667.jpg,1,swimmer,,"[2176, 1415, 22, 44]",31.11269837220809,16-32,,,,FN
8667,8667.jpg,4,life_saving_appliances,,"[2390, 1594, 21, 18]",19.44222209522358,16-32,,,,FN
8667,8667.jpg,4,life_saving_appliances,,"[2187, 1398, 25, 20]",22.360679774997898,16-32,,,,FN
8668,8668.jpg,1,swimmer,,"[2173, 1415, 24, 46]",33.2264954516723,32-64,,,,FN
8668,8668.jpg,4,life_saving_appliances,,"[2182, 1399, 26, 22]",23.916521486202797,16-32,,,,FN
8669,8669.jpg,4,life_saving_appliances,,"[2176, 1399, 28, 23]",25.37715508089904,16-32,,,,FN
8670,8670.jpg,1,swimmer,,"[2166, 1403, 25, 49]",35.0,32-64,,,,FN
8670,8670.jpg,4,life_saving_appliances,,"[2170, 1384, 29, 26]",27.459060435491963,16-32,,,,FN
8671,8671.jpg,1,swimmer,,"[2453, 1573, 35, 31]",32.93933818400121,32-64,,,,FN
8671,8671.jpg,1,swimmer,,"[2134, 1381, 24, 47]",33.58571124749333,32-64,,,,FN
8671,8671.jpg,4,life_saving_appliances,,"[2139, 1360, 28, 26]",26.981475126464083,16-32,,,,FN
8672,8672.jpg,1,swimmer,,"[2393, 1533, 30, 29]",29.49576240750525,16-32,,,,FN
8672,8672.jpg,1,swimmer,,"[2276, 1071, 34, 20]",26.076809620810597,16-32,,,,FN
8672,8672.jpg,1,swimmer,,"[2081, 1349, 21, 45]",30.740852297878796,16-32,,,,FN
8672,8672.jpg,1,swimmer,,"[2515, 1021, 24, 29]",26.38181191654584,16-32,,,,FN
8672,8672.jpg,4,life_saving_appliances,,"[2084, 1329, 27, 27]",27.0,16-32,,,,FN
8673,8673.jpg,1,swimmer,,"[2037, 1321, 22, 50]",33.166247903554,32-64,,,,FN
8673,8673.jpg,4,life_saving_appliances,,"[2040, 1300, 26, 27]",26.49528259898354,16-32,,,,FN
8674,8674.jpg,1,swimmer,,"[2331, 1482, 36, 28]",31.74901573277509,16-32,,,,FN
8674,8674.jpg,1,swimmer,,"[2026, 1310, 25, 35]",29.58039891549808,16-32,,,,FN
8674,8674.jpg,4,life_saving_appliances,,"[2033, 1288, 25, 27]",25.98076211353316,16-32,,,,FN
8675,8675.jpg,1,swimmer,,"[2050, 1304, 27, 37]",31.606961258558215,16-32,,,,FN
8675,8675.jpg,1,swimmer,,"[2480, 971, 25, 27]",25.98076211353316,16-32,,,,FN
8675,8675.jpg,4,life_saving_appliances,,"[2058, 1283, 23, 26]",24.454038521274967,16-32,,,,FN
8676,8676.jpg,1,swimmer,,"[2080, 1306, 25, 41]",32.01562118716424,32-64,,,,FN
8676,8676.jpg,1,swimmer,,"[2510, 973, 23, 28]",25.37715508089904,16-32,,,,FN
8676,8676.jpg,4,life_saving_appliances,,"[2091, 1285, 23, 26]",24.454038521274967,16-32,,,,FN
8677,8677.jpg,1,swimmer,,"[2114, 1309, 23, 44]",31.811947441173732,16-32,,,,FN
8677,8677.jpg,4,life_saving_appliances,,"[2121, 1288, 22, 26]",23.916521486202797,16-32,,,,FN
8677,8677.jpg,1,swimmer,,"[2555, 1442, 29, 22]",25.25866188063018,16-32,,,,FN
9216,9216.jpg,1,swimmer,,"[1943, 671, 88, 38]",57.82732917920384,32-64,,,,FN
9218,9218.jpg,4,life_saving_appliances,,"[2366, 1137, 31, 18]",23.62202362203543,16-32,,,,FN
9219,9219.jpg,1,swimmer,,"[1922, 779, 77, 30]",48.062459362791664,32-64,,,,FN
9219,9219.jpg,4,life_saving_appliances,,"[2455, 997, 35, 22]",27.748873851023216,16-32,,,,FN
9220,9220.jpg,1,swimmer,,"[1952, 835, 35, 26]",30.166206257996713,16-32,,,,FN
9220,9220.jpg,4,life_saving_appliances,,"[2451, 1039, 32, 23]",27.129319932501073,16-32,,,,FN
9221,9221.jpg,1,swimmer,,"[1859, 871, 40, 30]",34.64101615137755,32-64,,,,FN
9221,9221.jpg,1,swimmer,,"[1924, 850, 39, 30]",34.20526275297414,32-64,,,,FN
9221,9221.jpg,4,life_saving_appliances,,"[2440, 1084, 34, 22]",27.349588662354687,16-32,,,,FN
9222,9222.jpg,1,swimmer,,"[1952, 899, 40, 25]",31.622776601683793,16-32,,,,FN
9222,9222.jpg,4,life_saving_appliances,,"[2350, 1344, 45, 29]",36.124783736376884,32-64,,,,FN
9222,9222.jpg,4,life_saving_appliances,,"[2355, 1301, 30, 19]",23.874672772626646,16-32,,,,FN
9222,9222.jpg,1,swimmer,,"[1918, 886, 43, 33]",37.66961640367472,32-64,,,,FN
9222,9222.jpg,4,life_saving_appliances,,"[2428, 1130, 33, 20]",25.69046515733026,16-32,,,,FN
9223,9223.jpg,4,life_saving_appliances,,"[2344, 1386, 47, 29]",36.91882988394946,32-64,,,,FN
9223,9223.jpg,4,life_saving_appliances,,"[2351, 1338, 29, 24]",26.38181191654584,16-32,,,,FN
9223,9223.jpg,1,swimmer,,"[1921, 926, 32, 31]",31.496031496047245,16-32,,,,FN
9223,9223.jpg,4,life_saving_appliances,,"[2422, 1171, 32, 23]",27.129319932501073,16-32,,,,FN
9224,9224.jpg,4,life_saving_appliances,,"[2341, 1588, 45, 30]",36.742346141747674,32-64,,,,FN
9224,9224.jpg,1,swimmer,,"[1905, 1125, 45, 32]",37.94733192202055,32-64,,,,FN
9224,9224.jpg,4,life_saving_appliances,,"[2407, 1371, 36, 25]",30.0,16-32,,,,FN
9224,9224.jpg,1,swimmer,,"[2372, 1504, 35, 41]",37.881393849751625,32-64,,,,FN
9224,9224.jpg,4,life_saving_appliances,,"[2345, 1539, 32, 23]",27.129319932501073,16-32,,,,FN
9225,9225.jpg,4,life_saving_appliances,,"[2340, 1588, 45, 30]",36.742346141747674,32-64,,,,FN
9225,9225.jpg,1,swimmer,,"[1914, 1131, 30, 25]",27.386127875258307,16-32,,,,FN
9225,9225.jpg,4,life_saving_appliances,,"[2403, 1371, 37, 25]",30.4138126514911,16-32,,,,FN
9225,9225.jpg,1,swimmer,,"[2372, 1510, 36, 31]",33.406586176980134,32-64,,,,FN
9225,9225.jpg,4,life_saving_appliances,,"[2344, 1536, 31, 25]",27.83882181415011,16-32,,,,FN
9226,9226.jpg,1,swimmer,,"[1845, 1047, 46, 23]",32.526911934581186,32-64,,,,FN
9226,9226.jpg,1,swimmer,,"[1952, 1032, 31, 31]",31.0,16-32,,,,FN
9226,9226.jpg,4,life_saving_appliances,,"[2333, 1482, 43, 29]",35.31288716601915,32-64,,,,FN
9226,9226.jpg,1,swimmer,,"[1908, 1032, 31, 29]",29.9833287011299,16-32,,,,FN
9226,9226.jpg,1,swimmer,,"[2412, 1241, 58, 39]",47.56048780237646,32-64,,,,FN
9226,9226.jpg,4,life_saving_appliances,,"[2398, 1269, 36, 23]",28.77498913987632,16-32,,,,FN
9226,9226.jpg,1,swimmer,,"[2366, 1404, 36, 27]",31.176914536239792,16-32,,,,FN
9226,9226.jpg,4,life_saving_appliances,,"[2339, 1428, 29, 23]",25.826343140289914,16-32,,,,FN
9227,9227.jpg,4,life_saving_appliances,,"[2322, 1441, 44, 29]",35.7211421989835,32-64,,,,FN
9227,9227.jpg,1,swimmer,,"[1895, 993, 40, 31]",35.21363372331802,32-64,,,,FN
9227,9227.jpg,4,life_saving_appliances,,"[2393, 1236, 36, 23]",28.77498913987632,16-32,,,,FN
9227,9227.jpg,1,swimmer,,"[2361, 1369, 33, 31]",31.984371183438952,16-32,,,,FN
9227,9227.jpg,4,life_saving_appliances,,"[2330, 1387, 29, 22]",25.25866188063018,16-32,,,,FN
9228,9228.jpg,1,swimmer,,"[1837, 1003, 40, 21]",28.982753492378876,16-32,,,,FN
9228,9228.jpg,4,life_saving_appliances,,"[2314, 1431, 43, 29]",35.31288716601915,32-64,,,,FN
9228,9228.jpg,1,swimmer,,"[1887, 987, 46, 32]",38.36665218650175,32-64,,,,FN
9228,9228.jpg,4,life_saving_appliances,,"[2385, 1238, 36, 24]",29.393876913398138,16-32,,,,FN
9228,9228.jpg,4,life_saving_appliances,,"[2322, 1379, 30, 23]",26.267851073127396,16-32,,,,FN
9229,9229.jpg,4,life_saving_appliances,,"[2309, 1428, 44, 28]",35.09985754956849,32-64,,,,FN
9229,9229.jpg,4,life_saving_appliances,,"[2374, 1238, 37, 24]",29.79932885150268,16-32,,,,FN
9229,9229.jpg,1,swimmer,,"[2342, 1357, 43, 33]",37.66961640367472,32-64,,,,FN
9229,9229.jpg,4,life_saving_appliances,,"[2315, 1376, 28, 22]",24.819347291981714,16-32,,,,FN
9230,9230.jpg,4,life_saving_appliances,,"[2305, 1429, 44, 28]",35.09985754956849,32-64,,,,FN
9230,9230.jpg,1,swimmer,,"[2383, 1204, 51, 48]",49.47726750741192,32-64,,,,FN
9230,9230.jpg,4,life_saving_appliances,,"[2368, 1241, 35, 23]",28.372521918222215,16-32,,,,FN
9230,9230.jpg,1,swimmer,,"[2342, 1363, 34, 36]",34.9857113690718,32-64,,,,FN
9230,9230.jpg,4,life_saving_appliances,,"[2310, 1375, 30, 23]",26.267851073127396,16-32,,,,FN
9231,9231.jpg,4,life_saving_appliances,,"[2305, 1432, 45, 28]",35.4964786985977,32-64,,,,FN
9231,9231.jpg,1,swimmer,,"[2375, 1211, 53, 47]",49.90991885387112,32-64,,,,FN
9231,9231.jpg,4,life_saving_appliances,,"[2361, 1247, 37, 24]",29.79932885150268,16-32,,,,FN
9231,9231.jpg,4,life_saving_appliances,,"[2310, 1377, 29, 22]",25.25866188063018,16-32,,,,FN
9232,9232.jpg,4,life_saving_appliances,,"[2309, 1432, 44, 28]",35.09985754956849,32-64,,,,FN
9232,9232.jpg,4,life_saving_appliances,,"[2359, 1254, 37, 23]",29.171904291629644,16-32,,,,FN
9232,9232.jpg,4,life_saving_appliances,,"[2313, 1373, 31, 24]",27.27636339397171,16-32,,,,FN
9233,9233.jpg,4,life_saving_appliances,,"[2313, 1432, 43, 29]",35.31288716601915,32-64,,,,FN
9233,9233.jpg,4,life_saving_appliances,,"[2359, 1261, 37, 22]",28.53068523537421,16-32,,,,FN
9233,9233.jpg,1,swimmer,,"[2344, 1369, 35, 37]",35.98610843089316,32-64,,,,FN
9233,9233.jpg,4,life_saving_appliances,,"[2313, 1373, 31, 23]",26.70205984563738,16-32,,,,FN
9234,9234.jpg,4,life_saving_appliances,,"[2313, 1433, 43, 29]",35.31288716601915,32-64,,,,FN
9234,9234.jpg,4,life_saving_appliances,,"[2355, 1265, 38, 23]",29.563490998188964,16-32,,,,FN
9234,9234.jpg,4,life_saving_appliances,,"[2309, 1377, 30, 22]",25.69046515733026,16-32,,,,FN
9235,9235.jpg,4,life_saving_appliances,,"[2313, 1436, 42, 28]",34.292856398964496,32-64,,,,FN
9235,9235.jpg,4,life_saving_appliances,,"[2353, 1269, 38, 23]",29.563490998188964,16-32,,,,FN
9235,9235.jpg,1,swimmer,,"[1872, 968, 24, 32]",27.712812921102035,16-32,,,,FN
9235,9235.jpg,4,life_saving_appliances,,"[2307, 1380, 31, 23]",26.70205984563738,16-32,,,,FN
9236,9236.jpg,1,swimmer,,"[1810, 965, 39, 23]",29.949958263743873,16-32,,,,FN
9236,9236.jpg,4,life_saving_appliances,,"[2311, 1440, 44, 28]",35.09985754956849,32-64,,,,FN
9236,9236.jpg,4,life_saving_appliances,,"[2348, 1271, 38, 23]",29.563490998188964,16-32,,,,FN
9236,9236.jpg,1,swimmer,,"[1870, 959, 24, 33]",28.142494558940577,16-32,,,,FN
9236,9236.jpg,4,life_saving_appliances,,"[2307, 1377, 31, 23]",26.70205984563738,16-32,,,,FN
9237,9237.jpg,1,swimmer,,"[1812, 958, 35, 25]",29.58039891549808,16-32,,,,FN
9237,9237.jpg,4,life_saving_appliances,,"[2313, 1439, 43, 30]",35.91656999213594,32-64,,,,FN
9237,9237.jpg,4,life_saving_appliances,,"[2344, 1274, 37, 23]",29.171904291629644,16-32,,,,FN
9237,9237.jpg,1,swimmer,,"[1863, 955, 30, 26]",27.92848008753788,16-32,,,,FN
9237,9237.jpg,4,life_saving_appliances,,"[2304, 1374, 29, 22]",25.25866188063018,16-32,,,,FN
9238,9238.jpg,1,swimmer,,"[1812, 954, 31, 23]",26.70205984563738,16-32,,,,FN
9238,9238.jpg,4,life_saving_appliances,,"[2312, 1437, 43, 30]",35.91656999213594,32-64,,,,FN
9238,9238.jpg,1,swimmer,,"[2350, 1237, 55, 50]",52.44044240850758,32-64,,,,FN
9238,9238.jpg,4,life_saving_appliances,,"[2335, 1277, 40, 24]",30.983866769659336,16-32,,,,FN
9238,9238.jpg,1,swimmer,,"[1859, 954, 30, 26]",27.92848008753788,16-32,,,,FN
9238,9238.jpg,4,life_saving_appliances,,"[2298, 1372, 30, 22]",25.69046515733026,16-32,,,,FN
9239,9239.jpg,4,life_saving_appliances,,"[2306, 1438, 44, 30]",36.3318042491699,32-64,,,,FN
9239,9239.jpg,4,life_saving_appliances,,"[2293, 1371, 28, 20]",23.664319132398465,16-32,,,,FN
9239,9239.jpg,4,life_saving_appliances,,"[2330, 1282, 38, 23]",29.563490998188964,16-32,,,,FN
9239,9239.jpg,1,swimmer,,"[1808, 952, 45, 29]",36.124783736376884,32-64,,,,FN
9240,9240.jpg,3,jetski,,"[1515, 1082, 52, 114]",76.99350621968063,>64,,,,FN
9240,9240.jpg,4,life_saving_appliances,,"[2093, 1428, 44, 26]",33.823069050575526,32-64,,,,FN
9240,9240.jpg,1,swimmer,,"[2118, 1241, 54, 44]",48.744230427815765,32-64,,,,FN
9240,9240.jpg,4,life_saving_appliances,,"[2104, 1274, 38, 24]",30.199337741083,16-32,,,,FN
9240,9240.jpg,1,swimmer,,"[1689, 914, 29, 35]",31.85906464414798,16-32,,,,FN
9240,9240.jpg,1,swimmer,,"[1637, 962, 32, 28]",29.93325909419153,16-32,,,,FN
9240,9240.jpg,1,swimmer,,"[1580, 966, 32, 28]",29.93325909419153,16-32,,,,FN
9240,9240.jpg,1,swimmer,,"[2097, 1383, 52, 41]",46.17358552246078,32-64,,,,FN
9240,9240.jpg,4,life_saving_appliances,,"[2073, 1356, 30, 23]",26.267851073127396,16-32,,,,FN
9241,9241.jpg,4,life_saving_appliances,,"[1897, 1423, 45, 29]",36.124783736376884,32-64,,,,FN
9241,9241.jpg,4,life_saving_appliances,,"[1903, 1279, 37, 23]",29.171904291629644,16-32,,,,FN
9241,9241.jpg,4,life_saving_appliances,,"[1876, 1356, 32, 24]",27.712812921102035,16-32,,,,FN
9241,9241.jpg,1,swimmer,,"[1898, 1373, 55, 52]",53.47896782848375,32-64,,,,FN
9242,9242.jpg,4,life_saving_appliances,,"[1985, 1429, 44, 27]",34.46737587922817,32-64,,,,FN
9242,9242.jpg,1,swimmer,,"[2008, 1244, 53, 52]",52.49761899362675,32-64,,,,FN
9242,9242.jpg,4,life_saving_appliances,,"[1992, 1285, 39, 24]",30.59411708155671,16-32,,,,FN
9242,9242.jpg,1,swimmer,,"[1572, 933, 29, 31]",29.9833287011299,16-32,,,,FN
9242,9242.jpg,1,swimmer,,"[1492, 980, 46, 30]",37.14835124201342,32-64,,,,FN
9242,9242.jpg,1,swimmer,,"[1447, 985, 39, 27]",32.449961479175904,32-64,,,,FN
9242,9242.jpg,4,life_saving_appliances,,"[1966, 1358, 31, 23]",26.70205984563738,16-32,,,,FN
9243,9243.jpg,4,life_saving_appliances,,"[2196, 1439, 44, 27]",34.46737587922817,32-64,,,,FN
9243,9243.jpg,1,swimmer,,"[2220, 1263, 54, 47]",50.37856687124,32-64,,,,FN
9243,9243.jpg,4,life_saving_appliances,,"[2206, 1298, 39, 24]",30.59411708155671,16-32,,,,FN
9243,9243.jpg,1,swimmer,,"[1802, 921, 28, 33]",30.397368307141328,16-32,,,,FN
9243,9243.jpg,1,swimmer,,"[1715, 966, 41, 32]",36.22154055254967,32-64,,,,FN
9243,9243.jpg,1,swimmer,,"[1676, 973, 34, 27]",30.298514815086232,16-32,,,,FN
9243,9243.jpg,4,life_saving_appliances,,"[2187, 1372, 28, 22]",24.819347291981714,16-32,,,,FN
9243,9243.jpg,1,swimmer,,"[2209, 1392, 33, 41]",36.78314831549904,32-64,,,,FN
9244,9244.jpg,3,jetski,,"[1809, 1085, 66, 111]",85.59205570612264,>64,,,,FN
9244,9244.jpg,4,life_saving_appliances,,"[2383, 1459, 45, 26]",34.20526275297414,32-64,,,,FN
9244,9244.jpg,1,swimmer,,"[2417, 1280, 59, 54]",56.444663166680336,32-64,,,,FN
9244,9244.jpg,4,life_saving_appliances,,"[2400, 1322, 39, 24]",30.59411708155671,16-32,,,,FN
9244,9244.jpg,1,swimmer,,"[2009, 919, 25, 37]",30.4138126514911,16-32,,,,FN
9244,9244.jpg,1,swimmer,,"[1909, 965, 53, 30]",39.87480407475377,32-64,,,,FN
9244,9244.jpg,1,swimmer,,"[1864, 965, 45, 27]",34.85685011586675,32-64,,,,FN
9244,9244.jpg,4,life_saving_appliances,,"[2386, 1391, 27, 24]",25.45584412271571,16-32,,,,FN
9244,9244.jpg,1,swimmer,,"[2394, 1412, 34, 34]",34.0,32-64,,,,FN
9245,9245.jpg,4,life_saving_appliances,,"[2927, 1561, 45, 32]",37.94733192202055,32-64,,,,FN
9245,9245.jpg,4,life_saving_appliances,,"[2961, 1431, 41, 27]",33.27160951922825,32-64,,,,FN
9245,9245.jpg,1,swimmer,,"[2458, 983, 41, 27]",33.27160951922825,32-64,,,,FN
9245,9245.jpg,4,life_saving_appliances,,"[2945, 1492, 29, 23]",25.826343140289914,16-32,,,,FN
9246,9246.jpg,3,jetski,,"[2131, 1076, 60, 116]",83.42661445845684,>64,,,,FN
9246,9246.jpg,4,life_saving_appliances,,"[2680, 1511, 48, 31]",38.57460304397182,32-64,,,,FN
9246,9246.jpg,1,swimmer,,"[2726, 1352, 62, 51]",56.231663678038196,32-64,,,,FN
9246,9246.jpg,4,life_saving_appliances,,"[2707, 1390, 40, 27]",32.863353450309965,32-64,,,,FN
9246,9246.jpg,1,swimmer,,"[2371, 929, 26, 32]",28.844410203711913,16-32,,,,FN
9246,9246.jpg,1,swimmer,,"[2266, 955, 50, 44]",46.9041575982343,32-64,,,,FN
9246,9246.jpg,1,swimmer,,"[2224, 959, 35, 29]",31.85906464414798,16-32,,,,FN
9246,9246.jpg,4,life_saving_appliances,,"[2701, 1444, 27, 25]",25.98076211353316,16-32,,,,FN
9246,9246.jpg,1,swimmer,,"[2682, 1466, 48, 46]",46.98936049788292,32-64,,,,FN
9247,9247.jpg,4,life_saving_appliances,,"[2353, 1346, 35, 27]",30.740852297878796,16-32,,,,FN
9247,9247.jpg,1,swimmer,,"[1851, 945, 34, 27]",30.298514815086232,16-32,,,,FN
9248,9248.jpg,1,swimmer,,"[1869, 897, 30, 24]",26.832815729997478,16-32,,,,FN
9248,9248.jpg,4,life_saving_appliances,,"[2212, 1457, 46, 28]",35.888716889852724,32-64,,,,FN
9248,9248.jpg,4,life_saving_appliances,,"[2217, 1346, 34, 25]",29.154759474226502,16-32,,,,FN
9248,9248.jpg,1,swimmer,,"[1722, 946, 27, 26]",26.49528259898354,16-32,,,,FN
9249,9249.jpg,1,swimmer,,"[2191, 1314, 57, 46]",51.20546845796843,32-64,,,,FN
9249,9249.jpg,4,life_saving_appliances,,"[2177, 1349, 34, 25]",29.154759474226502,16-32,,,,FN
9249,9249.jpg,1,swimmer,,"[1699, 916, 49, 48]",48.49742261192856,32-64,,,,FN
9249,9249.jpg,1,swimmer,,"[1674, 941, 31, 25]",27.83882181415011,16-32,,,,FN
9250,9250.jpg,4,life_saving_appliances,,"[2930, 1475, 37, 26]",31.016124838541646,16-32,,,,FN
9250,9250.jpg,1,swimmer,,"[2490, 933, 53, 45]",48.83646178829912,32-64,,,,FN
9250,9250.jpg,1,swimmer,,"[2473, 958, 30, 25]",27.386127875258307,16-32,,,,FN
9251,9251.jpg,4,life_saving_appliances,,"[3008, 1489, 38, 27]",32.03123475609393,32-64,,,,FN
9251,9251.jpg,1,swimmer,,"[2550, 939, 31, 26]",28.39013913315678,16-32,,,,FN
9251,9251.jpg,1,swimmer,,"[2543, 960, 33, 28]",30.397368307141328,16-32,,,,FN
9252,9252.jpg,4,life_saving_appliances,,"[3037, 1495, 40, 28]",33.46640106136302,32-64,,,,FN
9252,9252.jpg,1,swimmer,,"[2581, 946, 32, 20]",25.298221281347036,16-32,,,,FN
9252,9252.jpg,1,swimmer,,"[2563, 962, 43, 29]",35.31288716601915,32-64,,,,FN
9253,9253.jpg,4,life_saving_appliances,,"[3039, 1495, 39, 27]",32.449961479175904,32-64,,,,FN
9253,9253.jpg,1,swimmer,,"[2586, 947, 28, 24]",25.92296279363144,16-32,,,,FN
9253,9253.jpg,1,swimmer,,"[2569, 968, 50, 25]",35.35533905932738,32-64,,,,FN
9254,9254.jpg,4,life_saving_appliances,,"[3019, 1497, 39, 27]",32.449961479175904,32-64,,,,FN
9254,9254.jpg,1,swimmer,,"[2712, 937, 24, 30]",26.832815729997478,16-32,,,,FN
9254,9254.jpg,1,swimmer,,"[2552, 969, 39, 27]",32.449961479175904,32-64,,,,FN
9255,9255.jpg,4,life_saving_appliances,,"[2965, 1502, 38, 27]",32.03123475609393,32-64,,,,FN
9255,9255.jpg,1,swimmer,,"[2660, 941, 25, 29]",26.92582403567252,16-32,,,,FN
9255,9255.jpg,1,swimmer,,"[2492, 972, 42, 28]",34.292856398964496,32-64,,,,FN
9256,9256.jpg,4,life_saving_appliances,,"[2874, 1502, 38, 27]",32.03123475609393,32-64,,,,FN
9256,9256.jpg,1,swimmer,,"[2577, 941, 25, 29]",26.92582403567252,16-32,,,,FN
9256,9256.jpg,1,swimmer,,"[2405, 969, 61, 30]",42.77849927241488,32-64,,,,FN
9256,9256.jpg,4,life_saving_appliances,,"[2768, 1669, 44, 32]",37.52332607858744,32-64,,,,FN
9257,9257.jpg,4,life_saving_appliances,,"[2706, 1669, 35, 25]",29.58039891549808,16-32,,,,FN
9257,9257.jpg,4,life_saving_appliances,,"[2813, 1500, 39, 27]",32.449961479175904,32-64,,,,FN
9257,9257.jpg,1,swimmer,,"[2523, 943, 29, 28]",28.495613697550013,16-32,,,,FN
9257,9257.jpg,1,swimmer,,"[2364, 968, 41, 28]",33.88214869219483,32-64,,,,FN
9258,9258.jpg,4,life_saving_appliances,,"[2660, 1640, 38, 27]",32.03123475609393,32-64,,,,FN
9258,9258.jpg,4,life_saving_appliances,,"[2771, 1480, 38, 24]",30.199337741083,16-32,,,,FN
9258,9258.jpg,1,swimmer,,"[2492, 926, 23, 26]",24.454038521274967,16-32,,,,FN
9258,9258.jpg,1,swimmer,,"[2331, 941, 32, 30]",30.983866769659336,16-32,,,,FN
9259,9259.jpg,4,life_saving_appliances,,"[2627, 1609, 38, 27]",32.03123475609393,32-64,,,,FN
9259,9259.jpg,4,life_saving_appliances,,"[2734, 1458, 37, 24]",29.79932885150268,16-32,,,,FN
9259,9259.jpg,1,swimmer,,"[2469, 916, 24, 27]",25.45584412271571,16-32,,,,FN
9259,9259.jpg,1,swimmer,,"[2316, 921, 35, 33]",33.98529093593286,32-64,,,,FN
9260,9260.jpg,4,life_saving_appliances,,"[2601, 1573, 35, 34]",34.49637662132068,32-64,,,,FN
9260,9260.jpg,4,life_saving_appliances,,"[2702, 1438, 38, 27]",32.03123475609393,32-64,,,,FN
9261,9261.jpg,4,life_saving_appliances,,"[2562, 1544, 34, 31]",32.46536616149585,32-64,,,,FN
9261,9261.jpg,4,life_saving_appliances,,"[2663, 1422, 36, 25]",30.0,16-32,,,,FN
9262,9262.jpg,4,life_saving_appliances,,"[2508, 1500, 34, 32]",32.984845004941285,32-64,,,,FN
9262,9262.jpg,4,life_saving_appliances,,"[2609, 1390, 34, 22]",27.349588662354687,16-32,,,,FN
9263,9263.jpg,4,life_saving_appliances,,"[2445, 1478, 35, 30]",32.4037034920393,32-64,,,,FN
9263,9263.jpg,4,life_saving_appliances,,"[2540, 1369, 35, 25]",29.58039891549808,16-32,,,,FN
9263,9263.jpg,1,swimmer,,"[2556, 1346, 50, 35]",41.83300132670378,32-64,,,,FN
9264,9264.jpg,4,life_saving_appliances,,"[2473, 1359, 33, 24]",28.142494558940577,16-32,,,,FN
9264,9264.jpg,1,swimmer,,"[2488, 1339, 57, 33]",43.37049688440288,32-64,,,,FN
9264,9264.jpg,4,life_saving_appliances,,"[2381, 1466, 36, 34]",34.9857113690718,32-64,,,,FN
9264,9264.jpg,1,swimmer,,"[2486, 1419, 38, 34]",35.94440151122286,32-64,,,,FN
9264,9264.jpg,4,life_saving_appliances,,"[2488, 1399, 47, 26]",34.95711658589707,32-64,,,,FN
9265,9265.jpg,4,life_saving_appliances,,"[2997, 1456, 37, 27]",31.606961258558215,16-32,,,,FN
9265,9265.jpg,1,swimmer,,"[3016, 1443, 70, 28]",44.27188724235731,32-64,,,,FN
9265,9265.jpg,4,life_saving_appliances,,"[2880, 1556, 40, 32]",35.77708763999664,32-64,,,,FN
9265,9265.jpg,1,swimmer,,"[2987, 1525, 56, 34]",43.634848458542855,32-64,,,,FN
9265,9265.jpg,4,life_saving_appliances,,"[3021, 1500, 44, 34]",38.67815921162743,32-64,,,,FN
9266,9266.jpg,4,life_saving_appliances,,"[2788, 1545, 38, 28]",32.61901286060018,32-64,,,,FN
9266,9266.jpg,4,life_saving_appliances,,"[2908, 1444, 37, 28]",32.18695387886216,32-64,,,,FN
9266,9266.jpg,1,swimmer,,"[2927, 1430, 64, 28]",42.33202097703345,32-64,,,,FN
9266,9266.jpg,1,swimmer,,"[2884, 1515, 65, 38]",49.69909455915671,32-64,,,,FN
9266,9266.jpg,4,life_saving_appliances,,"[2928, 1487, 47, 36]",41.13392760240627,32-64,,,,FN
9267,9267.jpg,4,life_saving_appliances,,"[2721, 1542, 41, 29]",34.48187929913333,32-64,,,,FN
9267,9267.jpg,4,life_saving_appliances,,"[2842, 1441, 36, 26]",30.59411708155671,16-32,,,,FN
9267,9267.jpg,1,swimmer,,"[2837, 1514, 49, 37]",42.579337712087536,32-64,,,,FN
9267,9267.jpg,4,life_saving_appliances,,"[2871, 1488, 41, 34]",37.33630940518894,32-64,,,,FN
9268,9268.jpg,4,life_saving_appliances,,"[2665, 1542, 40, 29]",34.058772731852805,32-64,,,,FN
9268,9268.jpg,4,life_saving_appliances,,"[2782, 1445, 37, 27]",31.606961258558215,16-32,,,,FN
9268,9268.jpg,1,swimmer,,"[2766, 1514, 64, 38]",49.31531202375181,32-64,,,,FN
9268,9268.jpg,4,life_saving_appliances,,"[2815, 1492, 40, 33]",36.3318042491699,32-64,,,,FN
9269,9269.jpg,4,life_saving_appliances,,"[2616, 1542, 42, 28]",34.292856398964496,32-64,,,,FN
9269,9269.jpg,4,life_saving_appliances,,"[2733, 1448, 35, 25]",29.58039891549808,16-32,,,,FN
9270,9270.jpg,3,jetski,,"[3012, 1052, 75, 109]",90.41570660012562,>64,,,,FN
9270,9270.jpg,4,life_saving_appliances,,"[3338, 1614, 40, 29]",34.058772731852805,32-64,,,,FN
9270,9270.jpg,4,life_saving_appliances,,"[3200, 1693, 50, 31]",39.370039370059054,32-64,,,,FN
9270,9270.jpg,4,life_saving_appliances,,"[3248, 1698, 49, 47]",47.989582202807306,32-64,,,,FN
9270,9270.jpg,1,swimmer,,"[3312, 1697, 81, 34]",52.478567053607705,32-64,,,,FN
9270,9270.jpg,1,swimmer,,"[3359, 1606, 96, 29]",52.76362383309168,32-64,,,,FN
9271,9271.jpg,4,life_saving_appliances,,"[3303, 1615, 39, 32]",35.32704346531139,32-64,,,,FN
9271,9271.jpg,4,life_saving_appliances,,"[3163, 1692, 56, 28]",39.59797974644666,32-64,,,,FN
9271,9271.jpg,4,life_saving_appliances,,"[3162, 1728, 54, 35]",43.474130238568314,32-64,,,,FN
9271,9271.jpg,1,swimmer,,"[3323, 1606, 96, 30]",53.665631459994955,32-64,,,,FN
9272,9272.jpg,4,life_saving_appliances,,"[3252, 1609, 40, 33]",36.3318042491699,32-64,,,,FN
9272,9272.jpg,4,life_saving_appliances,,"[3116, 1685, 55, 27]",38.535697735995385,32-64,,,,FN
9272,9272.jpg,4,life_saving_appliances,,"[3110, 1724, 53, 34]",42.44997055358225,32-64,,,,FN
9272,9272.jpg,1,swimmer,,"[3275, 1599, 97, 29]",53.03772242470448,32-64,,,,FN
9273,9273.jpg,4,life_saving_appliances,,"[3024, 1680, 54, 24]",36.0,32-64,,,,FN
9273,9273.jpg,4,life_saving_appliances,,"[3163, 1612, 39, 31]",34.77067730142742,32-64,,,,FN
9273,9273.jpg,4,life_saving_appliances,,"[3017, 1719, 52, 34]",42.04759208325728,32-64,,,,FN
9273,9273.jpg,1,swimmer,,"[3182, 1591, 95, 38]",60.08327554319921,32-64,,,,FN
9274,9274.jpg,4,life_saving_appliances,,"[2899, 1667, 57, 24]",36.98648401781386,32-64,,,,FN
9274,9274.jpg,4,life_saving_appliances,,"[2893, 1703, 51, 36]",42.8485705712571,32-64,,,,FN
9812,9812.jpg,3,jetski,,"[2224, 250, 80, 48]",61.96773353931867,32-64,,,,FN
9818,9818.jpg,3,jetski,,"[2125, 371, 109, 41]",66.85057965343307,>64,,,,FN
9819,9819.jpg,3,jetski,,"[2129, 383, 119, 39]",68.1248853210044,>64,,,,FN
9830,9830.jpg,1,swimmer,,"[2794, 1786, 103, 72]",86.11620056644394,>64,,,,FN
9834,9834.jpg,1,swimmer,,"[998, 1156, 22, 28]",24.819347291981714,16-32,,,,FN
9844,9844.jpg,1,swimmer,,"[1227, 992, 23, 28]",25.37715508089904,16-32,,,,FN
9846,9846.jpg,1,swimmer,,"[1284, 957, 21, 24]",22.44994432064365,16-32,,,,FN
9848,9848.jpg,1,swimmer,,"[1346, 921, 21, 25]",22.9128784747792,16-32,,,,FN
9850,9850.jpg,1,swimmer,,"[1413, 896, 19, 23]",20.904544960366874,16-32,,,,FN
9850,9850.jpg,2,boat,,"[409, 545, 195, 66]",113.44602240713422,>64,,,,FN
9851,9851.jpg,2,boat,,"[486, 517, 193, 68]",114.56002793295748,>64,,,,FN
9852,9852.jpg,1,swimmer,,"[1477, 871, 20, 24]",21.908902300206645,16-32,,,,FN
9852,9852.jpg,2,boat,,"[561, 490, 191, 67]",113.1238259607586,>64,,,,FN
9853,9853.jpg,2,boat,,"[635, 468, 186, 64]",109.10545357588684,>64,,,,FN
9854,9854.jpg,1,swimmer,,"[1537, 854, 20, 24]",21.908902300206645,16-32,,,,FN
9854,9854.jpg,2,boat,,"[707, 448, 183, 63]",107.37318100903968,>64,,,,FN
9855,9855.jpg,1,swimmer,,"[1569, 846, 20, 24]",21.908902300206645,16-32,,,,FN
9855,9855.jpg,2,boat,,"[782, 432, 179, 61]",104.4940189675945,>64,,,,FN
9856,9856.jpg,2,boat,,"[855, 415, 174, 60]",102.17631819555841,>64,,,,FN
9857,9857.jpg,2,boat,,"[926, 397, 172, 59]",100.73728207570423,>64,,,,FN
9858,9858.jpg,2,boat,,"[997, 375, 168, 61]",101.23240587875011,>64,,,,FN
9859,9859.jpg,1,swimmer,,"[1719, 809, 21, 22]",21.494185260204677,16-32,,,,FN
9859,9859.jpg,2,boat,,"[1065, 355, 165, 63]",101.95587280779857,>64,,,,FN
9860,9860.jpg,2,boat,,"[1131, 338, 162, 62]",100.2197585309404,>64,,,,FN
9861,9861.jpg,2,boat,,"[1195, 322, 161, 62]",99.90995946350894,>64,,,,FN
9862,9862.jpg,2,boat,,"[1262, 308, 160, 65]",101.9803902718557,>64,,,,FN
10416,10416.jpg,1,swimmer,,"[3092, 1114, 57, 61]",58.966091951222275,32-64,,,,FN
10416,10416.jpg,1,swimmer,,"[2881, 1234, 55, 35]",43.87482193696061,32-64,,,,FN
10416,10416.jpg,1,swimmer,,"[3588, 1680, 55, 108]",77.07139547199077,>64,,,,FN
10416,10416.jpg,1,swimmer,,"[3333, 1891, 47, 45]",45.98912915026767,32-64,,,,FN
10416,10416.jpg,1,swimmer,,"[3711, 1829, 77, 81]",78.9746794865291,>64,,,,FN
10416,10416.jpg,1,swimmer,,"[3738, 1766, 45, 51]",47.90615826801394,32-64,,,,FN
10417,10417.jpg,1,swimmer,,"[2891, 1001, 55, 59]",56.96490147450446,32-64,,,,FN
10417,10417.jpg,1,swimmer,,"[2677, 1118, 52, 29]",38.8329756778952,32-64,,,,FN
10417,10417.jpg,1,swimmer,,"[3344, 1552, 53, 102]",73.5255057786072,>64,,,,FN
10417,10417.jpg,1,swimmer,,"[3091, 1753, 41, 38]",39.4715087119811,32-64,,,,FN
10417,10417.jpg,1,swimmer,,"[3486, 1632, 43, 49]",45.902069670114,32-64,,,,FN
10419,10419.jpg,1,swimmer,,"[3040, 983, 53, 52]",52.49761899362675,32-64,,,,FN
10419,10419.jpg,1,swimmer,,"[3361, 1600, 43, 101]",65.90144156238162,>64,,,,FN
10419,10419.jpg,1,swimmer,,"[3055, 1732, 47, 43]",44.955533585978046,32-64,,,,FN
10419,10419.jpg,1,swimmer,,"[2791, 1062, 44, 30]",36.3318042491699,32-64,,,,FN
10419,10419.jpg,1,swimmer,,"[3451, 1774, 79, 70]",74.36396977031282,>64,,,,FN
10419,10419.jpg,1,swimmer,,"[3498, 1714, 47, 48]",47.49736834815167,32-64,,,,FN
10419,10419.jpg,1,swimmer,,"[3719, 1699, 71, 116]",90.75241043630741,>64,,,,FN
10419,10419.jpg,1,swimmer,,"[3491, 1601, 95, 91]",92.97849213662265,>64,,,,FN
10419,10419.jpg,1,swimmer,,"[2996, 1970, 93, 103]",97.87236586493657,>64,,,,FN
10422,10422.jpg,1,swimmer,,"[3643, 1961, 48, 92]",66.4529909033446,>64,,,,FN
10423,10423.jpg,1,swimmer,,"[3181, 1228, 57, 44]",50.07993610219566,32-64,,,,FN
10423,10423.jpg,1,swimmer,,"[3188, 1976, 49, 45]",46.95742752749558,32-64,,,,FN
10424,10424.jpg,1,swimmer,,"[2964, 1911, 48, 46]",46.98936049788292,32-64,,,,FN
10425,10425.jpg,1,swimmer,,"[3055, 1169, 48, 42]",44.8998886412873,32-64,,,,FN
10425,10425.jpg,1,swimmer,,"[2671, 1842, 47, 45]",45.98912915026767,32-64,,,,FN
10425,10425.jpg,1,swimmer,,"[2918, 1247, 51, 56]",53.44155686354955,32-64,,,,FN
10425,10425.jpg,1,swimmer,,"[3237, 1896, 47, 79]",60.93439094632849,32-64,,,,FN
10425,10425.jpg,1,swimmer,,"[3133, 1990, 67, 55]",60.70420084310476,32-64,,,,FN
10425,10425.jpg,1,swimmer,,"[3046, 2041, 100, 64]",80.0,>64,,,,FN
10425,10425.jpg,1,swimmer,,"[3359, 2049, 105, 86]",95.0263121456368,>64,,,,FN
10425,10425.jpg,1,swimmer,,"[2452, 2040, 59, 81]",69.13031173081747,>64,,,,FN
10426,10426.jpg,1,swimmer,,"[2752, 1080, 52, 54]",52.99056519796708,32-64,,,,FN
10426,10426.jpg,1,swimmer,,"[2339, 1746, 46, 46]",46.0,32-64,,,,FN
10426,10426.jpg,1,swimmer,,"[2616, 1158, 46, 63]",53.83307533477908,32-64,,,,FN
10426,10426.jpg,1,swimmer,,"[2887, 1804, 40, 101]",63.56099432828282,32-64,,,,FN
10426,10426.jpg,1,swimmer,,"[2787, 1879, 64, 68]",65.96969000988257,>64,,,,FN
10426,10426.jpg,1,swimmer,,"[2694, 1942, 97, 60]",76.28892449104261,>64,,,,FN
10426,10426.jpg,1,swimmer,,"[2998, 1953, 93, 77]",84.62269199216011,>64,,,,FN
10426,10426.jpg,1,swimmer,,"[2122, 1934, 55, 74]",63.796551630946325,32-64,,,,FN
10427,10427.jpg,1,swimmer,,"[2530, 1003, 41, 46]",43.42810150121693,32-64,,,,FN
10427,10427.jpg,1,swimmer,,"[2083, 1642, 43, 43]",43.0,32-64,,,,FN
10427,10427.jpg,1,swimmer,,"[2376, 1058, 48, 59]",53.21653878260028,32-64,,,,FN
10427,10427.jpg,1,swimmer,,"[2514, 1770, 65, 76]",70.28513356322232,>64,,,,FN
10427,10427.jpg,1,swimmer,,"[2432, 1838, 81, 57]",67.94850991743675,>64,,,,FN
10427,10427.jpg,1,swimmer,,"[1859, 1820, 52, 70]",60.332412515993425,32-64,,,,FN
10429,10429.jpg,1,swimmer,,"[2851, 1806, 39, 80]",55.85696017507576,32-64,,,,FN
10430,10430.jpg,1,swimmer,,"[2628, 1904, 84, 57]",69.19537556802477,>64,,,,FN
10432,10432.jpg,1,swimmer,,"[2851, 1780, 37, 88]",57.06137047074842,32-64,,,,FN
10435,10435.jpg,1,swimmer,,"[3105, 1420, 99, 58]",75.77598564189053,>64,,,,FN
10444,10444.jpg,1,swimmer,,"[2316, 1643, 39, 40]",39.496835316262995,32-64,,,,FN
10444,10444.jpg,1,swimmer,,"[2555, 1944, 74, 50]",60.8276253029822,32-64,,,,FN
10444,10444.jpg,1,swimmer,,"[2819, 1970, 69, 72]",70.48404074682438,>64,,,,FN
10445,10445.jpg,1,swimmer,,"[2574, 1690, 45, 77]",58.86425061104575,32-64,,,,FN
10446,10446.jpg,1,swimmer,,"[2446, 1539, 72, 47]",58.172158288995945,32-64,,,,FN
10446,10446.jpg,1,swimmer,,"[2519, 1493, 56, 74]",64.37390775772433,>64,,,,FN
10447,10447.jpg,1,swimmer,,"[2425, 1424, 63, 39]",49.56813492557492,32-64,,,,FN
10447,10447.jpg,1,swimmer,,"[2492, 1392, 55, 54]",54.49770637375485,32-64,,,,FN
10448,10448.jpg,1,swimmer,,"[2402, 1381, 69, 43]",54.47017532558529,32-64,,,,FN
10448,10448.jpg,1,swimmer,,"[2487, 1356, 40, 49]",44.27188724235731,32-64,,,,FN
10450,10450.jpg,1,swimmer,,"[2384, 1380, 62, 42]",51.02940328869229,32-64,,,,FN
10450,10450.jpg,1,swimmer,,"[2461, 1351, 42, 46]",43.95452195167182,32-64,,,,FN
10451,10451.jpg,1,swimmer,,"[2367, 1415, 68, 44]",54.699177324709375,32-64,,,,FN
10451,10451.jpg,1,swimmer,,"[2434, 1375, 56, 57]",56.49778756730214,32-64,,,,FN
10452,10452.jpg,1,swimmer,,"[2354, 1472, 66, 39]",50.73460357586329,32-64,,,,FN
10452,10452.jpg,1,swimmer,,"[2436, 1440, 40, 46]",42.89522117905443,32-64,,,,FN
10453,10453.jpg,1,swimmer,,"[2441, 814, 32, 25]",28.284271247461902,16-32,,,,FN
10455,10455.jpg,1,swimmer,,"[2281, 1502, 54, 36]",44.090815370097204,32-64,,,,FN
10455,10455.jpg,1,swimmer,,"[2341, 1456, 48, 50]",48.98979485566356,32-64,,,,FN
10456,10456.jpg,1,swimmer,,"[2074, 1212, 28, 30]",28.982753492378876,16-32,,,,FN
10456,10456.jpg,1,swimmer,,"[2253, 1449, 52, 37]",43.86342439892262,32-64,,,,FN
10456,10456.jpg,1,swimmer,,"[2311, 1411, 42, 39]",40.47221268969612,32-64,,,,FN
10457,10457.jpg,1,swimmer,,"[2241, 1292, 54, 37]",44.69899327725402,32-64,,,,FN
10458,10458.jpg,1,swimmer,,"[2232, 1289, 55, 37]",45.110974274559844,32-64,,,,FN
10458,10458.jpg,1,swimmer,,"[2282, 1253, 38, 33]",35.41186241925155,32-64,,,,FN
10459,10459.jpg,1,swimmer,,"[2223, 1293, 57, 37]",45.92385001282014,32-64,,,,FN
10459,10459.jpg,1,swimmer,,"[2278, 1258, 37, 32]",34.40930106817051,32-64,,,,FN
10460,10460.jpg,1,swimmer,,"[2272, 1266, 41, 35]",37.881393849751625,32-64,,,,FN
10461,10461.jpg,1,swimmer,,"[2268, 1269, 40, 34]",36.87817782917155,32-64,,,,FN
10462,10462.jpg,1,swimmer,,"[2261, 1251, 46, 49]",47.47630988187688,32-64,,,,FN
10464,10464.jpg,1,swimmer,,"[1935, 1098, 29, 29]",29.0,16-32,,,,FN
10464,10464.jpg,1,swimmer,,"[2108, 1321, 66, 44]",53.88877434122992,32-64,,,,FN
10464,10464.jpg,1,swimmer,,"[792, 1298, 78, 53]",64.29618962271404,>64,,,,FN
10464,10464.jpg,1,swimmer,,"[2172, 1281, 32, 45]",37.94733192202055,32-64,,,,FN
10464,10464.jpg,1,swimmer,,"[3368, 1328, 144, 75]",103.92304845413264,>64,,,,FN
10464,10464.jpg,1,swimmer,,"[2413, 820, 56, 50]",52.91502622129181,32-64,,,,FN
10465,10465.jpg,1,swimmer,,"[2353, 1157, 119, 93]",105.19980988575978,>64,,,,FN
10465,10465.jpg,1,swimmer,,"[2886, 1443, 64, 73]",68.35202996254024,>64,,,,FN
10465,10465.jpg,1,swimmer,,"[1523, 934, 85, 40]",58.309518948453004,32-64,,,,FN
10465,10465.jpg,2,boat,,"[3394, 651, 189, 282]",230.86359609085187,>64,,,,FN
10465,10465.jpg,1,swimmer,,"[2877, 1586, 69, 74]",71.45628033979938,>64,,,,FN
10465,10465.jpg,3,jetski,,"[3331, 622, 70, 191]",115.62871615649809,>64,,,,FN
10465,10465.jpg,1,swimmer,,"[2762, 1361, 92, 57]",72.41546796092669,>64,,,,FN
10465,10465.jpg,1,swimmer,,"[2767, 1463, 45, 37]",40.80441152620633,32-64,,,,FN
10465,10465.jpg,1,swimmer,,"[2703, 1473, 60, 52]",55.85696017507576,32-64,,,,FN
10465,10465.jpg,1,swimmer,,"[3241, 1136, 58, 53]",55.44366510251645,32-64,,,,FN
10754,10754.jpg,1,swimmer,,"[1609, 1116, 47, 37]",41.701318923986086,32-64,,,,FN
10755,10755.jpg,1,swimmer,,"[1620, 1115, 39, 34]",36.41428291206625,32-64,,,,FN
10756,10756.jpg,1,swimmer,,"[1612, 1120, 37, 29]",32.7566787083184,32-64,,,,FN
10757,10757.jpg,1,swimmer,,"[1598, 1110, 39, 30]",34.20526275297414,32-64,,,,FN
10758,10758.jpg,1,swimmer,,"[1601, 1106, 38, 35]",36.46916505762094,32-64,,,,FN
10759,10759.jpg,1,swimmer,,"[1599, 1107, 31, 27]",28.930952282978865,16-32,,,,FN
10760,10760.jpg,1,swimmer,,"[1588, 1105, 30, 22]",25.69046515733026,16-32,,,,FN
10761,10761.jpg,1,swimmer,,"[1573, 1099, 38, 29]",33.19638534539566,32-64,,,,FN
10762,10762.jpg,1,swimmer,,"[1579, 1105, 36, 29]",32.31098884280702,32-64,,,,FN
10763,10763.jpg,1,swimmer,,"[1574, 1101, 29, 22]",25.25866188063018,16-32,,,,FN
10764,10764.jpg,1,swimmer,,"[1565, 1092, 32, 22]",26.5329983228432,16-32,,,,FN
10765,10765.jpg,1,swimmer,,"[1558, 1086, 41, 33]",36.78314831549904,32-64,,,,FN
10766,10766.jpg,1,swimmer,,"[1568, 1089, 32, 31]",31.496031496047245,16-32,,,,FN
10767,10767.jpg,1,swimmer,,"[1562, 1089, 29, 21]",24.677925358506133,16-32,,,,FN
10768,10768.jpg,1,swimmer,,"[1553, 1082, 35, 24]",28.982753492378876,16-32,,,,FN
10769,10769.jpg,1,swimmer,,"[1551, 1078, 39, 32]",35.32704346531139,32-64,,,,FN
10770,10770.jpg,1,swimmer,,"[1559, 1077, 27, 24]",25.45584412271571,16-32,,,,FN
10771,10771.jpg,1,swimmer,,"[1551, 1074, 28, 20]",23.664319132398465,16-32,,,,FN
10772,10772.jpg,1,swimmer,,"[1542, 1068, 34, 27]",30.298514815086232,16-32,,,,FN
10773,10773.jpg,1,swimmer,,"[1541, 1070, 40, 32]",35.77708763999664,32-64,,,,FN
10774,10774.jpg,1,swimmer,,"[1550, 1070, 27, 24]",25.45584412271571,16-32,,,,FN
10775,10775.jpg,1,swimmer,,"[1544, 1066, 28, 20]",23.664319132398465,16-32,,,,FN
10776,10776.jpg,1,swimmer,,"[1533, 1059, 39, 27]",32.449961479175904,32-64,,,,FN
10781,10781.jpg,1,swimmer,,"[1625, 969, 36, 27]",31.176914536239792,16-32,,,,FN
10784,10784.jpg,1,swimmer,,"[1633, 967, 28, 33]",30.397368307141328,16-32,,,,FN
11581,11581.jpg,1,swimmer,,"[1933, 1504, 122, 77]",96.92264957170744,>64,,,,FN
11589,11589.jpg,1,swimmer,,"[2121, 1629, 85, 80]",82.46211251235322,>64,,,,FN
11590,11590.jpg,1,swimmer,,"[2113, 1659, 100, 82]",90.55385138137417,>64,,,,FN
11591,11591.jpg,1,swimmer,,"[2126, 1648, 94, 84]",88.85943956609225,>64,,,,FN
11592,11592.jpg,1,swimmer,,"[2130, 1556, 84, 81]",82.48636250920512,>64,,,,FN
11610,11610.jpg,1,swimmer,,"[1889, 1247, 62, 54]",57.86190456595773,32-64,,,,FN
11611,11611.jpg,1,swimmer,,"[1881, 1247, 62, 61]",61.497967446087195,32-64,,,,FN
11612,11612.jpg,1,swimmer,,"[1876, 1247, 65, 64]",64.4980619863884,>64,,,,FN
11614,11614.jpg,1,swimmer,,"[1873, 1271, 71, 65]",67.93379129711516,>64,,,,FN
11620,11620.jpg,1,swimmer,,"[1804, 1225, 68, 68]",68.0,>64,,,,FN
12009,12009.jpg,1,swimmer,,"[3490, 776, 33, 31]",31.984371183438952,16-32,,,,FN
12010,12010.jpg,1,swimmer,,"[3310, 782, 33, 29]",30.93541659651604,16-32,,,,FN
12012,12012.jpg,1,swimmer,,"[2850, 786, 29, 32]",30.463092423455635,16-32,,,,FN
12013,12013.jpg,1,swimmer,,"[2606, 764, 28, 29]",28.495613697550013,16-32,,,,FN
12014,12014.jpg,1,swimmer,,"[2383, 725, 29, 32]",30.463092423455635,16-32,,,,FN
12015,12015.jpg,1,swimmer,,"[2192, 675, 29, 32]",30.463092423455635,16-32,,,,FN
12018,12018.jpg,1,swimmer,,"[1884, 560, 75, 24]",42.42640687119285,32-64,,,,FN
12019,12019.jpg,1,swimmer,,"[1778, 516, 83, 24]",44.63182720884279,32-64,,,,FN
12020,12020.jpg,3,jetski,,"[1927, 235, 44, 51]",47.37087712930804,32-64,,,,FN
12020,12020.jpg,1,swimmer,,"[1704, 633, 81, 23]",43.162483709814474,32-64,,,,FN
12020,12020.jpg,1,swimmer,,"[1615, 627, 24, 23]",23.49468024894146,16-32,,,,FN
12021,12021.jpg,3,jetski,,"[1884, 432, 49, 50]",49.49747468305833,32-64,,,,FN
12021,12021.jpg,1,swimmer,,"[1662, 781, 69, 22]",38.961519477556315,32-64,,,,FN
12021,12021.jpg,1,swimmer,,"[1575, 772, 20, 26]",22.80350850198276,16-32,,,,FN
12022,12022.jpg,1,swimmer,,"[1637, 744, 70, 22]",39.242833740697165,32-64,,,,FN
12022,12022.jpg,1,swimmer,,"[1552, 735, 21, 22]",21.494185260204677,16-32,,,,FN
12023,12023.jpg,1,swimmer,,"[1540, 702, 20, 20]",20.0,16-32,,,,FN
12024,12024.jpg,1,swimmer,,"[1611, 688, 66, 21]",37.22902093797257,32-64,,,,FN
12024,12024.jpg,1,swimmer,,"[1538, 676, 17, 19]",17.97220075561143,16-32,,,,FN
12025,12025.jpg,1,swimmer,,"[1603, 660, 61, 20]",34.92849839314596,32-64,,,,FN
12025,12025.jpg,1,swimmer,,"[1530, 651, 18, 20]",18.973665961010276,16-32,,,,FN
12026,12026.jpg,3,jetski,,"[1759, 372, 31, 35]",32.93933818400121,32-64,,,,FN
12026,12026.jpg,1,swimmer,,"[1567, 629, 63, 19]",34.597687784012386,32-64,,,,FN
12026,12026.jpg,1,swimmer,,"[1490, 629, 17, 17]",17.0,16-32,,,,FN
12027,12027.jpg,1,swimmer,,"[1370, 615, 51, 19]",31.12876483254676,16-32,,,,FN
12028,12028.jpg,1,swimmer,,"[1749, 573, 21, 17]",18.894443627691185,16-32,,,,FN
12567,12567.jpg,1,swimmer,,"[1957, 1677, 65, 58]",61.40032573203501,32-64,,,,FN
12574,12574.jpg,1,swimmer,,"[2346, 576, 57, 87]",70.42016756583301,>64,,,,FN
12574,12574.jpg,1,swimmer,,"[2225, 784, 102, 70]",84.49852069711044,>64,,,,FN
12580,12580.jpg,1,swimmer,,"[1770, 685, 75, 99]",86.16843969807043,>64,,,,FN
12583,12583.jpg,1,swimmer,,"[1593, 1781, 67, 121]",90.03888049059695,>64,,,,FN
12583,12583.jpg,1,swimmer,,"[1527, 2025, 117, 98]",107.07940978544848,>64,,,,FN
12592,12592.jpg,5,buoy,,"[614, 1617, 20, 26]",22.80350850198276,16-32,,,,FN
12594,12594.jpg,5,buoy,,"[2392, 1563, 20, 28]",23.664319132398465,16-32,,,,FN
12594,12594.jpg,2,boat,,"[1241, 1683, 222, 94]",144.45760623795482,>64,,,,FN
13910,13910.jpg,1,swimmer,,"[403, 779, 36, 33]",34.46737587922817,32-64,,,,FN
13911,13911.jpg,1,swimmer,,"[392, 867, 34, 34]",34.0,32-64,,,,FN
13914,13914.jpg,1,swimmer,,"[703, 408, 33, 30]",31.464265445104548,16-32,,,,FN
13915,13915.jpg,1,swimmer,,"[698, 565, 37, 39]",37.986839826445156,32-64,,,,FN
13920,13920.jpg,1,swimmer,,"[646, 666, 27, 41]",33.27160951922825,32-64,,,,FN
13921,13921.jpg,1,swimmer,,"[647, 665, 30, 40]",34.64101615137755,32-64,,,,FN
13922,13922.jpg,1,swimmer,,"[650, 659, 31, 48]",38.57460304397182,32-64,,,,FN
13935,13935.jpg,1,swimmer,,"[1093, 590, 37, 44]",40.34848200366403,32-64,,,,FN
13935,13935.jpg,1,swimmer,,"[993, 448, 53, 52]",52.49761899362675,32-64,,,,FN
13935,13935.jpg,1,swimmer,,"[1029, 307, 40, 44]",41.95235392680606,32-64,,,,FN
13938,13938.jpg,1,swimmer,,"[938, 678, 34, 46]",39.54743986657038,32-64,,,,FN
13938,13938.jpg,1,swimmer,,"[642, 557, 56, 44]",49.63869458396343,32-64,,,,FN
13938,13938.jpg,1,swimmer,,"[860, 533, 43, 44]",43.497126341863094,32-64,,,,FN
13938,13938.jpg,1,swimmer,,"[891, 418, 99, 45]",66.74578638386096,>64,,,,FN
13938,13938.jpg,1,swimmer,,"[481, 429, 41, 43]",41.98809355043403,32-64,,,,FN
13938,13938.jpg,1,swimmer,,"[1233, 1007, 55, 64]",59.329587896765304,32-64,,,,FN
13948,13948.jpg,1,swimmer,,"[1030, 882, 92, 64]",76.7333043730035,>64,,,,FN
13953,13953.jpg,1,swimmer,,"[1018, 560, 35, 39]",36.945906403822335,32-64,,,,FN
13953,13953.jpg,1,swimmer,,"[734, 243, 57, 41]",48.342527861087284,32-64,,,,FN
13954,13954.jpg,1,swimmer,,"[1353, 431, 30, 29]",29.49576240750525,16-32,,,,FN
13954,13954.jpg,1,swimmer,,"[1037, 228, 47, 40]",43.3589667773576,32-64,,,,FN
13955,13955.jpg,1,swimmer,,"[1424, 684, 45, 40]",42.42640687119285,32-64,,,,FN
13955,13955.jpg,1,swimmer,,"[1368, 491, 45, 35]",39.68626966596886,32-64,,,,FN
13955,13955.jpg,1,swimmer,,"[1595, 538, 33, 30]",31.464265445104548,16-32,,,,FN
13959,13959.jpg,1,swimmer,,"[1615, 550, 31, 35]",32.93933818400121,32-64,,,,FN
13964,13964.jpg,1,swimmer,,"[1308, 68, 40, 44]",41.95235392680606,32-64,,,,FN
13974,13974.jpg,1,swimmer,,"[1189, 207, 28, 29]",28.495613697550013,16-32,,,,FN
13982,13982.jpg,1,swimmer,,"[1246, 1, 33, 47]",39.382737335030434,32-64,,,,FN
13989,13989.jpg,1,swimmer,,"[759, 792, 83, 38]",56.16048432839589,32-64,,,,FN
13992,13992.jpg,1,swimmer,,"[1255, 2, 60, 50]",54.772255750516614,32-64,,,,FN
13992,13992.jpg,1,swimmer,,"[1124, 519, 28, 29]",28.495613697550013,16-32,,,,FN
13993,13993.jpg,1,swimmer,,"[1261, 6, 59, 45]",51.526692111953004,32-64,,,,FN
13995,13995.jpg,1,swimmer,,"[1249, 1, 65, 47]",55.27205442174191,32-64,,,,FN
13995,13995.jpg,1,swimmer,,"[1259, 191, 25, 28]",26.457513110645905,16-32,,,,FN
13996,13996.jpg,1,swimmer,,"[1238, 0, 68, 46]",55.92852581643825,32-64,,,,FN
14000,14000.jpg,1,swimmer,,"[1417, 299, 37, 25]",30.4138126514911,16-32,,,,FN
14001,14001.jpg,1,swimmer,,"[1258, 0, 64, 33]",45.95650117230423,32-64,,,,FN
14002,14002.jpg,1,swimmer,,"[1233, 525, 54, 51]",52.478567053607705,32-64,,,,FN
14004,14004.jpg,1,swimmer,,"[1270, 10, 65, 44]",53.47896782848375,32-64,,,,FN
14010,14010.jpg,1,swimmer,,"[1312, 15, 63, 44]",52.64978632435273,32-64,,,,FN
14011,14011.jpg,1,swimmer,,"[357, 591, 47, 40]",43.3589667773576,32-64,,,,FN
14013,14013.jpg,1,swimmer,,"[1306, 167, 25, 35]",29.58039891549808,16-32,,,,FN
14023,14023.jpg,1,swimmer,,"[1375, 28, 59, 38]",47.34976240700686,32-64,,,,FN
14027,14027.jpg,1,swimmer,,"[846, 674, 24, 27]",25.45584412271571,16-32,,,,FN
14028,14028.jpg,1,swimmer,,"[852, 664, 24, 26]",24.979991993593593,16-32,,,,FN
14033,14033.jpg,1,swimmer,,"[1403, 127, 44, 23]",31.811947441173732,16-32,,,,FN
14034,14034.jpg,1,swimmer,,"[1424, 81, 16, 23]",19.183326093250876,16-32,,,,FN
14035,14035.jpg,1,swimmer,,"[1419, 87, 21, 16]",18.33030277982336,16-32,,,,FN
14036,14036.jpg,1,swimmer,,"[1421, 87, 21, 16]",18.33030277982336,16-32,,,,FN
14037,14037.jpg,1,swimmer,,"[1426, 81, 19, 16]",17.435595774162696,16-32,,,,FN
14038,14038.jpg,1,swimmer,,"[1430, 76, 19, 14]",16.30950643030009,16-32,,,,FN
14041,14041.jpg,1,swimmer,,"[1428, 63, 21, 15]",17.74823934929885,16-32,,,,FN
14052,14052.jpg,1,swimmer,,"[1388, 175, 23, 29]",25.826343140289914,16-32,,,,FN
14055,14055.jpg,1,swimmer,,"[1449, 37, 19, 17]",17.97220075561143,16-32,,,,FN
14058,14058.jpg,1,swimmer,,"[1461, 40, 19, 13]",15.716233645501712,<16,,,,FN
14061,14061.jpg,1,swimmer,,"[1464, 34, 35, 24]",28.982753492378876,16-32,,,,FN
14065,14065.jpg,1,swimmer,,"[1212, 339, 34, 46]",39.54743986657038,32-64,,,,FN
14066,14066.jpg,1,swimmer,,"[1381, 169, 44, 43]",43.497126341863094,32-64,,,,FN
14067,14067.jpg,1,swimmer,,"[1464, 40, 27, 19]",22.64950330581225,16-32,,,,FN
14068,14068.jpg,1,swimmer,,"[1465, 42, 30, 20]",24.49489742783178,16-32,,,,FN
14070,14070.jpg,1,swimmer,,"[1474, 35, 24, 17]",20.199009876724155,16-32,,,,FN
14079,14079.jpg,1,swimmer,,"[1486, 24, 20, 22]",20.97617696340303,16-32,,,,FN
14082,14082.jpg,1,swimmer,,"[1239, 333, 17, 22]",19.339079605813716,16-32,,,,FN
14084,14084.jpg,1,swimmer,,"[1239, 335, 19, 21]",19.974984355438178,16-32,,,,FN
15338,15338.jpg,1,swimmer,,"[258, 649, 36, 43]",39.344631145812,32-64,,,,FN
15338,15338.jpg,1,swimmer,,"[1253, 234, 51, 36]",42.8485705712571,32-64,,,,FN
15338,15338.jpg,1,swimmer,,"[533, 232, 37, 36]",36.49657518178932,32-64,,,,FN
15339,15339.jpg,1,swimmer,,"[1424, 1, 145, 46]",81.67006795638167,>64,,,,FN
15339,15339.jpg,1,swimmer,,"[217, 1, 51, 48]",49.47726750741192,32-64,,,,FN
15343,15343.jpg,1,swimmer,,"[227, 0, 181, 65]",108.4665847162157,>64,,,,FN
15348,15348.jpg,1,swimmer,,"[16, 804, 117, 97]",106.53168542738823,>64,,,,FN
15354,15354.jpg,1,swimmer,,"[1277, 482, 48, 62]",54.55272678794342,32-64,,,,FN
15354,15354.jpg,1,swimmer,,"[91, 528, 159, 142]",150.25977505640023,>64,,,,FN
15355,15355.jpg,1,swimmer,,"[1453, 554, 45, 67]",54.909015653169384,32-64,,,,FN
15356,15356.jpg,1,swimmer,,"[1583, 596, 54, 66]",59.6992462263972,32-64,,,,FN
15357,15357.jpg,1,swimmer,,"[1681, 507, 51, 68]",58.88972745734183,32-64,,,,FN
15359,15359.jpg,1,swimmer,,"[405, 0, 134, 100]",115.75836902790225,>64,,,,FN
15365,15365.jpg,1,swimmer,,"[455, 296, 35, 49]",41.41255848169731,32-64,,,,FN
15365,15365.jpg,1,swimmer,,"[1530, 162, 71, 76]",73.45747068882783,>64,,,,FN
15365,15365.jpg,1,swimmer,,"[1583, 103, 43, 37]",39.88734135035826,32-64,,,,FN
15365,15365.jpg,1,swimmer,,"[1760, 205, 41, 55]",47.486840282335066,32-64,,,,FN
15366,15366.jpg,1,swimmer,,"[654, 397, 19, 26]",22.22611077089287,16-32,,,,FN
15366,15366.jpg,1,swimmer,,"[964, 189, 26, 26]",26.0,16-32,,,,FN
15366,15366.jpg,1,swimmer,,"[1368, 269, 23, 23]",23.0,16-32,,,,FN
15366,15366.jpg,1,swimmer,,"[1484, 329, 23, 26]",24.454038521274967,16-32,,,,FN
15366,15366.jpg,1,swimmer,,"[1306, 162, 23, 29]",25.826343140289914,16-32,,,,FN
15366,15366.jpg,1,swimmer,,"[837, 176, 30, 23]",26.267851073127396,16-32,,,,FN
15367,15367.jpg,1,swimmer,,"[1261, 344, 20, 20]",20.0,16-32,,,,FN
15369,15369.jpg,1,swimmer,,"[1320, 416, 20, 25]",22.360679774997898,16-32,,,,FN
15369,15369.jpg,1,swimmer,,"[726, 482, 16, 19]",17.435595774162696,16-32,,,,FN
15371,15371.jpg,1,swimmer,,"[1157, 387, 20, 16]",17.88854381999832,16-32,,,,FN
15372,15372.jpg,1,swimmer,,"[639, 604, 20, 23]",21.447610589527216,16-32,,,,FN
15375,15375.jpg,1,swimmer,,"[897, 395, 16, 20]",17.88854381999832,16-32,,,,FN
15376,15376.jpg,1,swimmer,,"[1268, 528, 26, 52]",36.76955262170047,32-64,,,,FN
15378,15378.jpg,1,swimmer,,"[1158, 414, 27, 17]",21.42428528562855,16-32,,,,FN
15378,15378.jpg,1,swimmer,,"[768, 426, 17, 17]",17.0,16-32,,,,FN
15380,15380.jpg,1,swimmer,,"[1218, 354, 38, 20]",27.568097504180443,16-32,,,,FN
15380,15380.jpg,1,swimmer,,"[863, 276, 23, 40]",30.331501776206203,16-32,,,,FN
15380,15380.jpg,1,swimmer,,"[697, 371, 28, 22]",24.819347291981714,16-32,,,,FN
15380,15380.jpg,1,swimmer,,"[483, 616, 27, 29]",27.982137159266443,16-32,,,,FN
15381,15381.jpg,1,swimmer,,"[1345, 237, 58, 31]",42.40283009422838,32-64,,,,FN
15381,15381.jpg,1,swimmer,,"[539, 258, 78, 55]",65.49809157525127,>64,,,,FN
15381,15381.jpg,1,swimmer,,"[237, 644, 31, 34]",32.46536616149585,32-64,,,,FN
15384,15384.jpg,1,swimmer,,"[690, 47, 51, 89]",67.3721010508059,>64,,,,FN
15386,15386.jpg,1,swimmer,,"[129, 232, 74, 49]",60.21627686929839,32-64,,,,FN
15387,15387.jpg,1,swimmer,,"[87, 215, 76, 48]",60.398675482166,32-64,,,,FN
15388,15388.jpg,1,swimmer,,"[90, 214, 56, 45]",50.19960159204453,32-64,,,,FN
15391,15391.jpg,1,swimmer,,"[91, 222, 37, 38]",37.49666651850535,32-64,,,,FN
15393,15393.jpg,1,swimmer,,"[1253, 99, 172, 140]",155.1773179301666,>64,,,,FN
15403,15403.jpg,3,jetski,,"[490, 469, 458, 611]",528.9971644536481,>64,,,,FN
15404,15404.jpg,1,swimmer,,"[1684, 87, 131, 262]",185.26197667087544,>64,,,,FN
15405,15405.jpg,1,swimmer,,"[1646, 85, 143, 250]",189.07670401189037,>64,,,,FN
15405,15405.jpg,3,jetski,,"[528, 548, 413, 532]",468.7387331979298,>64,,,,FN
15406,15406.jpg,1,swimmer,,"[1672, 70, 123, 233]",169.28969253915017,>64,,,,FN
15407,15407.jpg,1,swimmer,,"[1629, 59, 123, 228]",167.46342884343434,>64,,,,FN
15407,15407.jpg,1,swimmer,,"[1153, 460, 178, 161]",169.28673899629587,>64,,,,FN
15410,15410.jpg,1,swimmer,,"[496, 667, 166, 166]",166.0,>64,,,,FN
15411,15411.jpg,1,swimmer,,"[1223, 775, 213, 305]",254.8823257897652,>64,,,,FN
15413,15413.jpg,1,swimmer,,"[162, 291, 71, 111]",88.77499647986475,>64,,,,FN
15414,15414.jpg,1,swimmer,,"[859, 975, 41, 38]",39.4715087119811,32-64,,,,FN
15415,15415.jpg,1,swimmer,,"[633, 417, 51, 71]",60.174745533321534,32-64,,,,FN
15415,15415.jpg,1,swimmer,,"[865, 742, 27, 46]",35.24202037341219,32-64,,,,FN
15415,15415.jpg,1,swimmer,,"[901, 798, 30, 22]",25.69046515733026,16-32,,,,FN
15415,15415.jpg,1,swimmer,,"[402, 862, 35, 35]",35.0,32-64,,,,FN
15979,15979.jpg,1,swimmer,,"[89, 2092, 72, 68]",69.9714227381436,>64,,,,FN
15980,15980.jpg,1,swimmer,,"[87, 2100, 71, 60]",65.26867548832288,>64,,,,FN
15981,15981.jpg,1,swimmer,,"[70, 2099, 74, 61]",67.1863081289633,>64,,,,FN
16193,16193.jpg,1,swimmer,,"[2449, 415, 19, 19]",19.0,16-32,,,,FN
16193,16193.jpg,1,swimmer,,"[2270, 647, 20, 22]",20.97617696340303,16-32,,,,FN
16194,16194.jpg,1,swimmer,,"[2493, 467, 19, 18]",18.49324200890693,16-32,,,,FN
16194,16194.jpg,1,swimmer,,"[2316, 714, 17, 19]",17.97220075561143,16-32,,,,FN
16195,16195.jpg,1,swimmer,,"[2538, 528, 21, 20]",20.493901531919196,16-32,,,,FN
16195,16195.jpg,1,swimmer,,"[2360, 789, 21, 20]",20.493901531919196,16-32,,,,FN
16196,16196.jpg,1,swimmer,,"[2585, 590, 19, 20]",19.493588689617926,16-32,,,,FN
16197,16197.jpg,1,swimmer,,"[2634, 517, 20, 20]",20.0,16-32,,,,FN
16198,16198.jpg,1,swimmer,,"[2685, 459, 23, 22]",22.494443758403985,16-32,,,,FN
16200,16200.jpg,1,swimmer,,"[2759, 385, 23, 23]",23.0,16-32,,,,FN
16200,16200.jpg,1,swimmer,,"[2517, 550, 75, 56]",64.8074069840786,>64,,,,FN
16200,16200.jpg,1,swimmer,,"[2378, 498, 44, 38]",40.890096600521744,32-64,,,,FN
16201,16201.jpg,1,swimmer,,"[2575, 750, 24, 23]",23.49468024894146,16-32,,,,FN
16201,16201.jpg,1,swimmer,,"[2492, 551, 64, 40]",50.59644256269407,32-64,,,,FN
16201,16201.jpg,1,swimmer,,"[2339, 486, 54, 53]",53.49766350038102,32-64,,,,FN
16202,16202.jpg,1,swimmer,,"[2630, 321, 21, 27]",23.811761799581316,16-32,,,,FN
16202,16202.jpg,1,swimmer,,"[2248, 480, 67, 54]",60.149812967290266,32-64,,,,FN
16203,16203.jpg,1,swimmer,,"[2402, 721, 54, 54]",54.0,32-64,,,,FN
16204,16204.jpg,1,swimmer,,"[2308, 536, 27, 35]",30.740852297878796,16-32,,,,FN
16204,16204.jpg,1,swimmer,,"[2534, 664, 46, 39]",42.35563716909474,32-64,,,,FN
16204,16204.jpg,1,swimmer,,"[2088, 487, 55, 53]",53.99073994677235,32-64,,,,FN
16206,16206.jpg,1,swimmer,,"[2260, 182, 56, 43]",49.07137658554119,32-64,,,,FN
16741,16741.jpg,1,swimmer,,"[2129, 832, 578, 247]",377.84388310517875,>64,,,,FN
16742,16742.jpg,1,swimmer,,"[2131, 773, 635, 286]",426.1572479730927,>64,,,,FN
16744,16744.jpg,1,swimmer,,"[1979, 766, 672, 309]",455.6841011051406,>64,,,,FN
16745,16745.jpg,1,swimmer,,"[2094, 714, 657, 329]",464.92257419918855,>64,,,,FN
16749,16749.jpg,1,swimmer,,"[2167, 739, 488, 215]",323.91356871857033,>64,,,,FN
16751,16751.jpg,1,swimmer,,"[2191, 667, 517, 322]",408.012254717919,>64,,,,FN
16753,16753.jpg,1,swimmer,,"[2145, 666, 678, 364]",496.78164217289674,>64,,,,FN
16754,16754.jpg,1,swimmer,,"[2038, 657, 837, 421]",593.6135106279169,>64,,,,FN
16756,16756.jpg,1,swimmer,,"[2163, 871, 775, 371]",536.2135768516124,>64,,,,FN
16763,16763.jpg,1,swimmer,,"[2206, 893, 554, 408]",475.428228021854,>64,,,,FN
16765,16765.jpg,1,swimmer,,"[2147, 812, 530, 538]",533.9850185164374,>64,,,,FN
16766,16766.jpg,1,swimmer,,"[2045, 659, 707, 536]",615.590773160222,>64,,,,FN
16768,16768.jpg,1,swimmer,,"[1991, 549, 613, 580]",596.2717501274062,>64,,,,FN
16769,16769.jpg,1,swimmer,,"[2019, 535, 653, 643]",647.9807095894137,>64,,,,FN
16770,16770.jpg,1,swimmer,,"[2071, 748, 569, 506]",536.5761828482513,>64,,,,FN
16772,16772.jpg,1,swimmer,,"[2047, 737, 546, 550]",547.9963503528103,>64,,,,FN
16773,16773.jpg,1,swimmer,,"[2101, 807, 529, 453]",489.52732303723354,>64,,,,FN
16774,16774.jpg,1,swimmer,,"[2058, 1016, 457, 377]",415.07710127155894,>64,,,,FN
16776,16776.jpg,1,swimmer,,"[2022, 929, 479, 331]",398.18211913645746,>64,,,,FN
